// Healthy Ranges — Index Table (level 1 of two-level lookup)
// Addr = node_idx * 279 + feature_idx  (15 bits)
// Data = pair_id (12 bits, stored as 16-bit)
// Depth: 30411 (109 nodes x 279 features)
// Populated: 30411, Unique pairs: 2196 (incl. sentinel at id=0)
//
0001
0002
0003
0004
0005
0006
0007
0008
0009
000A
000B
000C
000D
000E
000F
0010
0011
0012
0013
0014
0015
0014
0002
0002
0014
0014
0014
0016
0017
0018
0019
0014
001A
0002
0002
0014
0002
0002
0002
001B
001C
001D
001E
001F
0016
0014
0002
0002
0002
0002
0014
0020
001E
0021
0022
0023
0020
0002
0014
0002
0014
0014
0014
001D
0020
0024
001F
0014
0024
0014
0002
0002
0014
0002
0014
001D
001C
0024
0025
0014
0016
0014
0002
0014
0002
0002
0014
001B
001A
0016
0025
0026
0016
0014
0014
0002
0002
0002
0002
0018
0012
0010
0027
0014
001A
0002
0014
0002
0014
0014
0002
0028
0029
0016
0028
0014
002A
0002
0014
0014
0014
0014
0014
0027
002B
0024
0027
0013
002C
0014
0002
0014
0014
0014
0002
0019
002D
002E
0028
0014
002F
0014
0014
0014
0002
0014
0002
0025
0030
0031
0019
0014
002C
0002
0014
0002
0014
0014
0002
0032
0033
0034
0035
0036
0014
0037
0038
0039
003A
003B
003C
003D
0035
0002
0014
003E
003F
0040
0041
0042
0043
0044
0045
0046
0047
0048
0049
004A
004B
004C
004D
004E
004F
0050
0051
0052
0053
0054
0055
0056
0057
0058
0059
0050
0014
005A
005B
005C
005D
005E
005F
0060
0061
0062
0014
0063
0064
0065
0066
0067
0068
0069
006A
006B
006C
006D
006E
006F
0070
0071
0072
0073
0074
0075
0014
0076
0077
0078
0079
007A
007B
007C
007D
007E
0014
007F
0080
0081
0082
0083
0084
0085
0086
0087
0051
0088
0089
008A
008B
008C
008D
008E
008F
0036
0014
0088
0090
0091
0092
0093
0094
0095
0096
0097
0014
0098
0099
009A
009B
009C
0002
009D
009E
009F
0006
0007
00A0
0009
00A1
00A2
00A3
00A4
000E
00A5
0010
0011
001A
0013
0014
0015
0014
0002
0002
0014
0014
0014
0027
00A6
001E
0019
0014
00A7
0002
0002
0014
0002
0014
0002
0021
001D
001D
001E
0019
0010
0014
0002
0014
0014
0002
0014
0020
001E
0010
0022
0014
0020
0002
0014
0014
0014
0014
0014
0024
001B
0012
001F
0014
0024
0014
0002
0014
0014
0014
0014
001D
001C
0024
0025
0014
0016
0014
0002
0014
0014
0002
0014
001B
0022
0016
0019
0026
0012
0014
0014
0002
0002
0002
0002
0012
001E
0010
0028
0014
0022
0014
0014
0014
0014
0014
0014
0013
00A8
0016
0014
0014
00A9
0002
0014
0014
0014
0014
0014
0027
002B
0012
0027
0013
00AA
0014
0002
0014
0014
0014
0014
0019
002D
002E
0014
0014
002F
0014
0014
0014
0014
0014
0014
0025
00AB
0031
0014
0014
002C
0002
0014
0002
0014
0014
0002
0032
0033
0034
00AC
0036
0014
00AD
0038
00AE
003A
00AF
00B0
00B1
0035
0036
0014
00B2
00B3
00B4
00B5
00B6
00B7
00B8
0045
0046
0047
00B9
0049
00BA
00BB
00BC
004D
00BD
00BE
0002
0014
00BF
00C0
0054
0055
00C1
0057
0058
00C2
0050
0014
00C3
005B
00C4
00C5
004C
008D
00C6
00C2
0062
0014
00C7
00C8
00C9
00CA
0067
0068
0069
006A
00CB
006C
006D
00CC
00CD
00CE
00CF
00D0
00D1
0074
00D2
0014
00D3
00D4
0078
00D5
00D6
00D7
00D8
007D
0014
0014
00BC
0080
00D9
00DA
00DB
00DC
00DD
0086
0087
0051
0088
00DE
008A
00DF
00E0
008D
00E1
008F
0014
0014
0088
00E2
00E3
00E4
0093
0094
00E5
00E6
0014
0014
00E7
00E8
00E9
00EA
00EB
0002
00EC
00ED
00EE
0006
0007
00EF
00F0
00F1
00F2
00F3
00F4
00F5
00F6
0019
00F7
0012
0014
0014
00F8
0014
0002
0002
0014
0014
0014
0016
00F9
0018
0028
0014
001A
0002
0002
0014
0014
0002
0002
001B
001C
0016
001E
001F
0016
0014
0002
0002
0002
0002
0014
001D
001E
0021
0025
0023
0010
0002
0014
0002
0014
0014
0014
001D
0020
0024
0019
0014
0015
0014
0002
0002
0014
0002
0014
0024
001C
0012
0013
0014
001E
0014
0014
0014
0002
0014
0014
0016
001A
0010
0025
0014
0016
0014
0014
0014
0014
0002
0002
0018
0012
0018
0027
0014
001A
0002
0014
0002
0014
0014
0002
0028
00FA
00FB
0028
0014
00FC
0002
0014
0014
0014
0014
0014
0027
002D
0024
0028
0014
00F8
0014
0014
0014
0014
0014
0002
0019
00FD
0024
0028
0014
002F
0014
0014
0014
0002
0014
0002
0019
0030
0024
0019
0014
002F
0014
0014
0014
0014
0014
0002
00FE
00FF
0100
0035
0014
0014
0101
0102
0103
0104
0105
003C
0106
0107
0002
0014
0108
0109
010A
010B
010C
0043
0044
010D
010E
00B0
0037
0056
004A
004B
010F
0110
004E
004F
0050
0051
0052
0111
0112
0113
0056
0114
0115
0059
0116
0014
0117
0118
005C
0119
005E
005F
0060
0061
011A
0014
011B
0064
011C
0066
011D
0068
0046
011E
006B
0014
011F
0120
0121
0122
0123
0072
0073
0124
0075
0014
0125
0126
0127
0079
007A
007B
007C
0128
007E
0014
007F
0129
012A
012B
012C
0084
0085
012D
011A
0014
012E
012F
0130
0131
0132
0047
008E
0133
0036
0014
0134
0090
0135
0136
0137
00B0
0095
0096
0097
0014
0138
0099
009A
009B
0001
0002
0003
0139
013A
0006
0007
00A0
0009
000A
013B
000C
00A4
013C
00A5
0010
0021
0012
0013
0014
001F
0014
0002
0002
0014
0014
0014
0016
0020
0018
0028
0014
001A
0002
0002
0014
0014
0014
0002
0021
001C
001D
001E
0019
0018
0014
0002
0014
0002
0014
0014
001B
001E
0010
0022
0014
0024
0014
0014
0014
0014
0014
0014
001D
0021
0024
001F
0014
0024
0014
0002
0002
0014
0014
0014
0024
001C
0024
0025
0014
0018
0014
0002
0014
0014
0014
0014
0010
0025
0010
0019
0014
0016
0014
0014
0014
0002
0014
0002
0012
001A
0018
0027
0014
0025
0014
0014
0014
0014
0014
0014
0028
0029
0018
0028
0014
002A
0002
0014
0014
0014
0014
0014
0027
002B
0012
0027
0013
002C
0014
0014
0014
0014
0014
0002
0019
013D
002E
0014
0014
002F
0014
0014
0014
0014
0014
0002
0025
00F7
0031
0019
0014
002C
0002
0014
0002
0014
0014
0002
013E
0033
0034
00AC
0036
0014
013F
0140
00AE
003A
0141
003C
003D
0035
0002
0014
003E
0109
0040
0142
00B6
0057
0143
0144
0046
0047
0048
0056
0145
0146
005A
004D
00BD
0147
0002
0014
0148
0149
0054
014A
014B
0057
014C
00C2
0050
0014
014D
014E
014F
0150
0125
0151
0060
005F
0062
0014
00C7
0064
0152
00CA
0153
0068
0069
006A
0116
0014
0154
00CC
00CD
0155
0071
0072
0156
0074
0075
0014
0157
00D4
0158
0159
015A
006C
015B
007D
007E
0014
015C
0080
00D9
00DA
012C
00DC
0085
0086
0087
0051
0088
015D
008A
008B
008C
008D
008E
008F
0014
0014
0088
0090
0091
0092
0093
0094
0095
00E6
0097
0014
00E7
015E
015F
0160
0161
0002
0162
0163
0164
0006
0007
00EF
0165
0166
000B
0167
00F4
000E
0168
0019
0169
0015
0014
0014
00A9
0014
0002
0002
0014
0014
0014
0022
016A
0012
0019
0014
00A7
0002
0002
0014
0002
0002
0002
001B
001B
0016
001E
001F
0016
0014
0002
0002
0002
0002
0014
0020
001E
0021
0025
0023
0020
0002
0014
0002
0014
0014
0014
0015
0020
0018
0023
0014
0012
0014
0014
0014
0014
0002
0014
001D
001C
0018
0019
0014
0016
0014
0002
0014
0002
0002
0014
001B
001A
0016
0025
0026
0016
0014
0014
0002
0014
0002
0002
0018
0012
0010
0028
0014
001A
0002
0014
0002
0014
0014
0002
0028
016B
016C
0014
0014
002C
0002
0014
0014
0014
0014
0014
0027
00FD
0024
0028
0014
016D
0014
0002
0014
0014
0014
0014
0019
002D
0024
0028
0014
002F
0014
0014
0014
0002
0014
0014
0019
016E
0024
0028
0014
002F
0014
0014
0014
0014
0014
0014
0032
00FF
016F
0035
0014
0014
0170
0171
0172
0173
00AF
0151
0174
0107
0116
0014
0175
0176
0177
010B
0178
0043
0044
0045
010E
00B0
013F
0179
004A
004B
004C
017A
004E
004F
0050
0051
017B
0053
017C
017D
0056
017E
0058
0059
0097
0014
005A
0118
005C
017F
005E
005F
0060
0061
0097
0014
011B
0180
0181
0066
0063
0068
0069
0182
006B
006C
0183
0120
0184
0122
0185
0186
0073
0187
00D2
0014
0125
0126
0188
0189
018A
007B
018B
018C
0014
0014
018D
018E
012A
012B
018F
0084
0190
0191
011A
0014
0192
0193
0194
0195
0196
0047
0197
00BE
0036
0014
0198
0199
019A
019B
019C
00B0
019D
0096
011A
0014
0138
019E
019F
01A0
01A1
0002
01A2
01A3
01A4
0006
0007
01A5
01A6
000A
01A7
01A8
000D
00F5
00A5
0010
0020
0012
0013
0014
0015
0014
0002
0002
0014
0014
0014
0016
00F9
0018
0019
0014
001A
0002
0002
0014
0014
0002
0014
0021
0020
001D
001E
0014
0018
0014
0002
0002
0002
0014
0014
0020
001E
0010
0022
0023
0020
0002
0014
0014
0014
0014
0014
001D
0021
0024
001F
0014
0024
0014
0002
0002
0014
0014
0014
001D
0020
0024
0019
0014
001E
0014
0002
0014
0014
0014
0014
0024
0022
0024
0019
0014
0016
0014
0014
0002
0014
0002
0002
0012
001E
0018
0028
0014
0025
0014
0014
0014
0014
0014
0002
0028
0029
0018
0028
0014
00A7
0002
0014
0014
0014
0014
0014
0027
002B
0018
0013
0014
002C
0014
0014
0014
0014
0014
0002
0019
013D
0010
0013
0014
002F
0014
0014
0014
0014
0014
0002
0025
00F7
0016
0019
0014
00AA
0002
0014
0002
0014
0014
0002
00FE
0033
00C6
01A9
0036
0014
0101
01AA
00AE
003A
0105
003C
0106
0035
0002
0014
01AB
01AC
01AD
01AE
0178
0043
01AF
0045
0046
0014
01B0
01B1
01B2
01B3
01B4
01B5
00BD
004F
0002
0051
0052
01B6
01B7
01B8
00E0
0057
0115
0107
0050
0014
01B9
01BA
01BB
01BC
01BD
005F
01BE
00C2
011A
0014
01BF
00C8
01C0
01C1
01C2
0068
0069
01C3
01C4
0014
0148
01C5
01C6
01C7
01C8
0072
00D1
0074
00D2
0014
00D3
0077
0078
01C9
01CA
006C
01CB
007D
007E
0014
018D
01CC
01CD
01CE
00B9
00DC
01CF
0086
0087
0014
01D0
01D1
008A
01D2
01D3
008D
01D4
008F
0036
0014
01D5
01D6
00E3
01D7
0137
0094
01D8
00E6
0097
0014
00E7
01D9
01DA
01DB
0001
0002
0003
01DC
0005
0006
0007
01DD
01DE
01DF
01E0
01E1
01E2
01E3
01E4
0019
0169
0015
0014
0014
00AA
0014
0002
0002
0014
0014
0014
0027
01E5
0012
0013
0014
00F8
0002
0002
0014
0002
0014
0002
001B
001C
0016
0022
001F
0016
0014
0002
0014
0002
0002
0014
001B
001E
0021
0025
0014
0010
0002
0014
0002
0014
0014
0014
0024
0020
0018
0014
0014
0015
0014
0002
0014
0014
0002
0014
0018
001C
0018
0025
0014
0016
0014
0002
0014
0002
0002
0014
001B
001A
0016
0025
0026
0016
0014
0014
0014
0002
0002
0002
0018
0012
0010
0027
0014
001A
0002
0014
0002
0014
0014
0014
0028
01E6
016C
0014
0014
00A9
0002
0014
0014
0014
0014
0014
0027
00FD
0024
0027
0013
002F
0014
0002
0014
0014
0014
0014
0027
002D
002E
0028
0014
002F
0014
0014
0014
0002
0014
0014
0019
016E
0031
0028
0014
00F8
0014
0014
0014
0014
0014
0002
0032
00FF
01E7
0035
0014
0014
00AD
0038
01E8
01E9
00AF
00B0
01EA
0107
0116
0014
003E
003F
01EB
00B5
00B6
01EC
0044
010D
0050
0047
0048
0049
01ED
01EE
004C
004D
004E
0110
0050
0014
01D3
0053
01EF
0055
01F0
0114
0058
0059
0014
0014
005A
005B
01F1
005D
01F2
01F3
0060
0061
0062
0014
0063
0064
01F4
01F5
0067
01F6
0069
006A
006B
006C
01F7
0120
006F
0070
01F8
0186
0073
0187
0075
0014
00BC
01F9
01FA
0189
007A
007B
018B
01FB
0014
0014
015C
01FC
012A
01FD
0083
0084
01FE
012D
011A
0051
012E
0089
01FF
0200
0132
0047
0201
0133
0036
0014
0202
0203
0135
0204
005E
00B0
0205
0096
011A
0014
0198
0206
009A
009B
0207
0002
0208
01DC
0209
020A
0007
0008
020B
020C
020D
020E
00F4
000E
020F
0027
0210
0015
0013
0014
00AA
0014
0014
0002
0014
0014
0014
0016
001B
001E
0026
0014
001A
0002
0002
0014
0014
0014
0002
001B
001C
001D
001E
001F
0018
0014
0002
0014
0002
0002
0014
001B
001A
0012
0022
0014
0024
0014
0014
0014
0014
0014
0014
001D
0020
0012
0025
0014
001E
0014
0014
0014
0014
0002
0014
0024
001C
0024
0028
0014
0016
0014
0002
0014
0014
0002
0014
0016
0022
0010
0025
0014
0016
0014
0014
0014
0014
0014
0002
0012
0012
0010
0027
0014
001A
0002
0014
0014
0014
0014
0014
0014
0211
00FA
0014
0014
002A
0002
0014
0014
0014
0014
0014
0028
0212
0213
0013
0014
00F8
0014
0014
0014
0014
0014
0002
0027
0212
002E
0013
0014
002F
0014
0014
0014
0002
0014
0002
0025
016E
0031
0014
0014
00AA
0002
0014
0002
0014
0014
0002
0214
0215
0216
0217
0036
0014
012E
0171
0218
0219
0141
003C
003D
021A
0036
0014
021B
021C
021D
021E
021F
0043
00B8
0220
0046
0047
00B9
0221
0222
0223
0117
0224
0225
004F
0002
0014
0226
0227
0228
0229
022A
0114
0058
005F
0116
0014
01B9
0118
022B
022C
022D
005F
00C6
005F
0097
0014
022E
022F
0065
0230
011D
01F6
0069
0182
006B
0014
01F7
006E
0231
0232
0123
0072
0073
012D
0075
0014
00BC
0126
0233
0079
007A
0014
007C
0128
0014
0014
018D
0234
0235
0236
012C
0237
0085
0238
011A
0014
0239
015D
0130
023A
008C
0215
008E
023B
0036
0014
023C
0090
023D
0204
0093
0084
0095
00E6
0014
0014
023E
0099
015F
0160
009C
0002
0003
00ED
0005
0006
0007
023F
0240
0241
00A2
000C
0242
0243
000F
0010
0011
0012
0014
0014
0015
0014
0002
0002
0014
0014
0014
0027
00A6
0018
0019
0014
00A7
0002
0002
0014
0002
0002
0014
0021
001B
0016
001E
0027
0016
0014
0002
0002
0002
0002
0014
0020
001E
0021
0025
0023
0020
0002
0014
0002
0014
0014
0014
0024
001B
0024
001F
0014
0024
0014
0002
0002
0014
0002
0014
001D
001C
0018
0025
0014
0018
0014
0002
0014
0002
0014
0014
001B
001A
0016
0027
0026
0012
0014
0014
0002
0002
0002
0002
0018
001E
0010
0028
0014
0022
0014
0014
0002
0014
0014
0002
0028
00A8
0016
0028
0014
0244
0014
0014
0014
0014
0014
0014
0027
002B
0024
0027
0013
00AA
0014
0002
0014
0014
0014
0014
0019
002D
0010
0028
0014
002F
0014
0014
0014
0014
0014
0014
0019
0245
0024
0019
0014
00F8
0014
0014
0014
0014
0014
0002
0032
0033
0034
0035
0014
0014
0037
0038
01E8
0246
00AF
00B0
0247
0035
0002
0014
003E
00B3
01EB
00B5
010F
00B7
0044
0045
010E
006C
0037
0248
0249
01EE
004C
004D
004E
00BE
0050
0051
0052
0053
0054
0055
024A
0057
00B8
0059
0050
0014
005A
005B
024B
005D
0032
01F3
0060
0061
0062
0014
011B
024C
024D
01F5
0067
0068
024E
006A
01C4
006C
0183
024F
0250
0251
01F8
0186
00B8
0074
007E
0014
0157
00D4
0252
0253
0254
007B
0255
007D
007E
0014
015C
0080
0256
0082
018F
0084
0190
0086
0087
0051
0088
0193
008A
0257
00C1
008D
0197
008F
0036
0014
0088
00E2
00E3
0258
006D
0094
019D
0096
0097
0014
0098
0259
025A
025B
025C
0002
01A2
0004
025D
0006
0007
025E
0165
025F
000B
0260
0261
000E
0262
0019
0263
001A
0014
0014
0264
0014
0002
0002
0014
0014
0014
0016
0017
0018
0019
0014
001A
0002
0014
0014
0014
0014
0002
001B
0021
001D
0022
001F
0016
0014
0014
0014
0002
0002
0014
0020
001E
0024
0022
0014
0010
0002
0014
0014
0014
0014
0014
0019
0265
0022
0025
0014
0266
0014
0002
0002
0014
0002
0014
001D
001C
0024
0025
0014
0016
0014
0002
0014
0014
0002
0014
001B
001A
0016
0023
0026
0019
0014
0014
0014
0014
0002
0002
0012
0012
0010
0028
0014
001A
0002
0014
0014
0014
0014
0014
0028
00FA
016C
0028
0014
00FC
0002
0014
0014
0014
0014
0014
0027
002D
0024
0027
0013
0244
0014
0002
0014
0014
0014
0014
0027
002D
002E
0028
0014
0267
0014
0014
0014
0002
0014
0014
0019
0030
0031
0019
0014
002F
0014
0014
0014
0014
0014
0014
0032
00FF
0268
003C
0014
0014
0101
0038
0269
026A
026B
003C
026C
0107
0002
0014
026D
00B3
0040
0041
0042
0043
010E
0045
026E
0047
01B0
0049
026F
0270
00BC
004D
026E
004F
0050
0014
0052
00C0
01EF
0055
0157
00FF
0271
0272
0097
0014
005A
005B
0273
0274
00DB
005F
0275
0061
0062
0014
0276
00C8
0277
0278
0067
0059
0069
006A
01C4
006C
0183
006E
006F
0279
0071
0072
0073
027A
01C4
0014
0125
0126
027B
0079
027C
007B
007C
027D
007E
0014
00BC
027E
027F
0280
0083
00B0
01CF
011E
011A
0051
0192
0281
0282
0283
011F
0284
0285
00BE
0036
0014
012E
0286
0287
0288
0093
00B0
0289
0096
0097
0014
028A
028B
028C
025B
028D
0002
028E
028F
0290
0006
0007
0291
01A6
0292
013B
00A3
0293
013C
000F
0010
0020
0012
0013
0014
001F
0014
0014
0014
0014
0014
0014
0027
002B
001E
0014
0014
002F
0014
0002
0014
0002
0002
0014
0025
0294
0024
001E
0014
0266
0014
0002
0002
0002
0014
0014
001B
001E
0021
0025
0023
0020
0014
0014
0002
0014
0014
0014
001D
0016
0024
001F
0014
0024
0014
0002
0014
0014
0002
0014
0023
0295
001A
0019
0014
002C
0014
0002
0014
0002
0014
0014
0010
001F
0010
0025
0014
0016
0014
0014
0002
0002
0002
0002
0018
001E
0018
0027
0014
0025
0014
0014
0002
0014
0014
0002
0014
00A8
0018
0014
0014
00A9
0002
0014
0014
0014
0014
0014
0027
002B
0024
0013
0014
00AA
0014
0014
0014
0014
0014
0002
0019
013D
0010
0013
0014
002F
0014
0014
0014
0014
0014
0002
0025
0210
0016
0014
0014
002C
0002
0014
0002
0014
0014
0002
0296
0033
0297
0035
0036
0014
013F
0298
0299
029A
0141
00B0
029B
0035
0014
0014
003E
0109
029C
029D
029E
029F
02A0
02A1
0046
0014
0048
0221
02A2
02A3
02A4
02A5
004E
0147
0062
0051
01D3
02A6
01B7
02A7
01CA
0057
02A8
0059
0050
0014
02A9
02AA
02AB
02AC
01F2
0284
02AD
00C2
011A
0014
0063
0064
02AE
02AF
01C2
0068
0069
01C3
006B
0014
01F7
02B0
01C6
02B1
02B2
0186
00B8
0074
0075
0014
0157
00D4
02B3
0253
02B4
0014
0255
007D
0014
0014
007F
01FC
0256
0082
012C
0084
02B5
0086
0087
0014
0088
015D
008A
008B
008C
008D
02B6
008F
0036
0014
01D5
0090
0091
0092
02B7
0094
02B8
02B9
0014
0014
0098
015E
02BA
02BB
02BC
0002
01A2
0004
025D
0006
0007
025E
0165
02BD
020D
02BE
02BF
000E
02C0
0019
0263
001A
0014
0014
0264
0014
0002
0002
0014
0014
0014
0016
0017
0018
0019
0014
001A
0002
0014
0014
0014
0002
0002
001B
0021
001D
001E
001F
0016
0014
0002
0002
0002
0002
0014
0020
001E
0024
0022
0014
0010
0002
0014
0014
0014
0014
0014
0019
0020
001E
0025
0014
0012
0014
0002
0002
0014
0002
0014
001D
001C
0024
0028
0014
0016
0014
0002
0014
0014
0002
0014
001B
0022
0016
0023
0026
0019
0014
0014
0002
0014
0002
0002
0018
0012
0010
0028
0014
001A
0002
0014
0014
0014
0014
0002
0028
00FA
016C
0028
0014
00FC
0002
0014
0014
0014
0014
0014
0027
002D
0024
0027
0013
0244
0014
0002
0014
0014
0014
0014
0019
002D
0010
0028
0014
0267
0014
0014
0014
0002
0014
0014
0019
0030
0024
0019
0014
002F
0014
0014
0014
0014
0014
0014
0032
00FF
02C1
01A9
0014
0014
02C2
0038
0269
02C3
02C4
003C
026C
0107
0002
0014
026D
00B3
0040
0041
0042
0043
02C5
0045
010E
00B0
01B0
02C6
02C7
02C8
00BC
004D
026E
004F
0050
0014
0052
02C9
01EF
02CA
0157
02CB
0058
02CC
0097
0014
0117
005B
02CD
02CE
00DB
005F
02CF
0061
0097
0014
0276
02D0
02D1
0278
0067
0068
0069
006A
01C4
006C
0183
02D2
0231
0279
02D3
0072
02D4
012D
00D2
0014
0125
0126
02D5
0079
02D6
007B
02D7
027D
007E
0014
018D
0080
02D8
0280
0083
00B0
01CF
011E
011A
0051
0192
02D9
0282
0283
011F
00B0
02DA
00BE
0036
0014
012E
0286
0287
0288
0137
00B0
0289
0096
0097
0014
028A
028B
028C
025B
0001
0002
028E
02DB
0290
0006
0007
0291
01A6
02DC
02DD
000C
02DE
013C
00A5
0010
001D
0012
0013
0014
001F
0014
0014
0014
0014
0014
0014
0027
002B
001E
0014
0014
002F
0014
0002
0014
0002
0014
0014
0022
0294
0024
001E
0027
00FB
0014
0002
0014
0002
0014
0014
001B
001E
0021
0025
0023
0020
0014
0014
0002
0014
0014
0014
001D
0016
0024
001F
0014
0024
0014
0002
0014
0014
0002
0014
0027
0295
001A
0025
0014
00FB
0014
0002
0014
0002
0014
0014
0010
001A
0010
0025
0014
0016
0014
0014
0014
0002
0002
0002
0012
001E
0018
0027
0014
0025
0014
0014
0002
0014
0014
0014
0014
00A8
0018
0014
0014
00A9
0002
0014
0014
0014
0014
0014
0027
002B
0024
0013
0014
00AA
0014
0014
0014
0014
0014
0002
0019
013D
002E
0013
0014
002F
0014
0014
0014
0014
0014
0002
0025
0210
0031
0014
0014
002C
0002
0014
0002
0014
0014
0002
0296
0033
02DF
0035
0036
0014
013F
0298
02E0
02E1
0141
00B0
02E2
0035
0014
0014
003E
0109
029C
029D
029E
029F
02E3
0061
0046
0047
0048
0221
02E4
02E5
02A4
02A5
004E
0147
0062
0051
01D3
02E6
01B7
02A7
01CA
0057
02E7
0059
0050
0014
02A9
02AA
02E8
02AC
01F2
0284
02E9
00C2
0062
0014
0063
0064
02EA
02EB
01C2
0068
0069
01C3
006B
0014
01F7
02EC
02ED
02B1
02EE
00D0
0073
0074
0075
0014
0157
00D4
0078
0253
007A
0014
018B
007D
0014
0014
015C
02EF
0256
0082
012C
0084
02F0
0086
0087
0014
0088
015D
008A
008B
008C
008D
02F1
008F
0036
0014
01D5
0090
0091
0092
0093
0094
02F2
02F3
0014
0014
0098
015E
02BA
02BB
009C
0002
028E
01DC
0005
0006
0007
02F4
0009
02F5
000B
02F6
02F7
000E
0262
0027
0263
0012
0014
0014
00A9
0014
0002
0002
0014
0014
0014
0016
0017
0013
0019
0014
001A
0002
0002
0014
0002
0014
0014
0021
0020
0024
001E
0027
0018
0014
0002
0002
0002
0002
0014
0020
001F
0021
0025
0023
0010
0002
0014
0002
0014
0014
0014
001D
001B
0024
0019
0014
0012
0014
0014
0014
0014
0002
0014
0024
001C
001E
0025
0014
0016
0014
0002
0014
0002
0014
0014
0010
0022
0016
0019
0026
0012
0014
0014
0002
0014
0002
0002
0012
001E
0018
0028
0014
0025
0014
0014
0002
0014
0014
0014
0013
0029
0016
0014
0014
02F8
0014
0014
0014
0014
0014
0014
0027
02F9
0024
0027
0013
002C
0014
0002
0014
0014
0014
0002
0019
002D
002E
0013
0014
002F
0014
0014
0014
0014
0014
0002
0025
016E
0031
0014
0014
00AA
0002
0014
0002
0014
0014
0002
0032
00FF
02FA
00AC
0014
0014
0037
02FB
02FC
01E9
003B
003C
003D
0094
0036
0014
021F
02FD
0040
0041
0042
0043
0044
0045
0046
0047
02FE
0049
004A
004B
004C
004D
0062
004F
0097
0051
017B
0053
02FF
0055
0056
0057
0058
0300
0116
0014
00C3
0301
022B
017F
005E
005F
0060
00AC
0062
0014
0063
00C8
0065
0066
0067
0068
0069
006A
01C4
006C
006D
0302
0303
0232
0071
0072
0073
0074
01C4
0014
0157
0304
0078
0253
018A
007B
007C
0305
0014
0014
007F
01FC
0306
012B
00DB
0084
0085
0307
0087
0051
0088
0089
0308
0200
00E0
008D
008E
00BE
0036
0014
0088
0309
023D
0204
0093
0084
0095
02B9
0014
0014
0098
030A
02BA
030B
00EB
0002
01A2
00ED
030C
0006
0007
00A0
01DE
030D
030E
030F
0242
0310
000F
0010
001D
0015
0013
0014
001A
0014
0002
0002
0014
0014
0014
0027
0311
0311
0028
0014
00A7
0002
0014
0014
0014
0002
0002
001B
001C
001D
001E
001F
0016
0014
0002
0014
0002
0002
0014
001D
001E
0024
0022
0014
0020
0002
0014
0014
0014
0014
0014
0015
0020
0018
001F
0014
0024
0014
0002
0002
0014
0002
0014
001D
001C
0024
0019
0014
001A
0014
0002
0014
0014
0002
0014
001B
001A
0024
0025
0014
0016
0014
0014
0014
0002
0002
0002
0018
0012
0010
0027
0014
001A
0002
0014
0014
0014
0014
0002
0028
01E6
00FA
0028
0014
00A9
0002
0014
0014
0014
0014
0014
0027
002D
0024
0028
0014
0267
0014
0014
0014
0014
0014
0014
0027
00FD
0024
0028
0014
0267
0014
0014
0014
0002
0014
0014
0019
00F7
0024
0019
0014
00F8
0014
0014
0014
0014
0014
0014
0312
0033
00C6
0035
0036
0014
0313
0140
0039
003A
0314
0215
0315
0316
0002
0014
0317
0109
0318
0319
0296
00B7
0143
031A
010E
00B0
0037
031B
031C
031D
031E
01B5
004E
0110
0050
0014
022A
031F
0320
01B8
0312
0321
0297
0059
0050
0014
0117
0322
0323
0324
0125
008D
0060
0061
011A
0014
0170
0064
0325
0326
011D
01F6
0046
0327
006B
0014
00C1
02D2
0328
0329
032A
0186
02D4
027A
0075
0014
032B
0126
032C
032D
015A
007B
032E
032F
007E
0014
00BC
0330
0081
0331
012C
00B0
0332
0086
011A
0014
0333
0334
0335
0336
01F7
0284
0337
008F
0036
0014
0198
0203
0338
0339
0132
0094
033A
0096
0097
0014
028A
0206
033B
009B
025C
0002
01A2
0004
033C
0006
0007
00A0
0165
000A
000B
033D
000D
000E
033E
0010
0020
001A
0014
0014
0015
0014
0002
0002
0014
0014
0014
0016
00F9
0018
0019
0014
001A
0002
0014
0014
0014
0002
0002
001B
0022
001D
001E
001F
0016
0014
0014
0014
0002
0002
0014
0020
001E
0024
0025
0014
0010
0002
0014
0014
0014
0014
0014
001F
0020
001A
001F
0014
0024
0014
0002
0002
0014
0002
0014
001D
001C
0024
0025
0014
0016
0014
0002
0014
0014
0002
0014
001B
001A
0024
0023
0014
0019
0014
0014
0002
0014
0002
0002
0012
0012
0010
0028
0014
001A
0002
0014
0014
0014
0014
0002
0028
00FA
00FA
0028
0014
00FC
0002
0014
0014
0014
0014
0014
0027
002D
0024
0027
0013
0244
0014
0014
0014
0014
0014
0002
0019
00FD
002E
0028
0014
002F
0014
0014
0014
0002
0014
0002
0025
0030
0031
0019
0014
00AA
0014
0014
0014
0014
0014
0002
0214
0033
0034
01A9
0014
0014
0101
0038
00AE
003A
003B
003C
0106
0035
0002
0014
033F
00B3
0040
0041
0042
0043
02D4
0045
0046
0047
01B0
0049
0340
0341
0342
004D
00BD
0147
0050
0014
0052
00C0
0054
0055
022A
008D
0058
0107
0050
0014
005A
005B
0343
0344
00DB
005F
01BE
0061
0062
0014
0345
00C8
0346
0347
0348
0068
0069
006A
01C4
0014
0183
006E
0184
0349
0071
0072
0073
012D
00D2
0014
0125
034A
034B
0079
027C
007B
007C
034C
007E
0014
0125
034D
0081
0331
0083
00B0
01CF
0086
011A
0051
0192
0281
034E
034F
00E0
00B0
0285
008F
0036
0014
012E
0350
0351
0258
0093
0094
0289
0096
0097
0014
028A
028B
025A
025B
028D
0002
028E
0352
0290
0006
0007
0353
0009
0354
013B
0355
0356
0357
02C0
0027
0169
0012
0013
0014
00F8
0014
0002
0014
0014
0014
0014
0027
0358
001F
0014
0014
002F
0014
0002
0014
0002
0014
0014
0022
0359
0024
0013
0014
0266
0014
0002
0002
0002
0014
0014
001B
001F
0021
0022
0023
0020
0014
0014
0002
0014
0014
0014
001D
0016
0024
0014
0014
001E
0014
0002
0014
0014
0002
0014
0027
035A
001A
0019
0014
002C
0014
0002
0014
0002
0014
0014
0010
001F
0016
0025
0026
0016
0014
0014
0014
0002
0002
0002
0018
001E
0018
0027
0014
0025
0014
0014
0002
0014
0014
0014
0013
00A8
0016
0014
0014
00A9
0002
0014
0014
0014
0014
0014
0027
02F9
0024
0013
0014
00AA
0014
0002
0014
0014
0014
0014
0019
035B
0010
0013
0014
002F
0014
0014
0014
0014
0014
0014
0027
0210
0016
0014
0014
00F8
0002
0014
0002
0014
0014
0002
035C
0237
035D
0035
0036
0014
013F
0298
0172
035E
00FE
00B0
029B
0217
0014
0014
003E
0109
035F
0360
0105
029F
0361
0362
0036
0014
0048
0221
0363
0364
01F7
0224
004E
004F
0062
0051
01D3
02A6
0365
0229
02D0
0057
0366
0059
0014
0014
02A9
0367
0368
0369
0032
0284
036A
0217
011A
0014
0063
0064
036B
02EB
022E
0068
0069
012D
006B
006C
01F7
02B0
00CD
0070
02B2
0186
00B8
0074
0075
0014
0157
0077
02B3
0253
036C
00D7
036D
036E
0014
0014
007F
0080
0306
01FD
012C
0084
036F
012D
0087
0014
0088
0370
0308
0200
0132
008D
0371
0372
0036
0014
01D5
0373
023D
0136
0374
0047
0375
02F3
0014
0014
0098
0206
02BA
02BB
01A1
0002
01A2
0376
0005
0006
0007
00A0
0009
02F5
020D
000C
0377
000E
0262
0019
02F9
0012
0013
0014
00A9
0014
0002
0002
0014
0014
0014
0016
00F9
0018
0019
0014
001A
0002
0014
0014
0002
0014
0002
001B
0021
001D
0028
0019
0019
0014
0002
0014
0002
0014
0014
0020
001E
0024
0023
0014
0010
0002
0014
0014
0014
0014
0014
0024
001B
0024
0025
0014
0012
0014
0002
0002
0014
0014
0014
001D
001C
0024
0028
0014
0016
0014
0002
0014
0014
0002
0014
001B
0022
0024
0023
0014
0016
0014
0014
0002
0002
0002
0002
0012
0012
0010
0028
0014
001A
0002
0014
0014
0014
0014
0014
0028
00FA
00FA
0028
0014
00FC
0002
0014
0014
0014
0014
0014
0027
002D
0024
0027
0013
0244
0014
0014
0014
0014
0014
0014
0027
00FD
0010
0014
0014
002F
0014
0014
0014
0014
0014
0014
0019
0030
0024
0019
0014
00F8
0014
0014
0014
0014
0014
0002
0214
00FF
02FA
02CC
0036
0014
0037
0038
0378
0379
037A
003C
026C
0107
0002
0014
00B2
00B3
0040
0041
0042
0043
01AF
0045
00CB
0215
01B0
0049
037B
01B3
0342
004D
037C
0110
0097
0014
0052
02C9
01EF
037D
00E0
0057
0058
037E
0087
0014
0117
005B
01BB
0150
00DB
005F
037F
0061
0097
0014
0170
00C8
01C0
01C1
0153
0068
0046
006A
01C4
0014
00C1
02D2
0380
0349
02D3
0072
02D4
0074
01C4
0014
0076
00D4
0381
0079
02D6
007B
0382
0383
007E
0014
00BC
0384
027F
0280
0083
00B0
0385
0386
0087
0051
0088
0281
0282
0283
011F
0284
0285
0133
0014
0014
0088
0286
0387
0288
0137
00B0
0289
0096
0097
0014
00E7
028B
025A
025B
0001
0002
028E
009E
0388
0006
0007
00EF
01DE
0389
038A
020E
038B
013C
000F
0010
0011
0015
0014
0014
001A
0014
0002
0014
0014
0014
0014
0027
01E5
001E
0013
0014
00F8
0014
0002
0014
0014
0002
0002
0012
0294
0024
001E
001F
002D
0014
0002
0002
0002
0002
0014
001B
001E
0021
0022
0023
0020
0002
0014
0002
0014
0014
0014
001D
0020
0018
001F
0014
0024
0014
0002
0014
0014
0002
0014
0018
001C
0018
0025
0014
0018
0014
0002
0014
0002
0014
0014
0010
001A
0016
0025
0026
0016
0014
0014
0014
0014
0002
0002
0018
001E
0018
0027
0014
0025
0014
0014
0002
0014
0014
0002
0013
0030
0016
0014
0014
0264
0002
0014
0014
0014
0014
0014
0027
002B
0012
0028
0014
00AA
0014
0002
0014
0014
0014
0002
0019
002D
002E
0028
0014
002F
0014
0014
0014
0002
0014
0002
0025
0210
0031
0028
0014
00AA
0002
0014
0002
0014
0014
0002
0032
0033
038C
0035
0014
0014
038D
0171
0172
038E
026B
00B0
038F
0035
0116
0014
0390
0109
029C
0391
0105
00B7
02E3
031A
0046
0047
0048
0392
0393
0394
018F
0224
004E
004F
0050
0051
01D3
0053
0395
0396
01CA
0397
0297
0059
0050
0014
00C3
0301
0398
0399
0032
0084
0060
00C2
0062
0014
0063
0064
00C9
039A
0063
0068
0069
012D
006B
006C
006D
0120
006F
0070
02EE
0186
0073
0187
0075
0014
0296
039B
0188
039C
007A
00D7
018B
007D
0014
0014
007F
0080
0256
0082
012C
0084
01FE
0086
011A
0014
012E
015D
008A
008B
008C
008D
02F1
008F
0036
0014
039D
0090
0091
0092
0093
0094
02F2
02B9
011A
0014
0138
015E
02BA
039E
01A1
0002
01A2
039F
025D
0006
0007
03A0
0009
03A1
000B
000C
0377
000E
03A2
0019
00AB
001A
0013
0014
0264
0014
0002
0002
0014
0014
0014
0016
00F9
0018
0019
0014
001A
0002
0014
0014
0014
0014
0014
001B
001C
0016
001E
001F
0018
0014
0002
0014
0002
0002
0014
0020
001E
0024
0022
0014
0010
0002
0014
0014
0014
0014
0014
001D
0020
0014
0014
0014
0012
0014
0002
0002
0014
0014
0014
001D
0020
0012
0028
0014
0016
0014
0002
0014
0014
0014
0014
0016
0022
0024
0023
0014
0019
0014
0014
0014
0014
0014
0002
0012
0012
0018
0027
0014
001A
0002
0014
0014
0014
0014
0014
0028
0211
00FB
0028
0014
002A
0002
0014
0014
0014
0014
0014
0027
002D
0024
0027
0013
00F8
0014
0014
0014
0014
0014
0014
0027
03A3
002E
0014
0014
0267
0014
0014
0014
0014
0014
0014
0025
0030
0031
0019
0014
00AA
0002
0014
0002
0014
0014
0002
0148
00FF
02FA
0094
0036
0014
0037
0038
03A4
026A
003B
003C
003D
0107
0002
0014
00B2
003F
0040
0041
0042
0043
01AF
0045
0046
0047
00B9
0049
037B
03A5
0342
004D
037C
0110
0062
0014
0052
00C0
01EF
0055
022A
0057
0058
0014
0014
0014
005A
005B
01BB
0150
00DB
005F
00C6
0061
0097
0014
00C7
02EE
0065
0230
0348
0068
03A6
006A
01C4
0014
0154
03A7
0380
03A8
02D3
0072
02D4
0074
0075
0014
0076
0304
0381
0079
015A
007B
02D7
03A9
007E
0014
00BC
01CC
0235
0280
0083
00B0
0085
03AA
0087
0051
0088
0089
03AB
023A
008C
0284
008E
0133
0014
0014
0088
0203
0135
0204
0093
0084
0095
0096
0097
0014
00E7
0099
009A
009B
0001
0002
028E
009E
03AC
0006
0007
0008
03AD
0389
02DD
03AE
03AF
03B0
000F
0010
0011
0012
0014
0014
001A
0014
0002
0014
0014
0014
0014
0027
01E5
001E
0013
0014
00F8
0002
0002
0014
0002
0002
0002
001A
001B
001D
001E
0019
0016
0014
0002
0002
0002
0002
0014
001B
001E
0021
0025
0023
0020
0002
0014
0002
0014
0014
0014
001F
0266
03B1
001F
0014
03B2
0014
0014
0014
0014
0002
0014
0018
001C
0024
0025
0014
0018
0014
0002
0014
0002
0002
0014
001B
001A
0016
0025
0026
0016
0014
0014
0002
0002
0002
0002
0018
001E
0010
0028
0014
0025
0014
0014
0002
0014
0014
0002
0014
00A8
0016
0014
0014
03B3
0014
0014
0014
0014
0014
0014
0027
002B
0024
0028
0014
00AA
0014
0002
0014
0014
0014
0002
0019
002D
0010
0028
0014
002F
0014
0014
0014
0002
0014
0002
0019
0210
0016
0028
0014
00F8
0014
0014
0014
0014
0014
0002
035C
0033
038C
0035
0014
0014
01BF
03B4
0172
038E
0296
00B0
03B5
0035
0116
0014
0390
03B6
029C
029D
0312
021A
0044
031A
010E
0215
0037
03B7
03B8
03B9
01F7
0224
004E
004F
0050
0051
0214
02E6
0395
03BA
02D0
017E
03BB
03BC
0050
0014
01B9
0367
0368
03BD
01F2
0084
0060
00C2
0062
0014
021B
024C
03BE
039A
022E
0068
0069
012D
006B
006C
0148
006E
006F
0070
02EE
0186
0073
03BF
00D2
0014
0296
039B
03C0
039C
027C
0014
018B
007D
0014
0014
007F
01FC
0256
0082
012C
0084
03C1
0086
011A
0014
012E
03C2
008A
0257
00C1
008D
03C3
008F
0036
0014
039D
0309
00E3
03C4
0196
0094
03C5
02B9
011A
0014
0138
03C6
03C7
03C8
03C9
0002
028E
03CA
0005
0006
0007
0008
01A6
02F5
03CB
03CC
02F7
00F5
02C0
0027
0263
0012
0014
0014
00F8
0014
0002
0002
0014
0014
0014
0016
0017
001A
0014
0014
001A
0002
0002
0014
0002
0002
0002
0021
001C
0016
001E
0019
0018
0014
0002
0002
0002
0002
0014
001B
001A
0021
0028
0023
0018
0014
0014
0002
0014
0014
0014
001D
001B
0024
0019
0014
001A
0014
0014
0014
0014
0002
0014
001D
001C
0014
0014
0014
001E
0014
0002
0014
0002
0014
0014
0010
0022
0016
0019
0026
0012
0014
0014
0002
0014
0002
0002
0018
001E
0018
0028
0014
0025
0014
0014
0002
0014
0014
0002
0028
0029
0016
0014
0014
02F8
0014
0014
0014
0014
0014
0014
0027
02F9
0024
0027
0013
002C
0014
0002
0014
0014
0014
0002
0019
002D
0010
0013
0014
002F
0014
0014
0014
0002
0014
0002
0025
0210
0016
0014
0014
00AA
0002
0014
0002
0014
0014
0002
03CD
00FF
03CE
00AC
0014
0014
012E
01AA
03CF
035E
03D0
003C
003D
03D1
0014
0014
010C
003F
021D
010B
0042
0043
0044
010D
0046
0215
02FE
0049
004A
004B
004C
0224
0075
004F
0087
0051
019C
0111
03D2
0229
0056
0057
0115
0300
0116
0014
01B9
0301
022B
017F
005E
005F
0060
0014
0014
0014
0063
03D3
0065
0066
01BD
0068
0069
012D
01C4
006C
006D
0302
00CD
0232
01C8
0072
0073
0074
01C4
0014
0157
0304
0078
0253
007A
007B
007C
036E
0014
0014
007F
02EF
0306
012B
0083
00DC
0385
012D
0087
0051
0088
03D4
0308
03D5
008C
008D
03D6
00BE
0036
0014
01D0
0090
03D7
03D8
03D9
0084
03DA
02B9
0014
0014
0098
0099
03C7
03DB
025C
0002
01A2
00ED
03DC
0006
0007
03DD
01DE
030D
01E0
000C
0242
03DE
03DF
0010
001D
0015
0013
0014
0015
0014
0002
0002
0014
0014
0014
0027
03E0
0018
0019
0014
00A7
0002
0014
0014
0014
0014
0014
001B
001D
001D
0025
001F
0016
0014
0002
0014
0002
0002
0014
0020
001E
0024
0022
0014
0020
0002
0014
0014
0014
0014
0014
0015
0020
0018
001F
0014
0024
0014
0002
0002
0014
0014
0014
0023
0311
03B1
0025
0014
03E1
0014
0002
0014
0014
0002
0014
001B
001A
0024
0025
0014
0016
0014
0014
0014
0002
0002
0002
0012
0012
0010
0027
0014
001A
0002
0014
0014
0014
0014
0014
0028
01E6
00FA
0028
0014
00A9
0002
0014
0014
0014
0014
0014
0027
002D
0024
0028
0014
002F
0014
0014
0014
0014
0014
0014
0019
00FD
002E
0028
0014
002F
0014
0014
0014
0014
0014
0014
0019
0030
0031
0019
0014
00F8
0014
0014
0014
0014
0014
0014
03D0
0033
0034
0035
0036
0014
0037
0038
0039
003A
003B
00B0
0315
0035
0002
0014
003E
03E2
01EB
03E3
0105
00B7
0143
0045
0050
0047
0037
0056
03E4
03E5
01B4
004D
004E
0110
0050
0014
0052
00C0
0054
0055
010F
0321
0058
0059
0050
0014
005A
005B
01F1
0324
0342
02CB
03E6
03E7
0062
0014
0170
03E8
0325
03E9
0348
01F6
03A6
006A
006B
0014
00C1
02D2
0184
0329
01F8
03EA
0156
027A
0075
0014
032B
0126
032C
032D
03EB
006C
032E
03EC
007E
0014
00BC
0080
0081
0331
012C
0084
03ED
0086
011A
0014
0192
012F
03EE
008B
03EF
0047
03F0
008F
0036
0014
012E
0286
0091
0092
03F1
0094
03F2
0096
0097
0014
03F3
0259
009A
03F4
00EB
0002
01A2
00ED
025D
0006
0007
03DD
0009
00F1
03F5
000C
03F6
03F7
02C0
0027
0169
0015
0013
0014
0244
0014
0002
0002
0014
0014
0014
0016
0017
0018
0028
0014
001A
0002
0002
0014
0002
0014
0014
0021
001D
0010
0025
001F
0016
0014
0002
0002
0002
0014
0014
001D
001A
0010
0025
0014
0020
0014
0014
0014
0014
0014
0014
0024
0020
0018
0019
0014
001E
0014
0002
0002
0014
0014
0014
0024
001B
0015
0019
0014
001E
0014
0002
0014
0014
0014
0014
0024
001A
0016
0025
0026
0016
0014
0014
0002
0002
0002
0002
0018
0015
0018
0028
0014
0022
0002
0014
0002
0014
0014
0014
0028
0029
0016
0028
0014
002A
0002
0014
0014
0014
0014
0014
0027
002B
0022
0027
0013
002C
0014
0002
0014
0014
0014
0002
0019
002D
002E
0028
0014
002F
0014
0014
0014
0014
0014
0002
0019
0030
0031
0019
0014
00F8
0002
0014
0002
0014
0014
0002
01B4
00B0
02FA
0035
0036
0014
0037
03F8
0039
03F9
037A
003C
003D
02A1
0002
0014
003E
00B3
0040
00B5
00B6
0057
0044
0144
007E
0047
0048
0049
03FA
03FB
00BC
004D
004E
004F
00D2
0014
0052
03FC
01EF
02CA
03FD
0057
014C
0059
0116
0014
01B9
00D6
0323
0324
004C
0151
0060
0061
011A
0014
00C7
03E8
01F4
03FE
0067
0068
024E
006A
006B
006C
0132
03A7
0250
0122
0071
0072
00B8
0074
00D2
0014
0157
00D4
0078
0079
02D6
006C
01CB
036E
007E
0014
015C
03FF
0400
0401
0083
0084
0085
012D
0087
0051
0088
0089
0402
0403
011F
008D
008E
0372
0036
0014
0088
0350
0404
0405
005E
0047
0095
00E6
0097
0014
00E7
0406
015F
0407
025C
0002
0003
009E
0408
0006
0007
0008
0409
0241
000B
03CC
000D
000E
033E
0010
001D
0012
0014
0014
0015
0014
0002
0002
0014
0014
0014
0022
040A
0012
0019
0014
002F
0002
0002
0014
0014
0002
0002
001B
001C
001D
001E
0019
0010
0014
0014
0014
0002
0002
0014
0020
001E
0021
0022
0023
0010
0002
0014
0002
0014
0014
0014
001D
001D
0024
001F
0014
0024
0014
0014
0014
0014
0002
0014
001D
001C
0024
0025
0014
0016
0014
0002
0014
0002
0002
0014
001B
0022
0010
0027
0014
0012
0014
0014
0014
0014
0014
0002
0015
0012
0010
0027
0014
001A
0014
0014
0014
0014
0014
0002
0028
016B
016B
0014
0014
002C
0002
0014
0014
0014
0014
0014
0027
040B
040C
0014
0014
0267
0014
0014
0014
0014
0014
0014
0027
040D
0024
0014
0014
002F
0014
0014
0014
0002
0014
0014
0025
035B
0024
0014
0014
00AA
0014
0014
0014
0014
0014
0014
03D0
0033
040E
00AC
0014
0014
038D
0171
040F
0410
0137
0151
0411
0035
0036
0014
010C
021C
0412
0413
010C
0043
0414
0045
0046
0215
013F
0056
0415
03A5
018F
0224
00BD
0110
0050
0051
01D3
0053
0395
0396
0056
0397
0058
0061
0050
0014
005A
0118
022B
0119
005E
005F
00D1
0096
0062
0014
021B
03D3
011C
0416
0417
0068
0069
0182
01C4
0014
0183
006E
0303
0232
0418
0419
0073
012D
0075
0014
00BC
041A
041B
041C
007A
007B
041D
041E
0014
0014
018D
0330
0081
041F
0420
00B0
0421
0422
0014
0014
0192
0423
0424
0425
008C
0284
0426
008F
0014
0014
03F3
0427
0338
0339
0137
0094
0428
0096
0014
0014
0138
0099
028C
009B
0001
0002
0003
0004
03AC
0429
0007
0008
042A
000A
042B
042C
0242
000E
033E
0010
001D
0012
0014
0014
001E
0014
0002
0002
0014
0014
0014
0016
0020
0012
0028
0014
001A
0002
0002
0014
0002
0014
0002
001B
001C
0016
001E
0019
0018
0014
0002
0014
0002
0002
0014
001B
001E
0021
0022
0023
0020
0014
0014
0002
0014
0014
0014
001D
001D
0024
001F
0014
0024
0014
0002
0014
0014
0002
0014
0024
001C
0012
0025
0014
0016
0014
0002
0014
0002
0014
0014
0016
0022
0010
0023
0014
0012
0014
0014
0014
0002
0014
0014
0012
001E
0018
0027
0014
0025
0014
0014
0014
0014
0014
0014
0028
00A9
00FB
0014
0014
02F8
0014
0014
0014
0014
0014
0014
0027
040B
03B1
0013
0014
0244
0014
0014
0014
0014
0014
0014
0019
042D
002E
0013
0014
002F
0014
0014
0014
0002
0014
0014
0025
0245
0031
0014
0014
002C
0014
0014
0014
0014
0014
0014
03D0
0033
040E
00AC
0014
0014
03F3
0171
042E
042F
0430
003C
0431
0035
0002
0014
0432
021C
010A
0433
0434
021A
0414
010D
0046
0047
013F
0056
0435
0436
010F
017A
00BD
0437
0062
0051
01D3
0438
01B7
02A7
01F0
0114
0058
0061
0050
0014
0439
043A
043B
0119
01F2
01F3
00D1
0061
0062
0014
011B
03D3
043C
043D
011D
0220
0069
0182
01C4
0014
0183
02B0
0380
043E
043F
0072
0440
012D
0075
0014
0125
041A
0441
0442
015A
007B
0382
0443
0014
0014
018D
0330
0444
0445
012C
00B0
0385
0446
011A
0014
0202
0447
0448
0449
008C
00B0
03D6
008F
0036
0014
039D
0203
044A
0339
0093
0094
03DA
0096
0014
0014
0138
015E
044B
009B
01A1
0002
044C
044D
025D
0006
0007
03DD
0009
044E
000B
000C
044F
0450
02C0
0027
0169
0015
0013
0014
0264
0014
0002
0014
0014
0014
0014
0022
016A
0018
0019
0014
002F
0002
0014
0014
0014
0002
0014
0021
001D
001D
001E
001F
0016
0014
0002
0002
0002
0002
0014
0020
001A
0010
0025
0014
0010
0002
0014
0014
0014
0014
0014
0024
0020
0018
0025
0014
0012
0014
0002
0002
0014
0014
0014
001D
001D
0024
0028
0014
001E
0014
0002
0014
0014
0002
0014
001B
001A
0016
0025
0026
0016
0014
0014
0002
0014
0002
0002
0018
0012
0010
0028
0014
001A
0002
0014
0002
0014
0014
0002
0014
00A8
0016
0028
0014
00A9
0002
0014
0014
0014
0014
0014
0027
0451
0012
0027
0013
0452
0014
0002
0014
0014
0014
0002
0019
0453
0010
0028
0014
016D
0014
0014
0014
0014
0014
0002
0027
0454
0024
0019
0014
016D
0002
0014
0002
0014
0014
0002
0032
0215
0268
0035
0036
0014
0037
0038
0039
026A
026B
0151
0455
021A
0116
0014
003E
02FD
0456
0041
0042
0043
0044
0045
010E
00B0
0048
0248
004A
004B
0342
004D
004E
004F
0050
0014
0052
0457
0458
0055
0157
0057
0115
0059
0116
0014
00C3
005B
005C
0324
00DB
005F
0060
00AC
011A
0014
00C7
024C
0065
0066
0067
0068
024E
006A
006B
006C
0132
006E
006F
0070
0071
0186
0073
0074
00D2
0014
0157
0459
0078
0079
045A
0014
045B
0187
007E
0014
015C
03FF
045C
045D
010F
0084
03ED
045E
0087
0051
0088
0089
045F
0460
0196
008D
02F1
0372
0036
0014
0088
0309
0461
0462
0137
0047
02F2
02F3
0097
0014
00E7
0463
0464
0465
025C
0002
0003
009E
0466
0006
0007
0008
0467
030D
030E
01E1
0242
013C
000F
0010
001D
0012
0014
0014
001F
0014
0002
0002
0014
0014
0014
0027
0468
0018
0014
0014
00A7
0002
0002
0014
0002
0014
0002
001B
001C
001D
0022
0019
0024
0014
0002
0002
0002
0002
0014
001B
001E
001E
0022
0014
0020
0014
0014
0014
0014
0014
0014
001D
001D
0024
001F
0014
0024
0014
0002
0002
0014
0002
0014
001D
001C
0024
0025
0014
0018
0014
0002
0014
0014
0014
0014
0016
0022
0024
0023
0014
0016
0014
0014
0014
0002
0014
0002
0018
001A
0018
0027
0014
0025
0014
0014
0014
0014
0014
0014
0013
0469
00FB
0028
0014
03B3
0014
0014
0014
0014
0014
0014
0013
002D
0024
0026
0014
046A
0014
0014
0014
0014
0014
0014
0014
00FD
0010
0014
0014
046B
0014
0014
0014
0002
0014
0014
0027
035B
0016
0014
0014
0244
0014
0014
0014
0014
0014
0002
0296
0033
038C
00AC
0014
0014
015C
0298
040F
046C
0430
007B
046D
0035
0014
0014
003E
0109
046E
046F
029E
021A
0143
0470
026E
0215
0048
0221
0471
0436
0296
0224
00BD
0472
0050
0014
0148
031F
0395
03BA
0473
0114
0474
00C2
0050
0014
0439
043A
0475
0476
0342
008D
0060
0096
0062
0014
00C7
0064
0477
0412
0478
0068
0069
012D
01C4
0014
006D
01C5
0231
0232
0123
0186
02D4
0479
0075
0014
0125
041A
047A
047B
015A
00D7
047C
03EC
007E
0014
047D
0080
047E
047F
012C
00D7
0480
0086
011A
0014
0333
012F
03EE
008B
01F7
0014
02F1
008F
0014
0014
0198
0203
0091
0092
006D
0094
02F2
0096
0014
0014
03F3
0481
009A
009B
00EB
0002
0162
00ED
0005
0006
0007
03DD
0009
00F1
000B
00F3
044F
000E
0262
0019
0169
0015
0013
0014
00A9
0014
0002
0014
0014
0014
0014
0016
0017
0015
0019
0014
001A
0002
0002
0014
0014
0002
0014
0021
001D
0016
001E
001F
0016
0014
0002
0014
0002
0002
0014
0020
001A
0021
0025
0023
0010
0002
0014
0002
0014
0014
0014
0024
0020
0018
0019
0014
0012
0014
0002
0014
0014
0002
0014
0024
001D
0018
0028
0014
0016
0014
0002
0014
0002
0002
0014
001B
001A
0016
0025
0026
0016
0014
0014
0002
0014
0002
0002
0012
0012
0010
0028
0014
001A
0002
0014
0002
0014
0014
0002
0028
0029
0016
0014
0014
002A
0002
0014
0014
0014
0014
0014
0027
002B
0024
0027
0013
002C
0014
0002
0014
0014
0014
0002
0019
002D
002E
0028
0014
0482
0014
0014
0014
0014
0014
0002
0025
0030
0031
0019
0014
0452
0002
0014
0002
0014
0014
0002
0032
00FF
0268
0035
0036
0014
0101
0038
0039
026A
026B
003C
003D
02A1
0002
0014
0483
0484
0040
0041
0042
0043
0044
0045
0046
0047
013F
0248
004A
004B
004C
004D
004E
004F
0062
0051
017B
0053
02FF
0055
0056
0057
0058
0059
0116
0014
00C3
005B
005C
005D
005E
005F
0060
0061
0097
0014
011B
0485
0065
0066
0067
0068
024E
006A
006B
006C
00C1
02EC
0184
0122
00CF
0072
0073
0074
00D2
0014
00D3
0459
0078
0079
027C
007B
007C
036E
0014
0014
018D
0486
02D8
045D
0083
0084
0487
012D
0087
0051
0088
0193
045F
0195
022A
008D
03D6
0372
0036
0014
0088
0309
0488
0489
0093
0084
03DA
00E6
0097
0014
0098
0463
048A
00EA
028D
0002
01A2
02DB
0005
0006
0007
0353
0009
000A
048B
000C
048C
048D
000F
0010
001D
0012
0013
0014
001F
0014
0002
0014
0014
0014
0014
0016
0020
001E
0014
0014
001A
0014
0002
0014
0002
0014
0014
001B
001C
0010
0013
001F
0012
0014
0002
0014
0002
0014
0014
001B
001E
0021
0025
0023
0020
0014
0014
0002
0014
0014
0014
001D
0020
0024
001F
0014
0024
0014
0002
0014
0014
0002
0014
0024
001C
001E
0019
0014
001A
0014
0002
0014
0002
0002
0014
001B
001A
0010
0028
0014
0023
0014
0014
0014
0002
0002
0002
0018
001E
0010
0027
0014
0025
0014
0014
0014
0014
0014
0014
0014
0266
00FA
0014
0014
048E
0014
0014
0014
0014
0014
0014
0027
03A3
048F
0027
0013
00F8
0014
0014
0014
0014
0014
0014
0019
03A3
0010
0014
0014
002F
0014
0014
0014
0014
0014
0014
0019
016E
0024
0014
0014
00F8
0002
0014
0002
0014
0014
0002
0117
0033
0490
0035
0036
0014
0105
0491
0492
0493
0430
003C
0494
0035
0014
0014
003E
0109
021D
0495
00B6
0362
0143
02A1
0116
00B0
0048
0221
0496
0497
00C1
0498
004E
0061
00D2
0051
0499
02A6
049A
02A7
02D0
0057
010E
0059
0050
0014
02A9
0367
049B
02AC
01F2
0151
0060
00C2
011A
0014
0063
0064
049C
049D
049E
0068
0069
011E
011A
0014
01F7
02B0
049F
0122
02EE
0072
0156
0074
0075
0014
008C
00D4
0252
01C9
015A
0014
0382
03EC
0014
0014
018D
0486
04A0
01CE
04A1
0084
0487
04A2
0087
0051
0088
04A3
04A4
0257
0154
0047
03D6
008F
0014
0014
01D5
0373
04A5
0339
0148
0094
03DA
02F3
0014
0014
0098
0206
04A6
02BB
025C
0002
0003
0004
01A4
0006
0007
04A7
0165
04A8
000B
02BE
02F7
000E
0262
0019
0263
001A
0014
0014
0264
0014
0002
0002
0014
0014
0014
0022
016A
0018
0019
0014
00A7
0002
0002
0014
0014
0002
0002
0021
001D
001D
001E
0019
0016
0014
0002
0002
0002
0002
0014
0020
001E
0010
0022
0014
0010
0002
0014
0014
0014
0014
0014
0015
001B
0012
0025
0014
0012
0014
0002
0002
0014
0002
0014
001D
001C
0024
0025
0014
0016
0014
0002
0014
0014
0014
0014
0024
0022
0016
0025
0026
0016
0014
0014
0002
0014
0002
0002
0012
0012
0018
0028
0014
001A
0002
0014
0002
0014
0014
0002
0028
0030
0016
0028
0014
00A9
0002
0014
0014
0014
0014
0014
0027
002B
0024
0028
0014
0452
0014
0002
0014
0014
0014
0002
0019
002D
002E
0028
0014
002F
0014
0014
0014
0002
0014
0002
0025
00F7
0031
0019
0014
00AA
0014
0014
0014
0014
0014
0002
0032
00FF
04A9
00AC
0014
0014
02C2
0038
04AA
04AB
026B
0151
0455
0107
0002
0014
026D
00B3
01EB
0041
021F
0043
0044
0045
0046
0047
01B0
0049
004A
004B
00BC
004D
026E
004F
0050
0014
0052
00C0
04AC
0055
0157
04AD
0058
0300
0116
0014
005A
005B
04AE
04AF
00DB
005F
0060
0061
0062
0014
0276
00C8
0065
0066
0067
0068
0069
006A
006B
006C
0183
006E
0231
0279
00CF
03EA
0073
03BF
01C4
0014
0125
0126
03C0
04B0
027C
007B
045B
0305
007E
0014
047D
0080
027F
012B
0083
00DC
03ED
0307
011A
0014
0192
0089
04B1
0200
00E0
008D
03F0
00BE
0036
0014
012E
0350
0135
0204
0093
0084
03F2
0096
0097
0014
028A
028B
009A
03F4
0001
0002
028E
009E
0466
0006
0007
0008
01A6
000A
013B
000C
00A4
04B2
000F
0010
0016
0012
0013
0014
001F
0014
0014
0014
0014
0014
0014
0016
0020
001E
0014
0014
001A
0002
0002
0014
0002
0002
0002
0021
001C
001D
001E
001F
0024
0014
0002
0014
0002
0002
0014
001B
001E
0021
0025
0023
0010
0014
0014
0002
0014
0014
0014
001D
0020
0024
001F
0014
0024
0014
0002
0014
0014
0002
0014
001D
001C
0024
0025
0014
0018
0014
0002
0014
0002
0002
0014
001B
001A
0010
0025
0014
0016
0014
0014
0014
0002
0002
0002
0018
001E
0010
0027
0014
0025
0014
0014
0002
0014
0014
0002
0014
0266
00FA
0014
0014
048E
0014
0014
0014
0014
0014
0014
0027
03A3
04B3
0026
0014
00F8
0014
0014
0014
0014
0014
0014
0019
03A3
0010
0014
0014
0267
0014
0014
0014
0002
0014
0014
0019
0210
0016
0014
0014
00F8
0002
0014
0002
0014
0014
0014
0473
0033
04B4
0035
0036
0014
01B0
0298
04B5
04B6
0430
003C
04B7
0035
0014
0014
003E
0109
021D
04B8
032B
021A
0044
0144
010E
00B0
0037
0221
04B9
04BA
00C1
0110
004E
04BB
0050
0051
01D3
02A6
049A
02A7
02D0
0057
02E7
0059
0050
0014
02A9
0367
04BC
03BD
01F2
0151
0060
00C2
0062
0014
011B
0064
04BD
03FE
049E
0068
0069
011E
006B
0014
04BE
01C5
04BF
0329
02EE
0072
00B8
0074
0075
0014
00D3
0077
0252
0253
015A
0014
04C0
03EC
0014
0014
018D
01FC
0256
0082
012C
0237
04C1
04A2
0087
0014
0088
04C2
04A4
04C3
01F7
00B0
03D6
008F
0014
0014
01D0
0373
04A5
0339
0196
0094
03DA
00E6
0014
0014
0098
0206
04C4
0160
02BC
0002
01A2
04C5
0005
0006
0007
023F
0165
04C6
000B
020E
04C7
000E
0262
0027
0263
001A
0014
0014
0264
0014
0002
0002
0014
0014
0014
0022
016A
0018
0019
0014
00F8
0002
0014
0014
0014
0014
0014
001B
001D
0016
001E
0027
0016
0014
0002
0002
0002
0002
0014
0020
001E
0010
0022
0014
0020
0002
0014
0014
0014
0014
0014
001E
001B
0012
0023
0014
0012
0014
0002
0002
0014
0014
0014
0024
001D
0018
0019
0014
0016
0014
0002
0014
0014
0014
0014
0016
0022
0016
0023
0026
0019
0014
0014
0002
0014
0002
0002
0012
0012
0018
0028
0014
001A
0002
0014
0014
0014
0014
0014
0028
0030
0016
0028
0014
00A9
0002
0014
0014
0014
0014
0014
0027
002B
0024
0027
0013
0452
0014
0002
0014
0014
0014
0002
0019
002D
002E
0028
0014
002F
0014
0014
0014
0014
0014
0002
0025
0030
0031
0019
0014
00AA
0014
0014
0014
0014
0014
0002
0032
00FF
04C8
003C
0014
0014
04C9
0038
04CA
026A
026B
0151
0455
0107
0002
0014
026D
00B3
01EB
0041
0042
0043
04CB
0045
0046
0047
00B9
0049
01B2
04CC
00BC
004D
026E
004F
0002
0014
0052
00C0
04AC
0055
0157
017E
0058
029F
0116
0014
005A
005B
04CD
04CE
00DB
005F
00C6
0061
0097
0014
00C7
00C8
0065
0230
0067
0068
0069
006A
01C4
006C
006D
04CF
0231
0279
00CF
03EA
0073
03BF
01C4
0014
0125
04D0
027B
04B0
027C
007B
045B
0305
007E
0014
015C
027E
027F
0280
0083
0084
03ED
011E
011A
0051
0192
0089
04D1
023A
00E0
008D
0201
00BE
0036
0014
012E
0350
0135
0204
0093
0084
0205
0096
0097
0014
028A
028B
009A
03F4
016C
0002
0003
00ED
04D2
0006
0007
04D3
01A6
030D
038A
00F3
04D4
0243
000F
0010
001D
0012
0014
0014
001F
0014
0014
0014
0014
0014
0014
0027
03E0
001E
0028
0014
00A7
0014
0002
0014
0002
0014
0014
0010
0020
0024
001E
0014
0012
0014
0002
0014
0002
0002
0014
001B
001E
0021
0025
0023
0020
0014
0014
0002
0014
0014
0014
001D
0024
0024
001F
0014
0024
0014
0014
0014
0014
0002
0014
0023
04D5
0015
0019
0014
00A7
0014
0002
0014
0002
0014
0014
001B
001A
0010
0019
0014
0016
0014
0014
0014
0002
0002
0002
0018
001E
0010
0027
0014
0025
0014
0014
0014
0014
0014
0014
0028
00A8
0012
0014
0014
03B3
0014
0014
0014
0014
0014
0014
0027
002B
0012
0013
0014
00AA
0014
0014
0014
0014
0014
0014
0019
013D
0018
0013
0014
002F
0014
0014
0014
0014
0014
0014
0025
0245
0015
0014
0014
002C
0002
0014
0002
0014
0014
0002
03D0
0033
04D6
0035
0014
0014
04D7
04D8
04D9
04DA
003B
00B0
04DB
0035
0002
0014
04DC
04DD
04DE
04DF
032B
04E0
0143
04E1
0046
0014
0037
0221
04E2
04E3
018F
0110
004E
00BE
00D2
0051
0499
0053
01B7
017D
01CA
0057
04E4
0059
0050
0014
00C3
0301
04E5
02AC
01F2
02CB
03E6
00C2
011A
0014
011B
03E8
049C
04E6
0417
0068
0069
011E
0116
0014
03EF
0302
04E7
04E8
02EE
0186
0073
0074
0075
0014
008C
00D4
0252
01C9
018A
006C
018B
007D
0014
0014
018D
02EF
04E9
01CE
04EA
00DC
04EB
0086
0087
0014
0088
01D1
008A
01D2
01D3
008D
03C3
008F
0036
0014
01D5
04EC
00E3
01D7
019C
0094
03C5
021A
0014
0014
0098
04ED
04EE
04EF
0001
0002
01A2
01DC
0005
0006
0007
04F0
01DE
04F1
020D
00A3
04F2
000E
0262
0027
0263
001A
0013
0014
0264
0014
0002
0002
0014
0014
0014
0016
0017
0018
0019
0014
001A
0002
0002
0014
0014
0002
0002
001B
001C
001D
001E
001F
0016
0014
0002
0002
0002
0002
0014
0020
001E
0012
0022
0014
0010
0002
0014
0014
0014
0014
0014
0015
0020
0012
0025
0014
0012
0014
0002
0002
0014
0002
0014
001D
001C
0024
0025
0014
0016
0014
0002
0014
0014
0002
0014
0016
0022
0016
0025
0026
0016
0014
0014
0002
0014
0002
0002
0012
0012
0010
0028
0014
001A
0002
0014
0002
0014
0014
0002
0028
0211
016C
0028
0014
002A
0002
0014
0014
0014
0014
0014
0027
035B
0024
0027
0013
00F8
0014
0002
0014
0014
0014
0002
0027
035B
002E
0028
0014
002F
0014
0014
0014
0002
0014
0002
0019
016E
0031
0019
0014
002F
0014
0014
0014
0014
0014
0002
0032
00FF
02C1
01A9
0036
0014
0037
0038
04F3
04F4
02C4
003C
003D
0107
0116
0014
00B2
003F
0040
0041
0042
0043
0044
0045
010E
0047
00B9
0049
004A
004B
00BC
004D
026E
004F
0050
0014
0052
02C9
02FF
04F5
0157
0272
0058
0300
0116
0014
0117
005B
04AE
04AF
00DB
005F
0060
0061
0062
0014
00C7
03D3
0065
0066
0067
0068
0069
006A
006B
006C
006D
02D2
0231
0279
00CF
0072
00B8
03BF
01C4
0014
0125
0126
027B
0079
015A
007B
0382
0128
007E
0014
015C
0080
0235
012B
0083
0084
0085
012D
011A
0051
0192
0089
03AB
023A
0132
0047
008E
00BE
0036
0014
012E
0090
0135
0204
0093
0215
0095
0096
0097
0014
03F3
0099
009A
009B
04F6
0002
028E
02DB
033C
0006
0007
00A0
0009
000A
01E0
04F7
00A4
000E
00A5
0010
0020
0012
0013
0014
001E
0014
0014
0002
0014
0014
0014
0016
0020
0018
0026
0014
001A
0002
0014
0014
0014
0014
0002
0021
001D
0016
001E
0019
0010
0014
0014
0014
0002
0002
0014
001B
001E
0010
0022
0014
0010
0002
0014
0014
0014
0014
0014
0024
001B
0024
001F
0014
0024
0014
0002
0002
0014
0002
0014
001D
001C
0018
0028
0014
0016
0014
0002
0014
0014
0002
0014
001B
001A
0010
0025
0014
0016
0014
0014
0002
0014
0002
0002
0012
001E
0010
0027
0014
0025
0014
0014
0014
0014
0014
0014
0028
0029
0024
0028
0014
02F8
0014
0014
0014
0014
0014
0014
0027
002B
0018
0027
0013
002C
0014
0014
0014
0014
0014
0002
0019
013D
0010
0014
0014
002F
0014
0014
0014
0002
0014
0002
0025
0210
0024
0014
0014
00AA
0002
0014
0002
0014
0014
0002
0214
0033
040E
00AC
0036
0014
0345
04F8
042E
029A
04F9
003C
003D
0035
0036
0014
04DC
00B3
01AD
04FA
00B6
00B7
0143
0220
0046
0215
0037
0049
04FB
04FC
023C
02A5
00BD
004F
00D2
0014
0052
00C0
04FD
04FE
00C1
0057
0058
0061
0050
0014
04FF
01BA
043B
017F
004C
0151
0060
00C2
0097
0014
011B
03E8
00C9
00CA
0417
0068
024E
0182
006B
0014
0148
0500
0184
0501
01C8
0072
00D1
0074
0075
0014
00D3
0502
0078
01C9
01CA
007B
01CB
007D
007E
0014
00BC
02EF
01CD
01CE
00B6
0084
0487
0086
0087
0051
01D0
0193
008A
0257
00E0
008D
02DA
008F
0014
0014
01D0
0350
00E3
0258
0137
0094
0503
00E6
0014
0014
0098
00E8
01DA
0504
0001
0002
01A2
0004
0290
0006
0007
00EF
01DE
01DF
01A7
000C
00F4
0505
02C0
0027
0169
0015
0014
0014
00A9
0014
0002
0002
0014
0014
0014
0022
016A
0012
0019
0014
00A7
0002
0002
0014
0002
0002
0014
001B
001C
001D
001E
001F
0016
0014
0002
0002
0002
0014
0014
0020
001E
0021
0025
0023
0020
0002
0014
0002
0014
0014
0014
001D
0020
0018
0025
0014
0012
0014
0002
0014
0014
0002
0014
0024
001C
0024
0025
0014
0018
0014
0002
0014
0002
0014
0014
0016
001F
0016
0023
0026
0023
0014
0014
0014
0002
0002
0002
0018
0012
0018
0028
0014
001A
0002
0014
0002
0014
0014
0002
0028
01E6
016C
0014
0014
00A9
0002
0014
0014
0014
0014
0014
0027
00FD
0024
0028
0014
0267
0014
0002
0014
0014
0014
0014
0027
002D
002E
0028
0014
002F
0014
0014
0014
0014
0014
0014
0027
0030
0031
0019
0014
00F8
0014
0014
0014
0014
0014
0002
03CD
00FF
02FA
0035
0014
0014
01B0
030A
0039
0219
0506
0151
0174
0107
0002
0014
0507
00E8
01EB
0041
0178
0043
0044
0045
010E
0047
00B9
01B1
004A
004B
01F7
004D
004E
0110
0050
0051
01D3
0111
01EF
0508
0056
0509
0115
0059
0097
0014
0117
005B
005C
0324
005E
005F
0060
0061
0062
0014
022E
03D3
011C
0066
0067
050A
0069
006A
0002
006C
01F7
006E
0231
0070
02D3
0186
0073
027A
007E
0014
0125
0126
050B
0189
007A
007B
018B
01FB
0014
0014
007F
0080
012A
050C
012C
0215
0480
012D
011A
0014
0202
012F
0130
0131
0132
0284
03F0
0133
0036
0014
0202
0203
0135
0136
0093
00B0
03F2
0096
0097
0014
03F3
0099
009A
009B
025C
0002
0003
0004
050D
0006
0007
0008
0165
050E
000B
050F
02F7
00F5
00F6
0019
00AB
0015
0014
0014
0264
0014
0002
0002
0014
0014
0014
0016
00F9
0012
0019
0014
001A
0002
0014
0014
0014
0002
0002
001B
001B
001D
001E
001F
0016
0014
0002
0014
0002
0002
0014
0020
001E
0024
0025
0014
0010
0002
0014
0014
0014
0014
0014
0019
0020
0012
0025
0014
0012
0014
0014
0014
0014
0002
0014
001D
001C
0024
0025
0014
0018
0014
0002
0014
0014
0002
0014
001B
001A
0024
0023
0014
0012
0014
0014
0014
0014
0014
0002
0018
001E
0010
0028
0014
0022
0014
0014
0014
0014
0014
0002
0028
0266
0510
0014
0014
02F8
0014
0014
0014
0014
0014
0014
0027
040D
0510
0028
0014
00F8
0014
0014
0014
0014
0014
0014
0019
040D
0024
0028
0014
002F
0014
0014
0014
0002
0014
0014
0019
0030
0024
0019
0014
002F
0014
0014
0014
0014
0014
0014
0214
00FF
0100
00AC
0014
0014
0101
0171
0511
0512
003B
003C
0513
0107
0002
0014
033F
0514
0515
0516
010C
0043
0517
0045
010E
00B0
01B0
0221
0518
0519
005A
051A
026E
0437
0050
0014
051B
00C0
051C
051D
01D3
00FF
0115
0419
0097
0014
005A
0118
051E
051F
022D
005F
0520
0061
0062
0014
02C2
0521
0522
0523
011D
050A
0069
0327
01C4
0014
011F
006E
0328
01C7
0123
0072
0073
0524
01C4
0014
0125
041A
01FA
0525
027C
007B
007C
0526
0014
0014
0125
0080
0527
0528
012C
0084
0487
0529
011A
0014
052A
052B
0194
052C
011F
0047
052D
0133
0036
0014
0239
0286
052E
052F
0137
00B0
0530
0096
0097
0014
028A
028B
0531
0532
03C9
0002
044C
0533
0005
0006
0007
0534
0009
0535
0536
00A3
0537
000E
00A5
0010
0011
0012
0013
0014
001E
0014
0002
0014
0014
0014
0014
0027
01E5
0018
0026
0014
00F8
0014
0002
0014
0002
0014
0014
0021
001C
0010
001E
0027
0012
0014
0002
0002
0002
0014
0014
001B
001E
0021
0022
0023
0020
0014
0014
0002
0014
0014
0014
001D
001B
0024
001F
0014
0024
0014
0002
0002
0014
0002
0014
0027
0538
001A
0019
0014
0539
0014
0002
0014
0002
0014
0014
0024
001F
0016
0025
0026
0016
0014
0014
0002
0002
0002
0002
0014
0266
053A
0027
0014
00A7
0002
0014
0002
0014
0014
0014
0014
00A8
0016
0028
0014
00A9
0002
0014
0014
0014
0014
0014
0027
002B
0024
0027
0013
00AA
0014
0002
0014
0014
0014
0002
0019
002D
002E
0013
0014
002F
0014
0014
0014
0014
0014
0002
0025
00AB
0031
0014
0014
002C
0002
0014
0002
0014
0014
0002
0032
0033
0034
0035
0036
0014
013F
0038
0039
003A
03D0
00B0
053B
0035
0036
0014
003E
003F
00B4
00B5
00B6
0057
0044
0220
0046
0047
0048
0049
053C
03FB
004C
004D
004E
004F
0062
0051
022A
0438
0054
014A
01F0
0057
0058
0059
0050
0014
02A9
014E
01F1
005D
0032
0284
053D
00C2
0097
0014
0063
0064
053E
053F
0067
0068
0069
006A
006B
006C
006D
03A7
00CD
0070
00CF
0014
0540
0541
0075
0014
0157
00D4
0078
0079
015A
0014
0255
007D
007E
0014
007F
0486
0081
0082
0083
00DC
0542
0086
0087
0051
0088
0089
008A
008B
008C
008D
0543
008F
0036
0014
0088
0090
0091
0092
0093
0094
0544
02F3
0014
0014
0098
015E
02BA
0545
02BC
0002
01A2
0004
025D
0006
0007
0008
01DE
000A
000B
050F
000D
00F5
000F
0010
001D
0015
0014
0014
001A
0014
0002
0002
0014
0014
0014
0016
001D
0018
0028
0014
001F
0002
0014
0014
0014
0002
0002
001B
0010
001D
001E
001F
0016
0014
0002
0014
0002
0002
0014
0016
001E
0024
0022
0014
0010
0002
0014
0014
0014
0014
0014
0025
0020
001E
001F
0014
0024
0014
0002
0002
0014
0002
0014
001D
001C
0024
0013
0014
001A
0014
0002
0014
0014
0002
0014
001B
001A
0010
0023
0014
0019
0014
0014
0014
0002
0014
0002
0018
001E
0010
0028
0014
0022
0014
0014
0014
0014
0014
0002
0028
0266
0510
0028
0014
02F8
0014
0014
0014
0014
0014
0014
0027
002D
0024
0027
0013
0244
0014
0014
0014
0014
0014
0014
0019
00FD
0010
0028
0014
0267
0014
0014
0014
0002
0014
0014
0019
0030
0024
0019
0014
00F8
0014
0014
0014
0014
0014
0014
0148
0033
0060
01A9
0014
0014
0101
0038
0546
0547
003B
003C
0156
0035
0002
0014
033F
0548
0549
054A
0042
0043
054B
010D
010E
00B0
01B0
0056
054C
054D
005A
054E
00BD
0437
0050
0014
0052
00C0
054F
0550
022A
03D1
0115
0107
0050
0014
005A
005B
0343
0344
01BD
005F
04B4
0061
011A
0014
0170
0521
0551
0552
011D
050A
0553
0327
01C4
0014
00C1
01C5
0328
01C7
0123
0072
02D4
027A
00D2
0014
00BC
041A
032C
0525
02D6
007B
015B
0554
007E
0014
00BC
0080
04A0
047F
012C
00B0
0555
0086
011A
0051
0333
0334
0335
0336
011F
00B0
0556
008F
0036
0014
03F3
0286
0557
0258
0137
0094
0530
0096
0097
0014
028A
028B
0531
0532
0001
0002
028E
0558
0290
0006
0007
0559
0009
055A
055B
00A3
055C
000E
020F
0027
0169
0012
0013
0014
00A9
0014
0002
0014
0014
0014
0014
0027
0358
001F
0019
0014
00F8
0002
0002
0014
0002
0014
0014
0024
001C
0024
001E
0027
0018
0014
0002
0002
0002
0014
0014
0020
001F
0021
0025
0023
0020
0002
0014
0002
0014
0014
0014
001D
001B
0024
0019
0014
0012
0014
0014
0014
0014
0002
0014
0027
035A
001A
0025
0014
0539
0014
0002
0014
0002
0014
0014
0024
001F
0016
0025
0026
0016
0014
0014
0002
0014
0002
0002
0014
0266
053A
0027
0014
00A7
0002
0014
0002
0014
0014
0014
0014
00A8
0016
0014
0014
00A9
0002
0014
0014
0014
0014
0014
0027
02F9
0024
0013
0014
0452
0014
0002
0014
0014
0014
0002
0019
035B
002E
0013
0014
002F
0014
0014
0014
0014
0014
0002
0025
00AB
0031
0014
0014
00AA
0002
0014
0002
0014
0014
0002
0032
0215
02FA
0035
0036
0014
013F
02FB
0039
04AB
03D0
00B0
029B
0217
0036
0014
003E
003F
055D
00B5
0105
0057
0044
0045
0046
0047
0048
0049
0249
055E
004C
004D
004E
004F
0062
0051
01D3
0438
055F
0560
01F0
0057
0058
0059
0116
0014
02A9
02AA
01F1
017F
0032
0284
053D
00AC
0062
0014
0063
0064
053E
0561
0067
0068
0069
006A
006B
006C
006D
02EC
00CD
0070
00CF
0014
0562
0541
0075
0014
0157
0304
0078
0079
007A
0014
018B
036E
0014
0014
007F
02EF
012A
01FD
0083
0084
02B5
012D
0087
0014
0088
0089
04B1
0200
008C
008D
0563
00BE
0036
0014
0088
0090
0564
0204
0093
0084
0544
02B9
0014
0014
0098
015E
02BA
0545
02BC
0002
0003
0376
025D
0006
0007
0008
0467
000A
000B
033D
000D
000E
000F
0010
001D
0015
0014
0014
0015
0014
0002
0002
0014
0014
0014
0016
00F9
0012
0019
0014
001A
0002
0014
0014
0014
0014
0002
001B
0010
001D
0019
001F
0016
0014
0014
0014
0002
0002
0014
0020
001E
0024
0023
0014
0010
0002
0014
0014
0014
0014
0014
001E
0020
001E
001F
0014
0024
0014
0014
0014
0014
0002
0014
001D
001C
0024
0028
0014
0016
0014
0002
0014
0014
0002
0014
001B
0022
0010
0023
0014
0012
0014
0014
0014
0014
0014
0002
0018
001E
0010
0028
0014
0022
0014
0014
0014
0014
0014
0014
0028
0266
0510
0014
0014
02F8
0014
0014
0014
0014
0014
0014
0027
040D
0510
0027
0013
0244
0014
0014
0014
0014
0014
0014
0019
040D
0010
0028
0014
0267
0014
0014
0014
0002
0014
0014
0019
002D
0024
0019
0014
002F
0014
0014
0014
0014
0014
0014
0214
0033
040E
00AC
0014
0014
0101
0565
042E
0566
026B
003C
0494
0035
0002
0014
0567
0568
0569
056A
0042
0043
0143
0045
0002
00B0
0037
02C6
056B
056C
0342
017A
00BD
0437
0097
0014
051B
056D
056E
051D
022A
03D1
0058
0107
0050
0014
005A
056F
0570
0571
00DB
005F
0060
0061
0097
0014
02C2
0572
0573
0552
011D
050A
0553
0182
01C4
0014
0196
01C5
0380
01C7
0123
0072
02D4
012D
00D2
0014
0314
0574
0575
0525
02D6
007B
015B
0554
0014
0014
018D
0576
0577
041F
0083
00B0
0555
0446
011A
0051
0333
0281
0335
0336
011F
00B0
0556
008F
0036
0014
03F3
0578
0579
057A
0137
0094
0530
0096
0097
0014
057B
0102
057C
057D
0001
0002
01A2
01DC
0290
0006
0007
03A0
0009
057E
057F
00A3
0580
013C
020F
0027
0169
0012
0013
0014
00F8
0014
0002
0014
0014
0014
0014
0027
0581
0018
0014
0014
00F8
0014
0002
0014
0002
0002
0014
0021
001C
0010
001E
0027
0024
0014
0002
0002
0002
0014
0014
001B
0022
0021
0022
0023
0020
0014
0014
0002
0014
0014
0014
001D
0021
0024
0019
0014
001E
0014
0002
0002
0014
0002
0014
0027
0295
001A
0025
0014
0582
0014
0002
0014
0002
0014
0014
0016
001A
0016
0025
0026
0016
0014
0014
0002
0002
0002
0002
0014
0266
053A
0027
0014
00A7
0002
0014
0002
0014
0014
0002
0014
00A8
0016
0028
0014
00A9
0002
0014
0014
0014
0014
0014
0027
02F9
0024
0013
0014
00AA
0014
0002
0014
0014
0014
0002
0019
035B
002E
0013
0014
002F
0014
0014
0014
0014
0014
0002
0025
016E
0031
0014
0014
002C
0002
0014
0002
0014
0014
0002
01B4
0215
02FA
0035
0036
0014
013F
0140
0039
0583
0141
00B0
0584
0217
0014
0014
00B2
0585
0586
0587
0105
0057
0044
0588
0046
0047
02FE
0056
0589
03FB
018F
004D
004E
004F
0050
0051
022A
02E6
055F
058A
01CA
0057
014C
0059
0116
0014
02A9
014E
0323
005D
01F2
0284
053D
0397
0062
0014
0063
03D3
058B
058C
0067
0068
0069
006A
006B
006C
006D
0120
006F
0070
00CF
0014
0562
0541
0075
0014
0076
00D4
0078
0079
007A
0014
018B
036E
007E
0014
015C
03FF
012A
050C
012C
0084
02B5
012D
0087
0014
0088
015D
058D
058E
008C
008D
058F
00BE
0036
0014
0088
0090
0564
0590
0093
0084
02B8
02F3
0014
0014
0098
015E
02BA
02BB
025C
0002
0162
0004
0591
0006
0007
025E
0165
02BD
000B
0592
0593
000E
02C0
0019
00AB
001A
0014
0014
0264
0014
0002
0002
0014
0014
0014
0016
00F9
0018
0019
0014
001A
0002
0014
0014
0002
0002
0002
001B
001D
001D
001E
001F
0016
0014
0002
0014
0002
0002
0014
0020
001E
0024
0022
0014
0010
0002
0014
0014
0014
0014
0014
0019
0020
001A
0025
0014
0012
0014
0002
0002
0014
0002
0014
001D
001C
0024
0025
0014
0016
0014
0002
0014
0014
0002
0014
001B
001A
0024
0023
0014
0019
0014
0014
0014
0014
0014
0002
0018
0012
0010
0028
0014
001A
0002
0014
0014
0014
0014
0002
0028
0211
00FA
0028
0014
002A
0002
0014
0014
0014
0014
0014
0027
002D
0024
0028
0014
00F8
0014
0014
0014
0014
0014
0014
0027
00FD
002E
0028
0014
002F
0014
0014
0014
0002
0014
0014
0025
0030
0031
0019
0014
00AA
0014
0014
0014
0014
0014
0014
03D0
00FF
02C1
01A9
0014
0014
02C2
0038
0269
026A
00AF
003C
026C
0107
0002
0014
033F
00B3
0040
0041
010C
0043
037C
0045
0046
0047
01B0
0049
0594
0595
00BC
004D
026E
0110
0050
0014
0052
00C0
01EF
0055
0157
00FF
0058
02CC
0087
0014
005A
005B
0596
0597
00DB
005F
0275
0061
0062
0014
0345
00C8
0598
0552
0348
0059
0069
006A
01C4
0014
0183
006E
0184
0349
0071
0072
0073
012D
01C4
0014
032B
0126
034B
0079
027C
007B
007C
0599
007E
0014
00BC
0576
027F
0280
0083
0084
0487
011E
011A
0014
0192
0193
0282
0195
00E0
0047
0285
00BE
0036
0014
012E
0286
0287
0288
0093
0084
0289
0096
0097
0014
028A
028B
025A
025B
028D
0002
028E
0533
0005
0006
0007
0291
0009
059A
013B
000C
059B
03F7
00A5
0010
0011
0012
0013
0014
001F
0014
0002
0014
0014
0014
0014
0027
01E5
001E
0014
0014
002F
0014
0002
0014
0014
0014
0014
001F
035A
0024
0013
0014
0266
0014
0002
0002
0002
0014
0014
001B
001E
0021
0025
0023
0020
0014
0014
0002
0014
0014
0014
001D
0016
0024
001F
0014
0024
0014
0002
0014
0014
0002
0014
0023
0295
001E
0019
0014
002C
0014
0002
0014
0002
0014
0014
0010
001F
0016
0025
0026
0016
0014
0014
0002
0002
0002
0002
0012
001E
0018
0027
0014
0025
0014
0014
0002
0014
0014
0014
0014
00A8
0016
0014
0014
03B3
0014
0014
0014
0014
0014
0014
0027
002B
0024
0027
0013
00AA
0014
0002
0014
0014
0014
0002
0019
002D
0010
0013
0014
002F
0014
0014
0014
0014
0014
0002
0019
0210
0016
0014
0014
00F8
0002
0014
0002
0014
0014
0002
01B4
0033
038C
0035
0036
0014
013F
0298
0172
038E
0141
00B0
029B
0035
0014
0014
003E
0109
029C
029D
00B6
029F
059C
0061
00CB
0014
0048
0221
059D
059E
018F
0224
004E
004F
0062
0051
01D3
02A6
0395
03BA
02D0
0057
0366
0059
0050
0014
02A9
0367
0368
0369
01F2
0284
059F
00C2
011A
0014
0063
0064
05A0
05A1
05A2
0068
0069
012D
006B
006C
0132
02B0
00CD
0070
02B2
00D0
00B8
0074
0075
0014
0157
00D4
02B3
0253
036C
0014
0255
007D
0014
0014
007F
01FC
0256
0082
012C
00DC
02B5
0086
0087
0051
0088
0370
008A
008B
0132
008D
02B6
008F
0036
0014
01D5
0090
0091
0092
0374
0094
05A3
02F3
0014
0014
0098
05A4
02BA
02BB
02BC
0002
0162
0004
025D
0006
0007
025E
0165
05A5
000B
05A6
05A7
000E
0168
0019
02F9
0015
0014
0014
0264
0014
0002
0002
0014
0014
0014
0016
00F9
0018
0019
0014
001A
0002
0014
0014
0014
0002
0002
001B
0010
001D
001E
001F
0016
0014
0014
0002
0002
0002
0014
0020
001E
0024
0022
0014
0010
0002
0014
0014
0014
0014
0014
0019
0020
001E
0025
0014
0012
0014
0002
0002
0014
0002
0014
001D
001C
0024
0028
0014
0016
0014
0002
0014
0014
0002
0014
001B
0022
0024
0023
0014
0019
0014
0014
0002
0014
0002
0002
0018
0012
0010
0028
0014
001A
0002
0014
0014
0014
0014
0002
0028
00FA
0510
0028
0014
00FC
0002
0014
0014
0014
0014
0014
0027
002D
0024
0027
0013
0244
0014
0014
0014
0014
0014
0014
0019
00FD
0010
0028
0014
0267
0014
0014
0014
0002
0014
0014
0019
0030
0024
0019
0014
002F
0014
0014
0014
0014
0014
0014
03D0
00FF
05A8
01A9
0014
0014
02C2
0038
05A9
026A
026B
003C
026C
0107
0002
0014
033F
00B3
0040
0041
0042
0043
02C5
0045
010E
00B0
01B0
02C6
05AA
05AB
0342
004D
026E
004F
0050
0014
0052
00C0
01EF
0055
0157
02CB
0058
02CC
0097
0014
005A
005B
05AC
05AD
00DB
005F
02CF
0061
0097
0014
0345
02D0
02D1
0552
0348
0068
0069
006A
01C4
0014
0183
02D2
0380
0349
02D3
0072
02D4
012D
00D2
0014
0125
0126
05AE
0079
02D6
007B
02D7
05AF
007E
0014
018D
0576
02D8
0280
0083
00B0
01CF
011E
011A
0051
0192
02D9
0282
0283
011F
00B0
02DA
00BE
0036
0014
012E
0286
0287
0288
0137
00B0
0289
0096
0097
0014
028A
028B
025A
025B
0001
0002
028E
02DB
0290
0006
0007
0291
01A6
02DC
02DD
000C
05B0
013C
00A5
0010
0011
0012
0013
0014
001F
0014
0002
0014
0014
0014
0014
0027
01E5
001E
0014
0014
002F
0014
0002
0014
0002
0014
0014
0022
0294
0024
001E
0027
0582
0014
0002
0014
0002
0014
0014
001B
001E
0021
0025
0023
0020
0014
0014
0002
0014
0014
0014
001D
0016
0024
001F
0014
0024
0014
0002
0014
0014
0002
0014
0027
0295
001A
0025
0014
00FB
0014
0002
0014
0002
0014
0014
0018
001A
0016
0025
0026
0016
0014
0014
0014
0002
0002
0002
0012
001E
0018
0027
0014
0025
0014
0014
0002
0014
0014
0014
0014
00A8
0016
0014
0014
00A9
0002
0014
0014
0014
0014
0014
0027
002B
0024
0013
0014
00AA
0014
0002
0014
0014
0014
0002
0019
002D
002E
0013
0014
002F
0014
0014
0014
0014
0014
0002
0025
0210
0031
0014
0014
002C
0002
0014
0002
0014
0014
0002
01B4
0033
038C
0035
0036
0014
013F
0298
0172
038E
0141
00B0
02E2
0035
0014
0014
003E
0109
029C
029D
029E
029F
02E3
0061
0046
0047
0048
0221
02E4
05B1
02A4
0224
004E
0147
0062
0051
01D3
02E6
0395
03BA
01CA
0057
0366
0059
0050
0014
02A9
02AA
0368
0369
01F2
0284
02E9
00C2
0062
0014
0063
0064
02EA
05B2
05A2
0068
0069
012D
006B
006C
01F7
02EC
006F
0070
02EE
00D0
0073
0074
0075
0014
0157
00D4
0078
0253
007A
0014
018B
007D
0014
0014
015C
01FC
0256
0082
012C
0084
02F0
0086
0087
0014
0088
015D
008A
008B
008C
008D
02F1
008F
0036
0014
01D5
0090
0091
0092
0093
0094
02F2
02F3
0014
0014
0098
015E
02BA
02BB
009C
0002
044C
03CA
0005
0006
0007
03A0
0009
05B3
000B
020E
05B4
000E
05B5
0027
0263
0012
0014
0014
00A9
0014
0002
0002
0014
0014
0014
0022
016A
0018
0019
0014
00F8
0002
0002
0014
0014
0014
0014
001B
0020
0010
001E
0027
0024
0014
0002
0002
0002
0002
0014
0020
0019
001E
0022
0023
0020
0002
0014
0002
0014
0014
0014
001D
001B
0024
0023
0014
0012
0014
0002
0002
0014
0002
0014
0024
0020
001E
0025
0014
0016
0014
0002
0014
0002
0014
0014
0010
0022
0016
0019
0026
0019
0014
0014
0002
0014
0002
0002
0012
0012
0018
0013
0014
001A
0002
0014
0002
0014
0014
0014
0014
016B
016C
0028
0014
002C
0002
0014
0014
0014
0014
0014
0027
035B
0024
0027
0013
002F
0014
0002
0014
0014
0014
0002
0027
035B
0010
0013
0014
002F
0014
0014
0014
0014
0014
0002
0025
016E
0024
0014
0014
00AA
0014
0014
0014
0014
0014
0002
0032
0215
02FA
05B6
0014
0014
0345
05B7
0378
026A
003B
0151
0455
0033
0036
0014
026D
00B3
05B8
0041
0042
0043
0044
0045
0046
006C
02FE
0049
004A
004B
004C
004D
0087
0147
0050
0051
0052
0053
05B9
0055
0056
0057
0058
0300
0116
0014
00C3
0301
022B
017F
005E
005F
0060
00AC
0062
0014
0063
00C8
0065
0066
0067
0068
0069
006A
01C4
006C
006D
0120
05BA
0279
0071
00D0
0073
0074
007E
0014
0157
0304
02B3
0079
045A
0014
018B
05BB
007E
0014
007F
0384
02D8
012B
00B6
0084
03ED
011E
0087
0051
0088
0089
03AB
023A
00E0
0047
02F1
00BE
0036
0014
0088
0350
05BC
0204
0137
0084
02F2
0272
0014
0014
0098
028B
05BD
030B
00EB
0002
0003
00ED
03DC
0006
0007
0008
042A
000A
030E
000C
0242
03B0
000F
0010
0021
0015
0013
0014
001A
0014
0002
0002
0014
0014
0014
0016
001D
0012
0028
0014
001A
0002
0002
0014
0002
0002
0002
0021
001C
001D
001E
001F
0016
0014
0002
0014
0002
0002
0014
0018
05BE
0021
0025
0014
05BF
0002
0014
0014
0014
0014
0014
0015
0020
0018
001F
0014
0024
0014
0002
0014
0014
0002
0014
001D
001C
0024
0013
0014
001A
0014
0002
0014
0014
0002
0014
001B
001A
0010
0025
0014
0016
0014
0014
0014
0002
0002
0002
0018
001E
0010
0027
0014
0022
0014
0014
0014
0014
0014
0002
0028
0029
0024
0014
0014
002A
0002
0014
0014
0014
0014
0014
0027
002B
0024
0028
0014
002C
0014
0014
0014
0014
0014
0014
0019
013D
002E
0028
0014
002F
0014
0014
0014
0002
0014
0014
0019
002D
0031
0019
0014
00F8
0002
0014
0002
0014
0014
0014
0312
0033
0060
0035
0036
0014
00AD
0140
05C0
0547
0296
003C
05C1
0035
0002
0014
003E
0109
01AD
0319
0117
00B7
0143
010D
010E
0047
0037
031B
05C2
05C3
05C4
05C5
05C6
004F
0062
0014
05C7
05C8
05C9
05CA
0312
0321
00B8
0059
0050
0014
0117
05CB
05CC
0324
0342
01F3
0060
0061
011A
0014
0345
0064
05CD
0326
011D
01F6
0069
0327
006B
0014
00C1
01C5
0328
0329
05CE
0072
00D1
027A
0075
0014
00BC
041A
027B
0525
015A
007B
01CB
007D
0014
0014
00BC
0080
01CD
047F
012C
00DC
01CF
0086
011A
0014
012E
0334
008A
0336
01F7
008D
03D6
008F
0036
0014
028A
0203
00E3
0339
03F1
0094
03DA
0096
0097
0014
05CF
0206
05D0
009B
0001
0002
01A2
01A3
03AC
0006
0007
0559
0009
05B3
000B
020E
05B4
000E
0262
0027
0263
0012
0013
0014
00A9
0014
0002
0002
0014
0014
0014
0022
016A
0018
0019
0014
00F8
0002
0002
0014
0014
0014
0014
0021
001C
0016
001E
0014
0018
0014
0002
0002
0002
0002
0014
0020
0022
0021
0019
0014
0020
0002
0014
0002
0014
0014
0014
001D
001B
0024
0019
0014
0012
0014
0002
0002
0014
0002
0014
0024
0020
001E
0025
0014
0016
0014
0002
0014
0002
0014
0014
0024
0022
0016
0025
0026
0016
0014
0014
0002
0014
0002
0002
0012
0012
0018
0028
0014
001A
0002
0014
0002
0014
0014
0014
0028
00A8
0016
0028
0014
00A9
0002
0014
0014
0014
0014
0014
0027
002B
0024
0013
0014
0452
0014
0002
0014
0014
0014
0002
0019
002D
0010
0013
0014
002F
0014
0014
0014
0014
0014
0002
0025
0030
0016
0014
0014
00AA
0002
0014
0002
0014
0014
0002
0032
00FF
01E7
05B6
0036
0014
0345
0038
0378
026A
026B
0151
0455
0217
0002
0014
0390
003F
05B8
0041
021F
0043
0044
0045
0046
0014
0048
0049
004A
004B
004C
004D
0062
004F
0097
0014
0052
0053
05D1
0055
0056
0057
0058
0300
0116
0014
00C3
005B
022B
005D
005E
005F
0060
00AC
0062
0014
0063
0064
0065
0066
0067
0068
0069
006A
006B
006C
006D
02EC
00CD
0279
00CF
03EA
0073
0074
01C4
0014
0076
0459
0078
0079
007A
007B
045B
036E
007E
0014
015C
0384
0235
012B
0083
00DC
03ED
012D
0087
0014
0088
0089
04D1
023A
008C
008D
0201
00BE
0036
0014
0088
0090
05BC
0204
0137
0084
05D2
02B9
0014
0014
0098
0099
02BA
0545
02BC
0002
0003
009E
025D
0006
0007
0008
05D3
000A
05D4
000C
0242
05D5
000F
0010
001D
0015
0014
0014
001F
0014
0002
0002
0014
0014
0014
0016
001D
0012
0013
0014
001A
0002
0002
0014
0002
0002
0002
001B
001B
001D
001E
001F
0016
0014
0002
0014
0002
0002
0014
0016
001E
001A
0022
0023
0010
0002
0014
0014
0014
0014
0014
0012
0020
0018
001F
0014
0024
0014
0002
0014
0014
0002
0014
001D
001C
0024
0013
0014
001A
0014
0002
0014
0014
0002
0014
001B
001A
0010
0023
0014
0012
0014
0014
0014
0002
0002
0002
0018
001E
0010
0027
0014
0022
0014
0014
0014
0014
0014
0002
0013
0266
00FA
0014
0014
048E
0014
0014
0014
0014
0014
0014
0027
040D
03B1
0027
0013
00F8
0014
0014
0014
0014
0014
0014
0019
040D
002E
0028
0014
002F
0014
0014
0014
0002
0014
0014
0019
035B
0031
0019
0014
00F8
0014
0014
0014
0014
0014
0014
0473
0033
05D6
0035
0014
0014
00AD
0298
05D7
05D8
029E
003C
0058
0035
0116
0014
00B2
05D9
05DA
05DB
004C
01EC
01AF
031A
010E
0047
01B0
05DC
031C
05DD
05C4
05DE
004E
04BB
0050
0051
05C7
0149
05DF
05E0
05E1
0321
0297
0059
0050
0014
0117
05E2
05E3
05E4
0125
0151
05E5
0061
011A
0014
04C9
0521
05E6
05E7
011D
050A
0069
05E8
0002
0014
04BE
01C5
0121
0329
0123
0072
02D4
027A
0075
0014
0314
0574
032C
0525
02D6
00D7
015B
03EC
0014
0014
018D
0080
04A0
047F
012C
0084
0487
05E9
011A
0051
0333
052B
05EA
0257
05EB
0047
052D
008F
0036
0014
03F3
0286
05EC
0258
03F1
0094
05ED
0096
0097
0014
03F3
0259
05EE
0532
0001
0002
01A2
01DC
0290
0006
0007
04A7
0009
05EF
03F5
00A3
05F0
013C
0262
0027
0263
001A
0013
0014
00A9
0014
0002
0002
0014
0014
0014
0027
0581
0018
0019
0014
00F8
0002
0002
0014
0014
0014
0002
0021
001C
001D
001E
0019
0010
0014
0002
0002
0002
0014
0014
0020
001F
0021
0022
0014
0020
0002
0014
0002
0014
0014
0014
001D
001B
0012
0025
0014
0012
0014
0002
0002
0014
0002
0014
0023
001C
0024
0025
0014
0018
0014
0002
0014
0002
0014
0014
0016
0022
0016
0025
0026
0016
0014
0014
0002
0014
0002
0002
0014
0266
05F1
0028
0014
00A7
0002
0014
0002
0014
0014
0014
0028
00A8
0016
0028
0014
00A9
0002
0014
0014
0014
0014
0014
0027
02F9
0024
0013
0014
0452
0014
0002
0014
0014
0014
0002
0019
035B
002E
0013
0014
002F
0014
0014
0014
0014
0014
0002
0025
016E
0031
0014
0014
00AA
0002
0014
0002
0014
0014
0002
01B4
00FF
02FA
05B6
0036
0014
0037
0140
0218
02C3
02C4
00B0
05F2
021A
0036
0014
003E
003F
0456
00B5
0105
00B7
0044
0045
0046
0047
0048
0049
0249
01EE
004C
004D
026E
004F
0050
0014
0052
05F3
05F4
05F5
01CA
0057
00B8
0300
0116
0014
01B9
014E
05F6
005D
01F2
01F3
0060
005F
0062
0014
0063
0064
05F7
039A
0067
0068
0069
006A
006B
006C
006D
02D2
00CD
0279
00CF
0014
0540
0541
01C4
0014
0076
0077
0078
0079
015A
007B
05F8
036E
007E
0014
015C
05F9
0235
05FA
0083
00DC
03ED
012D
0087
0014
0088
0089
04D1
05FB
008C
008D
03F0
00BE
0036
0014
0088
0090
05BC
0405
0093
0084
03F2
02F3
0014
0014
0098
015E
02BA
05FC
02BC
0002
0003
00ED
033C
0006
0007
00EF
0467
000A
000B
033D
000D
000E
000F
0010
0021
0012
0014
0014
001E
0014
0002
0002
0014
0014
0014
0016
0020
0012
0028
0014
001A
0014
0002
0014
0002
0002
0002
001B
001B
0024
001E
001F
0016
0014
0002
0014
0002
0002
0014
0016
001E
0024
0025
0023
0010
0014
0014
0014
0014
0014
0014
001E
0020
0024
001F
0014
0024
0014
0014
0014
0014
0002
0014
001D
001C
0012
0028
0014
0016
0014
0002
0014
0014
0002
0014
001B
001A
0010
0023
0014
0012
0014
0014
0014
0002
0002
0002
0018
001E
0010
0027
0014
0025
0014
0014
0014
0014
0014
0002
0028
00A9
0510
0014
0014
048E
0014
0014
0014
0014
0014
0014
0027
040B
0510
0027
0013
00F8
0014
0014
0014
0014
0014
0014
0019
040D
0010
0028
0014
002F
0014
0014
0014
0002
0014
0014
0019
002D
0024
0019
0014
00F8
0014
0014
0014
0014
0014
0014
0214
0033
040E
0035
0014
0014
05FD
05FE
05FF
0566
003B
003C
0600
0035
0002
0014
0601
0602
0603
0604
0042
0043
01AF
0220
010E
00B0
01B0
0605
0606
0519
005A
017A
004E
0300
00D2
0051
0607
0608
056E
0609
022A
0321
0058
0059
0050
0014
005A
056F
005C
060A
01BD
005F
05E5
0061
0097
0014
060B
060C
060D
0523
060E
050A
0069
0182
01C4
0014
04BE
060F
0184
04E8
02EE
0072
0073
0187
0075
0014
0314
0610
01FA
0525
018A
006C
007C
0611
0014
0014
018D
0612
04E9
0613
01B4
0084
0487
0614
011A
0051
0333
052B
05EA
0257
011F
0047
052D
008F
0036
0014
03F3
04EC
05EC
0615
03D9
0094
0530
0096
0097
0014
057B
0616
057C
0617
028D
0002
01A2
02DB
0005
0006
0007
0353
0009
0618
048B
000C
0619
061A
00A5
0010
001D
0012
0013
0014
001F
0014
0002
0014
0014
0014
0014
0027
002B
001E
0014
0014
00F8
0014
0002
0014
0002
0014
0014
0010
001C
0024
0013
001F
0012
0014
0002
0002
0002
0014
0014
001B
001E
0021
0025
0023
0020
0014
0014
0014
0014
0014
0014
001D
0020
0024
001F
0014
0024
0014
0002
0014
0014
0014
0014
0023
035A
001A
0019
0014
05BE
0014
0002
0014
0014
0002
0014
001B
001A
0010
0025
0014
0016
0014
0014
0014
0002
0002
0002
0012
001E
0010
0027
0014
0025
0014
0014
0002
0014
0014
0014
0014
00A8
0024
0014
0014
00A9
0002
0014
0014
0014
0014
0014
0027
002B
0024
0027
0013
00AA
0014
0014
0014
0014
0014
0002
0019
013D
002E
0013
0014
002F
0014
0014
0014
0014
0014
0002
0019
016E
0031
0014
0014
00F8
0002
0014
0002
0014
0014
0002
01B9
0033
04D6
0035
0036
0014
013F
0491
061B
061C
0141
00B0
02E2
0035
0014
0014
003E
0109
029C
029D
00B6
01A9
0044
02A1
0116
0047
0048
0221
061D
061E
013E
02A5
004E
0147
0062
0051
05C7
061F
01B7
0620
03FD
0057
026E
0059
0050
0014
02A9
022E
0621
0622
0125
0284
0623
00C2
011A
0014
0063
0064
058B
0624
049E
0068
0069
011E
006B
0014
01F7
02B0
0625
0122
02EE
00D0
00B8
0074
0075
0014
00D3
00D4
0252
0253
015A
0014
0255
007D
0014
0014
018D
0486
0256
0082
012C
0084
0626
0086
0087
0051
0088
04A3
008A
0257
0132
008D
03C3
008F
0036
0014
01D5
0090
00E3
0339
005E
0094
03C5
02F3
0014
0014
0098
05A4
0627
02BB
025C
0002
0003
0004
01A4
0006
0007
04F0
0409
0628
000B
02BE
02F7
000E
02C0
0019
0263
001A
0014
0014
0264
0014
0002
0002
0014
0014
0014
0016
0017
0018
0019
0014
001A
0002
0002
0014
0014
0002
0002
001B
0021
001D
001E
0019
0016
0014
0002
0014
0002
0002
0014
0020
001E
0024
0022
0014
0010
0002
0014
0002
0014
0014
0014
0019
00A8
0015
0025
0014
0266
0014
0002
0002
0014
0002
0014
001D
001C
0024
0025
0014
0016
0014
0002
0014
0002
0014
0014
0024
0022
0016
0023
0026
0012
0014
0014
0002
0014
0002
0002
0018
0012
0018
0028
0014
001A
0002
0014
0014
0014
0014
0002
0028
00FA
016C
0028
0014
00FC
0002
0014
0014
0014
0014
0014
0027
002D
0024
0028
0014
0244
0014
0002
0014
0014
0014
0014
0027
002D
0024
0028
0014
0267
0014
0014
0014
0002
0014
0014
0025
00F7
0024
0019
0014
00AA
0014
0014
0014
0014
0014
0014
0032
00FF
02C1
00AC
0014
0014
02C2
0038
0629
04AB
026B
003C
026C
0107
0002
0014
026D
00B3
0040
0041
0178
0043
062A
0045
0046
0215
01B0
0049
062B
062C
004C
004D
026E
004F
0050
0014
0052
0053
01EF
0055
0056
00FF
062D
0419
0087
0014
005A
005B
062E
062F
005E
005F
0440
0061
0062
0014
0276
00C8
0630
0631
0067
0068
0069
006A
01C4
006C
0183
006E
0231
0279
00CF
0072
0073
03BF
01C4
0014
0125
0126
03C0
0079
027C
007B
007C
0599
007E
0014
047D
0080
027F
0280
0083
00B0
0085
011E
011A
0014
0192
0089
01FF
0200
00E0
0284
008E
00BE
0036
0014
012E
0286
0135
0204
0137
0084
0095
0096
0097
0014
028A
028B
009A
03F4
025C
0002
0003
0558
0005
0006
0007
0008
0632
00F1
030E
0633
01E2
0243
020F
0027
00F7
0012
0013
0014
0244
0014
0002
0002
0014
0014
0014
0016
00F9
0018
0014
0014
001A
0002
0002
0014
0002
0014
0002
001B
0020
0016
001E
0019
0024
0014
0002
0014
0002
0002
0014
001D
001E
0012
0022
0023
0020
0002
0014
0002
0014
0014
0014
001D
001D
0024
0023
0014
001E
0014
0002
0002
0014
0002
0014
001D
001C
0012
0025
0014
0018
0014
0002
0014
0002
0014
0014
0016
001F
0010
0025
0014
0016
0014
0014
0014
0002
0002
0002
0012
001E
0018
0027
0014
0022
0014
0014
0014
0014
0014
0014
0013
0211
00FB
0028
0014
002A
0002
0014
0014
0014
0014
0014
0027
035B
0024
0027
0013
0244
0014
0014
0014
0014
0014
0002
0019
0634
002E
0014
0014
002F
0014
0014
0014
0002
0014
0002
0025
0210
0031
0014
0014
002C
0014
0014
0014
0014
0014
0002
0296
0215
0635
0035
0036
0014
0636
03B4
0637
0638
0105
003C
0106
0107
0014
0014
0639
03E2
063A
063B
004C
00B7
0143
0144
0046
0047
0101
0221
05C2
05C3
018F
063C
004E
004F
0050
0051
022A
063D
063E
0113
01CA
0321
063F
0059
0116
0014
0640
02AA
05E3
0641
01F2
0151
0060
0061
0062
0014
0642
03E8
043C
043D
0478
0068
0046
01C3
006B
0014
04BE
0643
0644
02B1
043F
0072
02D4
03BF
0075
0014
0314
0645
0646
0442
0647
00D7
0382
0648
007E
0014
00BC
0080
0649
064A
012C
0215
0085
03AA
011A
0051
0198
015D
0130
0200
00E0
00B0
008E
0133
0014
0014
039D
0350
0135
0136
0093
0084
0095
0096
0014
0014
0138
00E8
009A
03F4
00EB
0002
01A2
0004
0466
0006
0007
023F
0009
030D
000B
064B
000D
000E
000F
0010
0011
001F
0014
0014
0015
0014
0002
0002
0014
0014
0014
0022
016A
001E
0019
0014
00F8
0002
0002
0014
0014
0002
0014
0021
001C
001D
001E
001F
0016
0014
0002
0002
0002
0002
0014
0020
001E
0021
0025
0014
0010
0002
0014
0014
0014
0014
0014
0024
0020
0012
001F
0014
0024
0014
0002
0014
0014
0014
0014
0024
001B
0024
0028
0014
0016
0014
0002
0014
0014
0002
0014
001B
001A
0016
0027
0026
0019
0014
0014
0002
0014
0002
0002
0018
0012
0010
0028
0014
001A
0002
0014
0002
0014
0014
0002
0028
00A8
0016
0014
0014
002C
0002
0014
0014
0014
0014
0014
0027
002B
0018
0028
0014
00AA
0014
0002
0014
0014
0014
0014
0019
002D
0010
0028
0014
002F
0014
0014
0014
0014
0014
0014
0019
0030
0016
0019
0014
002F
0002
0014
0002
0014
0014
0014
0032
0033
0034
01A9
0014
0014
0037
0038
00AE
003A
026B
0151
0455
0035
0002
0014
0507
003F
05B8
0041
0178
0043
0044
0045
010E
00B0
064C
0049
004A
004B
00BC
004D
00BD
00BE
00D2
0014
064D
064E
0054
0055
0157
0057
0058
0300
0050
0014
0002
005B
01BB
04AF
00DB
005F
0060
00C2
0097
0014
05A2
03D3
0065
0066
0067
0068
0069
006A
01C4
006C
006D
006E
006F
0279
0071
0186
0073
0074
00D2
0014
0076
0077
0078
032D
007A
007B
045B
007D
0014
0014
007F
0384
0081
0082
0083
0084
0190
0086
0087
0014
0088
0193
008A
0257
0132
008D
03C3
008F
0036
0014
0088
064F
00E3
0339
019C
0094
03C5
02B9
0097
0014
00E7
0099
0650
0545
0001
0002
028E
0651
0290
0006
0007
0008
01A6
0618
013B
000C
0619
0652
000F
0010
001D
0012
0013
0014
001F
0014
0002
0014
0014
0014
0014
0027
002B
001E
0014
0014
00F8
0002
0002
0014
0002
0002
0002
0010
001C
0024
001E
0019
0018
0014
0002
0002
0002
0014
0014
001B
001E
0021
0025
0023
0020
0014
0014
0002
0014
0014
0014
001D
0012
0024
001F
0014
0024
0014
0014
0014
0014
0002
0014
0023
035A
001A
0025
0014
0582
0014
0002
0014
0002
0002
0014
001B
001F
0010
0025
0014
0016
0014
0014
0014
0002
0002
0002
0018
001E
0010
0027
0014
0025
0014
0014
0002
0014
0014
0002
0014
00A8
0024
0014
0014
00A9
0002
0014
0014
0014
0014
0014
0027
002B
0024
0013
0014
00AA
0014
0014
0014
0014
0014
0002
0019
013D
0010
0013
0014
002F
0014
0014
0014
0014
0014
0002
0019
0210
0016
0014
0014
00F8
0002
0014
0002
0014
0014
0002
0653
0033
0297
0035
0036
0014
013F
0654
02E0
061C
0141
00B0
02E2
0035
0014
0014
003E
0109
029C
029D
032B
029F
0044
02A1
010E
0215
0276
0221
0655
0656
04BE
02A5
004E
0147
0062
0051
01D3
02A6
01B7
02A7
02D0
0057
02A8
0059
0050
0014
02A9
0367
0657
02AC
01F2
0284
0623
00C2
0062
0014
011B
0064
0658
0624
01C2
0068
0069
01C3
006B
0014
04BE
02B0
01C6
0251
02EE
0186
00B8
0074
0075
0014
0157
00D4
02B3
0253
015A
0014
0255
007D
0014
0014
007F
01FC
0256
0082
012C
0084
0659
0086
0087
0014
0088
03C2
008A
0257
0132
008D
03C3
008F
0036
0014
01D5
0090
00E3
0339
0148
0094
03C5
02B9
0014
0014
0098
05A4
0627
02BB
02BC
0002
01A2
0004
025D
0006
0007
065A
01DE
065B
000B
02BE
0593
000E
0262
0019
0263
001A
0014
0014
0264
0014
0002
0002
0014
0014
0014
0016
0017
0018
0019
0014
001A
0002
0014
0014
0014
0014
0002
001B
0021
001D
001E
001F
0016
0014
0002
0014
0002
0002
0014
0020
001E
0024
0022
0014
0010
0002
0014
0014
0014
0014
0014
0019
0265
0022
0025
0014
0213
0014
0002
0002
0014
0002
0014
001D
001D
0024
0028
0014
0016
0014
0002
0014
0014
0014
0014
0016
001A
0016
0023
0026
0019
0014
0014
0002
0014
0002
0002
0012
0012
0018
0028
0014
001A
0002
0014
0014
0014
0014
0014
0028
00FA
016C
0028
0014
00FC
0002
0014
0014
0014
0014
0014
0027
002D
0024
0027
0013
0244
0014
0002
0014
0014
0014
0014
0027
002D
002E
0028
0014
0267
0014
0014
0014
0002
0014
0014
0025
0030
0031
0019
0014
00AA
0014
0014
0014
0014
0014
0014
0032
00FF
02C1
003C
0014
0014
02C2
0038
065C
026A
026B
003C
026C
0107
0002
0014
026D
00B3
0040
0041
0042
0043
065D
0045
0046
0047
00B9
0049
065E
0595
00BC
004D
026E
004F
0050
0014
0052
00C0
01EF
0055
0157
00FF
065F
0272
0087
0014
005A
005B
0660
0661
00DB
005F
02CF
0061
0097
0014
00C7
00C8
02D1
0662
0067
0068
0046
006A
01C4
006C
006D
006E
006F
0279
00CF
0072
0073
027A
01C4
0014
0125
0126
027B
0079
027C
007B
007C
0599
007E
0014
00BC
027E
027F
0280
0083
00B0
0085
011E
011A
0051
0192
0089
03AB
023A
00E0
0284
008E
00BE
0036
0014
012E
0286
0135
0204
0093
0084
0095
0096
0097
0014
028A
028B
009A
03F4
0001
0002
028E
02DB
0290
0006
0007
0008
01A6
0663
038A
000C
0293
0243
00A5
0010
001D
0012
0013
0014
001F
0014
0002
0014
0014
0014
0014
0027
002B
001E
0014
0014
002F
0002
0002
0014
0002
0014
0002
0022
001C
0024
001E
0019
0018
0014
0002
0014
0002
0002
0014
001B
001E
0021
0025
0023
0020
0014
0014
0014
0014
0014
0014
001D
0012
0024
001F
0014
0024
0014
0014
0014
0014
0014
0014
0023
035A
001A
0025
0014
00FB
0014
0002
0014
0014
0014
0014
0010
001A
0010
0025
0014
0016
0014
0014
0014
0002
0002
0002
0012
001E
0018
0027
0014
0025
0014
0014
0002
0014
0014
0014
0014
00A8
0018
0014
0014
03B3
0014
0014
0014
0014
0014
0014
0027
002B
0024
0013
0014
00AA
0014
0014
0014
0014
0014
0002
0019
013D
002E
0013
0014
002F
0014
0014
0014
0014
0014
0002
0025
0210
0031
0014
0014
002C
0002
0014
0002
0014
0014
0002
03D0
0033
02DF
0035
0036
0014
013F
05FE
02E0
0664
003B
00B0
02E2
0035
0014
0014
003E
0109
029C
0391
032B
04E0
0044
02A1
0046
0047
0037
0221
0665
0656
01B4
02A5
004E
0147
0062
0051
05C7
064E
01B7
04FE
0666
0057
04E4
0059
0050
0014
00C3
0667
04E5
0668
0342
02CB
02E9
00C2
0062
0014
011B
0064
0669
066A
0417
0068
0069
01C3
006B
0014
04BE
02EC
02ED
0251
02EE
00D0
0073
0074
0075
0014
0157
00D4
0078
0253
007A
0014
018B
007D
0014
0014
015C
02EF
0256
0082
012C
0084
066B
0086
0087
0014
0088
066C
008A
0257
008C
008D
03C3
008F
0036
0014
01D5
0090
00E3
0339
0093
0094
03C5
02F3
0014
0014
0098
015E
0627
039E
02BC
0002
01A2
0004
025D
0006
0007
066D
01DE
0628
020D
020E
066E
000E
02C0
0027
0263
001A
0014
0014
0264
0014
0002
0002
0014
0014
0014
0016
0017
0018
0019
0014
001A
0002
0002
0014
0014
0002
0002
001B
0021
001D
001E
001F
0016
0014
0002
0002
0002
0002
0014
0020
001E
0024
0022
0014
0010
0002
0014
0002
0014
0014
0014
0019
0265
001E
0025
0014
0213
0014
0002
0002
0014
0002
0014
001D
001D
0024
0028
0014
0016
0014
0002
0014
0002
0002
0014
001B
0022
0016
0023
0026
0019
0014
0014
0002
0014
0002
0002
0018
0012
0010
0028
0014
001A
0002
0014
0014
0014
0014
0002
0028
0211
016C
0028
0014
002A
0002
0014
0014
0014
0014
0014
0027
002D
0024
0027
0013
0244
0014
0002
0014
0014
0014
0014
0027
002D
0010
0028
0014
0267
0014
0014
0014
0002
0014
0014
0019
0030
0024
0019
0014
002F
0014
0014
0014
0014
0014
0014
0032
00FF
02C1
05B6
0014
0014
04C9
0038
0629
066F
02C4
003C
026C
0107
0002
0014
026D
00B3
0040
0041
0042
0043
0366
0045
010E
00B0
00B9
0049
0670
0671
004C
004D
026E
004F
0050
0014
0052
0438
01EF
02CA
0056
00FF
0271
0419
0087
0014
0117
005B
062E
0672
005E
005F
0673
0061
0097
0014
00C7
00C8
0674
0662
0067
0068
0069
006A
01C4
006C
006D
02D2
0231
0279
02D3
0072
02D4
012D
01C4
0014
0125
0126
02D5
0079
02D6
007B
02D7
027D
007E
0014
018D
0080
02D8
0280
0083
00B0
0085
011E
011A
0051
0192
0089
03AB
023A
011F
0284
008E
00BE
0036
0014
012E
0286
0135
0204
0137
0284
0095
0096
0097
0014
028A
028B
009A
03F4
025C
0002
01A2
0004
030C
0006
0007
025E
0165
000A
000B
033D
000D
000E
033E
0010
001D
001A
0014
0014
0015
0014
0002
0002
0014
0014
0014
0016
00F9
0018
0019
0014
001A
0002
0014
0014
0014
0014
0002
001B
001D
001D
0022
001F
0016
0014
0002
0014
0002
0002
0014
0020
001E
0024
0022
0014
0010
0002
0014
0014
0014
0014
0014
0025
0020
001A
001F
0014
0024
0014
0002
0002
0014
0002
0014
001D
001C
0024
0025
0014
0016
0014
0002
0014
0014
0002
0014
001B
001A
0024
0023
0014
0019
0014
0014
0014
0002
0014
0002
0012
0012
0010
0028
0014
001A
0002
0014
0014
0014
0014
0014
0028
00FA
00FA
0028
0014
00FC
0002
0014
0014
0014
0014
0014
0027
002D
0024
0028
0014
00F8
0014
0014
0014
0014
0014
0014
0019
00FD
002E
0028
0014
002F
0014
0014
0014
0002
0014
0014
0019
0030
0031
0019
0014
00F8
0014
0014
0014
0014
0014
0014
0214
0033
040E
02CC
0014
0014
0101
0038
00AE
003A
003B
003C
00D1
0035
0002
0014
033F
0675
0676
0677
010C
0043
054B
0045
026E
0047
01B0
0056
054C
054D
005A
01B5
00BD
0110
0050
0014
0052
00C0
0320
0678
01D3
008D
0058
0107
0050
0014
005A
005B
0343
0344
01BD
005F
04B4
0061
0062
0014
0345
00C8
0679
0552
011D
0059
0069
0182
01C4
0014
0183
02D2
0184
0349
0123
0072
02D4
027A
01C4
0014
032B
0126
032C
0079
02D6
007B
02D7
032F
007E
0014
00BC
0080
0081
0331
012C
0084
0487
0086
011A
0014
0333
052B
05EA
0257
011F
0047
052D
008F
0036
0014
03F3
0286
05EC
0258
0093
0094
0530
0096
0097
0014
028A
028B
0531
0532
0207
0002
028E
0352
0005
0006
0007
0291
0009
067A
02DD
00A3
067B
013C
02C0
0027
0169
0012
0013
0014
00F8
0014
0002
0014
0014
0014
0014
0027
0358
001F
0014
0014
00F8
0002
0002
0014
0002
0002
0014
001F
001C
0024
001E
0014
0012
0014
0002
0002
0002
0014
0014
001B
001F
0021
0025
0023
0020
0014
0014
0002
0014
0014
0014
001D
001B
0024
0023
0014
001E
0014
0002
0014
0014
0002
0014
0027
067C
001F
0019
0014
002C
0014
0002
0014
0002
0014
0014
0010
001F
0016
0025
0026
0016
0014
0014
0002
0014
0002
0002
0018
001E
0018
0027
0014
0025
0014
0014
0002
0014
0014
0002
0014
00A8
0016
0014
0014
00A9
0002
0014
0014
0014
0014
0014
0027
02F9
0024
0027
0013
0452
0014
0002
0014
0014
0014
0002
0019
035B
0010
0013
0014
002F
0014
0014
0014
0014
0014
0002
0025
0210
0016
0014
0014
00AA
0002
0014
0002
0014
0014
0002
01B4
0237
02FA
0035
0036
0014
013F
0298
01E8
01E9
03D0
00B0
029B
0217
0014
0014
003E
003F
067D
00B5
00B6
029F
0044
0588
0046
0014
0048
0049
067E
067F
004C
004D
004E
004F
0062
0051
01D3
02E6
055F
0508
01CA
0057
014C
0059
0116
0014
02A9
02AA
0680
017F
0032
0284
0681
0217
011A
0014
0063
0064
0682
0683
0067
0068
0069
006A
006B
006C
0132
02EC
00CD
0070
00CF
0186
0073
0074
0075
0014
0157
0304
0078
0253
007A
0014
018B
036E
0014
0014
007F
02EF
0306
01FD
0083
00DC
02B5
012D
0087
0051
0088
0089
0308
0200
008C
008D
0563
0144
0036
0014
0088
0090
023D
0136
02B7
0084
0684
02B9
0014
0014
0098
015E
02BA
02BB
02BC
0002
0685
0004
025D
0006
0007
065A
0467
000A
000B
030F
000D
000E
033E
0010
001D
0015
0014
0014
0015
0014
0002
0002
0014
0014
0014
0016
00F9
0012
0019
0014
001A
0002
0014
0014
0014
0002
0002
001B
001D
001D
001E
0027
0016
0014
0014
0014
0002
0002
0014
0020
001E
0024
0022
0014
0010
0002
0014
0014
0014
0014
0014
0025
001B
001A
001F
0014
0024
0014
0014
0014
0014
0002
0014
001D
0016
0024
0028
0014
0016
0014
0002
0014
0014
0002
0014
001B
0022
0024
0023
0014
0019
0014
0014
0014
0014
0014
0002
0012
0012
0010
0028
0014
001A
0002
0014
0014
0014
0014
0002
0028
00FA
0510
0014
0014
00FC
0002
0014
0014
0014
0014
0014
0027
040D
0510
0027
0013
00F8
0014
0014
0014
0014
0014
0014
0019
040D
0010
0028
0014
002F
0014
0014
0014
0002
0014
0014
0019
00F7
0024
0019
0014
002F
0014
0014
0014
0014
0014
0014
03D0
0033
040E
01A9
0014
0014
0101
0038
00AE
003A
026B
003C
0494
0035
0002
0014
0567
0686
0569
0677
0042
0043
0143
0045
010E
006C
0037
02C6
056B
0687
0342
01B5
00BD
0110
0050
0014
051B
0688
0320
0678
0157
008D
0058
0107
0050
0014
005A
005B
0570
0344
00DB
005F
0060
0061
0097
0014
0345
0572
0573
0689
0478
050A
0069
0182
01C4
0014
0183
02D2
0380
0349
0123
0072
02D4
012D
00D2
0014
0125
0126
05AE
0079
02D6
007B
02D7
0554
0014
0014
018D
0576
0081
0331
0083
0084
0487
0446
011A
0051
0333
0193
05EA
0257
011F
0047
052D
008F
0036
0014
03F3
0578
05EC
0615
0137
0094
0530
0096
0097
0014
057B
0463
033B
068A
0001
0002
028E
068B
0290
0006
0007
0008
0009
057E
057F
00A3
0538
013C
02C0
0027
0169
0012
0013
0014
0244
0014
0002
0014
0014
0014
0014
0027
0581
0018
0014
0014
00F8
0002
0002
0014
0002
0014
0002
0022
0294
0010
001E
001F
068C
0014
0002
0002
0002
0014
0014
001B
001A
0021
0025
0023
0020
0014
0014
0002
0014
0014
0014
001D
0020
0024
0023
0014
001E
0014
0002
0002
0014
0002
0014
0027
0295
001A
0025
0014
00FB
0014
0002
0014
0002
0014
0014
0024
001A
0016
0025
0026
0016
0014
0014
0002
0002
0002
0002
0018
001E
0018
0027
0014
0025
0014
0014
0002
0014
0014
0014
0014
00A8
0016
0028
0014
00A9
0002
0014
0014
0014
0014
0014
0027
02F9
0024
0013
0014
00AA
0014
0002
0014
0014
0014
0002
0019
035B
002E
0013
0014
002F
0014
0014
0014
0014
0014
0002
0025
016E
0031
0014
0014
002C
0002
0014
0002
0014
0014
0002
01B4
0215
02FA
0035
0036
0014
013F
0298
01E8
01E9
0141
00B0
029B
0217
0014
0014
00B2
0585
068D
068E
0105
029F
02E3
0588
0046
0047
02FE
0616
068F
0656
02A4
004D
004E
004F
0062
0051
022A
02E6
055F
0508
01CA
0057
014C
0059
0116
0014
02A9
02AA
0680
0690
01F2
0284
02E9
0217
0062
0014
0063
03D3
02EA
0691
0067
0068
0069
006A
006B
006C
01F7
02EC
006F
0070
00CF
0186
0073
0074
0075
0014
0157
00D4
0078
0253
007A
0014
018B
036E
007E
0014
015C
01FC
0306
01FD
012C
00DC
02B5
012D
0087
0014
0088
015D
0308
0200
008C
008D
058F
0372
0036
0014
0088
0090
023D
0136
0093
0084
02B8
02F3
0014
0014
0098
015E
02BA
02BB
0001
0002
0003
0004
0005
0006
0007
00A0
01DE
0692
0693
000C
02F7
0694
0695
0027
0263
001A
0013
0014
0267
0014
0002
0002
0014
0014
0014
0022
016A
001A
0028
0014
00A7
0002
0002
0014
0002
0014
0002
0021
0020
001D
0022
001F
0024
0014
0002
0014
0002
0014
0014
001D
001A
0021
0022
0014
0020
0014
0014
0002
0014
0014
0014
001D
0020
0012
0025
0014
001E
0014
0002
0014
0014
0002
0014
001D
001C
0024
0025
0014
0018
0014
0002
0014
0002
0002
0014
001B
001A
0016
0023
0026
0016
0014
0014
0014
0014
0002
0014
0012
001E
0010
0028
0014
0025
0014
0014
0014
0014
0014
0014
0028
00A8
0016
0014
0014
00A9
0002
0014
0014
0014
0014
0014
0027
002B
0024
0027
0013
00AA
0014
0002
0014
0014
0014
0002
0019
002D
0010
0014
0014
002F
0014
0014
0014
0014
0014
0002
0019
0030
0016
0014
0014
002F
0002
0014
0002
0014
0014
0002
03CD
00B0
0696
00AC
0036
0014
015C
0102
0697
035E
0105
0151
0698
01F3
0002
0014
021F
0699
069A
021E
0042
0043
00B8
0061
0050
00B0
013F
01F0
0222
0223
01F7
069B
0050
004F
0050
0014
01D3
0111
069C
069D
0056
0114
0115
0061
0116
0014
01B9
0118
022B
069E
005E
005F
069F
0057
0062
0014
011B
0521
06A0
06A1
014B
01F6
0069
06A2
0002
006C
00C1
06A3
049F
06A4
0101
03EA
00D1
06A5
00D2
0014
00BC
041A
06A6
06A7
02D6
007B
05F8
036E
0014
0014
00BC
0576
06A8
06A9
012C
0084
03C1
012D
011A
0051
0192
052B
04B1
052C
011F
008D
03C3
023B
0014
0014
0198
0309
06AA
06AB
0137
0047
03C5
02B9
0014
0014
0198
06AC
06AD
06AE
01A1
0002
044C
06AF
0209
0006
0007
00EF
0009
000A
01E0
02BE
0242
000E
000F
0010
0020
0012
0014
0014
0015
0014
0002
0002
0014
0014
0014
0016
0020
0018
0019
0014
001A
0002
0002
0014
0014
0002
0002
001B
001C
0016
001E
0027
0016
0014
0002
0002
0002
0002
0014
0020
001E
001E
0023
0023
0010
0002
0014
0014
0014
0014
0014
0024
001B
0024
001F
0014
0024
0014
0002
0002
0014
0002
0014
0024
001C
0018
0028
0014
0016
0014
0002
0014
0014
0014
0014
0010
001F
0024
0025
0014
0016
0014
0014
0002
0002
0002
0002
0018
0012
0018
0027
0014
001A
0002
0014
0002
0014
0014
0002
0013
00FA
06B0
0028
0014
00FC
0002
0014
0014
0014
0014
0014
0028
002D
0024
0028
0014
0244
0014
0014
0014
0014
0014
0014
0027
00FD
002E
0028
0014
0267
0014
0014
0014
0002
0014
0014
0025
00AB
0031
0019
0014
002C
0014
0014
0014
0014
0014
0014
03D0
0033
0034
0035
0014
0014
0170
0038
0039
003A
026B
003C
003D
0035
0116
0014
0390
003F
0040
00B5
0105
00B7
0044
0045
0046
0047
0048
0248
0249
01EE
0342
004D
004E
0110
0097
0051
0052
00C0
0054
0055
010F
0057
0058
0059
0050
0014
005A
005B
01F1
0324
018F
01F3
0060
0061
0097
0014
00C7
0064
01F4
03FE
06B1
0068
0069
006A
006B
0014
006D
02EC
06B2
0070
0046
0072
0073
0074
0075
0014
0157
00D4
02B3
0079
007A
007B
007C
0554
007E
0014
007F
06B3
0081
0082
0083
0215
0085
0086
0087
0014
0088
0089
03EE
008B
008C
0284
008E
008F
0036
0014
0088
0203
0091
0092
0093
0094
0095
0096
0097
0014
00E7
015E
009A
009B
03C9
0002
01A2
01A3
0005
0006
0007
0008
0009
06B4
000B
00A3
00F4
000E
0262
0019
0263
001E
0013
0014
0264
0014
0002
0002
0014
0014
0014
0022
016A
0012
0019
0014
00F8
0002
0014
0014
0014
0014
0002
001B
001C
001D
001E
0019
0016
0014
0002
0002
0002
0002
0014
0020
001E
0010
0022
0014
0020
0002
0014
0014
0014
0014
0014
001D
001B
0012
0025
0014
0012
0014
0014
0014
0014
0014
0014
0024
001C
0024
0019
0014
0016
0014
0002
0014
0014
0014
0014
0014
06B5
035B
0025
0026
06B6
0014
0014
0014
0014
0002
0014
0012
0012
0018
0028
0014
001A
0002
0014
0002
0014
0014
0014
0028
00A8
0016
0014
0014
00A9
0002
0014
0014
0014
0014
0014
0027
002B
0024
0027
0013
00AA
0014
0002
0014
0014
0014
0002
0019
002D
002E
0028
0014
002F
0014
0014
0014
0014
0014
0002
0025
0030
0031
0028
0014
00AA
0002
0014
0002
0014
0014
0002
0032
00FF
06B7
0509
0036
0014
0037
0038
0218
0219
026B
0151
0455
0107
0002
0014
003E
003F
01EB
0041
0042
0043
0044
0045
0046
0047
0048
0049
004A
004B
00BC
004D
037C
004F
0062
0014
064D
064E
04AC
0055
00E0
0057
0058
0300
0116
0014
005A
005B
022B
04AF
00DB
005F
0060
0096
0097
0014
00C7
0064
0065
0066
0067
0014
06B8
06B9
006B
006C
006D
006E
06BA
0232
02D3
03EA
0073
0074
007E
0014
0076
0459
02B3
0189
007A
007B
018B
036E
0014
0014
007F
06B3
012A
012B
0083
00DC
03ED
012D
0087
0051
0088
0089
0308
023A
008C
008D
03F0
00BE
0036
0014
0088
0090
0135
0204
0093
0084
03F2
0096
011A
0014
00E7
0099
009A
009B
025C
0002
0003
009E
06BB
0006
0007
06BC
05D3
000A
05D4
00F3
00A4
04B2
000F
0010
0020
0012
0014
0014
001A
0014
0002
0014
0014
0014
0014
0016
00F9
0018
0014
0014
001A
0002
0002
0014
0002
0002
0002
0021
001D
0016
001E
001F
0010
0014
0002
0014
0002
0002
0014
001D
001E
0021
0025
0023
0010
0002
0014
0002
0014
0014
0014
0024
0020
0024
001F
0014
0024
0014
0002
0002
0014
0002
0014
001D
0020
0018
0025
0014
0018
0014
0002
0014
0002
0002
0014
001B
001A
0010
0023
0014
0012
0014
0014
0002
0002
0002
0002
0018
001E
0010
0027
0014
0022
0014
0014
0014
0014
0014
0002
0028
00A9
00FA
0028
0014
02F8
0014
0014
0014
0014
0014
0014
0027
002D
0012
0014
0014
00F8
0014
0014
0014
0014
0014
0014
0027
00FD
0010
0014
0014
002F
0014
0014
0014
0002
0014
0014
0019
0210
0016
0019
0014
00F8
0014
0014
0014
0014
0014
0014
0312
0033
06BD
0035
0014
0014
0313
0298
0299
029A
029E
003C
06BE
0035
0014
0014
0432
0514
06BF
06C0
032B
01EC
0414
031A
010E
00B0
013F
01B1
031C
05DD
01F7
010D
004E
0059
0050
0051
0148
02A6
06C1
02A7
024A
0397
0297
0059
0050
0014
01B9
0178
05E3
0641
01F2
0151
00D1
0061
0062
0014
011B
00C8
06C2
05E7
06C3
0068
0046
0096
0002
0014
04BE
024F
06C4
04E8
02EE
0072
00D1
0124
0075
0014
0314
06C5
06C6
0525
01CA
007B
01CB
0443
007E
0014
0125
0612
01CD
041F
00B9
0084
0487
0086
0014
0014
0192
06C7
05EA
0257
05EB
0047
03D6
008F
0014
0014
03F3
06C8
06C9
0258
0196
0094
03DA
00E6
0097
0014
0138
0259
06CA
0504
03C9
0002
01A2
0376
03AC
0006
0007
00A0
0009
020C
000B
020E
044F
000E
0262
0027
0263
0015
0013
0014
0264
0014
0002
0002
0014
0014
0014
0016
0017
0018
0019
0014
001A
0002
0014
0014
0014
0014
0002
001B
0020
001D
0025
0019
0016
0014
0002
0002
0002
0002
0014
0020
001E
0021
0022
0014
0010
0002
0014
0014
0014
0014
0014
001D
0021
0012
0025
0014
0012
0014
0002
0002
0014
0014
0014
0024
001C
0024
0028
0014
0016
0014
0002
0014
0014
0002
0014
001B
0022
0016
0027
0026
0019
0014
0014
0002
0014
0002
0002
0012
0012
0010
0028
0014
001A
0014
0014
0002
0014
0014
0014
0028
0029
0016
0028
0014
002A
0002
0014
0014
0014
0014
0014
0027
002B
0024
0028
0014
002C
0014
0002
0014
0014
0014
0002
0019
002D
002E
0028
0014
002F
0014
0014
0014
0014
0014
0002
0019
0030
0031
0028
0014
002F
0002
0014
0002
0014
0014
0002
0032
00FF
06B7
0509
0036
0014
0170
0038
0218
0583
026B
003C
003D
0107
0002
0014
0390
06CB
0040
0041
021F
0043
0044
0045
026E
0047
0048
0056
004A
004B
005A
004D
037C
004F
0062
0014
0052
0457
02FF
0055
0157
0057
0058
0300
0116
0014
005A
005B
022B
04AF
0098
005F
0060
0061
0097
0014
00C7
03E8
0065
0066
0067
0068
0069
006A
01C4
006C
006D
006E
06CC
06CD
02D3
0072
0073
0074
01C4
0014
0076
06CE
02B3
0253
027C
007B
007C
036E
007E
0014
007F
06B3
012A
012B
012C
00DC
0085
012D
0087
0014
0088
012F
04D1
023A
011F
008D
008E
00BE
0036
0014
0088
0309
0135
0204
0093
0047
0095
0096
011A
0014
00E7
0463
009A
03F4
025C
0002
0003
009E
025D
0006
0007
06CF
0409
030D
06D0
000C
00A4
0243
000F
0010
001D
0012
0014
0014
001F
0014
0002
0014
0014
0014
0014
0027
0468
0015
0014
0014
00A7
0002
0002
0014
0002
0002
0002
0021
001C
0016
001E
001F
0010
0014
0002
0014
0002
0002
0014
001D
001E
0015
0025
0023
0020
0002
0014
0002
0014
0014
0014
0024
0020
0024
001F
0014
0024
0014
0014
0014
0014
0002
0014
001D
0020
0018
0025
0014
0018
0014
0002
0014
0002
0014
0014
0016
001A
0010
0025
0014
0016
0014
0014
0014
0002
0002
0002
0018
0015
0018
0027
0014
0022
0002
0014
0014
0014
0014
0002
0028
0469
0266
0014
0014
0244
0014
0014
0014
0014
0014
0014
0027
040D
0213
0027
0013
002F
0014
0014
0014
0014
0014
0014
0027
040D
05BF
0013
0014
002F
0014
0014
0014
0002
0014
0014
0025
0210
0016
0019
0014
002C
0014
0014
0014
0014
0014
0014
0296
0033
0414
0035
0014
0014
00AD
03B4
06D1
06D2
037A
00B0
06D3
0035
0014
0014
00B2
003F
06D4
06D5
004C
0057
0414
031A
0046
00B0
013F
0049
031C
031D
004C
0110
004E
0059
0050
0051
019C
05F3
01B7
02A7
01CA
0114
0297
0059
0050
0014
01B9
02AA
05E3
017F
01F2
008D
00D1
00C2
0062
0014
060E
02EE
06D6
0326
04C9
06D7
0069
06D8
006B
0014
0196
0643
06D9
06DA
02EE
0186
00D1
0187
0075
0014
06DB
0126
06DC
032D
015A
007B
06DD
03EC
0014
0014
00BC
0330
01CD
0331
06DE
0084
06DF
05E9
011A
0051
0333
0193
05EA
0257
008C
0047
06E0
06E1
0036
0014
0198
064F
06E2
0339
019C
0094
06E3
00E6
0097
0014
0198
015E
06E4
0160
03C9
0002
044C
06E5
0005
0006
0007
00A0
01DE
02F5
020D
020E
05B4
000E
06E6
0027
0263
0012
0013
0014
0264
0014
0002
0002
0014
0014
0014
0016
0017
001A
0019
0014
001A
0002
0002
0014
0014
0002
0002
0021
001C
001D
001E
0019
0024
0014
0002
0002
0002
0014
0014
0020
001F
0021
0022
0014
0020
0002
0014
0002
0014
0014
0014
0024
0021
0024
0025
0014
0012
0014
0002
0014
0014
0002
0014
0024
001C
0024
0019
0014
0016
0014
0002
0014
0002
0002
0014
001B
0022
0016
0025
0026
0016
0014
0014
0002
0002
0002
0002
0012
0012
0010
0028
0014
001A
0014
0014
0014
0014
0014
0002
0028
0029
0016
0014
0014
002A
0002
0014
0014
0014
0014
0014
0027
02F9
0024
0027
0013
002C
0014
0002
0014
0014
0014
0002
0019
035B
002E
0014
0014
002F
0014
0014
0014
0014
0014
0002
0019
016E
0031
0014
0014
00F8
0002
0014
0002
0014
0014
0002
0032
007B
02FA
05B6
0036
0014
0345
0038
0378
0379
06E7
003C
003D
021A
0036
0014
0390
0109
0040
0041
0042
0043
0143
0045
010E
0047
0048
0056
0222
0223
010F
004D
0050
004F
0050
0014
017B
0438
02FF
037D
0056
0114
0058
0061
0116
0014
01B9
005B
022B
005D
005E
005F
0060
005F
0097
0014
0063
0064
0065
0230
0067
0068
024E
006A
006B
006C
006D
06E8
05BA
06E9
02D3
0072
0600
03BF
01C4
0014
00BC
06EA
06EB
0159
015A
007B
0382
036E
0014
0014
007F
0330
0235
06EC
012C
0084
0085
012D
011A
0051
0192
012F
04D1
023A
0132
008D
008E
00BE
0014
0014
012E
0090
05BC
0204
0093
0047
0095
02F3
0014
0014
0138
0099
02BA
0545
009C
0002
0003
0004
06ED
0006
0007
00EF
06EE
030D
01E0
000C
0242
0243
000F
0010
0021
0015
0014
0014
001A
0014
0002
0002
0014
0014
0014
0027
0468
0018
0028
0014
00A7
0002
0002
0014
0002
0014
0002
001B
0020
0016
001E
001F
0016
0014
0002
0014
0002
0002
0014
001D
001E
0024
0025
0023
0024
0002
0014
0014
0014
0014
0014
001D
0020
0018
001F
0014
0024
0014
0002
0002
0014
0002
0014
001D
001C
0018
0025
0014
0018
0014
0002
0014
0014
0014
0014
0016
001A
0024
0023
0014
0016
0014
0014
0014
0014
0002
0002
0018
0015
0018
0027
0014
0022
0002
0014
0002
0014
0014
0014
0028
0469
0266
0028
0014
0244
0014
0014
0014
0014
0014
0014
0028
002D
0024
0028
0014
0267
0014
0014
0014
0014
0014
0014
0027
00FD
0024
0028
0014
0267
0014
0014
0014
0002
0014
0014
0025
0245
0024
0019
0014
00AA
0014
0014
0014
0014
0014
0002
0214
0033
0060
0035
0014
0014
00AD
0565
06EF
042F
003B
0215
0247
0035
0002
0014
0507
0176
0177
06F0
0342
0057
0044
010D
0046
00B0
01B0
0049
01ED
01EE
0342
0110
004E
0437
00D2
0051
03D9
06F1
01B7
06F2
014B
0057
00B8
0059
0050
0014
005A
056F
05CC
06F3
004C
01F3
0060
0061
0062
0014
038D
01C8
024D
03FE
060E
023B
0069
011E
0002
0014
0196
06F4
04E7
06F5
02EE
0186
0073
0074
0075
0014
00D3
0502
0078
032D
018A
007B
045B
03EC
007E
0014
00BC
01FC
0256
0082
018F
0215
00DD
0086
0087
0014
01D0
0281
06F6
04C3
00E0
0284
06F7
008F
0036
0014
01D0
06F8
06F9
06FA
019C
0094
06FB
0096
0097
0014
0342
04ED
06FC
06FD
03C9
0002
0003
0376
0005
0006
0007
00EF
0009
000A
00A2
020E
0537
000E
000F
0010
0011
0012
0013
0014
001E
0014
0002
0002
0014
0014
0014
0016
0017
001E
0028
0014
001A
0002
0002
0014
0002
0002
0014
001B
001C
0024
001E
0027
0016
0014
0002
0002
0002
0002
0014
001B
001E
0021
0025
0014
0010
0014
0014
0002
0014
0014
0014
001D
001D
0024
001F
0014
0024
0014
0014
0014
0014
0002
0014
0024
001C
0015
0028
0014
0016
0014
0002
0014
0002
0002
0014
001B
001F
0016
0027
0026
0012
0014
0014
0002
0014
0002
0002
0018
001F
0010
0014
0014
0025
0014
0014
0014
0014
0014
0002
0028
0029
0016
0014
0014
02F8
0014
0014
0014
0014
0014
0014
0027
002B
0024
0027
0013
002C
0014
0002
0014
0014
0014
0014
0019
002D
002E
0028
0014
002F
0014
0014
0014
0014
0014
0014
0025
0030
0031
0028
0014
00AA
0002
0014
0002
0014
0014
0014
0032
0033
0034
0035
0036
0014
0345
0171
01E8
0246
00AF
003C
003D
0035
0002
0014
0390
0109
0040
03E3
00B6
00B7
0143
0220
0046
0047
0048
0221
04FB
04FC
018F
004D
004E
00BE
0062
0014
017B
0053
0054
0055
01F0
0057
0058
0059
0050
0014
00C3
0118
01F1
0690
0032
0151
0060
0061
0097
0014
0063
0064
01F4
06FE
0067
0068
0069
006A
01C4
006C
006D
06FF
0303
0070
0700
0072
0156
0074
0014
0014
0076
0304
0701
0159
0702
006C
0382
007D
0014
0014
007F
01FC
00D9
00DA
012C
00DC
0085
0086
0087
0051
0088
015D
008A
008B
008C
008D
008E
008F
0036
0014
0088
0203
0091
0092
0093
0094
0095
005F
011A
0014
0098
015E
0703
0545
0704
0002
044C
0705
0706
0006
0007
0707
042A
0708
03CB
000C
0377
0450
0262
0019
00AB
001A
0014
0014
0264
0014
0002
0002
0014
0014
0014
0022
0709
0018
0019
0014
00A7
0002
0002
0014
0014
0014
0002
0021
001D
001D
0022
001F
0010
0014
0014
0014
0002
0002
0014
0020
001E
0012
0022
0023
0020
0002
0014
0014
0014
0014
0014
0018
0020
0015
0025
0014
0012
0014
0002
0002
0014
0002
0014
001D
001C
0024
0025
0014
0018
0014
0002
0014
0014
0014
0014
0012
001A
0024
0025
0014
0016
0014
0014
0014
0002
0014
0002
0015
0012
0012
0027
0014
001A
0002
0014
0002
0014
0014
0014
0028
01E6
00FB
0028
0014
00A9
0002
0014
0014
0014
0014
0014
0027
002D
0024
0013
0014
002F
0014
0014
0014
0014
0014
0002
0027
00FD
0024
0013
0014
002F
0014
0014
0014
0002
0014
0002
0019
00AB
0024
0019
0014
00F8
0014
0014
0014
0014
0014
0002
00FE
00FF
0100
02CC
0014
0014
00AD
030A
03A4
070A
037A
0151
0698
0107
0036
0014
0507
070B
046E
010B
0178
0043
0044
0045
0050
00B0
01B0
0049
004A
004B
00BC
01B5
026E
004F
0050
0051
03D9
070C
0112
070D
0157
0114
0115
0300
0116
0014
0117
005B
04AE
04AF
00DB
005F
0060
0096
0062
0014
01BF
01C8
011C
0066
04C9
051A
0069
06A2
006B
0014
0196
006E
070E
0349
070F
0419
0073
0524
0075
0014
06DB
0126
0710
0711
043A
007B
045B
0648
007E
0014
032B
0712
0713
0714
00B6
0084
03C1
03AA
011A
0014
0333
0193
0715
0716
011F
0047
0717
0133
0036
0014
0198
01D6
019A
0718
0137
00B0
0719
0096
0097
0014
03F3
0463
071A
06FD
03C9
0002
0003
0651
033C
071B
0007
00A0
071C
000A
020D
0260
000D
000E
00A5
0010
001D
0012
0013
0014
001E
0014
0014
0002
0014
0014
0014
0016
0020
001E
0026
0014
001A
0002
0002
0014
0002
0002
0002
0021
0020
0024
001E
0019
0024
0014
0002
0014
0002
0014
0014
001B
001E
0010
0025
0014
0020
0014
0014
0014
0014
0014
0014
001D
0016
0024
001F
0014
0024
0014
0014
0014
0014
0014
0014
0024
001C
001E
0019
0014
0016
0014
0002
0014
0014
0002
0014
001B
0025
0010
0025
0014
0016
0014
0014
0014
0002
0014
0002
0012
001E
0010
0028
0014
0022
0014
0014
0014
0014
0014
0002
0013
0029
0024
0014
0014
048E
0014
0014
0014
0014
0014
0014
0027
002B
0018
0027
0013
002C
0014
0014
0014
0014
0014
0002
0019
013D
0010
0014
0014
002F
0014
0014
0014
0014
0014
0002
0025
016E
0016
0014
0014
002C
0014
0014
0014
0014
0014
0002
03D0
0033
040E
00AC
0036
0014
0101
05B7
040F
046C
00FE
003C
003D
0035
0036
0014
0390
06CB
071D
071E
0042
0043
0143
0220
0046
0215
0037
0221
0222
0223
0296
0224
00BD
0147
0050
0014
051B
071F
0395
03BA
022A
0114
0058
0061
0050
0014
01B9
056F
022B
069E
01BD
005F
0060
00C2
0097
0014
021B
03E8
0065
0230
01C2
0068
024E
0182
006B
0014
0148
0720
05BA
0721
04DC
0072
04D6
0124
01C4
0014
031E
0722
0723
0724
02D6
00D7
015B
007D
0014
0014
018D
027E
0725
0726
012C
00DC
0085
0086
011A
0051
03F3
015D
008A
008B
00E0
008D
008E
008F
0014
0014
039D
0309
0091
0092
0137
0094
0095
02F3
0014
0014
0138
030A
02BA
030B
009C
0002
01A2
0004
0290
0006
0007
00EF
06EE
01DF
01E0
01E1
0727
03F7
02C0
0019
0169
0015
0014
0014
00A9
0014
0002
0002
0014
0014
0014
0027
00A6
0018
0019
0014
00A7
0002
0002
0014
0014
0014
0002
001B
001C
001D
0022
001F
0016
0014
0002
0002
0002
0002
0014
0020
001E
0021
0022
0023
0010
0002
0014
0002
0014
0014
0014
0018
0020
0018
0025
0014
0012
0014
0002
0002
0014
0002
0014
001D
001D
0024
0025
0014
0018
0014
0002
0014
0002
0014
0014
0010
001A
0016
0023
0026
0016
0014
0014
0002
0014
0002
0002
0018
0012
0018
0027
0014
001A
0002
0014
0002
0014
0014
0014
0028
01E6
016C
0028
0014
00A9
0002
0014
0014
0014
0014
0014
0027
002D
0024
0028
0014
002F
0014
0002
0014
0014
0014
0014
0027
002D
002E
0028
0014
002F
0014
0014
0014
0002
0014
0014
0019
00F7
0031
0019
0014
002F
0002
0014
0002
0014
0014
0002
0032
00FF
01E7
0035
0014
0014
00AD
0038
0039
0219
003B
00B0
0247
0107
0002
0014
00B2
003F
01EB
00B5
029E
00B7
0044
0045
0050
0047
00B9
0049
0249
01EE
004C
004D
004E
004F
0062
0051
022A
0053
01EF
0055
02D0
0057
00B8
0059
0097
0014
005A
005B
0323
0324
01F2
01F3
0060
0061
0062
0014
00C7
03D3
024D
03FE
0067
0068
0069
006A
0002
006C
0132
006E
0250
0329
00CF
0186
0073
0074
0075
0014
0076
0728
0078
0729
007A
007B
045B
03A9
007E
0014
015C
072A
0235
072B
0083
0084
066B
03AA
0087
0014
0088
0193
072C
072D
01F7
0047
0426
0133
0036
0014
0088
0203
072E
03D8
005E
00B0
0428
0096
0097
0014
00E7
0206
025A
009B
072F
0002
0003
0651
013A
0006
0007
00A0
0009
000A
000B
033D
000D
00F5
000F
0010
0020
0015
0013
0014
001F
0014
0014
0002
0014
0014
0014
0016
001B
0018
0013
0014
001A
0002
0014
0014
0002
0014
0002
001B
001C
0010
0025
0019
0016
0014
0002
0014
0002
0002
0014
001B
001E
0010
0025
0014
0020
0002
0014
0014
0014
0014
0014
001D
001D
0012
001F
0014
0024
0014
0002
0002
0014
0014
0014
0024
001C
0018
0019
0014
001A
0014
0002
0014
0014
0002
0014
001B
0025
0010
0025
0014
0016
0014
0014
0002
0002
0002
0002
0018
001A
0010
0028
0014
0025
0014
0014
0014
0014
0014
0014
0014
0029
0024
0028
0014
048E
0014
0014
0014
0014
0014
0014
0027
002B
0018
0027
0013
002C
0014
0014
0014
0014
0014
0002
0019
013D
002E
0028
0014
002F
0014
0014
0014
0014
0014
0002
0027
016E
0031
0028
0014
00F8
0014
0014
0014
0014
0014
0002
03D0
0033
0058
00AC
0036
0014
0101
0038
0546
0547
003B
003C
003D
0035
0116
0014
04DC
0109
01AD
071E
0042
0043
0143
031A
007E
0047
0037
0056
0222
0223
01B4
02A5
00BD
0147
0097
0014
0052
00C0
04FD
0730
00E0
0057
0115
0061
0050
0014
00C3
005B
022B
005D
01BD
005F
0060
0061
011A
0014
011B
0064
0065
0230
0478
0068
024E
0327
006B
0014
04BE
0500
0731
0732
0123
0072
0733
0074
00D2
0014
00D3
0077
0158
01C9
015A
0014
0734
007D
007E
0014
018D
02EF
0725
01CE
012C
0084
0085
0086
0087
0051
01D0
012F
008A
008B
0132
008D
008E
008F
0036
0014
01D5
0090
0091
0092
0093
0094
0095
00E6
011A
0014
0098
0099
015F
0160
0001
0002
01A2
0004
0290
0006
0007
0353
0409
0166
055B
02F6
0727
000E
0262
0027
0169
0012
0014
0014
0264
0014
0002
0002
0014
0014
0014
0027
00A6
0012
0019
0014
00A7
0002
0002
0014
0014
0002
0002
0016
0021
001D
001E
001F
0024
0014
0002
0002
0002
0002
0014
0020
001E
0021
0022
0023
0010
0002
0014
0002
0014
0014
0014
0018
0020
0024
0025
0014
0012
0014
0014
0014
0014
0002
0014
001D
0020
0024
0025
0014
0016
0014
0002
0014
0002
0014
0014
0012
001A
0016
0023
0026
0016
0014
0014
0014
0014
0002
0002
0012
0012
0018
0027
0014
001A
0002
0014
0002
0014
0014
0002
0028
013D
016C
0014
0014
0264
0002
0014
0014
0014
0014
0014
0027
03A3
0024
0013
0014
002F
0014
0002
0014
0014
0014
0014
0019
002D
0010
0013
0014
002F
0014
0014
0014
0002
0014
0014
0025
00F7
0016
0019
0014
00AA
0002
0014
0002
0014
0014
0002
0032
00FF
0735
0035
0014
0014
01B0
0171
0039
0219
02C4
00B0
0736
0107
0002
0014
0507
070B
01EB
00B5
029E
01EC
0044
0045
0046
00B0
00B9
0179
0249
01EE
004C
004D
004E
004F
0050
0051
01D3
0438
0737
0508
01F0
0321
0058
0059
0097
0014
0439
043A
01F1
06F3
0032
01F3
0060
0096
0062
0014
022E
0485
0477
01F5
0067
051A
0069
006A
0002
006C
006D
006E
006F
0070
00CF
03EA
0073
03BF
0075
0014
0125
04D0
03C0
0738
027C
007B
0739
01FB
0014
0014
015C
0080
073A
05FA
0083
00B0
073B
012D
011A
0014
0192
03D4
072C
0283
00E0
00B0
0426
00BE
0036
0014
012E
073C
072E
0489
0137
0084
0428
0096
0097
0014
03F3
073D
028C
025B
0001
0002
0003
009E
0408
0006
0007
00EF
06EE
030D
055B
02BE
0242
000E
000F
0010
001D
0012
0014
0014
001E
0014
0002
0002
0014
0014
0014
0027
03E0
0012
0013
0014
00A7
0002
0002
0014
0002
0002
0002
001B
001C
0016
001E
0027
0016
0014
0002
0002
0002
0002
0014
001B
001E
0021
0025
0023
0010
0002
0014
0002
0014
0014
0014
001D
001D
0024
001F
0014
0024
0014
0014
0014
0014
0002
0014
0018
001C
0012
0025
0014
0016
0014
0002
0014
0002
0002
0014
001B
001F
0010
0023
0014
0012
0014
0014
0014
0014
0002
0002
0018
0015
0010
0027
0014
0022
0002
0014
0014
0014
0014
0002
0013
073E
016B
0014
0014
0244
0014
0014
0014
0014
0014
0014
0027
040D
048F
0028
0014
0267
0014
0014
0014
0014
0014
0014
0027
00FD
002E
0028
0014
002F
0014
0014
0014
0002
0014
0014
0025
0210
0031
0019
0014
00AA
0014
0014
0014
0014
0014
0014
0214
0033
040E
0035
0014
0014
0198
0171
073F
046C
0430
00B0
0315
0035
0116
0014
0390
0109
0412
0740
0434
00B7
0143
0220
0046
0047
0037
0221
031C
031D
010F
0224
004E
04BB
0050
0051
01D3
0438
0395
03BA
01F0
0057
0058
0059
0050
0014
0117
043A
01F1
0641
01F2
0084
0060
0061
0062
0014
021B
0064
024D
0741
0478
0068
0069
0182
01C4
0014
0183
0120
0231
0070
0742
0186
0073
0074
0075
0014
0076
0077
0743
032D
007A
00D7
0744
0745
0014
0014
007F
0080
04E9
0331
012C
0215
036F
04A2
0087
0014
0088
015D
03EE
008B
008C
0284
0371
008F
0036
0014
01D0
0203
0091
0092
0093
0094
0746
0096
0097
0014
0098
015E
009A
009B
0747
0002
01A2
00ED
0748
0006
0007
00A0
01DE
020C
000B
000C
0749
0450
0262
0027
0263
001A
0013
0014
0264
0014
0002
0002
0014
0014
0014
0016
0017
0018
0019
0014
001A
0002
0014
0014
0014
0014
0002
0021
001D
001D
0019
001F
0010
0014
0002
0014
0002
0002
0014
0020
001A
0010
0022
0014
0020
0002
0014
0014
0014
0014
0014
0024
0020
0012
0025
0014
0012
0014
0002
0002
0014
0014
0014
001D
001C
0024
0019
0014
001E
0014
0002
0014
0014
0014
0014
0024
001A
0016
0025
0026
0016
0014
0014
0002
0002
0002
0002
0012
0012
0018
0028
0014
001A
0014
0014
0002
0014
0014
0014
0028
0029
0016
0028
0014
002A
0002
0014
0014
0014
0014
0014
0027
002B
0012
0027
0013
002C
0014
0002
0014
0014
0014
0002
0019
002D
0010
0013
0014
002F
0014
0014
0014
0014
0014
0002
0019
0030
0024
0014
0014
00F8
0002
0014
0002
0014
0014
0002
0032
00FF
02FA
02CC
0036
0014
0037
0038
0218
026A
026B
003C
003D
074A
0002
0014
0507
070B
0040
0041
0042
0043
0044
0045
01C4
00B0
00B9
0049
004A
004B
00BC
004D
026E
004F
00D2
0014
0052
074B
02FF
0055
0157
0272
0115
0300
0116
0014
00C3
005B
022B
04AF
00DB
005F
0060
00C2
011A
0014
05A2
00C8
0065
0066
0067
0068
024E
006A
006B
006C
0132
00CC
0250
06A4
0071
0072
00B8
0124
00D2
0014
06DB
074C
06C6
0253
074D
007B
01CB
031A
007E
0014
0342
074E
074F
0750
010F
0084
0487
0751
011A
0051
0192
0193
0752
0716
011F
008D
0285
00D0
0036
0014
012E
01D6
0488
0753
03D9
0047
0503
00E6
0014
0014
03F3
0463
048A
00EA
03C9
0002
0003
0651
0754
0006
0007
00EF
0009
000A
000B
00F3
000D
000E
000F
0010
001D
0012
0014
0014
001E
0014
0002
0002
0014
0014
0014
0016
0020
0012
0013
0014
001A
0002
0002
0014
0002
0002
0014
001B
001C
0010
001E
0027
0016
0014
0002
0014
0002
0002
0014
001B
001E
0021
0023
0014
0020
0014
0014
0002
0014
0014
0014
001D
001D
0024
001F
0014
0024
0014
0014
0014
0014
0002
0014
0024
001C
0012
0019
0014
0016
0014
0002
0014
0002
0002
0014
001B
001F
0010
0027
0014
0012
0014
0014
0014
0002
0002
0002
0018
001A
0010
0027
0014
0025
0014
0014
0014
0014
0014
0002
0014
00A9
03A3
0014
0014
048E
0014
0014
0014
0014
0014
0014
0027
040D
048F
0028
0014
0244
0014
0014
0014
0014
0014
0014
0027
040D
002E
0028
0014
002F
0014
0014
0014
0014
0014
0014
0025
016E
0031
0028
0014
002C
0014
0014
0014
0014
0014
0014
03D0
0033
040E
0035
0014
0014
0755
04F8
05FF
0566
003B
003C
003D
0035
0116
0014
04DC
0109
0756
071E
021F
0043
0143
0220
0046
0047
0037
0221
0222
0223
018F
02A5
004E
051A
0097
0014
0214
0053
04FD
017D
0056
0057
0058
0059
0050
0014
005A
0301
005C
069E
005E
005F
0060
0061
0097
0014
011B
0064
0065
0230
0478
0068
0069
0182
01C4
0014
0148
0757
0758
0122
043F
0072
0156
0074
0075
0014
0157
0077
0759
01C9
0702
0014
0382
041E
0014
0014
007F
01FC
075A
047F
012C
0215
0085
04A2
0087
0014
0088
015D
03EE
008B
008C
0284
008E
008F
0036
0014
01D5
0203
0091
0092
0093
0094
0095
0096
011A
0014
0098
0099
009A
009B
0704
0002
01A2
0004
075B
0006
0007
04A7
042A
075C
075D
02F6
075E
03F7
0262
0027
0263
001F
0013
0014
0264
0014
0002
0014
0014
0014
0014
0027
00A6
0018
0019
0014
00A7
0002
0002
0014
0014
0014
0002
0021
001D
001D
0022
001F
0010
0014
0002
0002
0002
0002
0014
0020
001A
0010
0022
0023
0010
0002
0014
0014
0014
0014
0014
0018
0020
0012
0025
0014
0012
0014
0002
0002
0014
0002
0014
001D
001C
0024
0025
0014
0018
0014
0002
0014
0014
0014
0014
0024
001A
0016
0025
0026
0016
0014
0014
0002
0014
0002
0002
0012
0012
0018
0028
0014
001A
0002
0014
0002
0014
0014
0014
0028
0030
0016
0028
0014
00A9
0002
0014
0014
0014
0014
0014
0027
002B
0015
0027
0013
0452
0014
0002
0014
0014
0014
0002
0019
002D
0010
0013
0014
002F
0014
0014
0014
0002
0014
0002
0019
00F7
0016
0019
0014
002F
0002
0014
0002
0014
0014
0002
01B4
00FF
02FA
0217
0036
0014
0037
0140
05A9
070A
02C4
00B0
075F
021A
0002
0014
0507
070B
0456
00B5
00B6
01EC
0044
0045
0050
00B0
00B9
0049
0249
01EE
00BC
004D
026E
004F
0050
0051
0052
0760
0737
037D
0312
0272
00B8
0300
0116
0014
01B9
014E
0761
04AF
004C
01F3
0060
00C2
0062
0014
022E
00C8
0762
03FE
0067
0068
0069
006A
006B
006C
0132
006E
006F
0279
0071
03EA
0073
03BF
00D2
0014
0125
0763
03C0
0764
0765
007B
0744
0766
007E
0014
0125
0712
0767
0768
00DB
0084
0190
0307
011A
0051
0192
0193
0769
076A
00C1
008D
076B
076C
0036
0014
012E
076D
0488
076E
0148
0047
076F
00E6
0097
0014
03F3
0770
00E9
00EA
03C9
0002
0003
0376
050D
0771
0007
0008
0772
000A
000B
01A8
000D
000E
00A5
0010
001D
0012
0013
0014
001E
0014
0014
0002
0014
0014
0014
0016
0020
001E
0028
0014
001A
0002
0014
0014
0002
0002
0002
001B
001B
0024
001E
0019
0024
0014
0002
0014
0002
0002
0014
001B
001E
0024
0025
0014
0020
0014
0014
0014
0014
0014
0014
0024
0021
0024
001F
0014
0024
0014
0014
0014
0014
0014
0014
0024
001C
0015
0019
0014
0016
0014
0002
0014
0014
0002
0014
001B
0022
0010
0027
0014
0012
0014
0014
0014
0002
0014
0002
0012
001E
0010
0028
0014
0022
0014
0014
0014
0014
0014
0002
0028
00A9
0773
0014
0014
048E
0014
0014
0014
0014
0014
0014
0027
040D
0311
0014
0014
0244
0014
0014
0014
0014
0014
0002
0019
040D
0018
0014
0014
002F
0014
0014
0014
0014
0014
0002
0025
002D
0012
0014
0014
002C
0014
0014
0014
0014
0014
0002
03D0
0033
040E
00AC
0036
0014
0101
05B7
042E
0566
00AF
003C
0106
0035
0002
0014
0483
0774
0775
0776
010C
0043
00B8
0220
0046
0215
013F
01F0
0222
0223
01B4
017A
00BD
0147
0050
0014
051B
0777
056E
0778
00E0
0114
0058
0061
0050
0014
00C3
056F
022B
069E
022D
005F
01BE
00C2
0097
0014
0417
00C8
0181
0779
0417
0068
0069
0182
01C4
0014
0148
0643
077A
077B
0432
0072
0440
0124
007E
0014
0314
077C
077D
077E
02D6
006C
015B
034C
0014
0014
018D
077F
0780
0781
012C
0237
0782
0783
0014
0014
028A
01D1
0784
0449
01D3
00B0
0785
008F
0014
0014
0786
0309
0787
03C4
0137
0094
0788
00E6
0014
0014
0786
0789
078A
078B
009C
0002
044C
01DC
0005
0006
0007
023F
0009
01DF
030E
01E1
078C
03F7
02C0
0027
0169
0015
0014
0014
00A9
0014
0002
0002
0014
0014
0014
0027
01E5
0018
0019
0014
00F8
0002
0002
0014
0014
0014
0002
0021
001C
001D
0022
001F
0016
0014
0002
0002
0002
0002
0014
0020
001E
0021
0022
0023
0010
0002
0014
0002
0014
0014
0014
001D
0020
0018
0025
0014
0012
0014
0002
0002
0014
0002
0014
001D
0020
0024
0025
0014
0018
0014
0002
0014
0002
0014
0014
0010
001A
0016
0025
0026
0016
0014
0014
0002
0014
0002
0002
0018
0012
0018
0027
0014
001A
0002
0014
0002
0014
0014
0014
0028
00A8
0016
0028
0014
00A9
0002
0014
0014
0014
0014
0014
0027
02F9
0024
0027
0013
00AA
0014
0002
0014
0014
0014
0014
0019
002D
002E
0028
0014
002F
0014
0014
0014
0002
0014
0014
0019
016E
0031
0019
0014
002F
0002
0014
0002
0014
0014
0002
01B4
00FF
078D
0035
0014
0014
00AD
0140
0039
03F9
037A
00B0
01EA
0107
0116
0014
003E
003F
01EB
00B5
00B6
0057
0044
0045
0050
0047
0048
0049
0249
01EE
004C
004D
004E
004F
0062
0051
022A
02E6
01EF
02CA
02D0
0057
00B8
0059
0097
0014
0117
014E
0323
0324
01F2
01F3
0060
0061
0062
0014
00C7
0064
01F4
01F5
0067
0068
0069
006A
006B
006C
01F7
006E
006F
0070
00CF
0186
0073
0074
0075
0014
0076
0459
0078
078E
007A
007B
018B
078F
007E
0014
015C
0790
0235
0791
0083
0084
0480
0307
0087
0051
0088
0089
058D
0403
0132
008D
03F0
0133
0036
0014
0088
0203
0135
0792
005E
0047
03F2
0096
0097
0014
00E7
0206
009A
009B
02BC
0002
0003
0004
0793
0006
0007
025E
01DE
000A
000B
0592
000D
000E
03DF
0010
0020
0012
0014
0014
0015
0014
0002
0002
0014
0014
0014
0016
0020
0018
0019
0014
001A
0002
0014
0014
0002
0014
0002
001B
001C
001D
0022
0019
0016
0014
0002
0014
0002
0002
0014
0020
001E
0024
0023
0014
0020
0002
0014
0014
0014
0014
0014
0024
001D
0024
001F
0014
0024
0014
0002
0002
0014
0002
0014
001D
001C
0024
0019
0014
0016
0014
0002
0014
0014
0002
0014
001B
0022
0024
0019
0014
0016
0014
0014
0002
0002
0002
0002
0012
001A
0010
0028
0014
0025
0014
0014
0014
0014
0014
0014
0028
00FA
0510
0028
0014
00A7
0002
0014
0014
0014
0014
0014
0027
002D
0018
0028
0014
0244
0014
0014
0014
0014
0014
0014
0019
00FD
002E
0028
0014
0267
0014
0014
0014
0002
0014
0014
0019
00F7
0031
0019
0014
00F8
0014
0014
0014
0014
0014
0014
03D0
0033
040E
00AC
0014
0014
0345
0038
00AE
003A
003B
003C
014C
0035
0002
0014
0432
021C
06BF
0794
021F
0043
0414
0045
007E
0047
013F
0056
0795
03A5
01B4
01B5
00BD
0796
0097
0014
0052
00C0
0320
0678
00E0
0114
0058
0061
0050
0014
00C3
005B
022B
005D
022D
005F
00D1
0061
0097
0014
011B
03D3
0797
0798
0478
0068
0069
0182
01C4
0014
011F
00CC
0799
079A
0123
0072
02D4
027A
00D2
0014
0125
041A
079B
0525
015A
006C
079C
0554
007E
0014
018D
079D
079E
079F
04A1
0237
07A0
0086
011A
0014
0333
07A1
07A2
07A3
0132
00B0
07A4
008F
0036
0014
0198
0203
07A5
0339
0093
0094
0530
00E6
0097
0014
0138
0099
07A6
0160
0001
0002
044C
07A7
0005
0006
0007
0353
0009
01DF
030E
000C
0727
013C
02C0
0027
0169
0015
0013
0014
00F8
0014
0002
0002
0014
0014
0014
0027
01E5
0012
0014
0014
00F8
0002
0002
0014
0014
0002
0014
0010
0020
0016
001E
001F
0024
0014
0002
0002
0002
0014
0014
001B
001E
0021
0022
0023
0010
0002
0014
0002
0014
0014
0014
001D
0020
0018
0019
0014
001E
0014
0014
0014
0014
0002
0014
0023
0020
0012
0025
0014
0018
0014
0002
0014
0002
0014
0014
0018
001A
0016
0025
0026
0016
0014
0014
0014
0014
0002
0002
0018
0012
0018
0027
0014
001A
0002
0014
0002
0014
0014
0002
0028
00A8
0016
0014
0014
00A9
0002
0014
0014
0014
0014
0014
0027
02F9
0024
0027
0013
00AA
0014
0002
0014
0014
0014
0002
0019
002D
0010
0013
0014
002F
0014
0014
0014
0014
0014
0002
0025
016E
0016
0014
0014
00AA
0002
0014
0002
0014
0014
0002
01B4
00FF
0268
0035
0036
0014
013F
03B4
01E8
07A8
02C4
00B0
07A9
0107
0014
0014
003E
02FD
01EB
00B5
00B6
01EC
0044
010D
0046
00B0
0048
0179
01ED
01EE
004C
004D
004E
004F
0050
0051
01D3
02E6
01EF
0508
01CA
0057
00B8
0059
0116
0014
0439
02AA
05CC
06F3
0032
01F3
0060
0096
0062
0014
00C7
07AA
07AB
01F5
0067
0068
0069
006A
006B
006C
006D
0120
006F
0070
00CF
0186
0073
0074
0075
0014
0157
0459
0078
0079
027C
007B
045B
036E
0014
0014
015C
0080
073A
05FA
0083
0084
07AC
012D
0087
0051
0088
0089
0308
0131
01D3
008D
07AD
00BE
0036
0014
0088
0309
0135
0136
03D9
0084
07AE
0096
0014
0014
00E7
07AF
009A
03F4
0001
0002
0003
0376
03AC
0429
0007
00EF
0409
030D
020D
0260
000D
000E
000F
0010
001D
0015
0014
0014
0015
0014
0002
0002
0014
0014
0014
0022
040A
0012
0019
0014
00A7
0002
0002
0014
0002
0002
0002
001B
001C
0016
001E
0014
0016
0014
0002
0002
0002
0002
0014
0020
001E
0021
0025
0023
0024
0002
0014
0002
0014
0014
0014
001D
001D
0018
001F
0014
0024
0014
0014
0014
0014
0002
0014
0024
001C
0018
0025
0014
0016
0014
0002
0014
0002
0002
0014
001B
001F
0010
0023
0014
0012
0014
0014
0014
0014
0002
0002
0018
0015
0010
0027
0014
0022
0002
0014
0014
0014
0014
0002
0028
0469
0773
0014
0014
0244
0014
0014
0014
0014
0014
0014
0027
040D
0773
0028
0014
0267
0014
0014
0014
0014
0014
0014
0027
040B
0010
0028
0014
002F
0014
0014
0014
0002
0014
0014
0025
0245
0016
0019
0014
00AA
0014
0014
0014
0014
0014
0014
0214
0033
040E
0035
0014
0014
0313
04F8
073F
046C
0430
0151
07B0
0035
0002
0014
0390
0109
0412
0413
010C
0043
0143
0045
0046
0014
0048
0221
0606
03A5
010F
0224
004E
04BB
0062
0051
01D3
0438
0395
03BA
0056
0114
0058
0059
0050
0014
0117
0301
005C
0641
005E
005F
0060
0061
0062
0014
0063
0064
011C
0416
0478
0068
0069
0182
01C4
0014
006D
0757
0231
0070
05CE
0186
00D1
027A
0075
0014
0296
07B1
027B
032D
015A
006C
05F8
07B2
0014
0014
007F
0080
01CD
0331
012C
0215
07B3
07B4
011A
0014
0192
01D1
07B5
0336
008C
0284
07B6
008F
0036
0014
03F3
0203
044A
0339
0137
0094
019D
0096
0097
0014
0138
0099
028C
009B
016C
0002
044C
01DC
0748
0006
0007
00A0
0009
02F5
01E0
00A3
07B7
07B8
03A2
0027
0263
0012
0013
0014
002F
0014
0002
0002
0014
0014
0014
0016
0017
0018
0014
0014
001A
0002
0014
0014
0014
0014
0002
0021
001D
001D
0022
001F
0024
0014
0014
0014
0002
0002
0014
001B
001A
0010
0022
0014
0020
0014
0014
0014
0014
0014
0014
0024
0020
0024
0025
0014
001E
0014
0002
0002
0014
0014
0014
001D
001C
0024
0019
0014
001E
0014
0002
0014
0014
0014
0014
0024
001A
0016
0025
0026
0016
0014
0014
0002
0002
0002
0002
0012
0012
0018
0028
0014
001A
0014
0014
0002
0014
0014
0014
0028
0029
0016
0028
0014
002A
0002
0014
0014
0014
0014
0014
0027
02F9
0015
0027
0013
002C
0014
0002
0014
0014
0014
0002
0019
002D
002E
0013
0014
002F
0014
0014
0014
0014
0014
0002
0019
016E
0031
0014
0014
00F8
0002
0014
0002
0014
0014
0002
0032
00FF
02FA
02CC
0036
0014
0037
0038
0378
026A
026B
003C
003D
074A
0014
0014
0507
02FD
0040
00B5
02A4
0057
0044
010D
0225
0047
01B0
0049
03FA
03FB
00BC
004D
0225
004F
0050
0014
0052
0457
02FF
0055
0117
0057
00B8
0300
0116
0014
00C3
005B
05F6
04AF
004C
01F3
0060
00C2
011A
0014
0202
00C8
07B9
03FE
0067
0068
0069
006A
006B
006C
011F
006E
0250
06A4
0071
0072
0073
0074
00D2
0014
0076
0077
0252
0253
014E
007B
007C
07BA
007E
0014
00BC
07BB
07BC
0750
004C
0084
0085
005F
0087
0051
0088
0089
07BD
07BE
011F
008D
008E
00D0
0036
0014
0088
0309
0404
0462
005E
0047
0095
00E6
0014
0014
00E7
0770
015F
0407
07BF
0002
0003
0651
050D
0771
0007
0008
07C0
00A1
000B
020E
000D
000E
00A5
0010
0011
0012
0014
0014
0015
0014
0002
0002
0014
0014
0014
0022
016A
001E
0019
0014
00A7
0002
0002
0014
0002
0002
0002
001B
001B
001D
001E
0019
0010
0014
0002
0014
0002
0002
0014
0020
001E
0010
0025
0023
0020
0002
0014
0014
0014
0014
0014
0024
001B
0024
001F
0014
0024
0014
0014
0014
0014
0014
0014
001D
001C
0024
0019
0014
0016
0014
0002
0014
0014
0002
0014
001B
001F
0016
0027
0026
0012
0014
0014
0002
0002
0002
0002
0012
001E
0010
0028
0014
0022
0014
0014
0014
0014
0014
0002
0013
00A8
0016
0014
0014
00F8
0002
0014
0014
0014
0014
0014
0027
002B
0018
0014
0014
00AA
0014
0002
0014
0014
0014
0002
0019
002D
0018
0014
0014
002F
0014
0014
0014
0014
0014
0002
0025
00AB
0012
0014
0014
002C
0014
0014
0014
0014
0014
0002
0032
0033
040E
0035
0014
0014
04C9
05B7
0039
003A
00AF
0151
0698
0035
0036
0014
010C
0568
07C1
0413
0178
0043
0414
0045
0046
0215
013F
07C2
0606
04CC
00BC
0224
004E
004F
0050
0051
064D
056D
0395
0396
00E0
017E
0058
0059
0050
0014
04FF
01BA
005C
017F
00DB
005F
01BE
005F
0097
0014
021B
07C3
06A0
07C4
07C5
0068
0069
0182
01C4
006C
0148
006E
00CD
0070
0123
00D0
0073
03BF
007E
0014
06DB
0574
06C6
0442
027C
00D7
07C6
007D
0014
0014
0125
07C7
04E9
0613
0083
00DC
07C8
0086
0014
0014
028A
05FE
008A
01D2
01D3
008D
0717
008F
0014
0014
039D
07C9
00E3
07CA
0137
0094
06FB
00E6
0014
0014
0138
07CB
00E9
07CC
0001
0002
01A2
0004
0005
0006
0007
07CD
0009
020C
030E
000C
07CE
03F7
02C0
0027
00AB
0015
0013
0014
00F8
0014
0002
0002
0014
0014
0014
0016
00F9
0018
0028
0014
001A
0002
0002
0014
0014
0014
0002
0021
001C
0016
0022
001F
0016
0014
0002
0002
0002
0002
0014
001D
001E
0021
0022
0014
0010
0002
0014
0002
0014
0014
0014
001D
0020
0012
0023
0014
0015
0014
0002
0002
0014
0002
0014
0024
0020
0012
0025
0014
0018
0014
0002
0014
0002
0014
0014
0010
001A
0010
0025
0014
0016
0014
0014
0014
0014
0014
0014
0018
0012
0018
0027
0014
001A
0002
0014
0002
0014
0014
0014
0028
0211
00FB
0028
0014
002A
0002
0014
0014
0014
0014
0014
0027
002D
0024
0027
0013
00F8
0014
0014
0014
0014
0014
0014
0027
03A3
002E
0028
0014
002F
0014
0014
0014
0002
0014
0014
0019
0030
0031
0019
0014
002F
0002
0014
0002
0014
0014
0002
0296
00FF
02FA
05B6
0036
0014
013F
07CF
07D0
07D1
0141
003C
003D
0107
0002
0014
003E
0109
0040
07D2
00B6
0057
0044
010D
0050
0047
0048
0056
01ED
01EE
018F
004D
037C
0110
0062
0014
022A
063D
01EF
02CA
02D0
0057
00B8
0300
0097
0014
0117
014E
07D3
04AF
01F2
01F3
0060
0061
0062
0014
00C7
0064
01F4
01F5
0348
01F6
010E
006A
006B
0014
01F7
03A7
0250
03A8
01F8
0072
00B8
0074
0075
0014
0076
0304
0252
0079
015A
007B
0382
01FB
007E
0014
007F
07D4
0235
07D5
04A1
0084
0085
012D
0087
0051
0088
07D6
07D7
07D8
0132
0047
008E
0133
0036
0014
0088
07D9
0135
0792
005E
00B0
0095
0096
0097
0014
00E7
07DA
009A
009B
02BC
0002
0003
0004
03AC
0006
0007
0008
0409
000A
000B
0260
000D
000E
00A5
0010
001D
0012
0014
0014
0015
0014
0002
0002
0014
0014
0014
0016
0020
0012
0019
0014
001A
0002
0002
0014
0002
0002
0002
001B
001C
001D
001E
0019
0016
0014
0002
0014
0002
0002
0014
0020
001E
0021
0023
0014
0010
0002
0014
0002
0014
0014
0014
0024
001D
0024
001F
0014
0024
0014
0014
0014
0014
0002
0014
0024
001C
0024
0028
0014
0016
0014
0002
0014
0002
0002
0014
001B
001F
0010
0027
0014
0012
0014
0014
0014
0014
0002
0002
0012
001E
0010
0027
0014
0022
0014
0014
0014
0014
0014
0002
0028
0266
0773
0014
0014
048E
0014
0014
0014
0014
0014
0014
0027
040B
016B
0028
0014
0244
0014
0014
0014
0014
0014
0014
0027
040D
0010
0028
0014
002F
0014
0014
0014
0002
0014
0014
0025
002D
0016
0019
0014
00AA
0014
0014
0014
0014
0014
0014
0214
0033
040E
0035
0014
0014
0101
0171
073F
046C
003B
003C
07DB
0035
0002
0014
010C
021C
071D
0413
010C
0043
0414
0045
0046
0215
013F
0221
0606
03A5
018F
0224
004E
051A
0097
0014
017B
0053
0395
0396
0056
0114
0058
0059
0050
0014
005A
0118
005C
07DC
005E
005F
00D1
0061
0097
0014
021B
03D3
0797
0798
0478
023B
0069
0182
01C4
0014
0183
01C5
06B2
0070
0123
0072
0440
027A
0075
0014
00BC
041A
07DD
0525
015A
006C
0382
0554
0014
0014
018D
079D
07DE
07DF
012C
0215
0385
0446
011A
0014
0192
01D1
07E0
07E1
008C
0284
03D6
008F
0036
0014
03F3
0203
07E2
0339
0137
0094
03DA
0096
0097
0014
0138
0099
028C
009B
0001
0002
044C
068B
025D
0006
0007
03A0
0009
05EF
030E
00A3
07E3
03F7
02C0
0027
0263
001A
0013
0014
00F8
0014
0002
0014
0014
0014
0014
0027
01E5
0018
0014
0014
00F8
0002
0002
0014
0014
0014
0014
0021
0020
0016
0025
001F
0024
0014
0002
0002
0002
0014
0014
001D
001A
0010
0022
0023
0020
0002
0014
0014
0014
0014
0014
001D
0020
0012
0019
0014
001E
0014
0002
0002
0014
0014
0014
001D
0020
0015
0025
0014
0018
0014
0014
0014
0014
0014
0014
0024
001A
0016
0025
0026
0016
0014
0014
0002
0002
0002
0002
0018
0012
0018
0028
0014
001A
0002
0014
0002
0014
0014
0014
0028
00A8
0016
0028
0014
00A9
0002
0014
0014
0014
0014
0014
0027
02F9
0015
0027
0013
0452
0014
0002
0014
0014
0014
0002
0019
002D
002E
0013
0014
002F
0014
0014
0014
0014
0014
0002
0019
016E
0031
0014
0014
00F8
0002
0014
0002
0014
0014
0002
01B4
00FF
02FA
02CC
0036
0014
013F
0140
0218
070A
02C4
00B0
05F2
021A
0014
0014
003E
00B3
0456
00B5
00B6
0057
0044
010D
0050
0047
0048
07E4
01ED
01EE
00BC
004D
0050
004F
0050
0051
022A
07E5
0737
04F5
0117
0057
00B8
0300
0116
0014
02A9
00D6
05F6
04AF
018F
01F3
0060
00AC
0062
0014
00C7
03E8
05F7
07E6
0067
0068
024E
006A
006B
006C
0132
0120
0250
03A8
00CF
0186
0073
0074
00D2
0014
0157
00D4
0078
0079
027C
007B
018B
036E
007E
0014
015C
0080
073A
0768
0083
0084
07E7
012D
0087
0051
0088
0089
07E8
07E9
011F
008D
07AD
076C
0036
0014
0088
0350
07EA
07EB
005E
0047
07AE
0362
0014
0014
00E7
0406
07EC
07ED
02BC
0002
0003
0004
01A4
0006
0007
0008
0467
000A
000B
02BE
000D
000E
00A5
0010
0020
0012
0014
0014
0015
0014
0002
0002
0014
0014
0014
0016
0020
0012
0019
0014
001A
0002
0014
0014
0002
0002
0002
001B
001B
001D
001E
0019
0016
0014
0002
0014
0002
0002
0014
0020
001E
0024
0023
0014
0020
0002
0014
0014
0014
0014
0014
0024
001B
0024
001F
0014
0024
0014
0014
0014
0014
0002
0014
001D
001C
0024
0019
0014
0016
0014
0002
0014
0014
0002
0014
001B
001F
0024
0027
0014
0012
0014
0014
0002
0014
0002
0002
0012
001E
0010
0027
0014
0022
0014
0014
0014
0014
0014
0002
0028
0266
0773
0014
0014
048E
0014
0014
0014
0014
0014
0014
0027
040B
0773
0028
0014
0244
0014
0014
0014
0014
0014
0014
0019
040D
0024
0028
0014
0267
0014
0014
0014
0002
0014
0014
0025
002D
0024
0019
0014
00AA
0014
0014
0014
0014
0014
0014
03D0
0033
040E
0035
0014
0014
0345
0565
073F
046C
00AF
003C
07DB
0035
0002
0014
010C
0568
071D
0413
010C
0043
0414
0045
0046
0215
013F
07C2
0606
07EE
00BC
0224
004E
051A
0097
0014
064D
056D
0395
0396
00E0
0397
0058
0059
0050
0014
005A
056F
005C
017F
00DB
005F
00D1
0061
0097
0014
021B
07C3
0797
07EF
0478
0068
0069
0182
01C4
0014
0148
01C5
00CD
0070
0123
0072
02D4
0187
0075
0014
06DB
0574
047A
0525
02D6
006C
015B
0554
0014
0014
018D
07F0
07F1
07F2
0083
0237
07F3
0446
011A
0014
0333
03E2
07F4
07F5
00E0
00B0
07F6
008F
0036
0014
0198
01D9
07A5
07F7
0137
0094
01D8
0096
0097
0014
0138
07F8
028C
07F9
0001
0002
044C
068B
0005
0006
0007
03A0
0009
0692
030E
000C
07E3
03F7
01E4
0027
0263
001A
0013
0014
00F8
0014
0002
0014
0014
0014
0014
0027
01E5
0018
0014
0014
00F8
0002
0002
0014
0014
0014
0014
0021
001C
0016
0025
001F
0024
0014
0002
0002
0002
0014
0014
001D
001A
0021
0022
0023
0010
0002
0014
0002
0014
0014
0014
001D
0020
0012
0019
0014
001E
0014
0002
0002
0014
0002
0014
0023
0020
0015
0025
0014
0018
0014
0002
0014
0002
0014
0014
0018
001A
0016
0025
0026
0016
0014
0014
0014
0002
0002
0014
0018
0012
0018
0028
0014
001A
0002
0014
0002
0014
0014
0014
0028
00A8
0016
0028
0014
00A9
0002
0014
0014
0014
0014
0014
0027
02F9
0024
0027
0013
00AA
0014
0002
0014
0014
0014
0002
0019
002D
002E
0013
0014
002F
0014
0014
0014
0014
0014
0002
0019
016E
0031
0014
0014
00F8
0002
0014
0002
0014
0014
0002
01B4
00FF
02FA
05B6
0036
0014
013F
0140
0218
070A
0141
00B0
07A9
021A
0014
0014
003E
0109
0456
07FA
00B6
0057
0044
010D
0050
0047
0048
0056
01ED
01EE
018F
004D
0050
004F
0050
0051
022A
02E6
01EF
02CA
02D0
0057
00B8
0300
0116
0014
02A9
014E
05F6
04AF
01F2
01F3
0060
00AC
0062
0014
00C7
0064
05F7
07E6
0067
0068
024E
006A
006B
006C
01F7
0120
0250
03A8
00CF
0186
0073
0074
00D2
0014
0076
00D4
0078
0079
007A
007B
018B
036E
007E
0014
015C
0790
0235
07FB
012C
0084
07E7
012D
0087
0051
0088
07FC
07FD
07FE
0132
008D
07AD
0372
0036
0014
0088
0090
0564
07FF
005E
0047
07AE
02F3
0014
0014
00E7
05A4
0800
0801
07BF
0002
0003
0651
050D
0006
0007
0008
0467
0241
000B
02BE
000D
000E
00A5
0010
0020
0015
0014
0014
0015
0014
0014
0002
0014
0014
0014
0022
0709
0012
0019
0014
00A7
0002
0002
0014
0014
0014
0002
001B
001B
001D
001E
0019
0016
0014
0002
0002
0002
0002
0014
0020
001E
0010
0025
0023
0020
0002
0014
0014
0014
0014
0014
001E
001B
0018
001F
0014
0024
0014
0014
0014
0014
0014
0014
0024
001C
0024
0019
0014
0016
0014
0002
0014
0014
0002
0014
001B
001F
0010
0027
0014
0012
0014
0014
0002
0014
0002
0002
0012
001E
0010
0027
0014
0022
0014
0014
0014
0014
0014
0014
0013
00A8
0024
0014
0014
03B3
0014
0014
0014
0014
0014
0014
0027
002B
0024
0028
0014
00AA
0014
0014
0014
0014
0014
0002
0019
013D
0024
0028
0014
002F
0014
0014
0014
0014
0014
0002
0025
035B
0024
0028
0014
00AA
0014
0014
0014
0014
0014
0002
03D0
0033
040E
0035
0014
0014
02C2
05B7
073F
046C
026B
0151
0698
0035
0116
0014
0390
0802
0412
0413
010C
0043
0143
0045
0046
0215
0037
07C2
0606
04CC
00BC
0224
004E
0147
0050
0051
051B
056D
0395
0396
022A
0321
0058
0059
0050
0014
005A
056F
005C
06F3
00DB
005F
0060
0096
0097
0014
0276
0572
06A0
07C4
0478
0068
0069
0182
01C4
0014
0148
006E
06B2
0070
0123
00D0
0073
03BF
0075
0014
0803
0574
03C0
047B
027C
00D7
045B
007D
0014
0014
018D
07F0
04E9
0613
0083
00DC
07C8
0086
011A
0014
0333
03B6
008A
01D2
01D3
008D
0717
008F
0036
0014
0198
0804
00E3
07CA
0137
0094
06FB
0096
011A
0014
028A
0805
028C
07F9
0001
0002
01A2
0004
0005
0006
0007
0806
0009
02F5
0807
000C
05F0
03F7
02C0
0027
0263
0012
0013
0014
00F8
0014
0002
0014
0014
0014
0014
0016
0017
0018
0028
0014
001A
0014
0002
0014
0002
0002
0002
0021
001C
0016
001E
001F
0018
0014
0002
0014
0002
0002
0014
001B
001A
0021
0022
0014
0010
0002
0014
0002
0014
0014
0014
001D
0020
0024
0023
0014
0015
0014
0002
0002
0014
0002
0014
001D
0020
0015
0025
0014
0018
0014
0002
0014
0002
0014
0014
0024
001A
0016
0025
0026
0016
0014
0014
0014
0002
0002
0002
0018
0012
0018
0028
0014
001A
0002
0014
0002
0014
0014
0002
0028
0211
016C
0028
0014
002A
0002
0014
0014
0014
0014
0014
0027
002D
0024
0027
0013
00F8
0014
0002
0014
0014
0014
0014
0027
002D
002E
0013
0014
002F
0014
0014
0014
0002
0014
0014
0019
0030
0031
0019
0014
00F8
0002
0014
0002
0014
0014
0014
01B4
00FF
02FA
05B6
0036
0014
013F
0808
0378
0809
0141
003C
003D
02A1
0002
0014
00B2
080A
0040
07FA
00B6
0057
0044
010D
010E
0047
02FE
0056
01ED
01EE
018F
004D
0050
004F
0062
0014
022A
02A6
01EF
02CA
02D0
0057
00B8
0300
0097
0014
02A9
014E
05F6
005D
01F2
01F3
0060
0061
0062
0014
0063
080B
01F4
07E6
0067
0068
0069
006A
006B
006C
01F7
03A7
0250
03A8
01F8
0072
00B8
0074
00D2
0014
0076
00D4
0252
0079
015A
007B
0382
01FB
007E
0014
015C
0790
0235
080C
04A1
0084
0085
012D
0087
0051
0088
080D
080E
080F
0132
0047
008E
0372
0036
0014
0088
0810
0564
07FF
005E
00B0
0095
005F
0097
0014
0098
0811
0703
0812
02BC
0002
0003
0004
01A4
0006
0007
00EF
0772
000A
00A2
050F
0242
000E
00A5
0010
001D
0012
0014
0014
0015
0014
0002
0002
0014
0014
0014
0016
0020
0012
0019
0014
001A
0002
0002
0014
0002
0002
0002
001B
001B
001D
001E
0027
0016
0014
0002
0014
0002
0002
0014
0020
001E
0024
0023
0014
0010
0002
0014
0002
0014
0014
0014
001E
001D
0024
001F
0014
0024
0014
0014
0014
0014
0002
0014
001D
001C
0024
0028
0014
0016
0014
0002
0014
0002
0002
0014
001B
001F
0010
0023
0014
0012
0014
0014
0014
0002
0002
0002
0012
001E
0010
0027
0014
0022
0014
0014
0014
0014
0014
0002
0028
0266
0510
0014
0014
02F8
0014
0014
0014
0014
0014
0014
0027
040B
0510
0028
0014
0244
0014
0014
0014
0014
0014
0014
0019
040D
002E
0028
0014
0267
0014
0014
0014
0002
0014
0014
0025
0245
0031
0019
0014
002C
0014
0014
0014
0014
0014
0014
0214
0033
040E
0035
0014
0014
0101
0171
05FF
0566
003B
003C
0813
0035
0002
0014
0814
0675
0815
0816
0434
00B7
0414
0045
0046
0047
013F
0221
03E4
0817
018F
017A
004E
051A
0097
0014
017B
0053
056E
017D
01F0
0114
0058
0059
0050
0014
005A
0118
01F1
0641
01F2
0151
00D1
0061
0097
0014
011B
00C8
0818
0819
0478
050A
0069
0182
01C4
0014
0183
01C5
0380
0329
0123
0072
02D4
027A
0075
0014
0125
041A
079B
0525
02D6
007B
015B
0554
0014
0014
018D
027E
0577
041F
012C
00B0
0555
0446
011A
0014
028A
01D1
081A
0425
00E0
00B0
0556
008F
0036
0014
081B
0286
081C
0258
0093
0094
081D
0096
0097
0014
0138
00E8
05EE
0532
0001
0002
044C
081E
0005
0006
0007
00A0
0009
081F
00F2
00A3
0749
0450
02C0
0027
0263
001A
0013
0014
002F
0014
0002
0014
0014
0014
0014
0022
016A
0018
0014
0014
002F
0002
0002
0014
0014
0014
0002
0021
001C
0010
0025
001F
0024
0014
0002
0002
0002
0014
0014
001B
001A
0021
0022
0023
0020
0014
0014
0014
0014
0014
0014
001D
0020
0012
0019
0014
001E
0014
0002
0002
0014
0014
0014
0024
001C
001E
0025
0014
0018
0014
0002
0014
0014
0014
0014
0024
001A
0016
0025
0026
0016
0014
0014
0002
0014
0002
0002
0018
0012
0018
0028
0014
001A
0002
0014
0002
0014
0014
0014
0013
00A8
0016
0028
0014
00A9
0002
0014
0014
0014
0014
0014
0027
02F9
0024
0027
0013
0452
0014
0002
0014
0014
0014
0002
0019
0820
0010
0013
0014
002F
0014
0014
0014
0014
0014
0002
0027
016E
0024
0014
0014
002F
0002
0014
0002
0014
0014
0002
03CD
00FF
02FA
0509
0036
0014
013F
030A
0218
070A
02C4
0151
0455
0217
0014
0014
003E
003F
05B8
0041
0042
0043
0044
010D
0050
00B0
0048
07E4
004A
004B
00BC
004D
0050
004F
0050
0051
022A
0821
0822
04F5
0157
0057
0115
0300
0116
0014
01B9
005B
022B
04AF
00DB
005F
0060
0114
0062
0014
00C7
0064
0065
0066
0067
0068
024E
006A
006B
006C
01F7
0120
006F
0279
00CF
0186
0073
0074
00D2
0014
0157
0304
0078
0079
007A
007B
045B
036E
007E
0014
015C
03FF
0235
0750
0083
0084
07E7
012D
0087
0051
0088
0089
0823
0824
0132
008D
0825
0826
0036
0014
0088
0090
0827
0828
03D9
0047
0829
017E
0014
0014
00E7
0099
082A
082B
02BC
0002
0003
0004
050D
0771
0007
0008
0772
000A
000B
082C
000D
000E
00A5
0010
001D
0015
0014
0014
0015
0014
0002
0002
0014
0014
0014
0016
001D
0012
0019
0014
001A
0002
0002
0014
0002
0002
0002
001B
001B
001D
001E
0019
0016
0014
0002
0014
0002
0002
0014
0020
001E
0024
0025
0023
0020
0002
0014
0014
0014
0014
0014
001E
001B
0018
001F
0014
0024
0014
0014
0014
0014
0002
0014
001D
001C
0024
0019
0014
0016
0014
0002
0014
0014
0002
0014
001B
001F
0024
0027
0014
0012
0014
0014
0014
0014
0002
0002
0012
001E
0010
0027
0014
0022
0014
0014
0014
0014
0014
0002
0028
0266
0510
0014
0014
048E
0014
0014
0014
0014
0014
0014
0027
040D
0510
0028
0014
0244
0014
0014
0014
0014
0014
0002
0019
040D
0010
0028
0014
002F
0014
0014
0014
0002
0014
0002
0025
002D
0016
0019
0014
00AA
0014
0014
0014
0014
0014
0002
03D0
0033
040E
0035
0014
0014
02C2
05B7
05FF
0566
00AF
003C
0106
0035
0002
0014
01AB
082D
082E
082F
010C
0043
01AF
0045
0046
0215
015C
07C2
0606
0519
00BC
017A
004E
0147
0050
0051
051B
056D
056E
051D
022A
0321
0058
0059
0050
0014
005A
056F
005C
06F3
00DB
005F
01BE
0061
0097
0014
01C2
021B
0346
0347
0478
050A
0069
0182
01C4
0014
0148
01C5
077A
0329
0123
0072
02D4
0187
0075
0014
06DB
0574
047A
0525
02D6
006C
015B
034C
0014
0014
018D
07F0
07F1
0613
0083
0237
04C1
0446
011A
0014
028A
03E2
0784
0830
00E0
00B0
01D4
008F
0036
0014
0786
0831
0787
0832
0137
0094
0788
0096
0097
0014
028A
0833
0834
0835
0001
0002
044C
068B
0005
0006
0007
03A0
0009
0836
030E
000C
05F0
03F7
02C0
0027
0263
0012
0013
0014
00F8
0014
0002
0014
0014
0014
0014
0027
0581
0018
0014
0014
00F8
0002
0002
0014
0014
0014
0014
0021
001C
0016
0025
001F
0018
0014
0002
0002
0002
0014
0014
001B
001A
0021
0022
0014
0010
0002
0014
0002
0014
0014
0014
001D
0020
0024
0014
0014
001E
0014
0002
0002
0014
0002
0014
0023
0020
0015
0025
0014
0018
0014
0014
0014
0002
0014
0014
0024
001A
0016
0025
0026
0016
0014
0014
0002
0002
0002
0014
0018
0012
0018
0028
0014
001A
0002
0014
0002
0014
0014
0014
0028
00A8
0016
0028
0014
00A9
0002
0014
0014
0014
0014
0014
0027
02F9
0024
0027
0013
00AA
0014
0002
0014
0014
0014
0014
0019
002D
002E
0013
0014
002F
0014
0014
0014
0014
0014
0014
0019
016E
0031
0014
0014
00F8
0002
0014
0002
0014
0014
0002
01B4
00FF
02FA
05B6
0036
0014
013F
0140
0378
0809
0141
00B0
07A9
021A
0014
0014
003E
0109
0456
07FA
00B6
0057
0044
010D
0050
0047
0048
0056
01ED
01EE
018F
004D
0050
004F
0062
0014
022A
02E6
01EF
02CA
02D0
0057
00B8
0300
0014
0014
02A9
014E
05F6
005D
01F2
01F3
0060
00AC
0062
0014
0063
0064
05F7
07E6
0067
0068
024E
006A
006B
006C
01F7
02EC
006F
0279
00CF
0186
0073
0074
00D2
0014
0076
00D4
0078
0079
007A
007B
018B
036E
007E
0014
015C
03FF
0235
080C
012C
0084
02B5
012D
0087
0051
0088
07FC
07FD
080F
0132
008D
0837
0372
0036
0014
0088
0838
0839
083A
005E
0047
083B
02F3
0014
0014
0098
083C
083D
083E
083F
0002
01A2
0004
033C
0771
0007
00EF
0840
02F5
038A
050F
0727
000E
0841
0019
0263
0012
0014
0014
00A9
0014
0002
0002
0014
0014
0014
0016
0017
0012
0019
0014
001A
0002
0002
0014
0002
0014
0002
001B
0021
001D
0022
001F
0016
0014
0002
0014
0002
0002
0014
0020
001E
0024
0022
0023
0010
0002
0014
0014
0014
0014
0014
0012
0020
0024
0025
0014
0012
0014
0014
0014
0014
0002
0014
0024
0020
0024
0028
0014
0016
0014
0002
0014
0014
0002
0014
001B
0022
0016
0023
0026
0019
0014
0014
0014
0002
0002
0002
0012
001E
0010
0027
0014
0022
0014
0014
0014
0014
0014
0014
0028
0211
0842
0014
0014
002A
0002
0014
0014
0014
0014
0014
0027
00FD
0024
0027
0013
0244
0014
0002
0014
0014
0014
0014
0019
002D
0010
0028
0014
0267
0014
0014
0014
0002
0014
0014
0019
0245
0024
0019
0014
00F8
0014
0014
0014
0014
0014
0014
0032
02CB
0216
02CC
0014
0014
0101
0171
03CF
0173
003B
003C
05E5
0107
0002
0014
01AB
0843
0844
0845
00B6
00B7
02E7
0045
007E
00B0
01B0
0221
0846
0847
005A
017A
026E
0472
0002
0051
051B
074B
0848
0849
00C1
0114
0058
037E
0097
0014
005A
0118
084A
084B
0125
0151
0673
0061
0097
0014
060B
0521
0818
0819
0063
050A
0069
0182
01C4
006C
011F
006E
0380
01C7
084C
0072
0073
012D
0075
0014
00BC
041A
084D
0525
0765
007B
007C
084E
0014
0014
032B
0080
084F
0528
0105
00B0
04C1
03AA
011A
0051
0134
0850
0851
0852
0853
00B0
0854
0133
0036
0014
0855
0856
0857
0858
0859
00B0
085A
0096
0097
0014
023E
085B
085C
085D
0001
0002
0003
02DB
0290
0006
0007
04A7
0009
085E
00F2
00A3
000D
00F5
000F
0010
0020
0015
0013
0014
001A
0014
0014
0002
0014
0014
0014
0022
0709
0018
0014
0014
002F
0002
0002
0014
0014
0002
0002
0021
001C
0016
001E
0019
0024
0014
0002
0002
0002
0014
0014
001B
001E
0021
0025
0014
0020
0002
0014
0002
0014
0014
0014
001D
001B
0018
001F
0014
0024
0014
0002
0002
0014
0002
0014
001D
001C
0015
0025
0014
0018
0014
0002
0014
0002
0014
0014
0016
001A
0010
0025
0014
0016
0014
0014
0002
0014
0002
0002
0018
0012
0018
0028
0014
001A
0002
0014
0002
0014
0014
0002
0013
00A8
0018
0028
0014
002C
0002
0014
0014
0014
0014
0014
0027
002B
0024
0013
0014
00AA
0014
0014
0014
0014
0014
0002
0019
013D
002E
0013
0014
002F
0014
0014
0014
0014
0014
0002
0025
016E
0031
0014
0014
0452
0002
0014
0002
0014
0014
0002
00FE
0033
0034
0035
0036
0014
013F
030A
0039
003A
02C4
0151
0455
0035
0014
0014
003E
003F
0456
0041
021F
0043
0044
010D
0046
0047
0048
0049
004A
004B
004C
004D
004E
004F
0050
0014
022A
0111
0054
014A
0056
0057
0115
0059
0050
0014
01B9
005B
005C
005D
005E
005F
0060
005F
0062
0014
0063
0064
0065
0066
0348
0068
024E
006A
006B
0014
006D
085F
006F
0070
00CF
0186
00B8
0074
00D2
0014
0157
0502
0078
0079
015A
007B
05F8
007D
007E
0014
007F
02EF
0081
0082
0083
0084
07E7
0086
0087
0014
0088
0089
008A
008B
008C
008D
0860
008F
0036
0014
0088
0090
0091
0092
0093
0094
0861
02F3
0014
0014
0098
0099
02BA
02BB
02BC
0002
028E
0651
050D
0006
0007
0008
0467
0241
000B
082C
000D
000E
00A5
0010
0011
0015
0014
0014
0015
0014
0002
0002
0014
0014
0014
0022
016A
0012
0019
0014
00F8
0002
0002
0014
0002
0014
0002
001B
0020
0024
001E
0019
0016
0014
0002
0002
0002
0002
0014
0020
001E
0010
0023
0023
0020
0002
0014
0014
0014
0014
0014
001D
001B
0018
001F
0014
0024
0014
0014
0014
0014
0014
0014
0024
001C
0012
0019
0014
0016
0014
0002
0014
0014
0002
0014
001B
001F
0016
0027
0026
0012
0014
0014
0002
0014
0002
0002
0012
001E
0010
0027
0014
0022
0014
0014
0014
0014
0014
0014
0013
00A8
0016
0014
0014
03B3
0014
0014
0014
0014
0014
0014
0027
002B
0024
0028
0014
00AA
0014
0002
0014
0014
0014
0002
0019
002D
0024
0028
0014
002F
0014
0014
0014
0014
0014
0002
0025
0210
0024
0019
0014
00AA
0014
0014
0014
0014
0014
0002
0032
0033
040E
0035
0014
0014
02C2
0862
0172
038E
00AF
0151
0698
0035
0116
0014
0567
0863
0864
01AE
0178
0043
0143
0045
0046
0215
0037
07C2
0606
0865
00BC
017A
004E
0147
0097
0051
008D
07C2
0866
0849
00E0
0321
0058
0059
0050
0014
005A
0867
005C
06F3
00DB
005F
0060
0061
0097
0014
0345
0572
06A0
0416
07C5
0068
0069
0182
01C4
006C
0148
0868
077A
0251
043F
00D0
0073
03BF
0075
0014
0803
0869
086A
086B
027C
00D7
045B
007D
0014
0014
018D
07F0
04E9
0613
0083
00DC
086C
0086
011A
0014
0333
086D
008A
01D2
05C7
008D
086E
008F
0036
0014
0198
086F
00E3
07CA
0137
0094
0870
0096
0097
0014
028A
0871
05D0
0872
0001
0002
01A2
0004
0005
0006
0007
0873
0009
02F5
0874
000C
05F0
03F7
02C0
0027
00AB
0012
0013
0014
00F8
0014
0002
0002
0014
0014
0014
0016
0020
0018
0028
0014
001A
0014
0002
0014
0014
0002
0002
0021
001C
001D
001E
001F
0010
0014
0002
0014
0002
0002
0014
001B
001A
0021
0022
0014
0010
0002
0014
0002
0014
0014
0014
0024
0020
0024
0025
0014
0015
0014
0002
0002
0014
0002
0014
001D
0020
0024
0025
0014
0018
0014
0002
0014
0002
0014
0014
0016
001A
0010
0025
0014
0016
0014
0014
0014
0002
0014
0002
0018
0012
0018
0028
0014
001A
0002
0014
0002
0014
0014
0002
0028
0211
00FB
0028
0014
002A
0002
0014
0014
0014
0014
0014
0027
002D
0024
0027
0013
00F8
0014
0014
0014
0014
0014
0014
0027
03A3
002E
0013
0014
002F
0014
0014
0014
0002
0014
0014
0019
0030
0031
0014
0014
00F8
0002
0014
0002
0014
0014
0014
0296
00FF
02FA
05B6
0036
0014
00AD
0875
0378
0809
0141
003C
003D
021A
0002
0014
00B2
0876
0040
07FA
00B6
0057
0044
010D
010E
0047
02FE
0056
01ED
01EE
018F
004D
026E
004F
0050
0014
022A
0877
01EF
02CA
02D0
0057
00B8
0300
0097
0014
01B9
014E
05F6
005D
01F2
01F3
0060
00AC
0062
0014
0063
02EE
05F7
039A
0348
0068
0069
006A
006B
0014
01F7
02D2
006F
0279
0071
0072
00B8
0074
00D2
0014
0076
0077
0078
0079
015A
007B
0382
01FB
007E
0014
015C
05F9
0235
0714
012C
0084
0085
012D
0087
0051
0088
0878
03AB
05FB
0132
0047
008E
0372
0036
0014
0088
0879
05BC
087A
005E
00B0
0095
02F3
0014
0014
0098
087B
0800
087C
02BC
0002
0003
0004
030C
0006
0007
00EF
05D3
000A
00A2
050F
0242
000E
03DF
0010
001D
0015
0014
0014
001E
0014
0002
0002
0014
0014
0014
0016
001D
0012
0028
0014
001A
0002
0002
0014
0002
0002
0002
001B
0016
001D
001E
001F
0016
0014
0002
0014
0002
0002
0014
001D
001E
0024
0022
0023
0020
0002
0014
0002
0014
0014
0014
001E
0020
0018
001F
0014
0024
0014
0002
0014
0014
0002
0014
001D
001B
0024
0019
0014
0016
0014
0002
0014
0002
0002
0014
001B
001F
0010
0023
0014
0012
0014
0014
0014
0002
0002
0002
0012
001E
0010
0027
0014
0022
0014
0014
0014
0014
0014
0002
0028
0211
0510
0014
0014
002A
0002
0014
0014
0014
0014
0014
0027
040D
03B1
0028
0014
0244
0014
0014
0014
0014
0014
0014
0019
040D
002E
0028
0014
0267
0014
0014
0014
0002
0014
0014
0019
03A3
0031
0019
0014
00F8
0014
0014
0014
0014
0014
0014
03D0
0033
040E
0035
0014
0014
0313
0171
05FF
0566
003B
003C
0813
0035
0002
0014
0814
0675
0815
087D
0434
00B7
01AF
0220
010E
0047
01B0
0221
031C
0817
018F
017A
004E
0472
0050
0051
0214
0053
056E
017D
01F0
0114
0058
0059
0050
0014
005A
0118
01F1
05E4
01F2
0151
05E5
0061
0097
0014
02C2
0521
087E
0819
060E
050A
0069
0182
01C4
0014
00C1
01C5
0380
0329
02EE
0072
02D4
027A
0075
0014
00BC
041A
079B
0525
00D6
007B
015B
0554
0014
0014
00BC
027E
0577
041F
00B9
00B0
04C1
0614
011A
0014
028A
0850
0335
0336
05EB
00B0
0556
008F
0036
0014
039D
087F
0880
0258
03F1
0094
05ED
0096
0097
0014
028A
0259
0881
0532
0001
0002
044C
081E
0005
0006
0007
00A0
0009
05B3
00F2
00A3
044F
00F5
02C0
0027
0263
0012
0013
0014
00A9
0014
0002
0002
0014
0014
0014
0022
016A
0018
0019
0014
002F
0002
0014
0014
0014
0014
0002
0021
001C
0010
001E
0019
0018
0014
0002
0002
0002
0014
0014
0020
0022
0021
0025
0014
0010
0002
0014
0014
0014
0014
0014
001D
001B
0024
0019
0014
0012
0014
0002
0002
0014
0014
0014
0024
001C
001E
0025
0014
0018
0014
0002
0014
0014
0014
0014
0010
001A
0016
0025
0026
0016
0014
0014
0002
0014
0002
0002
0018
0012
0018
0028
0014
001A
0002
0014
0002
0014
0014
0014
0013
00A8
0016
0028
0014
002C
0002
0014
0014
0014
0014
0014
0027
02F9
0024
0027
0013
0452
0014
0002
0014
0014
0014
0002
0019
035B
0010
0013
0014
002F
0014
0014
0014
0014
0014
0002
0025
0882
0024
0014
0014
00AA
0002
0014
0002
0014
0014
0002
03CD
00FF
02FA
0509
0036
0014
0037
030A
0378
0583
02C4
0151
0455
021A
0036
0014
003E
003F
05B8
0041
0042
0043
0044
0045
0046
0215
0048
0049
004A
004B
00BC
004D
0062
004F
0062
0014
0052
0821
0822
04F5
0157
0057
0115
0300
0116
0014
01B9
005B
022B
005D
00DB
005F
0060
005F
0062
0014
0063
0064
0065
0066
0067
0068
024E
006A
006B
006C
006D
02EC
006F
0279
00CF
0186
0073
0074
00D2
0014
0157
0304
0078
0079
007A
007B
018B
036E
007E
0014
007F
03FF
012A
050C
0083
0084
03ED
012D
0087
0051
0088
0089
058D
0824
008C
008D
0371
00BE
0036
0014
0088
0090
0883
0405
0137
0084
0884
04AD
0014
0014
0098
0099
0885
0886
02BC
0002
0003
0004
050D
0771
0007
00EF
07C0
000A
000B
082C
000D
000E
00A5
0010
001D
0015
0014
0014
0015
0014
0002
0002
0014
0014
0014
0016
001D
0012
0019
0014
001A
0002
0002
0014
0002
0002
0002
001B
0016
001D
001E
0027
0016
0014
0002
0014
0002
0002
0014
0020
001E
0024
0023
0023
0020
0002
0014
0014
0014
0014
0014
001E
001B
0018
001F
0014
0024
0014
0014
0014
0014
0002
0014
0024
001B
0024
0019
0014
0016
0014
0002
0014
0014
0002
0014
001B
001F
0010
0027
0014
0012
0014
0014
0014
0014
0002
0002
0012
001E
0010
0027
0014
0022
0014
0014
0014
0014
0014
0002
0028
0266
0510
0014
0014
048E
0014
0014
0014
0014
0014
0014
0027
040D
0510
0028
0014
0244
0014
0014
0014
0014
0014
0002
0019
040D
002E
0028
0014
002F
0014
0014
0014
0002
0014
0002
0025
013D
0031
0019
0014
00AA
0014
0014
0014
0014
0014
0002
03D0
0033
040E
0035
0014
0014
02C2
0565
05FF
0566
00AF
003C
0106
0035
0002
0014
01AB
0484
082E
082F
010C
0043
01AF
0045
0046
0047
015C
0049
0606
0887
00BC
017A
004E
0147
0097
0051
064D
06F1
056E
051D
022A
0114
0058
0059
0050
0014
005A
056F
005C
06F3
00DB
005F
01BE
0061
0097
0014
01C2
0521
0346
0888
0478
050A
0069
0182
01C4
0014
04BE
01C5
0799
0329
0123
0072
0440
0187
0075
0014
0314
0574
084D
0525
02D6
006C
015B
034C
0014
0014
018D
0889
07F1
0613
0083
0237
04C1
0446
011A
0014
028A
088A
0784
0830
00E0
00B0
01D4
008F
0036
0014
039D
088B
0787
088C
0093
0094
0788
0096
0097
0014
028A
0833
0834
088D
0001
0002
044C
081E
0005
0006
0007
04A7
0009
0836
030E
000C
088E
03F7
02C0
0027
0263
0012
0013
0014
00F8
0014
0002
0014
0014
0014
0014
0027
0581
0018
0014
0014
00F8
0002
0002
0014
0014
0014
0002
0021
001C
0016
0025
001F
0010
0014
0002
0002
0002
0014
0014
001B
001A
0021
0022
0014
0010
0002
0014
0002
0014
0014
0014
001D
0020
0024
0014
0014
001E
0014
0002
0002
0014
0002
0014
001D
001C
0018
0025
0014
0018
0014
0002
0014
0002
0014
0014
0024
001A
0016
0025
0026
0016
0014
0014
0002
0002
0002
0002
0018
0012
0018
0028
0014
001A
0002
0014
0002
0014
0014
0014
0028
00A8
0016
0028
0014
00A9
0002
0014
0014
0014
0014
0014
0027
02F9
0024
0027
0013
00AA
0014
0002
0014
0014
0014
0014
0019
002D
0010
0013
0014
002F
0014
0014
0014
0014
0014
0014
0019
016E
0024
0014
0014
00F8
0002
0014
0002
0014
0014
0002
01B4
00FF
02FA
05B6
0036
0014
00AD
0140
0378
0583
0141
00B0
07A9
021A
0014
0014
003E
0109
0456
07FA
00B6
0057
0044
010D
026E
00B0
0048
0056
01ED
01EE
018F
004D
026E
004F
0050
0014
022A
02E6
01EF
02CA
02D0
0057
00B8
0300
0014
0014
01B9
014E
05F6
005D
01F2
01F3
0060
00AC
0062
0014
0063
0064
05F7
039A
0067
0068
024E
006A
006B
006C
006D
0120
006F
0279
00CF
0186
0073
0074
00D2
0014
0076
00D4
0078
0079
007A
007B
018B
036E
007E
0014
015C
03FF
012A
050C
012C
0084
02B5
012D
0087
0051
0088
088F
058D
058E
0132
008D
0837
00BE
0036
0014
0088
0838
0839
0890
006D
0047
0891
02F3
0014
0014
0098
083C
0892
0893
