// Healthy Ranges — Index Table (level 1 of two-level lookup)
// Addr = node_idx * 279 + feature_idx  (15 bits)
// Data = pair_id (12 bits, stored as 16-bit)
// Depth: 32085 (115 nodes x 279 features)
// Populated: 32085, Unique pairs: 2257 (incl. sentinel at id=0)
//
0001
0002
0003
0004
0005
0006
0007
0008
0009
000A
000B
000C
000D
000E
000F
0010
0011
0012
0013
0013
0014
0013
0002
0002
0013
0013
0013
0015
0016
0017
0018
0013
0019
0002
0002
0013
0002
0002
0002
001A
001B
001C
0014
001D
001E
0002
0002
0013
0002
0002
0013
001F
0014
0020
001D
0021
001A
0002
0013
0013
0013
0013
0013
001C
001A
0022
001D
0013
0022
0013
0002
0002
0013
0002
0013
001C
001B
0022
0023
0013
001E
0013
0002
0013
0013
0002
0013
001F
0024
0010
0023
0013
001E
0013
0013
0002
0002
0002
0002
0017
0012
0010
0018
0013
0024
0002
0013
0002
0013
0013
0002
0018
0025
0022
0018
0013
0026
0002
0013
0013
0013
0013
0013
0027
0028
0022
0027
0029
002A
0013
0002
0013
0013
0013
0002
002B
002C
0010
0018
0013
002D
0013
0013
0013
0002
0013
0002
0023
002E
001E
002B
0013
002F
0002
0013
0002
0013
0013
0002
0030
0031
0032
0033
0013
0013
0034
0035
0036
0037
0038
0039
003A
0033
0002
0013
003B
003C
003D
003E
003F
0040
0041
0042
0043
0044
0045
0046
0047
0048
0049
004A
004B
004C
004D
004E
004F
0050
0051
0052
0053
0054
0055
0056
004D
0013
0057
0058
0059
005A
005B
005C
005D
005E
005F
0013
0060
0061
0062
0063
0064
0065
0066
0067
0068
0013
0069
006A
006B
006C
006D
006E
006F
0070
0071
0013
0053
0072
0073
0074
0075
0076
0077
0078
0079
0013
007A
007B
007C
007D
007E
007F
0080
0081
0082
004E
0083
0084
0085
0086
0087
0088
0089
008A
008B
0013
008C
008D
008E
008F
0090
0091
0092
0093
0094
0013
0095
0096
0097
0098
0099
0002
009A
009B
009C
0006
0007
0008
0009
009D
009E
000C
009F
00A0
00A1
0027
00A2
0024
0013
0013
002F
0013
0002
0002
0013
0013
0013
0027
00A3
0017
00A4
0013
0019
0002
0002
0013
0002
0013
0002
0020
001C
0010
0015
002B
0017
0013
0002
0013
0002
0002
0013
001C
001D
001E
0015
0021
001A
0002
0013
0013
0013
0013
0013
0022
001F
0012
0021
0013
0014
0013
0002
0002
0013
0002
0013
0017
001B
0017
0023
0013
001E
0013
0002
0013
0013
0002
0013
001F
0015
0022
002B
0013
001E
0013
0013
0002
0002
0013
0002
0017
0024
0010
0018
0013
0023
0013
0013
0013
0013
0013
0013
0029
00A5
00A6
0018
0013
0026
0002
0013
0013
0013
0013
0013
0018
002C
0012
0027
0029
002D
0013
0002
0013
0013
0013
0002
0027
002C
0010
0029
0013
002D
0013
0013
0013
0002
0013
0002
0027
00A7
001E
002B
0013
0019
0002
0013
0002
0013
0013
0002
0030
00A8
00A9
00AA
0013
0013
0034
0035
00AB
00AC
00AD
00AE
00AF
00B0
008B
0013
003B
00B1
00B2
00B3
00B4
00B5
00B6
00B7
004D
00A8
00B8
0046
00B9
00BA
0049
004A
00BB
004C
0002
004E
004F
00BC
00BD
00BE
00BF
0054
0055
00C0
00C1
0013
00C2
00C3
00C4
00C5
00C6
007F
005D
00C0
005F
0013
00C7
00C8
00C9
00CA
0064
0065
0066
0067
00C1
0013
00CB
00CC
00CD
00CE
006D
006E
00CF
0070
0071
0013
0053
0072
0073
00D0
00D1
00D2
00D3
00D4
0079
0013
00D5
007B
00D6
00D7
00D8
00D9
0080
00DA
0082
004E
008C
0084
00DB
00DC
00CB
00A8
0089
00DD
008B
0013
008C
00DE
00DF
00E0
0069
0044
0092
00E1
0094
0013
00E2
00E3
00E4
00E5
00E6
0002
0003
0004
00E7
0006
00E8
00E9
00EA
00EB
000B
00EC
000D
00ED
000F
0010
001C
0012
0013
0013
0024
0013
0013
0002
0013
0013
0013
0015
00EE
0012
0018
0013
002D
0002
0013
0013
0013
0002
0013
001A
001B
001C
0014
001D
001E
0002
0002
0013
0002
0002
0013
001F
0014
0020
001D
0013
0010
0002
0013
0013
0013
0013
0013
001C
001A
0022
001D
0013
0022
0013
0002
0013
0013
0013
0013
001C
001B
0022
0018
0013
0014
0013
0013
0013
0013
0013
0013
001E
0024
0010
0023
0013
001E
0013
0013
0013
0013
0002
0002
0012
0012
0017
0018
0013
0024
0002
0013
0002
0013
0013
0002
0018
002E
0017
0013
0013
002F
0002
0013
0013
0013
0013
0013
0027
0028
0022
0018
0013
002A
0013
0013
0013
0013
0013
0013
002B
00EF
0022
0018
0013
002D
0013
0013
0013
0013
0013
0013
0023
002E
0022
0018
0013
002A
0013
0013
0013
0013
0013
0013
0030
0031
005D
0033
0013
0013
00F0
00F1
00F2
00F3
00F4
0039
00F5
0033
0002
0013
00F6
00F7
00F8
00F9
00FA
0040
0041
0042
0043
0044
00FB
00FC
0047
0048
00FD
00FE
004B
00FF
004D
0013
0100
0050
0101
0102
0053
0103
0104
0056
004D
0013
0057
0105
0059
0106
005B
005C
005D
005E
0107
0013
0060
0108
0109
0063
010A
00DD
010B
010C
0068
0013
0069
006A
006B
006C
010D
010E
006F
010F
0110
0013
0111
0112
0113
0074
0075
0076
0114
0078
0013
0013
0115
0116
007C
007D
0117
007F
0118
0081
0119
0013
0083
011A
0085
011B
0087
0088
011C
008A
008B
0013
011D
011E
011F
0120
0121
0091
0122
0093
0119
0013
0123
0096
0124
0125
0126
0002
0127
0128
0129
0006
0007
012A
012B
012C
012D
012E
000D
000E
012F
0010
001C
0012
0013
0013
001D
0013
0002
0002
0013
0013
0013
0015
0016
0017
0018
0013
0019
0002
0002
0013
0013
0002
0013
001A
001A
001C
0014
0013
0010
0013
0002
0013
0002
0013
0013
001F
0014
0010
001D
0021
001A
0002
0013
0013
0013
0013
0013
001C
0020
0022
001D
0013
0022
0013
0002
0002
0013
0013
0013
001C
001A
0022
002B
0013
0014
0013
0002
0013
0013
0013
0013
0022
0023
0022
002B
0013
001E
0013
0013
0013
0013
0013
0002
0017
0012
0017
0018
0013
0024
0013
0013
0013
0013
0013
0002
0018
002E
0017
0018
0013
002F
0002
0013
0013
0013
0013
0013
0027
0028
0017
0027
0029
002A
0013
0013
0013
0013
0013
0002
002B
00EF
0010
0029
0013
002D
0013
0013
0013
0013
0013
0002
0023
002C
001E
002B
0013
002A
0002
0013
0002
0013
0013
0002
0130
0031
0131
0132
0013
0013
0133
0134
0135
0037
0136
0039
0137
0033
0002
0013
0138
0139
013A
013B
003F
0040
013C
013D
0043
0013
013E
013F
0140
0141
0142
0143
0144
004C
0145
004E
004F
0146
0147
0148
0149
0054
0104
014A
004D
0013
00C2
014B
014C
014D
014E
005C
014F
00C0
0107
0013
00F0
0150
0151
0152
0153
0154
0155
0156
0110
0013
0157
0158
0159
015A
015B
00B5
00CF
0070
0071
0013
015C
0072
0073
015D
00D1
00D9
00D3
0078
0079
0013
0115
015E
007C
015F
0160
0161
0162
0081
0082
004E
0163
0164
0085
0165
0166
0088
0167
008A
008B
0013
0168
0169
011F
016A
0090
0091
016B
00E1
0094
0013
00E2
016C
016D
016E
0001
0002
0003
016F
0170
0006
00E8
0171
0172
0173
0174
0175
0176
0177
0178
002B
00A3
0179
0013
0013
002A
0013
0013
0002
0013
0013
0013
0027
0028
0012
0029
0013
0019
0002
0013
0013
0002
0013
0002
001F
001B
001E
0015
001D
001E
0002
0002
0013
0002
0002
0013
001F
0014
0020
0023
0013
0010
0002
0013
0013
0013
0013
0013
0022
001A
0017
0023
0013
0179
0013
0002
0013
0013
0002
0013
0017
001B
0012
0023
0013
001E
0013
0002
0013
0013
0002
0013
001F
0024
0010
0023
0013
001E
0013
0013
0002
0002
0002
0002
0017
0179
0010
0018
0013
0015
0002
0013
0002
0013
0013
0002
0018
00A5
00A6
0013
0013
0026
0002
0013
0013
0013
0013
0013
0027
002C
0022
0018
0013
002D
0013
0002
0013
0013
0013
0013
0027
002C
0022
0018
0013
002D
0013
0013
0013
0002
0013
0013
002B
002E
0022
0018
0013
0019
0013
0013
0013
0013
0013
0002
0030
017A
017B
0033
0013
0013
017C
0035
017D
017E
017F
00AE
0180
00C0
00C1
0013
003B
003C
003D
00B3
0136
0181
0041
0042
004D
0044
0045
0046
0182
0183
0049
004A
004B
0184
004D
0013
0185
0050
00BD
0052
0186
0103
0055
0056
0002
0013
0057
0058
0187
005A
0188
0189
005D
005E
005F
0013
0060
0061
018A
018B
0064
0065
0066
0067
0068
0013
018C
006A
006B
006C
018D
006E
006F
018E
0110
0013
018F
0112
0190
0074
0075
0076
0077
0191
0013
0013
0163
0192
0193
0194
007E
007F
0195
0196
0119
0013
0197
0084
0198
00DC
0199
019A
019B
019C
008B
0013
019D
011E
019E
00E0
019F
0044
01A0
0093
0119
0013
0123
01A1
0097
0125
01A2
0002
0127
0004
0129
0006
0007
01A3
01A4
01A5
000B
01A6
01A7
000E
01A8
002B
00A7
0024
0013
0013
002A
0013
0002
0002
0013
0013
0013
0015
0016
0017
0018
0013
01A9
0002
0013
0013
0013
0013
0002
001A
0022
001C
0015
001D
001E
0013
0013
0013
0002
0002
0013
001F
0014
001E
001D
0013
0010
0002
0013
0013
0013
0013
0013
002B
01AA
0015
0023
0013
01AB
0013
0002
0002
0013
0002
0013
001C
001B
0022
0023
0013
001E
0013
0002
0013
0013
0002
0013
001F
0024
0010
0021
0013
0017
0013
0013
0013
0013
0013
0002
0017
0012
0010
0018
0013
0024
0002
0013
0013
0013
0013
0013
0018
01AC
00A6
0018
0013
002F
0002
0013
0013
0013
0013
0013
0027
01AD
0022
0027
0029
01AE
0013
0013
0013
0013
0013
0013
0027
01AF
0010
0018
0013
01AE
0013
0013
0013
0002
0013
0013
002B
01B0
0022
002B
0013
002D
0013
0013
0013
0013
0013
0013
0030
017A
01B1
01B2
0013
0013
0133
0035
01B3
01B4
00F4
0039
01B5
00C0
0002
0013
01B6
00B1
003D
003E
003F
0040
01B7
0042
01B8
0044
013E
0046
01B9
01BA
0049
004A
01BB
004C
004D
0013
004F
01BC
00BD
0052
0053
0088
01BD
01BE
0094
0013
0057
0058
01BF
01C0
00D8
005C
01C1
005E
005F
0013
00B8
0150
01C2
01C3
0064
0056
0066
0067
0110
0013
019F
01C4
006B
01C5
006D
00B5
006F
01C6
0110
0013
01C7
0112
01C8
01C9
01CA
0076
0077
01CB
0079
0013
01CC
01CD
01CE
01CF
007E
0044
0162
01D0
0119
004E
019D
01D1
01D2
01D3
00CB
00AE
01D4
00FF
008B
0013
01D5
01D6
01D7
01D8
0090
0044
01D9
0093
0094
0013
01DA
01DB
0124
01DC
01DD
0002
01DE
01DF
0170
0006
00E8
01E0
012B
01E1
01E2
01E3
01E4
01E5
000F
0010
0011
0012
0013
0013
001D
0013
0013
0013
0013
0013
0013
0027
0028
0014
0013
0013
002D
0013
0002
0013
0002
0002
0013
0021
01E6
0022
0014
0013
00A6
0002
0002
0013
0002
0013
0013
001F
0014
0020
0023
0021
001A
0013
0013
0013
0013
0013
0013
001C
001E
0022
001D
0013
0022
0013
0002
0013
0013
0013
0013
0021
01E7
0024
002B
0013
002F
0013
0002
0013
0013
0013
0013
0010
001D
0010
0023
0013
001E
0013
0013
0002
0002
0002
0002
0017
0014
0017
0018
0013
0023
0013
0013
0002
0013
0013
0002
0013
0025
0017
0013
0013
0026
0002
0013
0013
0013
0013
0013
0027
0028
0022
0029
0013
002A
0013
0002
0013
0013
0013
0002
002B
002C
0010
0029
0013
002D
0013
0013
0013
0013
0013
0002
0023
01E8
001E
0013
0013
002F
0002
0013
0002
0013
0013
0002
018F
0031
01E9
0033
0013
0013
017C
01EA
01EB
01EC
01ED
0044
01EE
0033
0013
0013
003B
01EF
01F0
01F1
01F2
01F3
01F4
01F5
0043
0013
0045
01F6
01F7
01F8
0111
01F9
004B
01FA
005F
004E
0185
01FB
01FC
01FD
01FE
0054
01FF
0056
004D
0013
0200
0160
0201
0202
0188
007F
0203
00C0
0119
0013
0060
0061
0204
0205
0206
0065
0155
0156
0068
0013
018C
0207
0208
006C
0209
006E
020A
0070
0071
0013
0053
0072
020B
020C
020D
0013
020E
0078
0013
0013
007A
0192
020F
007D
0117
007F
0195
0081
0082
0013
0083
0210
0085
0086
0087
0088
0211
008A
008B
0013
0168
008D
008E
008F
0121
0091
0212
0213
0013
0013
0095
0214
0215
0216
0217
0002
0218
0219
0170
0006
0007
01E0
0009
021A
021B
01E3
009F
000E
021C
0027
00A3
0012
0013
0013
0019
0013
0013
0002
0013
0013
0013
0027
0028
0017
0018
0013
002D
0002
0013
0013
0013
0002
0013
001F
001A
001E
0014
001D
0010
0002
0002
0013
0002
0013
0013
001F
0024
0020
0015
0013
0010
0002
0013
0013
0013
0013
0013
001C
001A
0022
002B
0013
0179
0013
0002
0002
0013
0013
0013
001C
001A
0017
0018
0013
0014
0013
0013
0013
0013
0002
0013
001F
0024
0010
0023
0013
001E
0013
0013
0002
0013
0002
0002
0017
0012
0010
0018
0013
0024
0013
0013
0013
0013
0013
0002
0018
0025
0022
0018
0013
021D
0002
0013
0013
0013
0013
0013
0027
0028
0022
0029
0013
002A
0013
0002
0013
0013
0013
0002
002B
002C
0017
0029
0013
002D
0013
0013
0013
0013
0013
0002
0023
01B0
0012
0013
0013
002A
0002
0013
0002
0013
0013
0002
018F
017A
021E
0033
0013
0013
021F
0220
0036
00AC
00AD
0044
0180
01F5
0002
0013
0221
0222
0223
0224
0049
0054
020A
0042
0043
0044
017C
0046
0225
0226
0227
0143
004B
01FA
004D
0013
0228
0229
022A
022B
018F
0054
020A
0056
00C1
0013
00C2
022C
022D
022E
0188
0189
0131
005E
008B
0013
022F
0150
018A
00CA
010A
0065
010B
0156
0068
0013
0157
0230
0231
0232
010D
006E
006F
0070
0071
0013
0053
0072
0233
0234
01CA
0076
0077
0235
0079
0013
007A
007B
0236
0237
007E
0161
0238
0239
0082
0013
0083
0084
023A
00DC
0166
0088
023B
00FF
008B
0013
023C
023D
00DF
023E
0090
007F
01A0
00E1
0013
0013
0095
023F
00E4
00E5
0001
0002
0240
016F
0241
0242
00E8
0243
0244
000A
000B
01A6
000D
0245
0246
0010
001C
0014
0013
0013
0014
0013
0002
0002
0013
0013
0013
0015
0016
0012
0018
0013
0019
0002
0002
0013
0002
0013
0002
001A
001B
001C
0015
002B
001E
0013
0002
0013
0002
0002
0013
001F
0014
001E
001D
0021
001A
0002
0013
0013
0013
0013
0013
0022
001C
0012
001D
0013
0022
0013
0002
0013
0013
0002
0013
0022
001B
0022
0023
0013
001E
0013
0002
0013
0013
0013
0013
0017
0015
0010
0021
0013
001E
0013
0013
0013
0002
0013
0002
0179
0179
0017
0029
0013
0015
0002
0013
0002
0013
0013
0002
0013
0247
0248
0013
0013
01AB
0002
0013
0013
0013
0013
0013
0027
0249
00A6
0027
0029
002D
0013
0013
0013
0013
0013
0013
0027
0249
0010
0018
0013
002D
0013
0013
0013
0002
0013
0013
0027
01E8
001E
002B
0013
0019
0013
0013
0013
0013
0013
0013
0030
0031
0032
024A
0013
0013
0133
0035
024B
024C
017F
0039
00F5
0033
00C1
0013
024D
01EF
003D
003E
003F
0040
0041
00B7
004D
00A8
0045
024E
0047
0048
0142
004A
0144
004C
0145
004E
024F
0050
0051
0052
0250
0031
0055
0251
004D
0013
0057
0058
0252
0253
014E
005C
005D
0093
005F
0013
0254
0061
0255
0063
0064
0154
0066
0067
0002
0013
0256
0257
0258
0259
006D
025A
020A
025B
0079
0013
0111
0112
025C
0074
025D
0013
025E
025F
0013
0013
0260
0261
020F
007D
0117
007F
0262
0263
0119
004E
0264
0265
0266
011B
0267
019A
0268
008A
008B
0013
0206
0269
026A
0120
0121
0091
01D9
0093
0094
0013
01DA
0096
0124
0125
026B
0002
0127
0004
0005
0006
0007
026C
01A4
026D
000B
000C
000D
000E
026E
0010
0011
0018
0013
0013
0014
0013
0002
0002
0013
0013
0013
0015
0016
0017
0018
0013
0019
0002
0013
0013
0013
0013
0013
001F
001C
001E
0014
0013
001E
0013
0002
0013
0002
0002
0013
001F
0014
0020
0015
0013
001A
0002
0013
0013
0013
0013
0013
0022
001F
0012
001D
0013
0022
0013
0002
0002
0013
0013
0013
0022
001C
0017
002B
0013
001E
0013
0013
0013
0013
0013
0013
001E
0015
0010
0027
0013
0017
0013
0013
0002
0013
0013
0002
0017
0012
0017
0018
0013
0024
0002
0013
0013
0013
0013
0013
0018
0025
0017
0018
0013
0026
0002
0013
0013
0013
0013
0013
0027
0028
0022
0027
0029
002A
0013
0002
0013
0013
0013
0002
002B
002C
0010
0018
0013
002D
0013
0013
0013
0013
0013
0002
0023
01B0
0022
002B
0013
002A
0002
0013
0002
0013
0013
0002
0030
0031
0032
00AE
0013
0013
0034
0035
0135
0037
0038
0039
003A
0033
0002
0013
003B
00B1
026F
003E
003F
0040
00B6
0042
0043
0013
0045
0046
0140
0141
0049
004A
0144
004C
0002
0013
004F
01BC
0051
0052
0053
01BE
0055
014A
004D
0013
0270
0058
0271
00C5
00D8
005C
005D
005E
0094
0013
0254
00C8
0062
0272
0064
0065
010B
0067
0110
0013
0273
0274
0275
01C5
006D
00B5
0276
010F
0110
0013
0277
0278
0279
027A
027B
0076
020E
0078
0079
0013
0163
027C
007C
027D
007E
007F
0080
0081
0119
004E
019D
0084
0085
0086
0149
0088
0089
008A
008B
0013
01D5
00DE
008E
008F
0090
0091
0092
005C
0094
0013
027E
01DB
0097
027F
0001
0002
0280
0281
0282
0006
00E8
0008
0283
0173
0284
0285
0176
0286
0287
0027
0249
0288
0013
0013
01A9
0013
0013
0002
0013
0013
0013
0027
0028
0012
0013
0013
0019
0002
0002
0013
0002
0002
0002
001A
001B
001C
0014
001D
0010
0002
0002
0013
0002
0002
0013
001F
0014
0024
001D
0021
0010
0002
0013
0013
0013
0013
0013
001C
001A
0022
0023
0013
001D
0013
0002
0013
0013
0002
0013
001C
001B
0022
0023
0013
0017
0013
0002
0013
0013
0002
0013
001F
0024
0010
0023
0013
001E
0013
0013
0013
0002
0002
0002
0017
0014
0010
0018
0013
0015
0013
0013
0002
0013
0013
0002
0013
0289
028A
0013
0013
01A9
0013
0013
0013
0013
0013
0013
0018
0249
028B
0029
0013
01AE
0013
0013
0013
0013
0013
0013
0027
028C
0010
0029
0013
01AE
0013
0013
0013
0002
0013
0013
0027
01E8
001E
0013
0013
0019
0013
0013
0013
0013
0013
0013
028D
028E
028F
0290
0013
0013
0291
01EA
0292
0293
0294
00AE
0295
014A
0013
0013
00FA
0296
0297
0298
0299
0181
0041
013D
029A
0044
0197
01F6
029B
029C
029D
029E
004B
029F
004D
004E
0100
02A0
02A1
02A2
02A3
0054
02A4
0056
0002
0013
02A5
0060
02A6
02A7
0188
0088
005D
0093
005F
0013
022F
0108
02A8
02A9
02AA
0154
0066
01D0
0068
0013
0157
006A
02AB
006C
02AC
006E
006F
0070
0071
0013
015C
0072
0073
020C
0075
0013
0077
02AD
0013
0013
02AE
0192
0193
0194
0117
02AF
02B0
02B1
0082
0013
0163
02B2
02B3
02B4
0199
00A8
011C
00FF
008B
0013
023C
02B5
02B6
02B7
02B8
0044
02B9
0093
0013
0013
0095
01A1
02BA
0098
0126
0002
0218
0004
0005
0006
00E8
02BB
012B
021A
02BC
000C
0176
00ED
00A1
0027
02BD
0179
0013
0013
01A9
0013
0002
0002
0013
0013
0013
0013
01B0
0012
0018
0013
02BE
0013
0013
0013
0002
0013
0002
001F
001B
001E
0015
001D
0022
0013
0002
0013
0002
0002
0013
001C
0014
001E
0015
0013
0010
0002
0013
0013
0013
0013
0013
001C
001A
0017
0021
0013
0014
0013
0002
0013
0013
0002
0013
001C
001A
0012
0018
0013
0014
0013
0002
0013
0013
0002
0013
001E
001D
0010
002B
0013
001E
0013
0013
0013
0002
0002
0002
0017
0024
0010
0018
0013
0023
0013
0013
0013
0013
0013
0013
0018
0289
00A6
0013
0013
01A9
0013
0013
0013
0013
0013
0013
0027
0249
028B
0027
0029
002D
0013
0013
0013
0013
0013
0013
0027
0249
0010
0013
0013
002D
0013
0013
0013
0002
0013
0013
0027
02BD
0022
002B
0013
0019
0013
0013
0013
0013
0013
0013
02B8
0044
02BF
0033
0013
0013
0034
02C0
02C1
02C2
00AD
0013
02C3
00C0
0002
0013
02C4
02C5
0297
0224
00C6
00B5
020A
02C6
01B8
0044
0168
0046
02C7
02C8
0227
0042
004B
02C9
004D
0013
02CA
02CB
02CC
02CD
02B8
0054
02CE
0056
0094
0013
02A5
00C3
02CF
02D0
00C6
0088
02D1
0093
008B
0013
00C7
0108
02A8
00F8
010A
02D2
0066
02D3
0110
0013
0157
02D4
02D5
02D6
02D7
006E
02D8
0070
0071
0013
0053
0072
02D9
0234
025D
00D9
02DA
02DB
0013
0013
00D5
007B
02DC
0237
007E
007F
0262
02DD
0082
004E
014E
02DE
02DF
02E0
018C
019A
0268
00FF
0013
0013
023C
011E
02E1
02E2
0273
00A8
016B
0093
0094
0013
00E2
01A1
02E3
0125
0001
0002
0280
02E4
02E5
0006
0007
0008
01A4
000A
000B
02E6
000D
000E
000F
0010
0011
0012
0013
0013
0014
0013
0013
0013
0013
0013
0013
0015
0016
0017
0018
0013
02E7
0002
0002
0013
0013
0002
0002
001A
001F
001C
0014
002B
001E
0002
0002
0013
0002
0002
0013
001F
0014
0020
001D
0021
001A
0002
0013
0013
0013
0013
0013
0022
0020
0022
001D
0013
0022
0013
0002
0002
0013
0013
0013
0022
001B
0022
0023
0013
001E
0013
0002
0013
0013
0013
0013
001F
0024
0010
0023
0013
001E
0013
0013
0002
0013
0013
0002
0179
0012
0010
0018
0013
0024
0002
0013
0002
0013
0013
0002
0018
0025
0012
0018
0013
0026
0002
0013
0013
0013
0013
0013
0027
0028
0012
0018
0013
002A
0013
0002
0013
0013
0013
0002
002B
002C
0010
0018
0013
002D
0013
0013
0013
0013
0013
0002
0023
002E
001E
0018
0013
002A
0002
0013
0002
0013
0013
0002
0030
0031
0032
0132
0013
0013
0291
00F1
0135
0037
00F4
0039
003A
0033
00C1
0013
024D
01EF
02E8
003E
0221
0040
0041
0042
0043
00A8
0045
02E9
0047
0048
0142
004A
0144
004C
0145
004E
0250
0050
0051
0052
0053
02EA
0055
0251
004D
0013
0270
014B
02EB
02EC
005B
005C
005D
005E
005F
0013
0060
02ED
0062
0063
0064
0065
010B
0067
0068
0013
0256
006A
006B
02EE
02EF
025A
006F
010F
0079
0013
02F0
0112
025C
0074
01CA
0076
0077
0078
0079
0013
0115
02F1
007C
007D
0117
0161
0238
0081
0119
0013
0197
0210
0085
0086
0087
0088
02F2
008A
008B
0013
019D
02F3
008E
008F
0121
0091
02F4
00E1
0119
0013
02F5
02F6
00E4
00E5
02F7
0002
0127
0004
0129
0006
0007
02F8
01A4
000A
000B
02F9
000D
000E
026E
0010
001C
0024
0013
0013
0014
0013
0002
0002
0013
0013
0013
0015
0016
0017
0018
0013
0019
0002
0013
0013
0013
0002
0002
001A
0015
001C
0014
001D
001E
0013
0013
0013
0002
0002
0013
001C
0014
001E
001D
0013
0010
0002
0013
0013
0013
0013
0013
001D
001A
0024
001D
0013
0022
0013
0002
0002
0013
0002
0013
001C
001B
0022
0023
0013
001E
0013
0002
0013
0013
0002
0013
001F
0024
0010
0021
0013
0017
0013
0013
0013
0013
0013
0002
0012
0012
0010
0018
0013
0024
0002
0013
0013
0013
0013
0002
0018
01AC
00A6
0018
0013
002F
0002
0013
0013
0013
0013
0013
0027
01AD
0022
0027
0029
01AE
0013
0013
0013
0013
0013
0002
002B
01AF
0010
0018
0013
002D
0013
0013
0013
0002
0013
0002
0023
002E
0022
002B
0013
002A
0013
0013
0013
0013
0013
0002
019F
0031
0032
0132
0013
0013
0133
0035
0135
0037
0038
0039
0137
0033
0002
0013
02FA
00B1
003D
003E
003F
0040
02D8
0042
0043
0044
013E
0046
02FB
02FC
0227
004A
0144
01FA
004D
0013
004F
01BC
0051
0052
0250
0088
0055
014A
004D
0013
0057
0058
02FD
02FE
00D8
005C
014F
005E
005F
0013
00C7
0150
02FF
0300
0064
0056
0066
0067
0110
0013
019F
01C4
0301
0302
006D
010E
006F
010C
0071
0013
01C7
0303
0304
0305
01CA
0076
0077
0306
0079
0013
0260
0307
007C
027D
007E
0044
0162
0081
0119
004E
019D
01D1
0266
0308
0087
0044
01D4
008A
008B
0013
01D5
00DE
026A
0309
0090
0091
01D9
0093
0094
0013
01DA
01DB
030A
01DC
01DD
0002
01DE
030B
0170
0006
00E8
01E0
0009
030C
01E2
030D
030E
030F
0287
0027
00A3
0012
0013
0013
0019
0013
0013
0013
0013
0013
0013
0027
0310
001D
0013
0013
002D
0013
0002
0013
0002
0013
0013
0015
0311
0022
0013
0013
00A6
0002
0002
0013
0002
0013
0013
001F
001D
0020
0015
0021
001A
0013
0013
0013
0013
0013
0013
001C
001E
0022
0013
0013
0014
0013
0002
0013
0013
0013
0013
0027
0312
001D
002B
0013
002F
0013
0002
0013
0013
0013
0013
0010
001D
0010
0023
0013
001E
0013
0013
0002
0002
0002
0002
0017
0014
0017
0018
0013
0023
0013
0013
0002
0013
0013
0002
0029
0025
0017
0013
0013
0026
0002
0013
0013
0013
0013
0013
0027
0313
0022
0029
0013
002A
0013
0002
0013
0013
0013
0013
002B
00A7
0010
0029
0013
002D
0013
0013
0013
0013
0013
0013
0027
02BD
001E
0013
0013
0019
0002
0013
0002
0013
0013
0002
0277
02AF
0314
0033
0013
0013
017C
01EA
00F2
0315
0130
0044
01EE
024A
0013
0013
003B
01EF
0316
0317
0136
01F3
01F4
0318
0013
0013
0045
01F6
0319
031A
031B
00FE
004B
004C
005F
004E
0185
01FB
031C
031D
02A5
0054
031E
0056
0013
0013
0200
031F
0320
0321
0267
007F
0322
024A
0119
0013
0060
0061
0323
0324
0325
0065
0155
010C
0068
0013
018C
0207
0275
006C
0209
006E
020A
0070
0110
0013
0053
0072
020B
020C
0326
00D2
020E
0327
0013
0013
007A
007B
0193
0194
0117
007F
0195
010C
0082
0013
0083
0328
023A
00DC
0030
0088
0329
032A
008B
0013
0168
02B5
032B
023E
019F
019A
032C
032D
0013
0013
0095
01A1
0215
0216
0126
0002
0127
0004
0241
0006
0007
02BB
0009
032E
000B
000C
032F
000E
0178
002B
002C
0024
0013
0013
002A
0013
0002
0002
0013
0013
0013
0015
0016
0017
0018
0013
0019
0002
0013
0013
0013
0013
0013
001F
001B
001E
0014
001D
0017
0002
0002
0013
0002
0002
0013
001C
0014
001E
0015
0013
0010
0002
0013
0013
0013
0013
0013
001C
001A
0013
0013
0013
0179
0013
0002
0002
0013
0013
0013
001C
001A
0017
0018
0013
001E
0013
0013
0013
0013
0013
0013
001E
0015
0010
0021
0013
0017
0013
0013
0013
0013
0013
0002
0017
0012
0017
0018
0013
0024
0002
0013
0013
0013
0013
0013
0018
0247
0330
0018
0013
01AB
0002
0013
0013
0013
0013
0013
0027
01AD
0022
0027
0029
002D
0013
0013
0013
0013
0013
0013
0027
0331
0010
0013
0013
01AE
0013
0013
0013
0013
0013
0013
0023
01B0
0022
002B
0013
002A
0002
0013
0002
0013
0013
0002
019F
017A
00A9
0091
0013
0013
0034
0035
0332
01B4
0038
0039
003A
00C0
0002
0013
02C4
02C5
003D
003E
003F
0040
013C
0042
0043
0044
0160
0046
0333
0334
0227
004A
01BB
029E
005F
0013
004F
01BC
00BD
0052
0250
0054
0055
0013
0013
0013
0057
0058
014C
0335
005B
005C
0131
005E
0094
0013
0254
02AC
0062
0272
0064
0154
010B
0067
0110
0013
0273
0336
0337
0338
0339
00B5
02D8
0070
0110
0013
015C
033A
033B
027A
025D
0076
033C
02DB
0079
0013
0049
015E
033D
01CF
007E
0044
0080
033E
0082
004E
0083
0084
033F
0340
0341
00AE
019B
019C
0013
0013
008C
011E
0342
00E0
0090
007F
0343
0093
0094
0013
00E2
0096
0097
0098
0001
0002
0280
0281
0344
0006
00E8
0008
0345
0346
0347
00EC
0348
0349
034A
0010
0011
0012
0013
0013
0024
0013
0002
0013
0013
0013
0013
0027
0028
0014
0029
0013
0019
0002
0002
0013
0002
0002
0002
001A
001F
001C
0014
002B
001E
0013
0002
0013
0002
0002
0013
001F
0014
0020
001D
0021
001A
0002
0013
0013
0013
0013
0013
001D
0248
028B
001D
0013
034B
0013
0013
0013
0013
0002
0013
0017
001B
0022
0023
0013
0017
0013
0002
0013
0013
0002
0013
001F
0024
0010
0023
0013
001E
0013
0013
0002
0002
0002
0002
0017
0014
0010
0018
0013
0023
0013
0013
0002
0013
0013
0002
0013
0025
0022
0013
0013
034C
0013
0013
0013
0013
0013
0013
0027
0028
0022
0018
0013
002A
0013
0002
0013
0013
0013
0002
002B
002C
0010
0018
0013
002D
0013
0013
0013
0002
0013
0002
002B
01E8
001E
0018
0013
0019
0013
0013
0013
0013
0013
0002
0277
0031
034D
0033
0013
0013
00F0
01EA
00F2
034E
018F
0044
034F
0033
00C1
0013
024D
01EF
01F0
01F1
02A5
0350
0041
013D
029A
00A8
0034
02E9
0351
0352
031B
00FE
004B
004C
004D
004E
0353
02A0
0101
0354
02A5
0355
0356
0357
004D
0013
00C2
031F
0320
02A7
0227
007F
005D
00C0
005F
0013
0358
02ED
0359
035A
0325
0065
0066
010C
0068
0013
0157
006A
006B
006C
035B
006E
006F
010F
0071
0013
018F
035C
035D
020C
01CA
0013
0077
0078
0013
0013
007A
0192
020F
007D
0117
007F
035E
0081
0119
0013
0197
035F
0085
011B
0360
0088
0361
008A
008B
0013
0362
02F3
011F
0363
00CB
0091
0364
0213
0119
0013
02F5
0365
0366
0367
00E6
0002
0368
0281
0005
0006
0007
0008
012B
0369
012D
00EC
036A
000E
0287
0027
00A3
0012
0013
0013
0019
0013
0013
0002
0013
0013
0013
0015
0016
0024
0013
0013
0019
0002
0002
0013
0002
0002
0002
0010
001B
001E
0014
002B
0022
0002
0002
0013
0002
0002
0013
001F
0024
0020
0021
0021
0010
0013
0013
0013
0013
0013
0013
001C
001F
0022
002B
0013
0024
0013
0013
0013
0013
0002
0013
001C
001B
0013
0013
0013
0014
0013
0002
0013
0013
0013
0013
0010
0015
0010
002B
0013
0012
0013
0013
0002
0013
0013
0002
0017
0014
0017
0018
0013
0023
0013
0013
0002
0013
0013
0002
0018
0025
0017
0013
0013
034C
0013
0013
0013
0013
0013
0013
0027
0313
0022
0027
0029
002A
0013
0002
0013
0013
0013
0002
002B
002C
0010
0029
0013
002D
0013
0013
0013
0002
0013
0002
0023
02BD
001E
0013
0013
002A
0002
0013
0002
0013
0013
0002
036B
017A
021E
00AA
0013
0013
01D5
036C
036D
0315
0030
0039
003A
036E
0013
0013
00F6
003C
036F
00F9
003F
0040
0041
0042
0043
00A8
00FB
0046
0047
0048
0049
00FE
0145
004C
0079
004E
0370
0371
031C
031D
0250
0054
0104
0251
00C1
0013
00C2
014B
02EB
022E
005B
005C
005D
0013
0013
0013
0060
0108
0062
0063
02AA
0065
0066
010C
0110
0013
0069
006A
0372
02EE
015B
006E
006F
0070
0110
0013
0053
0072
0073
020C
0075
0076
0077
0327
0013
0013
007A
0373
0193
0374
007E
0161
0375
010C
0082
004E
0083
0376
023A
0377
0053
0088
0378
00FF
008B
0013
023C
008D
0379
02B7
0121
007F
0364
0213
0013
0013
0095
0096
0366
037A
02F7
0002
0127
0004
037B
0006
00E8
026C
0172
000A
037C
000C
037D
0245
037E
0010
001C
0179
0013
0013
0014
0013
0002
0002
0013
0013
0013
0027
0028
0017
0018
0013
0019
0013
0013
0013
0013
0013
0013
001A
001C
001C
0023
001D
001E
0013
0002
0013
0002
0002
0013
001C
0014
001E
001D
0013
001A
0002
0013
0013
0013
0013
0013
0179
001A
0017
001D
0013
0022
0013
0002
0002
0013
0013
0013
0021
037F
0380
0023
0013
0381
0013
0013
0013
0013
0002
0013
001F
0024
0010
0023
0013
001E
0013
0013
0013
0002
0002
0002
0012
0012
0010
0018
0013
0024
0002
0013
0013
0013
0013
0013
0018
0247
00A6
0018
0013
01AB
0002
0013
0013
0013
0013
0013
0027
01AD
0022
0018
0013
002D
0013
0013
0013
0013
0013
0013
002B
01AF
0022
0018
0013
002D
0013
0013
0013
0013
0013
0013
002B
002E
0022
002B
0013
0019
0013
0013
0013
0013
0013
0013
0030
0031
0032
0033
0013
0013
0034
0035
0036
0037
0038
0044
0382
0033
0002
0013
003B
0383
003D
0384
0136
00B5
00B6
00B7
004D
0044
0034
0385
0386
0387
0142
004A
004B
029E
004D
0013
004F
01BC
0051
0052
0186
01BE
0055
0056
004D
0013
0057
0058
0187
02D0
0227
0388
0389
038A
005F
0013
038B
00C8
038C
038D
0064
038E
0144
0067
0068
0013
038F
0390
0301
0391
018D
010E
0392
01C6
0071
0013
0393
0112
0113
0305
0394
00D9
033C
0395
0079
0013
0260
007B
007C
027D
0117
007F
0080
0081
0119
0013
019D
0396
0397
0086
0360
019A
02F2
008A
008B
0013
01D5
01D6
008E
008F
0256
0091
02F4
0093
0094
0013
027E
0398
0097
00E5
0001
0002
0003
0399
0344
039A
00E8
0008
0244
000A
009E
039B
037D
00ED
000F
0010
001C
0012
0013
0013
0014
0013
0002
0002
0013
0013
0013
0027
0028
0012
0018
0013
0019
0002
0002
0013
0002
0013
0002
001A
001B
001E
0014
002B
0022
0002
0002
0013
0002
0002
0013
001F
0014
0020
001D
0021
001A
0013
0013
0013
0013
0013
0013
001C
001C
0022
001D
0013
0022
0013
0002
0013
0013
0002
0013
0017
001B
0012
0023
0013
001E
0013
0002
0013
0013
0013
0013
001E
0015
0010
0021
0013
0012
0013
0013
0002
0002
0013
0013
0012
0024
0017
0018
0013
0023
0013
0013
0013
0013
0013
0002
0018
0289
0330
0013
0013
01A9
0013
0013
0013
0013
0013
0013
0027
039C
0380
0029
0013
01AE
0013
0013
0013
0013
0013
0013
002B
039D
0010
0029
0013
002D
0013
0013
0013
0002
0013
0013
0023
01E8
001E
0013
0013
002F
0013
0013
0013
0013
0013
0013
0030
0031
039E
00AA
0013
0013
027E
00F1
039F
01EC
03A0
0044
03A1
0033
0002
0013
03A2
03A3
03A4
03A5
03A6
0350
03A7
0042
0043
00A8
017C
01F6
03A8
03A9
018F
01FA
0144
0184
0145
004E
0100
03AA
01FC
01FD
00BF
0103
0055
005E
004D
0013
03AB
022C
03AC
0106
0188
0189
00CF
005E
005F
0013
022F
0108
03AD
03AE
010A
00B7
0066
03AF
0110
0013
03B0
0207
0337
02EE
03B1
010E
03B2
018E
0079
0013
01C7
03B3
03B4
03B5
025D
0076
020E
025F
0013
0013
0115
03B6
03B7
03B8
0117
0044
03B9
03BA
0119
0013
0083
03BB
03BC
03BD
0087
0044
03BE
008A
008B
0013
0362
011E
03BF
0120
0121
0091
03C0
0093
0013
0013
0123
0214
03C1
0098
0126
0002
03C2
03C3
03C4
0006
0007
026C
0009
03C5
000B
000C
03C6
00A0
00A1
0027
00A3
0179
0013
0013
002D
0013
0002
0013
0013
0013
0013
0015
0016
0017
0029
0013
002D
0002
0013
0013
0013
0002
0013
0020
001C
001C
0014
001D
001E
0013
0002
0013
0002
0002
0013
001F
0024
001E
0023
0013
0010
0002
0013
0013
0013
0013
0013
0022
001A
0017
0023
0013
0014
0013
0002
0002
0013
0013
0013
001C
001C
0022
0018
0013
0014
0013
0013
0013
0013
0002
0013
001F
0024
0010
0023
0013
001E
0013
0013
0013
0013
0002
0002
0017
0012
0010
0018
0013
0024
0002
0013
0002
0013
0013
0002
0013
0025
0022
0018
0013
0026
0002
0013
0013
0013
0013
0013
0027
0310
0012
0027
0029
03C7
0013
0002
0013
0013
0013
0002
002B
03C8
0010
0018
0013
03C9
0013
0013
0013
0013
0013
0002
0027
03CA
0022
002B
0013
03C9
0002
0013
0002
0013
0013
0002
0030
017A
01B1
0033
0013
0013
0034
0035
0036
01B4
00F4
0039
003A
00C0
00C1
0013
003B
0222
026F
003E
003F
0040
0041
013D
029A
0044
0045
03CB
0047
0048
0227
004A
004B
004C
004D
0013
004F
03CC
03CD
0052
0053
0054
0104
0056
00C1
0013
0270
0058
0059
02D0
00D8
005C
005D
032D
0119
0013
0254
03CE
0062
0063
0064
0065
010B
0067
0068
0013
0256
01C4
006B
03CF
006D
006E
006F
0070
0071
0013
0053
03D0
0073
027A
00C3
0013
0077
03D1
0079
0013
00D5
03D2
03D3
03D4
0186
007F
0080
03D5
0082
004E
008C
0084
03D6
03D7
03D8
0088
0089
032A
008B
0013
008C
023D
0342
03D9
0090
019A
0092
032D
0094
0013
00E2
03DA
0097
03DB
0001
0002
0003
0281
03DC
0006
0007
0008
03DD
000A
03DE
0175
037D
000E
034A
0010
001C
0012
0013
0013
001D
0013
0002
0002
0013
0013
0013
0027
00A3
0017
0013
0013
0019
0002
0002
0013
0002
0013
0002
001A
001B
001C
0015
002B
0022
0013
0002
0013
0002
0002
0013
001F
0014
001E
001D
0013
001A
0013
0013
0013
0013
0013
0013
001C
001C
0022
001D
0013
0022
0013
0002
0002
0013
0002
0013
001C
001B
0022
0023
0013
0017
0013
0002
0013
0013
0013
0013
001E
0015
0010
0021
0013
001E
0013
0013
0013
0002
0013
0002
0017
0024
0017
0018
0013
0023
0013
0013
0013
0013
0013
0002
0029
0289
0330
0018
0013
03DF
0013
0013
0013
0013
0013
0013
0029
01AD
0022
00A4
0013
03E0
0013
0013
0013
0013
0013
0013
0013
01AF
0010
0013
0013
03E1
0013
0013
0013
0002
0013
0013
0027
03E2
001E
0013
0013
01A9
0013
0013
0013
0013
0013
0002
018F
0031
034D
00AA
0013
0013
00D5
01EA
03E3
034E
03A0
0076
03E4
0033
0013
0013
003B
01EF
0297
03E5
01F2
0350
00B6
02C6
01B8
00A8
0045
01F6
03E6
03A9
018F
00FE
0144
02C9
004D
0013
0157
0371
0101
0354
03E7
0103
03E8
00C0
004D
0013
03AB
022C
03E9
03EA
0227
0088
005D
0093
005F
0013
0254
0061
03EB
03EC
03ED
0154
0066
010C
0110
0013
0069
0207
0258
02EE
02D7
006E
02D8
018E
0110
0013
0277
03B3
03EE
03B5
025D
00D2
03EF
0395
0079
0013
0163
007B
03F0
03F1
0117
00D2
0238
0081
0119
0013
0163
0396
0397
0086
0360
0013
0089
008A
0013
0013
03F2
011E
008E
008F
0069
0091
0092
0093
0013
0013
027E
03F3
03F4
0098
03F5
0002
03F6
0004
0005
0006
00E8
026C
0009
03C5
000B
03F7
03C6
00ED
0287
002B
00A3
0179
0013
0013
002F
0013
0002
0013
0013
0013
0013
0015
03F8
0179
0018
0013
002D
0002
0002
0013
0013
0002
0013
0020
001F
001E
0014
001D
001E
0002
0002
0013
0002
0002
0013
0020
0024
0020
0023
0021
0010
0002
0013
0013
0013
0013
0013
0022
001A
0017
002B
0013
0014
0013
0002
0013
0013
0013
0013
0022
001F
0017
0018
0013
001E
0013
0013
0013
0013
0002
0013
001F
0024
0010
0023
0013
001E
0013
0013
0002
0013
0002
0002
0012
0012
0010
0018
0013
0024
0002
0013
0002
0013
0013
0002
0018
0025
0022
0013
0013
0026
0002
0013
0013
0013
0013
0013
0027
0028
0022
0027
0029
03C7
0013
0002
0013
0013
0013
0002
002B
002C
0010
0018
0013
02E7
0013
0013
0013
0013
0013
0002
0023
01B0
0022
002B
0013
03C7
0002
0013
0002
0013
0013
0002
0030
017A
01B1
0033
0013
0013
0133
0035
0036
01B4
00F4
0039
003A
00C0
0002
0013
00FA
03F9
026F
003E
003F
0040
0041
0042
0043
0044
017C
03CB
0047
0048
0049
004A
004B
004C
005F
004E
024F
03FA
03CD
0052
0053
0054
0055
0056
00C1
0013
0270
0058
0059
005A
005B
005C
005D
005E
0094
0013
022F
03FB
0062
0063
0064
0065
010B
0067
0068
0013
038F
03FC
0301
0232
02EF
010E
006F
0070
0071
0013
015C
03FD
0073
027A
01CA
0076
0077
0327
0013
0013
0115
03FE
0236
03D4
007E
007F
0262
010C
0082
004E
008C
02DE
03D6
03FF
0250
0088
0400
032A
008B
0013
008C
023D
0401
0402
0228
007F
0403
00E1
0094
0013
0095
03DA
030A
0404
0405
0002
0127
0406
0005
0006
00E8
01E0
0009
000A
0407
000C
0408
0409
000F
0010
0011
0012
0013
0013
001D
0013
0002
0013
0013
0013
0013
0027
0028
0014
0018
0013
0019
0013
0002
0013
0002
0013
0013
001F
001B
0010
0018
001D
0012
0002
0002
0013
0002
0013
0013
001F
0014
0020
0023
0021
001A
0013
0013
0013
0013
0013
0013
001C
001A
0022
001D
0013
0022
0013
0002
0013
0013
0013
0013
0021
040A
0014
002B
0013
040B
0013
0002
0013
0013
0002
0013
001F
0024
0010
0013
0013
0021
0013
0013
0013
0002
0002
0002
0017
0014
0010
0018
0013
0023
0013
0013
0013
0013
0013
0013
0013
040C
00A6
0013
0013
040D
0013
0013
0013
0013
0013
0013
0027
002C
0022
0027
0029
002D
0013
0002
0013
0013
0013
0013
002B
002C
0010
0013
0013
002D
0013
0013
0013
0013
0013
0013
002B
002E
0022
0013
0013
0019
0002
0013
0002
0013
0013
0002
02A5
0031
040E
0033
0013
0013
0136
040F
0410
0411
03A0
0044
0412
0033
0094
0013
003B
0413
0414
0415
00B4
0132
00B6
01F5
00C1
0044
0045
01F6
0416
0417
02B8
0418
004B
0419
0071
004E
041A
041B
041C
041D
041E
0054
029A
0056
004D
0013
0200
014E
041F
0420
0188
007F
0389
00C0
0107
0013
0060
0061
0421
0422
0423
0065
0424
01D0
0013
0013
018C
00CC
0425
0232
035B
006E
0392
0070
0071
0013
0341
0426
0233
015D
025D
0013
020E
0395
0013
0013
0115
03FE
0427
015F
0428
007F
035E
0081
0082
004E
0083
0429
042A
011B
0199
019A
0378
008A
0013
0013
0168
02B5
042B
0120
03B0
0091
0364
032D
0013
0013
0095
01A1
042C
0216
0001
0002
0003
0004
042D
0006
0007
042E
01A4
042F
000B
0430
036A
000E
01A8
002B
0431
0024
0013
0013
002A
0013
0002
0002
0013
0013
0013
0015
0016
0017
0018
0013
0019
0002
0002
0013
0013
0002
0002
001A
001F
001C
0014
002B
001E
0013
0002
0013
0002
0002
0013
001F
0014
001E
001D
0013
0010
0002
0013
0013
0013
0013
0013
0179
001F
0012
0023
0013
0014
0013
0002
0002
0013
0002
0013
001C
001B
0022
0023
0013
001E
0013
0002
0013
0013
0013
0013
0017
0015
0010
0023
0013
001E
0013
0013
0002
0013
0013
0002
0012
0012
0017
0018
0013
0024
0002
0013
0002
0013
0013
0002
0018
002E
0017
0018
0013
01AB
0002
0013
0013
0013
0013
0013
0027
0028
0022
0018
0013
002A
0013
0013
0013
0013
0013
0002
002B
00EF
0010
0018
0013
002D
0013
0013
0013
0002
0013
0002
0023
002C
001E
002B
0013
002A
0013
0013
0013
0013
0013
0002
0030
017A
0432
00AA
0013
0013
0153
0035
0433
00AC
00F4
0039
003A
00C0
0002
0013
01B6
003C
003D
003E
0221
0040
0041
0042
0043
00A8
013E
0046
0047
0048
0049
004A
01BB
004C
004D
0013
004F
0050
03CD
0052
0053
0434
0055
0251
00C1
0013
0057
0058
0252
0253
00D8
005C
005D
005E
005F
0013
00B8
0150
0062
0063
0064
0154
0066
0067
0068
0013
019F
006A
0258
0259
02EF
010E
006F
010F
0110
0013
0277
0112
035D
0074
01CA
0076
0077
0435
0079
0013
0163
007B
0436
0374
007E
0161
0080
00DA
0119
0013
0197
0084
0437
00DC
0053
0088
02F2
00FF
008B
0013
019D
02F3
0342
00E0
0090
007F
02F4
0093
0094
0013
01DA
02F6
0097
00E5
0438
0002
0218
0004
042D
0439
0007
043A
043B
00EB
000B
03F7
000D
000E
012F
0010
001C
0179
0013
0013
0014
0013
0013
0002
0013
0013
0013
0015
0016
0017
0018
0013
002D
0002
0002
0013
0002
0013
0013
001F
001F
0010
0014
0013
001E
0013
0002
0013
0002
0002
0013
001C
0014
0020
0021
0021
001A
0013
0013
0013
0013
0013
0013
0022
0020
0012
001D
0013
0022
0013
0002
0002
0013
0013
0013
0022
001B
0012
002B
0013
001E
0013
0002
0013
0013
0013
0013
0010
0023
0010
002B
0013
001E
0013
0013
0013
0002
0013
0002
0017
0014
0017
0018
0013
0015
0013
0013
0013
0013
0013
0013
0018
002E
0017
0018
0013
03DF
0013
0013
0013
0013
0013
0013
0027
0028
0022
0018
0013
002A
0013
0013
0013
0013
0013
0002
002B
00EF
0022
0018
0013
002D
0013
0013
0013
0013
0013
0002
0023
03E2
0022
0018
0013
002F
0013
0013
0013
0013
0013
0002
0030
0031
039E
00AA
0013
0013
043C
043D
039F
043E
0038
0039
0137
0033
0002
0013
043F
00F1
0440
0441
00F6
0040
00B6
00B7
0043
0013
0034
01F6
0140
0442
0142
0443
0144
01FA
0094
004E
0157
0444
0147
0445
0250
0103
0055
005E
004D
0013
0057
0446
02EB
0447
0095
005C
005D
0093
0094
0013
022F
00C8
0109
0448
0449
0154
0155
03AF
0110
0013
03D8
044A
044B
044C
044D
00B5
006F
010F
0079
0013
0111
044E
025C
044F
0450
00D9
0077
0078
0079
0013
0260
0451
0452
0453
0117
0161
02B0
0081
0119
0013
0083
0164
0085
0165
0087
0088
0361
008A
008B
0013
03F2
0169
011F
0454
0090
0091
0364
0093
0119
0013
0123
0455
0456
0457
0001
0002
0003
0281
0005
0006
00E8
0243
0009
0173
0458
01E3
0459
045A
0178
0027
00A3
0012
0013
0013
0019
0013
0002
0002
0013
0013
0013
0027
0028
0179
0013
0013
0019
0002
0002
0013
0013
0002
0002
001A
001B
001C
0014
001D
0010
0002
0002
0013
0002
0002
0013
001F
0024
001E
001D
0013
0010
0002
0013
0013
0013
0013
0013
001C
001A
0022
0023
0013
0179
0013
0002
0013
0013
0002
0013
001C
001B
0022
0023
0013
0017
0013
0002
0013
0013
0002
0013
001F
0024
0010
0023
0013
001E
0013
0013
0002
0013
0002
0002
0017
0012
0010
0018
0013
0024
0002
0013
0002
0013
0013
0002
0018
00A5
00A6
0013
0013
0026
0002
0013
0013
0013
0013
0013
0027
00A7
0022
0027
0029
002D
0013
0002
0013
0013
0013
0013
002B
002C
0010
0013
0013
002D
0013
0013
0013
0002
0013
0013
002B
01B0
001E
002B
0013
002D
0002
0013
0002
0013
0013
0013
0294
017A
00A9
0033
0013
0013
0034
045B
0036
045C
0446
0044
0180
01F5
0013
0013
02C4
003C
045D
00B3
00B4
0054
0041
0042
029A
0044
0160
045E
0182
0183
0049
004A
004B
004C
004D
0013
02CA
045F
00BD
0460
02A5
0054
020A
0056
0094
0013
0299
0461
022D
02D0
0188
0189
005D
005E
005F
0013
0254
0108
018A
0462
0064
0065
0066
0067
0068
0013
0069
0257
006B
006C
018D
006E
020A
0070
0071
0013
0053
0072
0233
0074
025D
0076
020E
0191
0013
0013
007A
0463
033D
03D4
007E
007F
0080
010C
0082
004E
008C
0084
033F
03D7
0030
019A
02F2
00FF
0013
0013
008C
011E
0464
0465
019F
00AE
02F4
00E1
0094
0013
00E2
01A1
0466
0467
0001
0002
0280
0281
03DC
0006
00E8
0008
012B
000A
01E2
000C
0468
0286
000F
0010
001E
0012
0013
0013
001D
0013
0013
0013
0013
0013
0013
0027
0028
0014
0013
0013
0019
0002
0002
0013
0002
0002
0002
001A
001B
001C
0014
001D
0022
0002
0002
0013
0002
0002
0013
001F
0014
0020
001D
0021
0010
0013
0013
0013
0013
0013
0013
001C
001A
0022
001D
0013
0022
0013
0002
0013
0013
0002
0013
001C
001B
0022
0023
0013
0017
0013
0002
0013
0013
0002
0013
001F
0024
0010
0023
0013
001E
0013
0013
0013
0002
0002
0002
0017
0014
0010
0018
0013
0023
0013
0013
0002
0013
0013
0002
0013
0289
00A6
0013
0013
03DF
0013
0013
0013
0013
0013
0013
0027
0331
0469
00A4
0013
002D
0013
0013
0013
0013
0013
0013
002B
0331
0010
0013
0013
01AE
0013
0013
0013
0002
0013
0013
002B
01E8
001E
0013
0013
0019
0002
0013
0002
0013
0013
0013
028D
0031
046A
0033
0013
0013
013E
01EA
046B
046C
03A0
0044
0295
0033
0013
0013
003B
01EF
0414
046D
046E
0350
0041
046F
029A
0044
0034
01F6
0470
029C
0471
029E
004B
029F
004D
004E
0185
01FB
041C
041D
041E
0054
0472
0056
004D
0013
0200
0060
0473
02A7
0188
0088
005D
00C0
005F
0013
022F
0061
0474
0462
02AA
0154
0066
01D0
0068
0013
0475
0207
02AB
006C
035B
006E
020A
0070
0071
0013
015C
0072
0233
020C
025D
0013
0476
0395
0013
0013
0115
0192
020F
007D
0117
02AF
0477
0478
0082
0013
0083
0479
042A
047A
0199
0044
0378
008A
0013
0013
023C
02B5
042B
0120
00CB
0091
0364
00E1
0013
0013
0095
01A1
047B
0467
026B
0002
0127
0004
0005
0006
0007
00E9
01A4
047C
000B
02E6
047D
000E
01A8
0027
00A2
0024
0013
0013
002A
0013
0002
0002
0013
0013
0013
0015
0016
0017
0018
0013
0019
0002
0013
0013
0013
0013
0013
001F
001F
001E
0014
0013
001E
0013
0002
0013
0002
0002
0013
001F
0014
001E
0015
0013
001A
0002
0013
0013
0013
0013
0013
0014
001F
0012
0021
0013
0179
0013
0002
0002
0013
0013
0013
0022
001F
0017
002B
0013
001E
0013
0013
0013
0013
0013
0013
001E
0015
0010
0021
0013
0017
0013
0013
0002
0013
0013
0002
0012
0012
0017
0018
0013
0024
0002
0013
0013
0013
0013
0013
0018
0025
0017
0018
0013
0026
0002
0013
0013
0013
0013
0013
0027
0028
0022
0027
0029
002A
0013
0002
0013
0013
0013
0002
002B
002C
0010
0018
0013
002D
0013
0013
0013
0013
0013
0002
0023
01B0
0022
002B
0013
002A
0013
0013
0013
0013
0013
0002
0030
017A
047E
01B2
0013
0013
0423
0035
047F
01B4
00F4
0039
003A
00C0
0002
0013
01B6
00B1
003D
003E
003F
0040
01E9
0042
0043
0013
0160
0046
0140
0442
0049
004A
01BB
004C
0079
0013
004F
01BC
03CD
0052
0053
0355
0055
01F3
00C1
0013
0057
0058
0271
0480
00D8
005C
0131
005E
0094
0013
0254
0150
0062
0272
0064
0065
010B
0067
0110
0013
0069
0481
0258
01C5
02EF
010E
006F
010F
0110
0013
0277
0482
01C8
01C9
01CA
0076
0077
0235
0079
0013
0163
01CD
01CE
01CF
007E
007F
0080
01D0
0119
004E
0197
0084
0483
0340
0149
0088
019B
00FF
008B
0013
019D
00DE
0342
00E0
0090
007F
0484
0093
0094
0013
01DA
01DB
0097
00E5
0485
0002
0218
0219
0486
0006
00E8
0487
012B
000A
0174
03F7
0488
0489
034A
0010
001C
0012
0013
0013
001D
0013
0013
0013
0013
0013
0013
0027
0028
0014
0018
0013
0019
0013
0002
0013
0002
0013
0013
0010
001A
0022
0014
0013
0012
0013
0002
0013
0002
0002
0013
001F
0014
0020
0023
0021
001A
0013
0013
0013
0013
0013
0013
001C
0022
0022
001D
0013
0022
0013
0002
0013
0013
0013
0013
0021
0312
0014
002B
0013
040B
0013
0002
0013
0013
0013
0013
001F
0024
0010
002B
0013
001E
0013
0013
0013
0002
0002
0002
0017
0014
0010
0018
0013
0023
0013
0013
0013
0013
0013
0013
0018
002E
0012
0013
0013
03DF
0013
0013
0013
0013
0013
0013
0027
0028
0012
0029
0013
002A
0013
0013
0013
0013
0013
0013
002B
00EF
0017
0029
0013
002D
0013
0013
0013
0013
0013
0013
0023
01E8
0014
0013
0013
002F
0002
0013
0002
0013
0013
0002
0030
0031
048A
0033
0013
0013
043C
048B
048C
048D
0038
0044
048E
0033
0002
0013
043F
048F
0490
0491
046E
0492
00B6
0493
0043
0013
0034
01F6
0494
0495
0142
029E
004B
00FF
0071
004E
0496
0497
0147
0445
0498
0054
0499
0056
004D
0013
0270
049A
049B
049C
0227
0388
0389
00C0
0107
0013
022F
00C8
0421
049D
0449
0154
0066
01D0
00C1
0013
0475
049E
049F
02D6
035B
006E
006F
0070
0071
0013
0341
0426
0233
015D
0450
00D9
0114
0078
0013
0013
0115
0373
0452
015F
0117
0161
04A0
0081
0082
0013
0083
0164
0085
0165
0087
0088
0361
008A
008B
0013
0168
04A1
011F
016A
04A2
0091
0364
0350
0013
0013
0095
04A3
04A4
04A5
0001
0002
0003
016F
0005
0006
0007
04A6
0172
04A7
04A8
01E3
04A9
000E
0287
0027
00A2
0024
0013
0013
002A
0013
0002
0002
0013
0013
0013
0015
0016
0017
0029
0013
0019
0002
0002
0013
0013
0002
0002
001A
001B
001C
0014
001D
001E
0002
0002
0013
0002
0002
0013
001F
0014
001E
001D
0013
0010
0002
0013
0013
0013
0013
0013
0179
001A
0012
0023
0013
0179
0013
0002
0002
0013
0002
0013
001C
001B
0022
0023
0013
001E
0013
0002
0013
0013
0002
0013
001E
0015
0010
0023
0013
001E
0013
0013
0002
0013
0013
0002
0179
0012
0010
0018
0013
0024
0002
0013
0002
0013
0013
0002
0018
00A5
00A6
0018
0013
0026
0002
0013
0013
0013
0013
0013
0027
002C
0022
0027
0029
002D
0013
0002
0013
0013
0013
0002
0027
00A7
0010
0018
0013
002D
0013
0013
0013
0002
0013
0002
002B
01B0
001E
002B
0013
002D
0013
0013
0013
0013
0013
0002
0030
017A
04AA
0132
0013
0013
0034
0035
04AB
04AC
0446
0039
003A
00C0
00C1
0013
02C4
003C
003D
003E
003F
0040
0041
0042
029A
0044
0160
0046
0047
0048
0049
004A
01BB
004C
004D
0013
004F
03AA
04AD
04AE
0053
01BE
0055
0251
00C1
0013
02A5
0058
0252
0253
005B
005C
005D
005E
005F
0013
0254
0108
0062
0063
0064
0065
010B
0067
0068
0013
0069
0257
0258
0259
02EF
025A
020A
010F
0110
0013
0277
0112
01C8
0074
025D
0076
020E
04AF
0079
0013
0163
007B
033D
0374
007E
007F
0080
010C
0119
004E
0197
0084
033F
0340
0030
019A
02F2
00FF
008B
0013
019D
008D
0342
00E0
0090
00A8
02F4
0093
0094
0013
027E
0096
0097
0098
0217
0002
04B0
04B1
0129
0006
0007
02F8
0009
026D
04B2
04B3
0468
000E
000F
0010
0020
0012
0013
0013
0014
0013
0013
0002
0013
0013
0013
0027
0028
0017
0018
0013
0019
0002
0013
0013
0013
0013
0002
001A
001F
001E
0014
002B
0010
0002
0002
0013
0002
0002
0013
001F
0014
001E
001D
0013
0010
0002
0013
0013
0013
0013
0013
0022
001F
0022
001D
0013
0022
0013
0002
0002
0013
0002
0013
001C
001B
0017
0018
0013
001E
0013
0002
0013
0013
0002
0013
001F
0024
0010
0023
0013
001E
0013
0013
0013
0013
0013
0002
0017
0014
0010
0018
0013
0023
0013
0013
0013
0013
0013
0013
0018
002E
0022
0018
0013
01A9
0013
0013
0013
0013
0013
0013
0027
0028
0017
0027
0029
002A
0013
0013
0013
0013
0013
0002
002B
00EF
0010
0013
0013
002D
0013
0013
0013
0002
0013
0002
0023
0431
0022
0013
0013
002A
0002
0013
0002
0013
0013
0002
03B0
0031
039E
00AA
0013
0013
00C7
04B4
039F
043E
04B5
0044
00AF
0033
0094
0013
043F
00B1
04B6
04B7
00B4
00B5
00B6
00B7
0043
00A8
0034
0046
04B8
04B9
04BA
01F9
0144
004C
0145
0013
004F
01BC
04BB
04BC
038F
0054
0055
005E
004D
0013
00FD
014B
03AC
022E
0188
0088
005D
00C0
0094
0013
022F
00C8
04BD
04BE
0449
0154
010B
03AF
0068
0013
0157
04BF
0301
04C0
015B
00B5
00CF
0070
0071
0013
015C
04C1
0073
015D
00D1
0076
04C2
0078
0079
0013
0049
0373
04C3
015F
00B4
007F
0262
0081
0082
004E
023C
02DE
0085
011B
0149
0088
0378
008A
0013
0013
023C
00DE
011F
0309
0090
0091
04C4
00E1
0013
0013
0095
04C5
0456
04C6
0001
0002
0003
0399
0170
0006
00E8
043A
0172
0173
04C7
000C
04C8
04C9
00A1
0027
00A3
0179
0013
0013
0019
0013
0002
0002
0013
0013
0013
0015
0016
0012
0018
0013
0019
0002
0002
0013
0002
0002
0013
001F
001B
001C
0014
001D
001E
0013
0002
0013
0002
0013
0013
001F
0014
0020
0023
0021
001A
0002
0013
0013
0013
0013
0013
001C
001A
0017
0023
0013
0179
0013
0002
0013
0013
0013
0013
0022
001B
0022
0023
0013
0017
0013
0002
0013
0013
0013
0013
001E
001D
0010
0021
0013
0017
0013
0013
0002
0002
0002
0002
0017
0012
0017
0018
0013
0024
0002
0013
0002
0013
0013
0002
0018
00A5
0330
0013
0013
0026
0002
0013
0013
0013
0013
0013
0027
002C
0022
0018
0013
002D
0013
0002
0013
0013
0013
0013
0027
002C
0010
0018
0013
002D
0013
0013
0013
0013
0013
0013
0027
002E
001E
002B
0013
0019
0013
0013
0013
0013
0013
0002
0130
017A
017B
0033
0013
0013
013E
04CA
0036
04CB
04CC
0039
00F5
014A
0002
0013
04CD
04CE
003D
003E
00FA
0040
0041
0042
029A
0044
0160
04CF
0047
0048
02B8
004A
004B
029E
004D
004E
0185
0371
00BD
00BE
0053
04D0
0104
0056
0002
0013
02A5
0058
0059
02D0
0123
005C
005D
005E
005F
0013
04D1
04D2
04D3
0063
0064
0065
0066
0067
0002
0013
018C
006A
0258
006C
0339
006E
006F
018E
0079
0013
0277
0112
04D4
0074
0075
0076
0077
0191
0013
0013
007A
007B
04D5
04D6
0117
00A8
0238
0196
0119
0013
0083
0396
00DB
04D7
0267
00A8
02F2
019C
008B
0013
04D8
011E
019E
023E
0121
0044
02F4
0093
0094
0013
027E
0096
03F4
0098
01A2
0002
0218
0004
042D
0006
00E8
0008
01A4
032E
000B
012E
036A
00ED
04D9
002B
002C
0179
0013
0013
002D
0013
0002
0002
0013
0013
0013
0015
0016
0012
0018
0013
0019
0002
0013
0013
0013
0002
0002
001A
001F
001C
0014
001D
001E
0013
0002
0013
0002
0002
0013
001C
0014
001E
001D
0013
0010
0002
0013
0013
0013
0013
0013
0014
001A
0012
0023
0013
0179
0013
0013
0013
0013
0002
0013
001C
001B
0022
0023
0013
0017
0013
0002
0013
0013
0002
0013
001F
0024
0010
0021
0013
0017
0013
0013
0013
0013
0013
0002
0017
0014
0010
0018
0013
0015
0013
0013
0013
0013
0013
0002
0018
0289
028A
0013
0013
01A9
0013
0013
0013
0013
0013
0013
0027
0249
028A
0018
0013
002D
0013
0013
0013
0013
0013
0013
002B
01AF
0022
0018
0013
002D
0013
0013
0013
0002
0013
0013
002B
01B0
0022
002B
0013
002D
0013
0013
0013
0013
0013
0013
019F
017A
04DA
00AA
0013
0013
0133
04B4
04DB
04DC
0038
0039
04DD
00C0
0002
0013
02FA
04DE
04DF
04E0
00F6
0040
04E1
0042
029A
0044
013E
01F6
04E2
04E3
0057
04E4
01BB
0184
004D
0013
024F
01BC
04E5
04E6
0166
0355
0104
025A
0094
0013
0057
0105
04E7
04E8
0362
005C
04E9
005E
005F
0013
0153
04EA
04EB
04EC
010A
02D2
0066
02D3
0110
0013
03D8
01C4
04ED
015A
02D7
006E
006F
04EE
0110
0013
0111
03B3
04EF
04F0
01CA
0076
0077
04F1
0013
0013
0277
007B
04F2
0237
0117
007F
0262
04F3
0119
0013
0260
0265
04F4
02E0
00CB
019A
04F5
019C
008B
0013
043C
01D6
04F6
04F7
0090
0044
04F8
0093
0094
0013
027E
01DB
04F9
04FA
00E6
0002
01DE
030B
0005
0006
0007
04FB
0009
04FC
04FD
01E3
04FE
000E
000F
0010
0011
0012
0013
0013
0014
0013
0013
0013
0013
0013
0013
0027
0028
0017
0018
0013
0019
0013
0002
0013
0002
0013
0013
0020
001B
0010
0014
0013
0022
0002
0002
0013
0002
0013
0013
001F
0014
0020
0015
0021
001A
0013
0013
0013
0013
0013
0013
001C
001F
0022
001D
0013
0022
0013
0002
0002
0013
0013
0013
0027
04FF
0024
002B
0013
0500
0013
0002
0013
0013
0013
0013
0017
001D
0010
0023
0013
001E
0013
0013
0002
0002
0002
0002
0013
0248
0501
0018
0013
040B
0002
0013
0002
0013
0013
0002
0013
0025
0017
0018
0013
0026
0002
0013
0013
0013
0013
0013
0027
0028
0022
0027
0029
002A
0013
0002
0013
0013
0013
0002
002B
002C
0010
0029
0013
002D
0013
0013
0013
0013
0013
0002
0023
0502
001E
0013
0013
002F
0002
0013
0002
0013
0013
0002
0030
0031
0032
0033
0013
0013
017C
0035
0036
0037
0030
0044
0503
0033
0094
0013
003B
003C
0504
00B3
00B4
0054
0041
00B7
0043
0013
0045
0046
0505
0506
0049
004A
004B
004C
005F
004E
0250
03AA
0051
0507
0186
0054
0055
0056
004D
0013
0200
00C3
0187
005A
0267
007F
0508
00C0
0094
0013
0060
0061
0509
050A
0064
0065
010B
0067
0068
0013
0069
0257
0372
006C
02EF
0013
050B
050C
0071
0013
0053
0072
0073
0074
025D
0013
020E
0078
0079
0013
007A
03FE
007C
007D
007E
0161
0195
0081
0082
004E
008C
0084
0085
0086
0087
0088
0211
008A
008B
0013
008C
008D
008E
008F
0121
0091
050D
032D
0013
0013
0095
0214
0215
050E
03F5
0002
0127
0004
03DC
0006
00E8
02F8
0172
000A
050F
000C
037D
0510
000F
0010
001C
0179
0013
0013
0014
0013
0002
0002
0013
0013
0013
0027
01AF
0511
0018
0013
0019
0002
0013
0013
0002
0002
0002
001A
001B
001C
0014
001D
001E
0002
0002
0013
0002
0002
0013
001C
0014
001E
001D
0013
001A
0002
0013
0013
0013
0013
0013
0179
001A
0017
001D
0013
0022
0013
0002
0002
0013
0002
0013
001C
001B
0022
002B
0013
001E
0013
0002
0013
0013
0002
0013
001F
0024
0010
0023
0013
001E
0013
0013
0013
0002
0002
0002
0017
0012
0010
0018
0013
0024
0002
0013
0013
0013
0013
0002
0018
0247
00A6
0018
0013
01AB
0002
0013
0013
0013
0013
0013
0018
01AD
0022
0018
0013
01AE
0013
0013
0013
0013
0013
0013
0027
01AF
0022
0018
0013
01AE
0013
0013
0013
0002
0013
0013
0027
01AC
0022
002B
0013
0019
0013
0013
0013
0013
0013
0013
0030
0031
039E
0033
0013
0013
021F
0035
0512
00F3
018F
00A8
0382
0513
0002
0013
003B
0413
0514
0515
0136
00B5
00B6
00B7
029A
0044
0034
024E
0386
02C8
018F
0443
004B
029E
004D
0013
0250
00BC
0516
0517
0186
01BE
0055
0056
004D
0013
02A5
0518
0187
02D0
0188
0088
005D
005E
0094
0013
038B
0061
038C
0519
010A
038E
0144
03AF
0068
0013
00BF
0390
0301
0391
010D
006E
02D8
01C6
0071
0013
0393
0112
0113
0305
020D
00D9
033C
0395
0079
0013
0260
007B
007C
027D
0117
02AF
051A
0081
0119
0013
0163
051B
051C
047A
0199
00AE
011C
008A
008B
0013
03F2
011E
051D
0120
0256
0091
02B9
0093
0094
0013
027E
01A1
051E
0098
0001
0002
0368
0281
0005
0006
0007
01E0
0009
0369
000B
00EC
036A
000E
01A8
0027
00A2
0012
0013
0013
0019
0013
0013
0002
0013
0013
0013
0015
0016
0021
0013
0013
0019
0002
0002
0013
0013
0013
0013
0010
001A
001E
0014
0013
0022
0013
0002
0013
0002
0002
0013
001F
001D
0020
0023
0021
0010
0013
0013
0013
0013
0013
0013
001C
001F
0022
002B
0013
0014
0013
0013
0013
0013
0013
0013
0022
001B
0014
0023
0013
0017
0013
0002
0013
0013
0013
0013
0010
0015
0010
002B
0013
0012
0013
0013
0002
0013
0013
0002
0017
0014
0017
0018
0013
0023
0013
0013
0002
0013
0013
0002
0018
0025
0017
0013
0013
051F
0002
0013
0013
0013
0013
0013
0027
0313
0022
0027
0029
002A
0013
0002
0013
0013
0013
0002
002B
002C
0010
0029
0013
002D
0013
0013
0013
0013
0013
0002
0023
01B0
001E
0013
0013
002A
0002
0013
0002
0013
0013
0002
03B0
017A
00A9
00AA
0013
0013
00C7
00F1
0520
00AC
0038
0039
003A
00D9
0013
0013
00F6
003C
0521
003E
003F
0040
0041
0042
0043
0013
00FB
0046
0047
0048
0049
004A
0079
004C
0079
004E
024F
0050
0522
0052
0250
0054
0104
0251
00C1
0013
0270
014B
02EB
022E
00D8
005C
005D
0523
005F
0013
0060
0150
0062
0063
0064
0065
0066
0067
0110
0013
0069
006A
0372
02EE
006D
00B5
006F
0070
0110
0013
0053
0072
0073
020C
0450
0076
0077
0435
0013
0013
007A
0373
0193
0374
00D8
007F
0080
00DA
0082
004E
008C
0084
023A
00DC
0053
0088
0089
00FF
008B
0013
008C
02F3
032B
023E
0121
007F
0092
0213
0013
0013
0095
02F6
0215
03DB
0524
0002
0127
0004
0129
0006
00E8
0008
0172
000A
000B
012E
000D
00ED
034A
0010
001C
0179
0013
0013
0024
0013
0002
0002
0013
0013
0013
0015
0525
0017
0018
0013
01A9
0002
0013
0013
0013
0002
0002
001A
0010
001C
0014
001D
001E
0013
0002
0013
0002
0002
0013
001E
0014
001E
001D
0013
0010
0002
0013
0013
0013
0013
0013
0014
001A
0014
001D
0013
0022
0013
0002
0002
0013
0002
0013
001C
001B
0022
0018
0013
0024
0013
0002
0013
0013
0002
0013
001F
0024
0010
0021
0013
0017
0013
0013
0013
0002
0013
0002
0017
0014
0010
0018
0013
0015
0013
0013
0013
0013
0013
0002
0018
0289
028A
0018
0013
01A9
0013
0013
0013
0013
0013
0013
0027
01AD
0022
0027
0029
01AE
0013
0013
0013
0013
0013
0013
002B
01AF
0010
0018
0013
01AE
0013
0013
0013
0002
0013
0013
002B
002E
0022
002B
0013
0019
0013
0013
0013
0013
0013
0013
019F
0031
005D
0132
0013
0013
0133
0035
0526
0527
0038
0039
0528
0033
0002
0013
02FA
0529
052A
052B
003F
0040
052C
0042
029A
0044
013E
0385
052D
052E
0057
052F
0144
0184
004D
0013
004F
01BC
0530
04E6
0250
0355
0104
014A
004D
0013
0057
0058
0531
02FE
014E
005C
046A
005E
0107
0013
038B
04EA
0532
0533
010A
02D2
0144
02D3
0110
0013
00BF
0158
04ED
015A
02D7
006E
02D8
01C6
0071
0013
0111
03B3
0113
0534
027B
0076
03EF
0535
0079
0013
0260
007B
0536
03F1
0117
0044
0537
0081
0119
004E
0163
051B
051C
0308
0267
0044
0538
008A
008B
0013
011D
01D6
0539
0309
0090
0091
04F8
0093
0094
0013
027E
01DB
04F9
04FA
0001
0002
0368
030B
0170
0006
0007
04FB
0009
053A
053B
01E3
053C
000E
0287
0027
00A3
0012
0013
0013
002F
0013
0013
0013
0013
0013
0013
0027
053D
001D
00A4
0013
0019
0002
0002
0013
0002
0013
0013
0022
001B
0022
0014
0013
0022
0002
0002
0013
0002
0013
0013
001F
001D
0020
0023
0021
001A
0013
0013
0013
0013
0013
0013
001C
001F
0022
002B
0013
0014
0013
0013
0013
0013
0013
0013
0027
0312
0024
0023
0013
0500
0013
0002
0013
0013
0013
0013
0017
001D
0010
0023
0013
001E
0013
0013
0002
0013
0002
0002
0013
0248
0501
0029
0013
040B
0002
0013
0002
0013
0013
0002
0013
0025
0017
0013
0013
0026
0002
0013
0013
0013
0013
0013
0027
0313
0022
0029
0013
03C7
0013
0002
0013
0013
0013
0002
002B
00A7
0010
0029
0013
002D
0013
0013
0013
0013
0013
0002
0023
002C
001E
0013
0013
002A
0002
0013
0002
0013
0013
0002
0030
017A
00A9
0033
0013
0013
017C
00F1
0036
00AC
0030
0044
01EE
024A
008B
0013
003B
003C
053E
00B3
0136
0054
0041
00B7
0043
0013
0045
0046
0505
053F
0049
004A
004B
004C
005F
004E
0185
03AA
0540
0541
0186
0054
0055
0056
00C1
0013
0200
0117
0187
022E
0267
007F
0508
0189
005F
0013
0060
0061
0509
0542
0064
0065
0066
0067
0068
0013
0069
006A
0372
006C
02EF
0013
0543
050C
0079
0013
0053
0072
0073
0074
0075
0013
0077
0327
0013
0013
007A
0373
04D5
0194
007E
007F
0195
010C
0082
0013
008C
0084
0437
00DC
0053
0088
0544
00FF
008B
0013
008C
008D
0545
00E0
0121
007F
050D
0213
0013
0013
0095
0214
0215
050E
026B
0002
0218
0004
0129
0006
0007
0008
03DD
000A
000B
012E
000D
000E
034A
0010
001C
0179
0013
0013
0014
0013
0002
0002
0013
0013
0013
0015
0016
0012
0018
0013
01A9
0002
0013
0013
0013
0013
0002
001A
0010
001C
002B
001D
001E
0013
0013
0013
0002
0002
0013
001E
0014
0022
001D
0013
0010
0002
0013
0013
0013
0013
0013
0014
001A
0014
001D
0013
0022
0013
0002
0013
0013
0002
0013
001C
001B
0022
0018
0013
001E
0013
0002
0013
0013
0002
0013
001F
0015
0010
0021
0013
0017
0013
0013
0013
0013
0013
0002
0017
0014
0010
0018
0013
0015
0013
0013
0013
0013
0013
0013
0018
0289
028A
0013
0013
01A9
0013
0013
0013
0013
0013
0013
0027
0249
028A
0027
0029
01AE
0013
0013
0013
0013
0013
0013
002B
01AF
0010
0018
0013
01AE
0013
0013
0013
0002
0013
0013
002B
01AD
0022
002B
0013
002D
0013
0013
0013
0013
0013
0013
019F
0031
039E
00AA
0013
0013
0133
0546
039F
043E
00F4
0039
0547
0033
0002
0013
0548
0549
0514
054A
003F
0040
00B6
0042
0002
0044
0034
054B
054C
054D
0227
0443
0144
0184
0145
0013
0088
0497
0516
054E
0250
036E
0055
014A
004D
0013
0057
0105
054F
0550
00D8
005C
005D
005E
0094
0013
0551
0552
0553
0533
010A
02D2
0424
03AF
0110
0013
03D8
0158
0337
015A
02D7
006E
02D8
010C
0071
0013
0111
03B3
0554
0534
027B
0076
03EF
0535
0013
0013
0115
0555
0536
0556
007E
0044
0537
0557
0119
004E
0558
01D1
051C
0559
036B
0044
0538
008A
008B
0013
027E
055A
055B
055C
0090
0091
04F8
0093
0094
0013
055D
055E
055F
0560
0001
0002
0003
0281
0170
0006
00E8
04FB
0009
0561
0562
01E3
0563
01E5
0287
0027
00A3
0012
0013
0013
0019
0013
0013
0013
0013
0013
0013
0027
0028
0017
0013
0013
0019
0013
0002
0013
0002
0002
0013
0020
001B
0010
0014
0027
0022
0002
0002
0013
0002
0013
0013
001F
0015
0020
0015
0021
001A
0013
0013
0013
0013
0013
0013
001C
0020
0022
0023
0013
0014
0013
0002
0002
0013
0013
0013
0027
01E7
0024
0023
0013
0511
0013
0002
0013
0013
0013
0013
001E
0024
0010
0023
0013
001E
0013
0013
0002
0002
0002
0002
0013
0248
0501
0029
0013
040B
0002
0013
0002
0013
0013
0002
0013
0025
0017
0018
0013
0026
0002
0013
0013
0013
0013
0013
0027
0313
0022
0029
0013
002A
0013
0002
0013
0013
0013
0002
002B
00A7
0010
0029
0013
002D
0013
0013
0013
0013
0013
0002
0023
002E
001E
0013
0013
002F
0002
0013
0002
0013
0013
0002
018F
017A
017B
0033
0013
0013
017C
02C0
0036
0564
01ED
0044
0565
0054
0013
0013
02C4
0566
0567
0568
0136
0054
0041
0569
0043
00D9
00FB
0385
056A
0506
0142
004A
004B
004C
004D
004E
0250
02A0
056B
0541
0277
0054
056C
0056
0002
0013
0200
00C3
022D
005A
0188
007F
0508
01F3
005F
0013
0060
0108
056D
056E
0064
0065
0066
0067
0068
0013
0069
006A
006B
006C
02EF
0013
0543
050C
0079
0013
0053
0072
0073
0074
0075
0013
0077
0327
0079
0013
00D5
03D2
04D5
04D6
0117
007F
0195
0196
0082
0013
0083
0210
056F
0570
0087
0088
0211
00FF
008B
0013
008C
008D
019E
0571
0121
007F
0212
032D
0013
0013
0095
0214
0215
0216
01A2
0002
03F6
0004
042D
0006
0007
01A3
01A4
0572
000B
0573
0574
000E
00A1
002B
00A7
0024
0013
0013
002A
0013
0002
0002
0013
0013
0013
0015
0016
0017
0018
0013
01A9
0002
0013
0013
0002
0002
0002
001A
001F
001C
0014
001D
001E
0013
0002
0013
0002
0002
0013
001C
0014
001E
001D
0013
0010
0002
0013
0013
0013
0013
0013
002B
001A
0024
0023
0013
0179
0013
0002
0002
0013
0002
0013
001C
001B
0022
0023
0013
001E
0013
0002
0013
0013
0002
0013
001F
0024
0010
0021
0013
0017
0013
0013
0013
0013
0013
0002
0017
0012
0010
0018
0013
0024
0002
0013
0013
0013
0013
0002
0018
0247
00A6
0018
0013
01AB
0002
0013
0013
0013
0013
0013
0027
01AD
0022
0018
0013
002D
0013
0013
0013
0013
0013
0013
0027
01AF
0022
0018
0013
002D
0013
0013
0013
0002
0013
0013
0023
01B0
0022
002B
0013
002A
0013
0013
0013
0013
0013
0013
0030
017A
0575
0132
0013
0013
0153
0035
01B3
01B4
017F
0039
01B5
00C0
0002
0013
02FA
00B1
003D
003E
00F6
0040
0576
0042
0043
0044
013E
0046
0577
0578
0049
004A
01BB
029E
004D
0013
004F
01BC
00BD
0052
0053
0088
0055
0523
0094
0013
0057
0058
0579
057A
00D8
005C
01C1
005E
005F
0013
00C7
0150
057B
057C
0064
0056
0066
0067
0110
0013
019F
01C4
0301
0302
006D
006E
006F
010C
0110
0013
03AB
0112
0304
01C9
01CA
0076
0077
057D
0079
0013
0277
027C
01CE
01CF
007E
007F
0080
01D0
0119
0013
019D
0084
033F
0340
0149
019A
0089
00FF
008B
0013
01D5
01D6
0342
00E0
0090
007F
0092
0093
0094
0013
01DA
01DB
0097
00E5
01DD
0002
01DE
030B
0005
0006
00E8
01E0
0009
057E
01E2
000C
057F
0580
000F
0010
0011
0012
0013
0013
001D
0013
0002
0013
0013
0013
0013
0027
0028
0014
0018
0013
002D
0013
0002
0013
0013
0013
0013
001D
0312
0022
0018
0013
0248
0002
0002
0013
0002
0013
0013
001F
0014
0020
0023
0021
001A
0013
0013
0013
0013
0013
0013
001C
001E
0022
001D
0013
0022
0013
0002
0013
0013
0013
0013
0021
01E7
0024
002B
0013
002F
0013
0002
0013
0013
0013
0013
0010
001D
0010
0023
0013
001E
0013
0013
0002
0002
0002
0002
0012
0014
0017
0018
0013
0023
0013
0013
0002
0013
0013
0002
0013
0025
0017
0013
0013
040D
0013
0013
0013
0013
0013
0013
0027
0028
0022
0027
0029
002A
0013
0002
0013
0013
0013
0002
002B
002C
0010
0029
0013
002D
0013
0013
0013
0013
0013
0002
002B
01E8
001E
0013
0013
0019
0002
0013
0002
0013
0013
0002
018F
0031
034D
0033
0013
0013
017C
01EA
00F2
034E
01ED
0044
01EE
0033
0094
0013
003B
01EF
01F0
01F1
00B4
01F3
0581
005E
0082
0013
0045
01F6
0582
0583
0142
00FE
004B
004C
005F
004E
0185
01FB
0101
0354
028D
0054
031E
0056
004D
0013
0200
031F
0320
0321
0188
007F
0584
00C0
0107
0013
0060
0061
0585
0205
0153
0065
0155
010C
0068
0013
0256
0207
0586
006C
0209
0587
020A
0070
0071
0013
0053
0072
020B
020C
0326
0013
020E
0078
0013
0013
007A
0192
020F
007D
0117
0161
0375
0081
0082
004E
0083
0588
0085
0589
0199
0088
058A
008A
008B
0013
0168
008D
011F
0120
019F
0091
058B
032D
0013
0013
0095
058C
0366
0216
01A2
0002
0127
0004
042D
0006
0007
01A3
01A4
0572
000B
012E
058D
000E
01A8
002B
00A7
0024
0013
0013
002A
0013
0002
0002
0013
0013
0013
0015
0016
0017
0018
0013
01A9
0002
0013
0013
0013
0013
0002
001A
0022
001C
0015
001D
001E
0013
0013
0013
0002
0002
0013
001C
0014
001E
001D
0013
0010
0002
0013
0013
0013
0013
0013
002B
04FF
0015
0023
0013
0026
0013
0002
0002
0013
0002
0013
001C
001B
0022
0023
0013
001E
0013
0002
0013
0013
0002
0013
001F
0024
0010
0021
0013
0017
0013
0013
0013
0013
0013
0002
0017
0012
0010
0018
0013
0024
0002
0013
0013
0013
0013
0013
0018
0247
00A6
0018
0013
01AB
0002
0013
0013
0013
0013
0013
0027
01AD
0022
0018
0013
01AE
0013
0013
0013
0013
0013
0013
0027
01AF
0022
0018
0013
01AE
0013
0013
0013
0002
0013
0013
002B
01B0
0022
002B
0013
002D
0013
0013
0013
0013
0013
0013
0030
017A
01B1
01B2
0013
0013
0133
0035
058E
01B4
00F4
0039
01B5
00C0
0002
0013
02FA
00B1
003D
003E
0221
0040
01B7
0042
01B8
0044
013E
0046
058F
01BA
0049
004A
01BB
029E
004D
0013
004F
01BC
00BD
0052
0053
0088
0590
01BE
0094
0013
0057
0058
0591
057A
00D8
005C
01C1
005E
005F
0013
00C7
0150
0592
0533
0064
0056
0066
0067
0110
0013
019F
01C4
0301
0302
006D
00B5
006F
01C6
0110
0013
01C7
0112
01C8
01C9
01CA
0076
0077
01CB
0079
0013
0277
01CD
01CE
01CF
007E
0044
0162
01D0
0119
0013
019D
01D1
01D2
01D3
00CB
00AE
01D4
00FF
008B
0013
01D5
01D6
01D7
01D8
0090
0044
01D9
0093
0094
0013
01DA
01DB
030A
01DC
01DD
0002
01DE
030B
0005
0006
00E8
01E0
012B
0593
01E2
01E3
01E4
01E5
000F
0010
0011
0012
0013
0013
001D
0013
0013
0013
0013
0013
0013
0027
0028
0014
0013
0013
0019
0013
0002
0013
0002
0002
0013
0015
01E6
0022
0014
0013
00A6
0002
0002
0013
0002
0013
0013
001F
0014
0020
0023
0021
001A
0013
0013
0013
0013
0013
0013
001C
001E
0022
001D
0013
0022
0013
0002
0013
0013
0013
0013
0021
01E7
0024
002B
0013
002A
0013
0002
0013
0013
0013
0013
0010
001D
0010
0023
0013
001E
0013
0013
0002
0002
0002
0002
0017
0014
0017
0018
0013
0023
0013
0013
0002
0013
0013
0002
0013
0025
0017
0013
0013
034C
0013
0013
0013
0013
0013
0013
0027
0028
0022
0027
0029
002A
0013
0002
0013
0013
0013
0002
002B
002C
0010
0029
0013
002D
0013
0013
0013
0013
0013
0002
0023
01E8
001E
0013
0013
002F
0002
0013
0002
0013
0013
0002
018F
0031
034D
0033
0013
0013
017C
01EA
00F2
034E
01ED
0044
01EE
0033
0013
0013
003B
01EF
01F0
01F1
00B4
01F3
01F4
01F5
0043
0013
0045
01F6
0594
0595
0111
00FE
004B
004C
005F
004E
0185
01FB
0101
0354
01FE
0054
031E
0056
004D
0013
0200
0117
0320
0321
0188
007F
0203
00C0
0119
0013
0060
0061
0204
0205
0206
0065
0155
010C
0068
0013
018C
0207
0275
006C
0209
006E
020A
0070
0071
0013
0053
0072
020B
020C
0326
0013
020E
0078
0013
0013
007A
0192
020F
007D
0117
007F
0195
0081
0082
004E
0083
0210
0085
0086
0087
0088
0211
008A
008B
0013
0168
008D
008E
008F
0121
0091
0596
0213
0013
0013
0095
0214
0215
0216
026B
0002
03F6
0004
0129
0006
0007
01A3
01A4
0597
000B
0430
0598
000E
04D9
002B
00A7
0179
0013
0013
002A
0013
0002
0002
0013
0013
0013
0015
0016
0017
0018
0013
01A9
0002
0013
0013
0013
0002
0002
001A
0010
001C
0014
001D
001E
0013
0013
0013
0002
0002
0013
001F
0014
001E
001D
0013
0010
0002
0013
0013
0013
0013
0013
002B
001A
0014
0023
0013
0179
0013
0002
0002
0013
0002
0013
001C
001B
0022
0018
0013
001E
0013
0002
0013
0013
0002
0013
001F
0015
0010
0021
0013
0017
0013
0013
0013
0013
0013
0002
0017
0012
0010
0018
0013
0024
0002
0013
0013
0013
0013
0002
0018
0247
028A
0018
0013
01AB
0002
0013
0013
0013
0013
0013
0027
01AD
0022
0027
0029
01AE
0013
0013
0013
0013
0013
0013
002B
01AF
0010
0018
0013
01AE
0013
0013
0013
0002
0013
0013
002B
01B0
0022
002B
0013
002D
0013
0013
0013
0013
0013
0013
0030
017A
0599
0132
0013
0013
0153
0035
058E
01B4
00F4
0039
01B5
00C0
0002
0013
01B6
00B1
003D
003E
003F
0040
01B7
0042
029A
0044
013E
054B
059A
059B
0227
004A
01BB
004C
004D
0013
004F
01BC
00BD
0052
0053
0088
0055
0523
0094
0013
0057
0058
059C
059D
00D8
005C
01C1
005E
0094
0013
00B8
059E
01C2
01C3
0064
00DD
0066
0067
0110
0013
019F
0390
0258
01C5
006D
006E
02D8
010C
0071
0013
01C7
0112
059F
01C9
027B
0076
033C
05A0
0079
0013
05A1
027C
0236
01CF
007E
0044
0162
01D0
0119
004E
019D
05A2
01D2
01D3
03D8
0044
0268
00FF
008B
0013
01D5
01D6
01D7
01D8
0090
0044
01D9
0093
0094
0013
01DA
01DB
0124
01DC
0001
0002
0280
02E4
0170
0006
00E8
01E0
012B
05A3
0347
000C
05A4
01E5
000F
0010
0011
0012
0013
0013
001D
0013
0013
0013
0013
0013
0013
0027
0028
0014
0013
0013
002D
0013
0002
0013
0002
0013
0013
0015
01E6
0022
0014
0013
0380
0002
0002
0013
0002
0013
0013
001F
0014
0020
0023
0021
001A
0013
0013
0013
0013
0013
0013
001C
001E
0022
001D
0013
0022
0013
0002
0013
0013
0013
0013
0027
01E7
0024
0023
0013
037F
0013
0002
0013
0013
0013
0013
0017
0024
0010
0023
0013
001E
0013
0013
0002
0002
0002
0002
0012
0014
0017
0029
0013
0023
0013
0013
0002
0013
0013
0002
0013
0025
0017
0013
0013
034C
0013
0013
0013
0013
0013
0013
0027
0028
0022
0029
0013
002A
0013
0002
0013
0013
0013
0002
002B
002C
0010
0029
0013
002D
0013
0013
0013
0013
0013
0002
0023
01E8
001E
0013
0013
002F
0002
0013
0002
0013
0013
0002
018F
0031
05A5
0033
0013
0013
017C
01EA
01EB
01EC
01ED
0044
01EE
0033
0013
0013
003B
01EF
01F0
01F1
01F2
01F3
01F4
005E
0043
0013
0045
01F6
05A6
05A7
0111
01F9
004B
01FA
005F
004E
0185
02A0
01FC
01FD
01FE
0054
0472
0056
004D
0013
0200
007A
05A8
05A9
0188
007F
05AA
00C0
005F
0013
0060
0061
05AB
05AC
02AA
0065
0155
0156
0068
0013
018C
006A
0231
006C
02AC
0587
006F
0070
0079
0013
0053
0072
0073
020C
0075
0013
0077
0078
0013
0013
00D5
0192
020F
007D
0117
007F
0195
0081
0082
0013
0083
0210
0085
0086
0087
0088
0211
008A
008B
0013
0168
008D
008E
008F
0121
0091
0212
032D
0013
0013
0095
0214
0215
0216
00E6
0002
0368
05AD
0005
0006
0007
02F8
0009
05AE
000B
01E3
036A
000E
0287
0027
00A2
0024
0013
0013
002A
0013
0013
0002
0013
0013
0013
0015
0016
0017
0029
0013
0019
0002
0002
0013
0002
0002
0002
0020
001B
001C
0014
002B
001E
0002
0002
0013
0002
0002
0013
05AF
001D
0021
0013
0013
001A
0002
0013
0013
0013
0013
0013
001C
001F
0012
0023
0013
0014
0013
0002
0002
0013
0013
0013
0022
001B
0022
002B
0013
001E
0013
0002
0013
0013
0013
0013
0017
0015
0010
0023
0013
001E
0013
0013
0002
0002
0013
0002
0013
01AB
05B0
0018
0013
05B1
0002
0013
0002
0013
0013
0002
0029
00A5
0330
0018
0013
0026
0002
0013
0013
0013
0013
0013
0027
00A7
0022
0027
0029
03C9
0013
0002
0013
0013
0013
0013
0027
00A7
0010
0018
0013
002D
0013
0013
0013
0013
0013
0013
0027
002C
001E
0018
0013
0019
0002
0013
0002
0013
0013
0002
0030
017A
05B2
00AA
0013
0013
0034
0035
05B3
00AC
017F
0039
003A
0350
00C1
0013
003B
003C
0521
003E
003F
0040
0041
00B7
029A
00A8
0045
0046
0047
0048
0049
05B4
01B8
028E
0013
0013
004F
0050
05B5
0052
0053
0054
0055
0251
0082
0013
0270
0058
02EB
005A
005B
005C
005D
005C
0094
0013
0060
0061
0062
0063
0064
0065
010B
0067
0068
0013
0069
006A
0372
0259
02EF
0013
0543
050C
0110
0013
0053
0072
0073
0074
0075
00D2
0077
0191
0079
0013
00D5
007B
05B6
0374
007E
00A8
0080
010C
0082
004E
008C
0084
0198
00DC
0030
00A8
02F2
00FF
008B
0013
008C
011E
05B7
00E0
0121
0044
02F4
032D
0119
0013
0095
0096
0215
050E
02F7
0002
03F6
0004
05B8
0006
00E8
05B9
01A4
000A
05BA
03F7
037D
00ED
034A
0010
001C
0012
0013
0013
0024
0013
0002
0002
0013
0013
0013
0027
0028
0012
0018
0013
0019
0013
0002
0013
0013
0013
0002
001A
001F
001E
0014
001D
0022
0013
0002
0013
0002
0002
0013
001C
0014
0020
001D
0021
0010
0002
0013
0013
0013
0013
0013
0012
001A
0022
001D
0013
0022
0013
0002
0013
0013
0002
0013
001C
001B
0012
0023
0013
0017
0013
0002
0013
0013
0002
0013
001F
0024
0010
0021
0013
0021
0013
0013
0013
0013
0002
0002
0017
0012
0010
0018
0013
0024
0013
0013
0013
0013
0013
0013
0018
002E
0022
0013
0013
002F
0002
0013
0013
0013
0013
0013
0027
0028
0022
0029
0013
002A
0013
0013
0013
0013
0013
0002
002B
00EF
0022
0013
0013
002D
0013
0013
0013
0002
0013
0002
0023
002E
0022
002B
0013
002A
0013
0013
0013
0013
0013
0002
02B8
0031
005D
0033
0013
0013
043C
0220
05BB
00F3
0136
0044
05BC
0033
0002
0013
02FA
05BD
0440
05BE
0227
0054
013C
0042
0043
0044
013E
01F6
0386
05BF
03AB
032D
004B
004C
004D
004E
0100
05C0
05C1
05C2
05C3
0355
020A
0056
004D
0013
03AB
0117
05C4
05C5
05C6
0189
014F
005E
005F
0013
00C7
04EA
05C7
05C8
0423
02D2
0066
05C9
0002
0013
0475
05CA
05CB
0232
035B
006E
02D8
03D1
0071
0013
0111
05CC
04EF
0534
05CD
0076
05CE
0078
0013
0013
0115
05CF
007C
0556
0117
007F
05D0
0081
0119
0013
0083
011A
0085
011B
0087
0088
0361
008A
0013
0013
011D
00DE
011F
0309
0090
0091
0364
0093
0094
0013
027E
04C5
0456
04FA
0099
0002
05D1
009B
0005
0006
0007
04FB
0009
0369
000B
02E6
05D2
000E
05D3
0027
00A2
0012
0013
0013
002F
0013
0002
0002
0013
0013
0013
0015
0016
0017
0018
0013
0019
0002
0002
0013
0013
0013
0013
001A
001A
0010
0014
0027
0022
0013
0002
0013
0002
0002
0013
001F
002B
001E
001D
0021
001A
0013
0013
0013
0013
0013
0013
001C
001F
0022
0021
0013
0179
0013
0002
0002
0013
0013
0013
0022
001A
0014
0023
0013
001E
0013
0002
0013
0013
0013
0013
0010
0015
0010
002B
0013
002B
0013
0013
0002
0013
0013
0002
0017
0012
0017
0029
0013
0024
0002
0013
0002
0013
0013
0013
0013
028A
0330
0018
0013
021D
0002
0013
0013
0013
0013
0013
0027
00A7
0022
0027
0029
002D
0013
0002
0013
0013
0013
0002
0027
00A7
0010
0029
0013
002D
0013
0013
0013
0013
0013
0002
0023
05D4
0022
0013
0013
002A
0013
0013
0013
0013
0013
0002
0030
017A
00A9
04D0
0013
0013
00C7
04B4
0520
01B4
0038
0039
003A
0031
0094
0013
01B6
00B1
0521
003E
003F
0040
0041
00B7
0043
00D9
00FB
0046
0047
0048
0049
004A
0082
01FA
004D
004E
004F
01BC
05D5
0052
0250
0054
0055
0251
00C1
0013
0270
0105
02EB
022E
00D8
005C
005D
0189
005F
0013
0060
0150
0062
0063
0064
0065
010B
0067
0110
0013
0069
0230
0275
01C5
006D
00B5
006F
0070
0079
0013
0053
033A
020B
027A
00C3
0013
0077
05D6
0079
0013
007A
05D7
0236
0374
00B4
007F
0080
01D0
0082
004E
008C
0084
033F
0340
0149
019A
0089
00FF
008B
0013
008C
00DE
05B7
00E0
0090
007F
0092
01BE
0013
0013
0095
01DB
05D8
027F
05D9
0002
0003
0004
03DC
0006
00E8
0008
0244
000A
01E2
000C
037D
05DA
000F
0010
0020
0179
0013
0013
0024
0013
0002
0002
0013
0013
0013
0027
002C
0012
0018
0013
0019
0002
0002
0013
0002
0002
0002
0020
001B
001C
0014
001D
001E
0002
0002
0013
0002
0002
0013
0022
021D
0020
0023
0013
05DB
0002
0013
0013
0013
0013
0013
0179
001A
0017
001D
0013
0022
0013
0002
0013
0013
0002
0013
001C
001B
0022
0029
0013
0024
0013
0002
0013
0013
0002
0013
001F
0024
0010
0023
0013
001E
0013
0013
0013
0002
0002
0002
0017
0014
0010
0018
0013
0015
0013
0013
0013
0013
0013
0002
0018
002E
0022
0013
0013
01AB
0002
0013
0013
0013
0013
0013
0027
0028
0022
0018
0013
002A
0013
0013
0013
0013
0013
0013
002B
00EF
0010
0018
0013
002D
0013
0013
0013
0002
0013
0013
002B
03E2
001E
002B
0013
0019
0002
0013
0002
0013
0013
0013
0294
0031
005D
0033
0013
0013
021F
02C0
05DC
0527
018F
0044
05DD
0033
0002
0013
003B
01EF
0440
05DE
02A5
00B5
00B6
0042
029A
0044
0034
024E
0386
05DF
0471
05E0
05E1
004C
005F
0013
0185
01FB
05C1
05C2
018F
01BE
020A
0056
004D
0013
02A5
00D1
05C4
02D0
0188
0189
005D
005E
0119
0013
00C7
0061
05C7
0519
010A
038E
0066
02D3
0068
0013
00BF
0207
04ED
006C
05E2
006E
00CF
018E
0071
0013
0111
03B3
01C8
05E3
025D
0076
00D3
0078
0013
0013
0260
007B
04C3
03F1
0117
0161
02B0
0081
0119
0013
0083
051B
0085
047A
0199
0088
011C
008A
008B
0013
011D
011E
011F
0120
00CB
0091
0122
0093
0094
0013
05E4
01A1
0456
0098
0001
0002
0003
05E5
05E6
0006
0007
04FB
0009
0369
000B
02E6
05D2
000E
0287
0027
00A2
0012
0013
0013
002F
0013
0013
0002
0013
0013
0013
0015
0016
0017
0018
0013
0019
0002
0002
0013
0013
0013
0013
0020
001B
001E
0014
0013
0017
0002
0002
0013
0002
0002
0013
001F
0015
0020
002B
0013
001A
0002
0013
0013
0013
0013
0013
001C
001F
0022
002B
0013
0014
0013
0002
0002
0013
0013
0013
0022
001A
0017
0023
0013
001E
0013
0002
0013
0013
0013
0013
0017
0015
0010
0023
0013
001E
0013
0013
0002
0013
0013
0002
0012
0012
0017
0018
0013
0024
0002
0013
0002
0013
0013
0002
0018
0025
0017
0018
0013
0026
0002
0013
0013
0013
0013
0013
0027
0028
0022
0029
0013
03C7
0013
0002
0013
0013
0013
0002
002B
002C
0010
0029
0013
002D
0013
0013
0013
0013
0013
0002
0023
01B0
001E
0013
0013
002A
0002
0013
0002
0013
0013
0002
0030
017A
05B2
024A
0013
0013
00C7
0035
0520
01B4
00F4
0039
003A
024A
0002
0013
024D
003C
0521
003E
0221
0040
0041
0042
0043
0013
0045
0046
0047
0048
0049
004A
005F
004C
0094
0013
004F
0050
05E7
0052
0053
0054
0055
0251
00C1
0013
0270
0058
02EB
005A
005B
005C
005D
0318
005F
0013
0060
0061
0062
0063
0064
0065
010B
0067
0068
0013
0069
006A
0372
0259
02EF
010E
006F
0070
0110
0013
0053
0072
0073
0074
0075
0076
0077
0327
0079
0013
00D5
05D7
033D
0374
007E
0161
0080
010C
0082
0013
008C
0084
0483
0340
0053
0088
019B
00FF
008B
0013
008C
008D
05B7
00E0
0090
007F
05E8
0213
0013
0013
0095
0096
0215
050E
0524
0002
0218
04B1
03C4
0006
00E8
0008
05E9
000A
05EA
000C
037D
05EB
034A
0010
001C
0179
0013
0013
001D
0013
0002
0002
0013
0013
0013
0027
002C
0012
0029
0013
0019
0002
0002
0013
0002
0002
0002
001A
001F
001C
0014
001D
001E
0013
0002
0013
0002
0002
0013
001E
0014
0024
001D
0021
0010
0002
0013
0013
0013
0013
0013
0012
001A
0017
001D
0013
0022
0013
0002
0013
0013
0002
0013
001C
001B
0022
0029
0013
0024
0013
0002
0013
0013
0002
0013
001F
0024
0010
0021
0013
0012
0013
0013
0013
0002
0002
0002
0017
0014
0010
0018
0013
0015
0013
0013
0013
0013
0013
0002
0029
0289
00A6
0013
0013
01A9
0013
0013
0013
0013
0013
0013
0027
039C
0380
0027
0029
002D
0013
0013
0013
0013
0013
0013
002B
0249
0010
0018
0013
002D
0013
0013
0013
0002
0013
0013
002B
03E2
0022
002B
0013
0019
0013
0013
0013
0013
0013
0013
028D
0031
05EC
0033
0013
0013
021F
05ED
05EE
05EF
01F2
0044
05F0
0033
00C1
0013
02C4
05BD
05F1
05F2
00C6
0181
013C
013D
029A
0044
013E
05F3
0386
05BF
0471
0419
004B
029F
004D
004E
0185
05C0
05F4
05F5
03E7
0355
02A4
0056
004D
0013
02A5
0060
02CF
05F6
0260
0088
05F7
005E
0119
0013
0423
04EA
05F8
05F9
010A
02D2
0066
05FA
0002
0013
00BF
0158
05FB
0391
02D7
006E
02D8
01C6
0071
0013
0111
03B3
0113
0534
027B
00D2
03EF
0395
0013
0013
0115
007B
0427
03F1
0117
007F
05D0
05FC
0119
004E
0163
0265
05FD
011B
05A1
019A
04F5
008A
008B
0013
011D
01D6
05FE
0309
036B
0091
05FF
0093
0094
0013
027E
0398
0600
04FA
0001
0002
0003
0281
0005
0006
00E8
042E
0009
0601
0602
01E3
0603
01E5
0287
0027
00A2
0024
0013
0013
0019
0013
0013
0002
0013
0013
0013
0027
00A3
0017
0018
0013
0019
0002
0002
0013
0013
0013
0002
0020
001B
001C
0014
002B
0010
0002
0002
0013
0002
0013
0013
001F
001D
0020
0015
0013
001A
0002
0013
0013
0013
0013
0013
001C
001F
0012
0023
0013
0179
0013
0002
0002
0013
0013
0013
0021
001B
0022
0023
0013
0017
0013
0002
0013
0013
0013
0013
001E
0015
0010
0023
0013
001E
0013
0013
0002
0013
0013
0002
0013
0248
05B0
0018
0013
040B
0002
0013
0002
0013
0013
0002
0018
0025
0017
0018
0013
0026
0002
0013
0013
0013
0013
0013
0027
0313
0022
0027
0029
03C7
0013
0002
0013
0013
0013
0002
002B
00A7
0010
0029
0013
002D
0013
0013
0013
0013
0013
0002
0023
01B0
001E
0013
0013
002A
0002
0013
0002
0013
0013
0002
018F
017A
00A9
024A
0013
0013
0034
02C0
05B3
0604
0446
0044
0605
0350
0094
0013
003B
003C
045D
00B3
00B4
00B5
0041
0042
0043
00A8
0045
0046
0182
0183
0049
004A
01B8
004C
004D
0013
004F
045F
0606
0607
0277
0054
020A
0251
00C1
0013
00C2
00C3
0608
005A
0188
0189
005D
005C
005F
0013
0060
0061
0609
035A
0064
0065
010B
0067
0068
0013
0069
0257
0372
0259
02EF
0013
050B
050C
0110
0013
0053
0072
0073
0074
025D
0076
020E
0327
0079
0013
00D5
0463
033D
060A
007E
0161
0080
010C
0082
004E
008C
0084
0483
060B
0053
0088
02F2
00FF
008B
0013
008C
008D
05B7
060C
0090
007F
02F4
032D
0013
0013
0095
0214
0215
060D
0524
0002
0218
0004
042D
0006
0007
043A
03DD
000A
000B
012E
000D
000E
034A
0010
0020
0012
0013
0013
0014
0013
0002
0002
0013
0013
0013
0015
00EE
0012
0018
0013
0019
0013
0002
0013
0002
0002
0002
001A
001F
0022
0014
001D
001E
0013
0002
0013
0002
0002
0013
001E
0014
0022
001D
0021
0010
0013
0013
0013
0013
0013
0013
0014
001A
0022
001D
0013
0022
0013
0013
0013
0013
0002
0013
001C
001B
0012
0018
0013
001E
0013
0002
0013
0013
0002
0013
001F
0024
0010
0021
0013
0012
0013
0013
0013
0002
0002
0002
0017
0014
0010
0018
0013
0023
0013
0013
0013
0013
0013
0002
0018
0289
028A
0013
0013
01A9
0013
0013
0013
0013
0013
0013
0027
039C
028A
0018
0013
002D
0013
0013
0013
0013
0013
0013
002B
0249
0022
0018
0013
002D
0013
0013
0013
0002
0013
0013
002B
03E2
0022
002B
0013
0019
0013
0013
0013
0013
0013
0013
019F
0031
039E
0033
0013
0013
03F2
060E
0512
043E
0038
0039
060F
0033
0002
0013
0610
0611
0612
0613
00F6
0040
013C
00B7
029A
0044
013E
02E9
0614
04E3
0057
0443
004B
0419
0145
004E
00AE
0444
0516
0615
0166
0355
0055
0056
004D
0013
0057
0105
0059
0616
0362
005C
05F7
005E
0094
0013
0617
03FB
0618
04EC
0619
02D2
0066
03AF
0110
0013
00BF
061A
0301
02D6
035B
006E
006F
03D1
0071
0013
0111
044E
04EF
0534
0450
00D9
0077
0535
0013
0013
0115
061B
0452
0453
0117
007F
05D0
0557
0119
0013
0163
0265
05FD
011B
0267
019A
04F5
008A
008B
0013
011D
04A1
05FE
061C
04A2
0091
04F8
0093
0094
0013
05E4
00FC
055F
061D
01DD
0002
0003
02E4
0005
0006
00E8
061E
0009
061F
0407
000C
0620
0621
000F
0010
001C
0012
0013
0013
001D
0013
0002
0013
0013
0013
0013
0027
0028
0014
0013
0013
0019
0013
0002
0013
0002
0013
0013
0010
001B
0022
0029
001D
0012
0002
0002
0013
0002
0013
0013
001F
0014
0020
0023
0021
001A
0013
0013
0013
0013
0013
0013
001C
001A
0022
001D
0013
0022
0013
0002
0013
0013
0013
0013
0021
0312
0024
002B
0013
021D
0013
0002
0013
0013
0002
0013
001F
0024
0010
0023
0013
001E
0013
0013
0013
0002
0002
0002
0017
0014
0010
0018
0013
0023
0013
0013
0002
0013
0013
0002
0013
002E
0022
0013
0013
01AB
0002
0013
0013
0013
0013
0013
0027
0028
0022
0027
0029
002A
0013
0013
0013
0013
0013
0002
002B
00EF
0010
0029
0013
002D
0013
0013
0013
0013
0013
0002
002B
002E
001E
0013
0013
0019
0002
0013
0002
0013
0013
0002
00C2
0031
048A
0033
0013
0013
017C
0622
0623
0624
01ED
0044
0625
0033
0013
0013
003B
01EF
01F0
01F1
00B4
0132
0041
01F5
00C1
0044
0045
01F6
0626
0627
02B8
01F9
004B
01FA
005F
004E
0185
01FB
0147
0628
028D
0054
01B8
0056
004D
0013
0200
014E
0629
062A
0188
00AE
05AA
00C0
0119
0013
0060
0061
056D
062B
02AA
0154
0155
01D0
0068
0013
018C
0207
062C
006C
035B
00B5
020A
0070
0071
0013
015C
0072
0233
020C
025D
0013
062D
0078
0013
0013
0115
03FE
020F
007D
0428
007F
062E
0081
0082
004E
0083
0429
0085
011B
0199
0088
0378
008A
008B
0013
0168
008D
011F
0120
019F
0091
0364
032D
0013
0013
0095
058C
062F
0216
01A2
0002
0218
0004
042D
0006
0007
04A6
0630
0631
000B
0430
036A
000E
00A1
002B
00A2
0024
0013
0013
002A
0013
0002
0002
0013
0013
0013
0015
0016
0017
0018
0013
01A9
0002
0013
0013
0013
0002
0002
001A
001F
001C
0014
002B
001E
0013
0002
0013
0002
0002
0013
001F
0014
0022
001D
0013
0010
0002
0013
0013
0013
0013
0013
002B
002E
0179
0023
0013
01AB
0013
0002
0002
0013
0002
0013
001C
001B
0022
0023
0013
001E
0013
0002
0013
0013
0013
0013
0017
0015
0010
0021
0013
0017
0013
0013
0002
0013
0013
0002
0017
0012
0017
0018
0013
0024
0002
0013
0013
0013
0013
0002
0018
028A
0330
0018
0013
021D
0002
0013
0013
0013
0013
0013
0027
002C
0022
0018
0013
002D
0013
0002
0013
0013
0013
0013
0027
002C
0022
0018
0013
01AE
0013
0013
0013
0002
0013
0013
0023
002C
0022
002B
0013
002A
0013
0013
0013
0013
0013
0013
0030
017A
0632
00AA
0013
0013
0153
0035
0433
00AC
00F4
0039
01B5
00C0
0002
0013
01B6
00B1
003D
003E
00F6
0040
0633
0042
0043
00A8
013E
0046
0634
0635
0049
004A
01BB
004C
004D
0013
004F
01BC
00BD
0052
0053
0088
0636
025A
0094
0013
0057
0058
0637
0638
00D8
005C
02D8
005E
005F
0013
00B8
0150
0639
063A
0064
0065
0066
0067
0110
0013
019F
01C4
0258
01C5
02EF
006E
006F
010F
0110
0013
0277
0112
035D
01C9
01CA
0076
0077
057D
0079
0013
0163
007B
01CE
01CF
007E
0044
0080
01D0
0119
0013
019D
0084
0198
00DC
0149
00AE
02F2
00FF
008B
0013
01D5
01D6
0342
00E0
0090
007F
02F4
0093
0094
0013
01DA
01DB
0097
00E5
0001
0002
0280
02E4
0170
0006
00E8
0008
012B
063B
0174
000C
01E4
0489
000F
0010
0011
0012
0013
0013
001D
0013
0002
0013
0013
0013
0013
0027
0028
0014
0013
0013
002D
0002
0002
0013
0002
0013
0002
0015
001B
0022
0014
002B
0022
0002
0002
0013
0002
0002
0013
001F
0014
0020
0023
0021
001A
0013
0013
0013
0013
0013
0013
001C
0012
0022
001D
0013
0022
0013
0013
0013
0013
0013
0013
0021
0312
0024
0023
0013
0330
0013
0002
0013
0013
0013
0013
0010
0024
0010
0023
0013
001E
0013
0013
0013
0002
0002
0002
0017
0014
0017
0029
0013
0023
0013
0013
0002
0013
0013
0002
0013
0025
0017
0013
0013
034C
0013
0013
0013
0013
0013
0013
0027
0028
0022
0029
0013
002A
0013
0002
0013
0013
0013
0002
002B
002C
0010
0029
0013
002D
0013
0013
0013
0013
0013
0002
0023
01E8
001E
0013
0013
002F
0002
0013
0002
0013
0013
0002
0030
0031
05A5
0033
0013
0013
017C
00F1
063C
063D
0038
0044
0625
0033
0013
0013
003B
01EF
01F0
063E
046E
0492
0041
01F5
0043
00A8
0034
01F6
063F
0640
0142
01F9
004B
01FA
005F
004E
0185
0050
0147
04BC
01FE
0054
0499
0056
004D
0013
0270
0641
049B
0642
0188
007F
05AA
00C0
005F
0013
022F
0061
0643
0644
0449
0065
0066
0156
0068
0013
00BF
006A
0231
006C
035B
00B5
006F
0070
0079
0013
0053
0072
0073
020C
0075
0013
0077
0078
0013
0013
00D5
0373
020F
007D
0117
007F
035E
0081
0082
0013
0083
011A
0085
011B
0087
0088
0378
008A
008B
0013
0168
008D
011F
0120
0121
0091
0364
032D
0013
0013
0095
0214
062F
0645
026B
0002
0127
0004
0129
0006
0007
0646
0172
0647
04A8
02E6
0648
000E
00A1
0027
00A7
0024
0013
0013
002A
0013
0002
0002
0013
0013
0013
0015
0016
0017
0018
0013
01A9
0002
0013
0013
0013
0002
0002
001A
0022
001C
0014
001D
001E
0013
0002
0013
0002
0002
0013
001F
0014
001E
001D
0013
0010
0002
0013
0013
0013
0013
0013
002B
01AA
0014
0023
0013
0026
0013
0002
0002
0013
0002
0013
001C
001C
0022
0018
0013
001E
0013
0002
0013
0013
0002
0013
001F
0015
0010
0021
0013
0017
0013
0013
0002
0013
0013
0002
0017
0012
0010
0018
0013
0024
0002
0013
0013
0013
0013
0002
0018
0247
00A6
0018
0013
01AB
0002
0013
0013
0013
0013
0013
0027
01AD
0022
0027
0029
01AE
0013
0013
0013
0013
0013
0013
0027
01AF
0010
0018
0013
01AE
0013
0013
0013
0002
0013
0013
002B
01B0
0022
002B
0013
002D
0013
0013
0013
0013
0013
0013
0030
017A
0649
0132
0013
0013
0423
0035
01B3
064A
0446
0039
01B5
00C0
0002
0013
01B6
00B1
003D
003E
003F
0040
04E9
0042
029A
0044
0160
0046
064B
064C
0049
004A
01BB
004C
004D
0013
004F
00BC
00BD
0460
0053
0088
01BD
0523
0094
0013
02A5
0058
064D
064E
00D8
005C
064F
005E
0094
0013
0254
0150
0650
057C
0064
0056
010B
0067
0110
0013
0069
0390
0258
01C5
0339
006E
02D8
010C
0071
0013
01C7
0112
0651
01C9
027B
0076
033C
01CB
0079
0013
0115
007B
0236
01CF
007E
0044
0080
01D0
0119
004E
019D
0084
033F
0340
00CB
00A8
02F2
00FF
008B
0013
01D5
01D6
0342
00E0
0090
00A8
02F4
0093
0094
0013
01DA
01DB
0097
00E5
01A2
0002
0218
0004
042D
0006
00E8
0008
01A4
009D
000B
012E
036A
00ED
04D9
002B
00A7
0179
0013
0013
002A
0013
0002
0002
0013
0013
0013
0015
0016
0012
0018
0013
01A9
0002
0013
0013
0013
0002
0002
001A
001F
001C
0014
001D
001E
0013
0002
0013
0002
0002
0013
001C
0014
0022
001D
0013
0010
0002
0013
0013
0013
0013
0013
002B
001A
0014
0023
0013
0179
0013
0013
0013
0013
0002
0013
001C
001B
0022
0023
0013
001E
0013
0002
0013
0013
0002
0013
001F
0024
0010
0021
0013
0017
0013
0013
0013
0002
0013
0002
0017
0012
0010
0018
0013
0024
0002
0013
0013
0013
0013
0002
0018
01AC
00A6
0013
0013
002F
0002
0013
0013
0013
0013
0013
0027
0249
00A6
0018
0013
002D
0013
0013
0013
0013
0013
0013
002B
01AF
0022
0018
0013
002D
0013
0013
0013
0002
0013
0013
002B
01B0
0022
002B
0013
0019
0013
0013
0013
0013
0013
0013
019F
017A
0652
00AA
0013
0013
0133
0035
00AB
00AC
0038
0039
0653
00C0
0002
0013
02FA
00B1
0654
0655
00F6
0040
04E1
0042
029A
0044
013E
0046
0656
052E
0049
0143
01BB
029E
004D
0013
024F
01BC
0657
0658
0166
0088
0055
025A
0094
0013
0057
0058
0659
065A
00D8
005C
010B
005E
005F
0013
00C7
0150
065B
0533
010A
02D2
0066
03AF
0110
0013
0157
01C4
0301
015A
02D7
006E
006F
010C
0110
0013
01C7
0112
065C
01C9
01CA
0076
0077
065D
0013
0013
0277
007B
03D3
01CF
007E
007F
0262
04F3
0119
0013
05C6
02DE
04F4
02E0
00CB
019A
04F5
00FF
008B
0013
065E
01D6
04F6
01D8
0090
0044
04F8
0093
0094
0013
01DA
01DB
04F9
04FA
01DD
0002
01DE
030B
0005
0006
0007
04FB
0009
057E
065F
01E3
0660
000E
000F
0010
0011
0012
0013
0013
0024
0013
0002
0013
0013
0013
0013
0027
0028
0017
0018
0013
002D
0013
0002
0013
0002
0013
0013
0015
01E6
0010
0014
0013
0661
0002
0002
0013
0002
0013
0013
001F
0014
0020
0015
0021
001A
0013
0013
0013
0013
0013
0013
001C
0020
0022
001D
0013
0022
0013
0002
0002
0013
0013
0013
0027
01E7
0024
002B
0013
002A
0013
0002
0013
0013
0013
0013
0017
001D
0010
0023
0013
001E
0013
0013
0002
0013
0002
0002
0013
002F
0501
0018
0013
0662
0013
0013
0002
0013
0013
0002
0013
0025
0017
0018
0013
0026
0002
0013
0013
0013
0013
0013
0027
0028
0022
0027
0029
002A
0013
0002
0013
0013
0013
0002
002B
002C
0010
0029
0013
002D
0013
0013
0013
0013
0013
0002
0023
01E8
001E
0013
0013
002A
0002
0013
0002
0013
0013
0002
018F
0031
0032
0033
0013
0013
017C
01EA
017D
024C
0130
0044
0663
0033
0094
0013
003B
01EF
0504
0664
00B4
04D0
01F4
0569
0043
0013
0045
01F6
0665
0666
0142
004A
004B
004C
005F
004E
0250
0371
0051
0507
018F
0054
056C
0056
004D
0013
0200
0117
0667
0668
0267
007F
0669
00C0
0107
0013
0060
0061
0204
05AC
066A
0065
0155
0067
0068
0013
018C
066B
0586
006C
0339
0013
050B
050C
0071
0013
0053
0072
020B
020C
0326
0013
020E
0078
0079
0013
007A
03FE
020F
007D
0117
0161
0195
0081
0082
004E
0083
0210
0085
0086
0087
0088
0211
008A
008B
0013
008C
008D
008E
008F
0121
0091
066C
032D
0013
0013
0095
0214
0215
0216
02F7
0002
0127
0004
037B
0006
00E8
026C
0172
000A
037C
000C
037D
0245
037E
0010
001C
0179
0013
0013
0014
0013
0002
0002
0013
0013
0013
0027
0028
0017
0018
0013
0019
0013
0013
0013
0013
0013
0013
001A
001C
001C
0023
001D
001E
0013
0002
0013
0002
0002
0013
001C
0014
001E
001D
0013
001A
0002
0013
0013
0013
0013
0013
0179
001A
0017
001D
0013
0022
0013
0002
0002
0013
0013
0013
0021
037F
0380
0023
0013
0381
0013
0013
0013
0013
0002
0013
001F
0024
0010
0023
0013
001E
0013
0013
0013
0002
0002
0002
0012
0012
0010
0018
0013
0024
0002
0013
0013
0013
0013
0013
0018
0247
00A6
0018
0013
01AB
0002
0013
0013
0013
0013
0013
0027
01AD
0022
0018
0013
002D
0013
0013
0013
0013
0013
0013
002B
01AF
0022
0018
0013
002D
0013
0013
0013
0013
0013
0013
002B
002E
0022
002B
0013
0019
0013
0013
0013
0013
0013
0013
0030
0031
0032
0033
0013
0013
0034
0035
0036
0037
0038
0044
0382
0033
0002
0013
003B
0383
003D
0384
0136
00B5
00B6
00B7
004D
0044
0034
0385
0386
0387
0142
004A
004B
029E
004D
0013
004F
01BC
0051
0052
0186
01BE
0055
0056
004D
0013
0057
0058
0187
02D0
0227
0388
0389
038A
005F
0013
038B
00C8
038C
038D
0064
038E
0144
0067
0068
0013
038F
0390
0301
0391
018D
010E
0392
01C6
0071
0013
0393
0112
0113
0305
0394
00D9
033C
0395
0079
0013
0260
007B
007C
027D
0117
007F
0080
0081
0119
0013
019D
0396
0397
0086
0360
019A
02F2
008A
008B
0013
01D5
01D6
008E
008F
0256
0091
02F4
0093
0094
0013
027E
0398
0097
00E5
00E6
0002
0368
0281
0005
0006
0007
0008
012B
0369
012D
00EC
036A
000E
0287
0027
00A3
0012
0013
0013
0019
0013
0013
0002
0013
0013
0013
0015
0016
0024
0013
0013
0019
0002
0002
0013
0002
0002
0002
0010
001B
001E
0014
002B
0022
0002
0002
0013
0002
0002
0013
001F
0024
0020
0021
0021
0010
0013
0013
0013
0013
0013
0013
001C
001F
0022
002B
0013
0024
0013
0013
0013
0013
0002
0013
001C
001B
0013
0013
0013
0014
0013
0002
0013
0013
0013
0013
0010
0015
0010
002B
0013
0012
0013
0013
0002
0013
0013
0002
0017
0014
0017
0018
0013
0023
0013
0013
0002
0013
0013
0002
0018
0025
0017
0013
0013
034C
0013
0013
0013
0013
0013
0013
0027
0313
0022
0027
0029
002A
0013
0002
0013
0013
0013
0002
002B
002C
0010
0029
0013
002D
0013
0013
0013
0002
0013
0002
0023
02BD
001E
0013
0013
002A
0002
0013
0002
0013
0013
0002
036B
017A
021E
00AA
0013
0013
01D5
036C
036D
0315
0030
0039
003A
036E
0013
0013
00F6
003C
036F
00F9
003F
0040
0041
0042
0043
00A8
00FB
0046
0047
0048
0049
00FE
0145
004C
0079
004E
0370
0371
031C
031D
0250
0054
0104
0251
00C1
0013
00C2
014B
02EB
022E
005B
005C
005D
0013
0013
0013
0060
0108
0062
0063
02AA
0065
0066
010C
0110
0013
0069
006A
0372
02EE
015B
006E
006F
0070
0110
0013
0053
0072
0073
020C
0075
0076
0077
0327
0013
0013
007A
0373
0193
0374
007E
0161
0375
010C
0082
004E
0083
0376
023A
0377
0053
0088
0378
00FF
008B
0013
023C
008D
0379
02B7
0121
007F
0364
0213
0013
0013
0095
0096
0366
037A
02F7
0002
0127
0004
0129
0006
00E8
01A3
01A4
000A
000B
012E
000D
00ED
026E
0010
001C
0024
0013
0013
0014
0013
0002
0002
0013
0013
0013
0015
0016
0017
0018
0013
01A9
0002
0013
0013
0013
0013
0002
001A
001C
001C
0015
001D
001E
0013
0002
0013
0002
0002
0013
001C
0014
0022
001D
0013
0010
0002
0013
0013
0013
0013
0013
0023
001A
0024
001D
0013
0022
0013
0002
0002
0013
0002
0013
001C
001B
0022
0023
0013
001E
0013
0002
0013
0013
0002
0013
001F
0024
0010
0021
0013
0017
0013
0013
0013
0002
0013
0002
0017
0012
0010
0018
0013
0024
0002
0013
0013
0013
0013
0013
0018
01AC
00A6
0018
0013
002F
0002
0013
0013
0013
0013
0013
0027
01AD
0022
0027
0029
002D
0013
0013
0013
0013
0013
0013
002B
01AF
0010
0018
0013
002D
0013
0013
0013
0002
0013
0013
002B
002E
0022
002B
0013
0019
0013
0013
0013
0013
0013
0013
019F
0031
039E
0523
0013
0013
0133
0035
0135
0037
0038
0039
0653
0033
0002
0013
02FA
066D
0654
066E
003F
0040
052C
0042
01B8
0044
013E
0385
0656
052E
0057
0143
0144
029E
004D
0013
004F
01BC
066F
0658
0250
0088
0055
014A
004D
0013
0057
0058
02FD
02FE
014E
005C
046A
005E
005F
0013
00C7
0150
0670
0533
010A
0056
0066
03AF
0110
0013
0157
0390
0301
0302
02D7
00B5
02D8
01C6
0071
0013
0393
0112
0113
0305
027B
0076
033C
0671
0079
0013
0260
007B
007C
027D
0117
007F
0262
0081
0119
004E
0558
0265
051C
011B
0267
019A
04F5
008A
008B
0013
027E
01D6
05FE
0309
0090
0091
04F8
0093
0094
0013
01DA
01DB
04F9
04FA
0672
0002
0368
030B
0170
0006
0007
01E0
0009
0673
021B
01E3
0674
000E
0287
0027
00A3
0012
0013
0013
0019
0013
0002
0013
0013
0013
0013
0027
0310
001D
0013
0013
002D
0002
0002
0013
0002
0002
0013
001D
001B
0022
0014
0013
0022
0002
0002
0013
0002
0013
0013
001F
001D
0020
0023
0021
001A
0013
0013
0013
0013
0013
0013
001C
001F
0022
0021
0013
0014
0013
0002
0013
0013
0013
0013
0027
0675
001D
002B
0013
002F
0013
0002
0013
0013
0013
0013
0010
001D
0010
0023
0013
001E
0013
0013
0002
0013
0002
0002
0017
0014
0017
0029
0013
0023
0013
0013
0002
0013
0013
0002
0013
0025
0017
0013
0013
0026
0002
0013
0013
0013
0013
0013
0027
0313
0022
0029
0013
03C7
0013
0002
0013
0013
0013
0002
002B
00A7
0010
0029
0013
002D
0013
0013
0013
0013
0013
0002
0023
02BD
001E
0013
0013
002A
0002
0013
0002
0013
0013
0002
018F
017A
00A9
0033
0013
0013
017C
01EA
017D
017E
0030
0044
01EE
024A
0013
0013
003B
003C
0676
00B3
0136
01F3
0041
0569
0043
0013
0045
0046
0677
053F
0049
004A
004B
004C
005F
004E
0185
0371
0678
00BE
018F
0054
056C
0056
00C1
0013
0200
0117
0667
022E
0267
007F
0679
024A
0119
0013
0060
0061
067A
067B
0064
0065
010B
0067
0068
0013
0256
006A
0372
006C
02EF
006E
006F
0070
0079
0013
0053
0072
0073
020C
0075
0013
0077
0327
0013
0013
007A
0373
0193
0194
007E
0161
0195
010C
0082
0013
0083
0084
023A
00DC
0053
0088
0544
046F
008B
0013
008C
008D
032B
023E
0121
007F
067C
0213
0013
0013
0095
0214
0215
0216
026B
0002
03F6
0004
0129
0006
0007
067D
01A4
000A
000B
012E
000D
000E
034A
0010
001C
0179
0013
0013
0014
0013
0002
0002
0013
0013
0013
0015
0016
0012
0018
0013
01A9
0002
0013
0013
0013
0002
0002
001A
001C
001C
0014
0027
001E
0013
0013
0013
0002
0002
0013
001E
0014
0022
001D
0013
0010
0002
0013
0013
0013
0013
0013
0023
001F
0024
001D
0013
0022
0013
0002
0013
0013
0002
0013
001C
001C
0022
0018
0013
001E
0013
0002
0013
0013
0002
0013
001F
0015
0010
0021
0013
0017
0013
0013
0013
0013
0013
0002
0017
0012
0010
0018
0013
0024
0002
0013
0013
0013
0013
0002
0018
01AC
028A
0013
0013
002F
0002
0013
0013
0013
0013
0013
0027
0249
028A
0027
0029
002D
0013
0013
0013
0013
0013
0013
002B
01AF
0010
0018
0013
002D
0013
0013
0013
0002
0013
0013
002B
002C
0022
002B
0013
002D
0013
0013
0013
0013
0013
0013
0030
0031
039E
0132
0013
0013
0133
0035
0135
0037
00F4
0039
0547
0033
0002
0013
0548
0549
0514
066E
003F
0040
00B6
0042
029A
00D9
0034
054B
054C
067E
0227
0143
0144
029E
004D
0013
0088
067F
066F
0658
0053
0088
0055
014A
004D
0013
0057
0058
054F
0680
00D8
005C
005D
005E
0094
0013
00C7
0552
0553
0681
03ED
02D2
0066
03AF
0110
0013
0157
0390
0337
0302
02D7
006E
02D8
010C
0071
0013
01C7
0112
059F
0305
027B
0076
033C
0535
0013
0013
0115
027C
007C
027D
007E
007F
0262
0557
0119
004E
0558
02DE
051C
011B
036B
019A
04F5
008A
008B
0013
027E
055A
05FE
061C
0090
0091
04F8
0093
0094
0013
055D
03DA
0682
0683
0001
0002
0280
02E4
0170
0006
00E8
0008
0009
0561
0284
01E3
04FF
01E5
0287
0027
00A3
0012
0013
0013
01A9
0013
0002
0013
0013
0013
0013
0027
0028
0017
0013
0013
0019
0002
0002
0013
0002
0013
0002
0015
01E6
0010
0014
001D
034B
0002
0002
0013
0002
0013
0013
001F
0024
0020
0023
0021
001A
0013
0013
0013
0013
0013
0013
001C
001A
0022
0023
0013
0014
0013
0002
0002
0013
0013
0013
0027
01E7
0024
0023
0013
037F
0013
0002
0013
0013
0013
0013
0017
0024
0010
0023
0013
001E
0013
0013
0002
0002
0002
0002
0013
002F
0501
0029
0013
0662
0013
0013
0002
0013
0013
0002
0013
0025
0017
0018
0013
0026
0002
0013
0013
0013
0013
0013
0027
0313
0022
0029
0013
002A
0013
0002
0013
0013
0013
0002
002B
00A7
0010
0029
0013
002D
0013
0013
0013
0013
0013
0002
0023
002E
001E
0013
0013
002F
0002
0013
0002
0013
0013
0002
018F
017A
017B
0033
0013
0013
017C
01EA
017D
017E
01ED
0044
01EE
0054
0013
0013
02C4
0684
0685
0686
01F2
01F3
0687
0569
0043
0044
00FB
00FC
0665
0640
0111
004A
004B
004C
005F
004E
0250
02A0
056B
00BE
01FE
0054
056C
0056
0002
0013
0200
0117
0667
0668
0188
007F
05AA
01F3
005F
0013
0060
035B
05AB
0688
0064
0065
010B
0067
0068
0013
018C
006A
006B
006C
02EF
0013
0543
050C
0079
0013
0053
0072
0073
020C
0075
0013
0077
0327
0079
0013
00D5
0192
0193
0194
0117
0161
0195
0196
0082
0013
0083
0210
023A
00DC
0087
0088
0211
05E0
008B
0013
008C
008D
019E
023E
0121
007F
0212
032D
0013
0013
0095
0214
0215
0216
00E6
0002
0003
0004
0344
0006
00E8
02F8
0009
0689
000B
02E6
03C6
00ED
0287
0027
00A2
0179
0013
0013
002A
0013
0013
0002
0013
0013
0013
0015
03F8
0017
0018
0013
0019
0002
0013
0013
0013
0013
0002
001A
001A
001C
0023
002B
001E
0002
0002
0013
0002
0002
0013
001F
0014
0020
001D
0013
0010
0013
0013
0013
0013
0013
0013
001C
0020
0012
0023
0013
0014
0013
0002
0002
0013
0013
0013
0022
001B
0022
0018
0013
001E
0013
0002
0013
0013
0002
0013
001F
0015
0010
0027
0013
0027
0013
0013
0002
0013
0013
0002
0012
0012
0010
0018
0013
0024
0013
0013
0002
0013
0013
0002
0018
0025
0022
0018
0013
0026
0002
0013
0013
0013
0013
0013
0027
0028
0022
0018
0013
002A
0013
0002
0013
0013
0013
0002
002B
002C
0022
0018
0013
002D
0013
0013
0013
0013
0013
0002
002B
01B0
0022
0018
0013
002D
0002
0013
0002
0013
0013
0002
0030
017A
068A
04D0
0013
0013
038B
0035
068B
0564
00F4
0039
003A
00C0
0002
0013
024D
01EF
003D
003E
0221
0040
0041
0042
01B8
00A8
0045
0385
0047
0048
0270
004A
01BB
004C
0145
0013
004F
0050
03CD
0052
0053
0054
0055
0251
00C1
0013
0057
0058
014C
0253
005B
005C
005D
005E
0094
0013
0254
00C8
0062
0063
00BB
0065
010B
0067
0110
0013
0069
006A
068C
068D
0339
0587
006F
0070
0110
0013
0053
0072
020B
020C
01CA
0076
0077
0327
0079
0013
007A
068E
04D5
0374
0117
0161
0080
010C
0082
0013
008C
0396
0483
0340
0030
0088
02F2
00FF
008B
0013
008C
02F3
0342
00E0
0090
019A
02F4
0093
0119
0013
00E2
02F6
0097
00E5
02F7
0002
0218
068F
0241
0006
0007
05B9
0630
000A
03DE
000C
0468
000E
034A
0010
001C
0012
0013
0013
001D
0013
0002
0013
0013
0013
0013
0027
00A3
0179
0013
0013
0019
0002
0002
0013
0002
0002
0002
0020
001B
001E
0014
001D
0010
0013
0002
0013
0002
0002
0013
001C
0014
0179
0023
0021
001A
0002
0013
0013
0013
0013
0013
0022
001A
0022
001D
0013
0022
0013
0013
0013
0013
0002
0013
001C
001A
0017
0023
0013
0017
0013
0002
0013
0013
0013
0013
001E
0024
0010
0023
0013
001E
0013
0013
0013
0002
0002
0002
0017
0179
0017
0018
0013
0015
0002
0013
0013
0013
0013
0002
0018
0289
0248
0013
0013
01A9
0013
0013
0013
0013
0013
0013
0027
0249
0690
0027
0029
002D
0013
0013
0013
0013
0013
0013
0027
01AF
0010
0029
0013
002D
0013
0013
0013
0002
0013
0013
0023
01E8
001E
002B
0013
002F
0013
0013
0013
0013
0013
0013
018F
0031
03A7
0033
0013
0013
021F
0220
0691
0692
00AD
00AE
0693
0033
0013
0013
02C4
02C5
0694
0695
00C6
0054
03A7
013D
0043
0044
017C
0046
0386
02C8
0049
029E
004B
04E4
004D
004E
0696
0697
0147
0698
02B8
0103
02A4
0056
004D
0013
00C2
022C
02CF
022E
00C6
0088
00CF
00C0
005F
0013
0619
035B
0699
069A
0423
069B
0066
069C
0068
0013
03D8
05CA
069D
069E
035B
006E
00CF
03D1
0071
0013
01C7
0112
069F
0305
025D
0076
04C2
0395
0013
0013
046E
03B6
04C3
027D
007E
007F
06A0
0557
0119
004E
0163
02DE
051C
011B
0087
019A
04F5
008A
008B
0013
03F2
06A1
06A2
0120
04A2
0091
06A3
00E1
0094
0013
0123
0214
06A4
0467
00E6
0002
01DE
06A5
0005
0006
0007
02F8
0172
06A6
04A8
02E6
05D2
000E
06A7
0027
00A2
0012
0013
0013
002A
0013
0002
0002
0013
0013
0013
0015
00EE
0024
00A4
0013
0019
0002
0002
0013
0013
0002
0002
001A
001B
001C
0014
002B
0022
0002
0002
0013
0002
0013
0013
001F
001D
0020
001D
0013
001A
0002
0013
0013
0013
0013
0013
0022
0020
0022
0023
0013
0179
0013
0002
0013
0013
0013
0013
0022
001B
0022
002B
0013
001E
0013
0002
0013
0013
0002
0013
001F
0015
0010
0023
0013
001E
0013
0013
0002
0002
0013
0002
0017
0012
0010
0018
0013
0024
0013
0013
0013
0013
0013
0002
0018
0025
0022
0013
0013
0026
0002
0013
0013
0013
0013
0013
0027
0028
0022
0027
0029
002A
0013
0002
0013
0013
0013
0002
002B
00A7
0010
0013
0013
002D
0013
0013
0013
0013
0013
0002
002B
01B0
001E
0013
0013
0019
0002
0013
0002
0013
0013
0002
0030
017A
00A9
0132
0013
0013
00C7
0035
0520
06A8
06A9
0039
003A
0350
008B
0013
024D
01EF
0521
003E
003F
0040
00B6
00B7
029A
00A8
0034
0385
06AA
06AB
018F
004A
00BB
004C
004D
0013
024F
03AA
06AC
06AD
0053
0103
0055
005E
00C1
0013
0299
0058
02EB
005A
005B
005C
005D
005C
0094
0013
0358
0061
0062
0272
0064
0065
010B
0067
0068
0013
019F
06AE
0275
06AF
0339
00B5
0276
010F
0110
0013
018F
06B0
0279
06B1
025D
0076
020E
0327
0013
0013
007A
03B6
033D
06B2
0117
007F
0080
010C
0119
004E
0197
0396
0483
0340
0030
0088
02F2
00FF
0013
0013
019D
008D
00DF
00E0
0090
019A
02F4
032D
0013
0013
02F5
0096
00E4
0098
0099
0002
0218
0004
06B3
0006
00E8
043A
0283
000A
0174
000C
037D
00ED
034A
0010
0020
0179
0013
0013
0024
0013
0002
0002
0013
0013
0013
0027
00A3
0017
0018
0013
0019
0002
0002
0013
0002
0013
0002
001F
001A
001E
0014
001D
001E
0013
0002
0013
0002
0002
0013
001C
0014
0022
0023
0021
0022
0002
0013
0013
0013
0013
0013
001C
001A
0017
001D
0013
0022
0013
0002
0002
0013
0002
0013
001C
001B
0017
0023
0013
0017
0013
0002
0013
0013
0013
0013
001E
0024
0010
0021
0013
001E
0013
0013
0013
0013
0002
0002
0017
0179
0017
0018
0013
0015
0002
0013
0002
0013
0013
0013
0018
0289
0248
0018
0013
01A9
0013
0013
0013
0013
0013
0013
0018
01AD
0022
0018
0013
01AE
0013
0013
0013
0013
0013
0013
0027
01AF
0022
0018
0013
01AE
0013
0013
0013
0002
0013
0013
0023
01E8
0022
002B
0013
002A
0013
0013
0013
0013
0013
0002
019F
0031
005D
0033
0013
0013
021F
0546
06B4
06B5
0038
00A8
06B6
0033
0002
0013
0221
06B7
03A4
06B8
03A6
0054
0041
0042
0043
0044
0160
0046
0182
0183
0227
029E
004B
0184
0071
004E
0228
06B9
0147
06BA
05C3
0054
020A
0056
004D
0013
0057
0105
05C4
06BB
00C6
0189
005D
005E
005F
0013
04D1
015B
06BC
0462
0619
00DD
0066
01D0
0002
0013
0256
06BD
049F
06BE
035B
006E
006F
0070
0071
0013
015C
04C1
0073
0305
0450
0076
06BF
0395
0079
0013
0049
0192
020F
007D
007E
00A8
06C0
0081
0082
0013
0163
01D1
06C1
047A
0087
00AE
06C2
008A
008B
0013
023C
06C3
06C4
06C5
04A2
0091
016B
0093
0094
0013
0227
06C6
06C7
06C8
06C9
0002
0218
0004
000F
0439
00E8
02F8
06CA
000A
04B2
03F7
06CB
0245
034A
0010
0011
0179
0013
0013
0024
0013
0013
0002
0013
0013
0013
0027
01B0
0017
0018
0013
0019
0002
0013
0013
0013
0013
0002
0020
001A
001C
0023
002B
001E
0013
0002
0013
0002
0002
0013
001F
0014
0020
0023
0013
0010
0002
0013
0013
0013
0013
0013
001C
0020
0012
001D
0013
0022
0013
0002
0002
0013
0013
0013
0027
001B
0022
0018
0013
0014
0013
0002
0013
0013
0002
0013
001F
0023
0010
0023
0013
001E
0013
0013
0013
0002
0013
0002
0017
0024
0010
0018
0013
0023
0013
0013
0013
0013
0013
0013
0018
00A5
028A
0018
0013
0026
0002
0013
0013
0013
0013
0013
0027
002C
0012
0027
0029
002D
0013
0002
0013
0013
0013
0013
0027
002C
0010
0018
0013
002D
0013
0013
0013
0013
0013
0013
0027
01B0
0022
0018
0013
0019
0013
0013
0013
0013
0013
0013
0030
0031
0104
00AA
0013
0013
0133
0035
06CC
0527
0038
00AE
06CD
0033
0002
0013
06CE
06CF
06D0
06D1
00C6
00B5
03A7
013D
01B8
00A8
017C
0385
06D2
00BA
0057
05E0
0144
029F
005F
0013
004F
03CC
06D3
06D4
018F
04D0
02A4
005E
004D
0013
0270
0058
06D5
005A
0260
007F
00CF
005E
0107
0013
022F
0150
03AD
03AE
03ED
0065
01BB
02D3
0068
0013
0157
06D6
06D7
06D8
02D7
006E
06D9
025B
0071
0013
0111
06DA
06DB
06DC
027B
00D9
03EF
025F
0079
0013
0115
061B
06DD
06DE
0117
007F
0080
0081
0119
004E
0083
0396
0397
0086
00BF
019A
0089
008A
008B
0013
011D
06DF
008E
008F
041A
0091
0092
005C
0119
0013
0123
06E0
0097
00E5
0001
0002
0280
0281
0170
0006
0007
05B9
0283
021A
04A8
030D
04C8
000E
0287
0027
002C
0012
0013
0013
002A
0013
0002
0002
0013
0013
0013
0015
0016
0012
00A4
0013
0019
0002
0002
0013
0002
0002
0002
001A
001B
001E
0014
001D
0022
0002
0002
0013
0002
0002
0013
001F
0014
0010
001D
0021
001A
0002
0013
0013
0013
0013
0013
0022
001A
0022
0023
0013
0179
0013
0002
0013
0013
0002
0013
001C
001A
0017
0023
0013
001E
0013
0002
0013
0013
0013
0013
0012
0024
0022
0021
0013
0017
0013
0013
0002
0013
0002
0002
0013
0289
037F
0018
0013
0019
0002
0013
0002
0013
0013
0002
0018
002E
0017
0013
0013
002F
0002
0013
0013
0013
0013
0013
0027
0313
0022
0029
0013
002A
0013
0013
0013
0013
0013
0002
002B
06E1
0010
0029
0013
002D
0013
0013
0013
0002
0013
0002
0023
0502
001E
002B
0013
002A
0002
0013
0002
0013
0013
0002
0030
017A
017B
0033
0013
0013
017C
00F1
0036
04CB
0030
0039
003A
014A
008B
0013
003B
003C
003D
003E
06E2
0040
0041
0042
0043
0044
0045
0046
0047
0048
0049
004A
004B
004C
004D
004E
0696
03AA
04AD
00BE
0250
0054
0055
0056
0002
0013
02A5
014B
0059
06BB
005B
005C
005D
0093
005F
0013
0254
0061
0062
0063
0064
0056
0066
0067
0110
0013
0256
006A
006B
006C
02EF
0013
06E3
06E4
0110
0013
0053
0072
0073
0074
0075
0076
06E5
0327
0013
0013
00D5
068E
033D
0374
007E
0161
06E6
0196
0082
0013
008C
0376
023A
06E7
0087
0088
06E8
019C
008B
0013
008C
008D
06E9
06EA
0090
007F
01EE
0093
0094
0013
00E2
0096
06EB
0125
0001
0002
0368
016F
0005
0006
0007
043A
0009
00EB
0174
02E6
04FE
000E
000F
0010
0011
0012
0013
0013
0014
0013
0002
0002
0013
0013
0013
0027
0028
0179
0018
0013
0019
0002
0002
0013
0002
0002
0013
001A
001B
0022
0014
0027
001E
0002
0002
0013
0002
0002
0013
001F
0014
0020
001D
0021
001A
0013
0013
0013
0013
0013
0013
001C
001C
0022
001D
0013
0022
0013
0002
0013
0013
0013
0013
0021
040A
0179
0023
0013
0381
0013
0002
0013
0013
0013
0013
0010
001D
0010
0027
0013
0021
0013
0013
0013
0013
0002
0002
0013
06EC
0501
0013
0013
040D
0002
0013
0002
0013
0013
0002
0013
0025
0017
0013
0013
034C
0013
0013
0013
0013
0013
0013
0027
0028
0022
0027
0029
002A
0013
0002
0013
0013
0013
0002
002B
002C
0010
0018
0013
002D
0013
0013
0013
0013
0013
0002
0023
01E8
001E
002B
0013
002A
0002
0013
0002
0013
0013
0002
0030
0031
0032
0033
0013
0013
01D5
00F1
017D
024C
017F
0044
06ED
0033
00C1
0013
024D
01EF
026F
0384
00B4
00B5
0041
00B7
0043
00D9
0045
01F6
0505
06EE
0142
004A
004B
01FA
004D
004E
0100
0050
0051
0052
00BF
0054
0055
0056
004D
0013
0270
0105
0187
0668
0267
007F
0389
005C
005F
0013
0060
0061
04BD
06EF
066A
0065
0066
0067
0110
0013
0069
006A
0372
006C
0043
0013
0543
06F0
0013
0013
0053
0072
020B
0074
0075
0013
0077
0078
0013
0013
007A
068E
020F
007D
0117
0161
0195
0081
0082
004E
008C
0210
0085
0086
0087
0088
019B
008A
008B
0013
008C
008D
008E
008F
0090
0091
0484
032D
0094
0013
0095
0214
0097
050E
06F1
0002
0218
0399
037B
0006
00E8
01A3
0172
032E
06F2
000C
036A
06F3
00A1
002B
002C
0024
0013
0013
002D
0013
0013
0002
0013
0013
0013
0015
0016
0017
0018
0013
0019
0002
0013
0013
0013
0013
0002
0020
001C
001C
0015
001D
0010
0013
0002
0013
0002
0002
0013
0020
0014
001E
0023
0013
0010
0002
0013
0013
0013
0013
0013
0017
001A
0012
0023
0013
0179
0013
0002
0002
0013
0002
0013
001C
001B
0022
0018
0013
0024
0013
0002
0013
0013
0002
0013
001F
0024
0010
0023
0013
001E
0013
0013
0002
0002
0013
0002
0017
0012
0010
0018
0013
0024
0013
0013
0013
0013
0013
0013
0018
0247
00A6
0018
0013
01AB
0002
0013
0013
0013
0013
0013
0027
01AD
0022
0029
0013
002D
0013
0013
0013
0013
0013
0013
0027
01AF
0022
0029
0013
002D
0013
0013
0013
0002
0013
0013
002B
01B0
0022
0013
0013
0019
0013
0013
0013
0013
0013
0013
0130
017A
021E
00AA
0013
0013
0034
04CA
0332
00AC
00AD
0039
06F4
014A
0002
0013
04CD
03F9
03A4
06F5
06E2
0040
048A
0042
0110
0044
013E
0046
06F6
0141
0049
0143
01B8
004C
0071
0013
004F
06F7
06F8
06F9
0053
01B2
0104
025A
0082
0013
02A5
0058
06FA
00C5
00D8
005C
01E9
005E
008B
0013
00F0
04EA
06FB
06FC
0325
02D2
010B
05C9
0068
0013
06FD
06D6
06FE
06FF
03A2
006E
00CF
02C9
0071
0013
0111
0700
0701
0702
0703
0076
00D3
0704
0079
0013
0057
061B
0705
0706
0186
007F
0262
033E
0119
0013
0260
02DE
0707
02E0
036B
019A
04F5
019C
008B
0013
05C6
06C3
0708
0709
0228
0044
06A3
0093
0013
0013
070A
03DA
070B
070C
070D
0002
0003
06A5
0129
0439
0007
02F8
043B
012C
012D
012E
000D
000E
012F
0010
001C
0012
0013
0013
001D
0013
0013
0002
0013
0013
0013
0015
0016
0014
0013
0013
002D
0002
0002
0013
0002
0002
0002
0010
001F
0010
0014
001D
0010
0013
0002
0013
0002
0013
0013
001C
0014
001E
0023
0013
001A
0002
0013
0013
0013
0013
0013
0022
001A
0022
001D
0013
0022
0013
0013
0013
0013
0013
0013
0022
001B
0017
002B
0013
0024
0013
0002
0013
0013
0002
0013
001F
0015
0010
0023
0013
001E
0013
0013
0013
0002
0013
0002
0017
0014
0010
0018
0013
0015
0013
0013
0013
0013
0013
0002
0029
002E
0022
0013
0013
03DF
0013
0013
0013
0013
0013
0013
0027
0028
0017
0027
0029
002A
0013
0013
0013
0013
0013
0002
002B
00EF
0010
0013
0013
002D
0013
0013
0013
0013
0013
0002
0023
01AD
001E
0013
0013
002F
0013
0013
0013
0013
0013
0002
0130
0031
0055
00AA
0013
0013
0133
036C
0526
070E
018F
0039
0137
0033
0013
0013
00FA
04CE
013A
070F
003F
0040
03A7
013D
0043
0044
017C
0710
0140
06AB
018F
05E0
0144
01FA
004D
0013
024F
0371
05C1
0711
0149
0103
0104
005E
004D
0013
00C2
0105
02EB
0712
014E
005C
014F
00C0
0119
0013
005F
04EA
0109
0448
0713
0154
0066
033E
0068
0013
03D8
0714
0715
0716
03A2
00B5
03B2
025B
0071
0013
0111
0717
0718
0719
027B
00D2
03EF
0078
0013
0013
0260
061B
0536
071A
0117
007F
0080
0081
0119
004E
027E
0210
0085
0086
0053
0088
0089
008A
0013
0013
071B
02F3
008E
008F
0090
0091
0092
00E1
0013
0013
071B
02F6
00E4
00E5
0099
0002
0127
0004
0170
0006
00E8
043A
0009
0173
0174
0175
071C
0245
0287
0027
00A3
0179
0013
0013
002F
0013
0002
0002
0013
0013
0013
0027
0028
0017
0018
0013
0019
0013
0002
0013
0013
0013
0002
001A
001B
001C
0015
0013
001E
0002
0002
0013
0002
0002
0013
001F
0014
0020
001D
0021
0010
0002
0013
0013
0013
0013
0013
001C
001F
0017
0023
0013
0014
0013
0002
0002
0013
0002
0013
001C
001A
0022
0023
0013
001E
0013
0002
0013
0013
0013
0013
0010
0024
0010
0021
0013
001E
0013
0013
0002
0013
0002
0002
0017
0012
0017
0018
0013
0024
0002
0013
0002
0013
0013
0013
0018
00A5
0330
0018
0013
0026
0002
0013
0013
0013
0013
0013
0027
002C
0022
0018
0013
002D
0013
0002
0013
0013
0013
0013
0027
002C
0022
0018
0013
002D
0013
0013
0013
0002
0013
0013
002B
002E
0022
002B
0013
002D
0002
0013
0002
0013
0013
0002
0030
017A
017B
0033
0013
0013
017C
0035
0036
04CB
0038
00AE
0180
00C0
0002
0013
003B
02C5
003D
00B3
0136
00B5
0041
0042
01B8
0013
0045
0046
0182
0183
0049
004A
004B
004C
0145
004E
0250
01BC
00BD
0052
0186
0054
0055
0056
0002
0013
0057
0058
0187
02D0
0188
0189
005D
005E
005F
0013
0254
0061
018A
018B
0064
0065
0043
0067
0002
0013
0069
01C4
006B
03CF
02EF
006E
006F
0070
0110
0013
0053
071D
0073
071E
0075
0076
0077
02DB
0079
0013
007A
071F
033D
0720
007E
0044
0375
0196
0082
0013
0083
0721
0722
0723
0199
00A8
011C
00FF
008B
0013
008C
011E
0724
06EA
0157
0044
0122
0093
0094
0013
00E2
01A1
0124
0125
00E6
0002
0003
0004
0005
0006
00E8
043A
0009
00EB
04B2
02E6
06CB
00ED
034A
0010
0011
0012
0013
0013
0014
0013
0013
0002
0013
0013
0013
0027
0028
0179
0018
0013
0019
0002
0002
0013
0002
0002
0013
001A
001B
0022
0014
0013
001E
0013
0002
0013
0002
0002
0013
001F
0014
0020
001D
0013
0010
0013
0013
0013
0013
0013
0013
001C
001C
0022
001D
0013
0022
0013
0002
0013
0013
0013
0013
0021
001B
0179
0018
0013
001E
0013
0002
0013
0013
0002
0013
001F
001D
0010
0027
0013
0012
0013
0013
0013
0013
0002
0002
0017
001D
0010
0013
0013
0023
0013
0013
0013
0013
0013
0002
0018
0025
0022
0013
0013
034C
0013
0013
0013
0013
0013
0013
0027
0028
0022
0027
0029
002A
0013
0002
0013
0013
0013
0013
002B
002C
0010
0018
0013
002D
0013
0013
0013
0013
0013
0013
0023
002E
001E
0018
0013
002A
0002
0013
0002
0013
0013
0013
019F
0031
0032
0033
0013
0013
00C7
00F1
017D
024C
017F
0044
0180
0033
0002
0013
024D
01EF
026F
0384
00B4
00B5
00B6
00B7
0043
0013
0045
01F6
0725
0726
0270
004A
004B
00FF
0145
0013
024F
0050
0051
0052
00BF
0054
0055
0056
004D
0013
0270
0105
0187
0668
01CC
007F
005D
005E
0094
0013
0060
0061
018A
00CA
066A
0065
0155
0067
0110
0013
0069
0207
0372
006C
0727
006E
0392
0070
0013
0013
0053
0072
0728
06B1
0729
00D9
020E
0078
0013
0013
007A
0192
072A
072B
0117
0161
0080
0081
0082
004E
0083
0210
0085
0086
0087
0088
019B
008A
008B
0013
008C
011E
008E
008F
0121
0091
01A0
005C
0119
0013
0095
0214
0097
0098
072C
0002
03C2
072D
037B
0006
0007
0243
0244
072E
012D
000C
032F
00A0
0287
002B
00A7
0024
0013
0013
002D
0013
0002
0002
0013
0013
0013
0015
0016
0017
0013
0013
0019
0002
0002
0013
0013
0013
0002
0020
001C
001C
0015
001D
0010
0002
0013
0013
0002
0002
0013
001C
0014
001E
0015
0021
001A
0002
0013
0013
0013
0013
0013
0017
001A
0012
0023
0013
0179
0013
0002
0002
0013
0002
0013
001C
001B
0022
0023
0013
0017
0013
0002
0013
0013
0013
0013
0012
0024
0022
0023
0013
001E
0013
0013
0002
0002
0013
0002
0179
0012
0012
0018
0013
0024
0002
0013
0002
0013
0013
0013
0018
0247
0330
0018
0013
01AB
0002
0013
0013
0013
0013
0013
0027
01AD
0022
0029
0013
002D
0013
0013
0013
0013
0013
0002
0027
01AF
0022
0029
0013
002D
0013
0013
0013
0002
0013
0002
002B
00A7
0022
002B
0013
0019
0013
0013
0013
0013
0013
0002
0130
017A
04DA
0523
0013
0013
021F
04CA
05B3
072F
00AD
0039
0137
014A
0013
0013
04CD
0730
0297
00F9
06E2
0040
0041
0042
004D
0044
013E
0046
0047
0048
0049
0143
01B8
004C
004D
004E
0228
06F7
06F8
06F9
0053
0103
0104
0251
00C1
0013
02A5
0058
0252
0253
005B
005C
005D
0093
005F
0013
00F0
015B
04D3
0063
0423
04E4
0066
05C9
0068
0013
03D8
01C4
06FE
0302
0731
025A
006F
04EE
0071
0013
01C7
0112
0732
0733
0734
0076
06BF
0735
0079
0013
0736
027C
0737
0738
00B4
007F
0739
033E
0119
0013
00E2
02DE
073A
073B
019F
019A
0378
019C
008B
0013
0362
0169
073C
073D
0090
0044
073E
0093
0094
0013
027E
03DA
073F
06C8
00E6
0002
0003
06A5
0129
0740
0007
02F8
06CA
0741
04A8
01A6
000D
000E
012F
0010
0011
0012
0013
0013
0014
0013
0013
0002
0013
0013
0013
0015
00EE
0014
00A4
0013
002D
0002
0002
0013
0002
0002
0002
0010
001A
0022
0014
002B
0022
0013
0002
0013
0002
0013
0013
001F
0014
001E
0023
0013
001A
0013
0013
0013
0013
0013
0013
001C
001E
0022
001D
0013
0022
0013
0013
0013
0013
0013
0013
0022
001B
0179
002B
0013
001E
0013
0002
0013
0013
0002
0013
001F
0023
0010
0023
0013
001E
0013
0013
0013
0002
0013
0002
0017
0014
0010
0018
0013
0015
0013
0013
0013
0013
0013
0002
0029
0025
0022
0013
0013
034C
0013
0013
0013
0013
0013
0013
0027
0028
0017
0027
0029
002A
0013
0002
0013
0013
0013
0002
002B
002C
0010
0013
0013
002D
0013
0013
0013
0013
0013
0002
0023
002E
001E
0013
0013
002F
0013
0013
0013
0013
0013
0002
0030
0031
039E
00AA
0013
0013
0133
00F1
03E3
034E
0130
0039
003A
0033
008B
0013
024D
01EF
0742
070F
003F
0040
00B6
00B7
0043
00A8
0034
01F6
0140
06AB
018F
00FE
0144
01FA
004D
0013
024F
03AA
0101
0354
0250
0103
0055
005E
004D
0013
00C2
0105
02EB
0712
014E
005C
005D
00C0
0094
0013
0358
00C8
0062
0272
0206
0065
010B
03AF
0068
0013
03B0
0743
0275
0744
0745
00B5
048A
025B
0110
0013
031B
0746
0747
0748
027B
00D2
03EF
0078
0013
0013
0115
01CD
0749
074A
0117
0161
0080
0081
0119
004E
0163
0210
0085
0086
0087
0088
0089
008A
0013
0013
03F2
02F3
008E
008F
0090
0091
0092
032D
0013
0013
0123
02F6
00E4
00E5
0099
0002
0127
0004
0170
0006
00E8
043A
0283
0173
0174
0175
071C
0245
0287
002B
002C
0179
0013
0013
0019
0013
0002
0002
0013
0013
0013
0027
00A3
0017
0018
0013
0019
0002
0002
0013
0013
0013
0002
001A
001B
001C
0015
001D
001E
0002
0002
0013
0002
0002
0013
001C
0014
0020
001D
0021
0010
0002
0013
0013
0013
0013
0013
0017
001A
0017
0023
0013
0179
0013
0002
0002
0013
0002
0013
001C
001C
0022
0023
0013
0017
0013
0002
0013
0013
0013
0013
0010
0024
0010
0021
0013
001E
0013
0013
0002
0013
0002
0002
0017
0012
0017
0018
0013
0024
0002
0013
0002
0013
0013
0013
0018
0247
0330
0018
0013
01AB
0002
0013
0013
0013
0013
0013
0027
01AD
0022
0018
0013
002D
0013
0013
0013
0013
0013
0013
0027
0331
0022
0018
0013
002D
0013
0013
0013
0002
0013
0013
002B
002C
0022
002B
0013
002D
0002
0013
0002
0013
0013
0002
0030
017A
074B
0033
0013
0013
021F
0035
0036
04CB
0038
00AE
06B6
00C0
0002
0013
02C4
02C5
003D
00B3
01F2
00B5
0041
0042
004D
0044
0160
0046
0182
0183
0049
004A
004B
004C
0145
004E
0250
01BC
00BD
0052
018F
0054
020A
0056
0094
0013
0057
0058
022D
02D0
0188
0189
005D
005E
005F
0013
0254
035B
06BC
0462
0064
00DD
0066
0067
0002
0013
0256
01C4
074C
0391
02EF
006E
006F
0070
0071
0013
0053
074D
0073
074E
0075
0076
06BF
02DB
0079
0013
00D5
074F
033D
0750
007E
007F
0118
0239
0082
0013
008C
02DE
0722
0751
0069
019A
011C
019C
008B
0013
008C
011E
0752
02B7
0157
0044
0122
0093
0094
0013
00E2
01A1
030A
0125
0001
0002
0003
016F
0753
0754
0007
043A
0283
000A
053B
0430
037D
000E
000F
0010
0011
0012
0013
0013
0014
0013
0002
0002
0013
0013
0013
0027
0028
0012
0018
0013
0019
0002
0002
0013
0002
0002
0002
001F
001B
001E
0014
0027
001E
0002
0002
0013
0002
0002
0013
001F
0014
0020
0023
0021
0010
0002
0013
0013
0013
0013
0013
001C
001C
0022
001D
0013
0022
0013
0002
0013
0013
0002
0013
0017
001B
0012
0023
0013
001E
0013
0002
0013
0013
0002
0013
001F
001D
0010
0021
0013
0012
0013
0013
0013
0013
0002
0002
0017
0179
0010
0018
0013
0015
0002
0013
0013
0013
0013
0002
0029
06EC
01AC
0013
0013
034C
0013
0013
0013
0013
0013
0013
0027
002C
0022
0018
0013
002D
0013
0002
0013
0013
0013
0013
0027
002C
0010
0018
0013
002D
0013
0013
0013
0002
0013
0013
0023
01E8
001E
002B
0013
002A
0013
0013
0013
0013
0013
0013
019F
0031
039E
0033
0013
0013
0123
00F1
00F2
034E
03A0
00AE
0382
0033
00C1
0013
024D
01EF
00F8
0755
03A6
00B5
00B6
00B7
0043
00D9
0034
01F6
0386
05DF
02A5
00FE
004B
029F
004D
004E
0100
03AA
0101
0354
00BF
0054
0055
0056
004D
0013
02A5
022C
0187
0756
0188
007F
005D
005E
005F
0013
0358
0061
06BC
0757
03ED
0065
0066
03AF
0110
0013
0157
006A
0258
006C
0758
006E
006F
0070
0110
0013
0053
0072
0759
0074
0075
00D2
0077
075A
0013
0013
007A
007B
0452
027D
0117
00A8
0238
0081
0082
0013
0083
0210
0397
0086
0087
00AE
023B
008A
008B
0013
023C
011E
008E
008F
0090
0091
0484
0093
0094
0013
0095
0214
0097
0098
075B
0002
0127
0219
000F
0006
00E8
02F8
0172
075C
000B
000C
075D
06F3
01A8
0027
00A7
0024
0013
0013
002D
0013
0013
0002
0013
0013
0013
0015
0016
0017
0018
0013
0019
0002
0013
0013
0013
0013
0002
001A
001F
001C
002B
001D
0010
0013
0002
0013
0002
0002
0013
001C
0024
001E
001D
0013
001A
0002
0013
0013
0013
0013
0013
0022
001A
0012
0023
0013
0014
0013
0002
0002
0013
0013
0013
001C
001B
0022
002B
0013
0014
0013
0002
0013
0013
0013
0013
0022
0024
0022
0023
0013
001E
0013
0013
0002
0002
0013
0002
0017
0012
0017
0018
0013
0024
0013
0013
0002
0013
0013
0013
0018
01B0
0012
0018
0013
01AB
0002
0013
0013
0013
0013
0013
0027
0028
0012
0027
0029
03C7
0013
0013
0013
0013
0013
0002
002B
00EF
0010
0029
0013
002D
0013
0013
0013
0013
0013
0002
002B
01B0
0022
0013
0013
0019
0002
0013
0002
0013
0013
0002
0030
017A
00A9
0523
0013
0013
0034
0035
058E
01B4
00F4
0039
003A
00B0
0002
0013
02C4
00B1
0521
003E
003F
0040
0041
0042
0110
0044
0160
0046
0047
0048
0049
004A
01B8
004C
0145
0013
004F
01BC
075E
0052
0053
01BE
0104
0251
00C1
0013
0270
0058
0252
0253
00D8
005C
005D
00C0
0119
0013
0254
015B
0062
0063
0064
0154
010B
0067
0068
0013
0256
06D6
074C
06FF
006D
00B5
020A
025B
0071
0013
01C7
075F
025C
0760
0717
0076
025E
029F
0079
0013
0227
0761
0762
0763
0186
007F
0262
0764
0119
004E
0197
02DE
0765
073B
00CB
0088
01D4
0587
008B
0013
019D
00DE
0766
0767
0228
019A
04C4
00E1
0013
0013
027E
01DB
0768
0404
00E6
0002
0003
0399
042D
0439
0007
0008
043B
012C
000B
04B3
000D
000E
012F
0010
0011
0012
0013
0013
0014
0013
0013
0002
0013
0013
0013
0015
0016
0014
0018
0013
002D
0002
0002
0013
0002
0002
0002
001A
001F
001C
0014
002B
0010
0013
0002
0013
0002
0002
0013
001F
0014
0010
001D
0013
001A
0002
0013
0013
0013
0013
0013
0022
001E
0022
001D
0013
0022
0013
0013
0013
0013
0002
0013
001C
001B
0022
002B
0013
001E
0013
0002
0013
0013
0002
0013
001F
0015
0010
0027
0013
0012
0013
0013
0002
0002
0013
0002
0017
0014
0010
0018
0013
0015
0013
0013
0013
0013
0013
0002
0018
0025
0022
0013
0013
040D
0013
0013
0013
0013
0013
0013
0027
0028
0017
0013
0013
002A
0013
0002
0013
0013
0013
0002
002B
002C
0010
0013
0013
002D
0013
0013
0013
0002
0013
0002
0023
02BD
001E
0013
0013
002F
0013
0013
0013
0013
0013
0002
0030
0031
039E
00AA
0013
0013
00C7
00F1
039F
01EC
017F
0039
0137
0033
0002
0013
00FA
03A3
013A
0769
00F6
0040
03A7
00B7
0043
00A8
017C
05F3
0140
06AB
0142
01FA
0144
01FA
004D
0013
024F
0050
01FC
076A
0149
02EA
0055
005E
004D
0013
00FD
0105
02EB
0712
0362
005C
014F
00C0
0094
0013
0449
0150
0109
076B
0449
0065
0066
03AF
0110
0013
0157
006A
00CD
02EE
0745
00B5
006F
025B
0071
0013
0111
076C
025C
076D
0450
00D9
0077
0078
0013
0013
0260
076E
0452
076F
0160
0161
0162
0081
0013
0013
01DA
0770
0085
0165
0053
0088
0167
008A
0013
0013
0079
02F3
011F
0771
0090
0091
0772
00E1
0013
0013
02F5
02F6
016D
016E
0773
0002
03C2
03C3
0005
0006
00E8
0774
0009
0173
0602
000C
0775
0245
0287
0027
002C
0179
0013
0013
0019
0013
0002
0002
0013
0013
0013
0027
0028
0017
0018
0013
0019
0013
0002
0013
0013
0013
0013
001F
001B
001E
0023
001D
001E
0002
0002
0013
0002
0013
0013
001F
0014
0020
0015
0021
0010
0002
0013
0013
0013
0013
0013
001C
001A
0017
0023
0013
0179
0013
0002
0002
0013
0013
0013
0021
001A
0017
0023
0013
0017
0013
0013
0013
0013
0013
0013
0010
0024
0010
0023
0013
001E
0013
0013
0013
0013
0002
0002
0017
0012
0017
0018
0013
0024
0002
0013
0002
0013
0013
0013
0018
0247
0330
0018
0013
01AB
0002
0013
0013
0013
0013
0013
0027
0776
0022
0027
0029
002D
0013
0013
0013
0013
0013
0013
0027
0331
0010
0018
0013
002D
0013
0013
0013
0013
0013
0013
002B
002E
0022
002B
0013
002D
0002
0013
0002
0013
0013
0002
018F
017A
017B
0033
0013
0013
017C
0777
0036
045C
00AD
00AE
0180
00C0
00C1
0013
003B
02C5
003D
00B3
00B4
00B5
0041
0042
004D
0044
0045
0046
0182
0183
0049
004A
004B
004C
005F
004E
0250
02CB
00BD
0460
018F
0054
020A
0056
0002
0013
02A5
00C3
022D
02D0
0188
0189
005D
005E
005F
0013
0254
0061
018A
018B
0064
0154
0043
0067
0068
0013
018C
0336
006B
03CF
018D
006E
020A
0070
0110
0013
0053
0778
0233
0779
025D
0076
062D
0191
0079
0013
007A
077A
033D
077B
007E
007F
077C
0196
0082
004E
0083
0084
077D
077E
0199
019A
0211
019C
008B
0013
008C
011E
019E
077F
0157
0044
0343
0093
0094
0013
00E2
01A1
0097
0125
00E6
0002
0003
016F
0780
0006
00E8
043A
0009
000A
000B
03F7
000D
00ED
000F
0010
0011
0012
0013
0013
0014
0013
0002
0002
0013
0013
0013
0015
00EE
0012
0018
0013
0019
0002
0013
0013
0002
0002
0013
001A
001B
0010
0014
0013
001E
0002
0002
0013
0002
0002
0013
001F
0014
0020
001D
0013
001A
0013
0013
0013
0013
0013
0013
001C
001C
0022
001D
0013
0022
0013
0002
0013
0013
0013
0013
0022
001B
0012
002B
0013
001E
0013
0002
0013
0013
0002
0013
001F
001D
0010
0027
0013
0012
0013
0013
0013
0013
0002
0002
0017
0024
0010
0013
0013
0023
0013
0013
0013
0013
0013
0002
0013
06EC
0331
0013
0013
040D
0013
0013
0013
0013
0013
0013
0027
002C
0022
0018
0013
002D
0013
0002
0013
0013
0013
0013
0027
002C
0022
0018
0013
002D
0013
0013
0013
0013
0013
0013
0023
002E
0022
0018
0013
002A
0013
0013
0013
0013
0013
0013
0030
0031
039E
0033
0013
0013
04D8
00F1
0512
043E
0038
0039
003A
0033
00C1
0013
043F
01EF
0781
070F
0221
0040
00B6
00B7
0043
0013
0034
01F6
0614
06AB
0142
01F9
004B
04E4
0145
0013
0353
0050
04BB
06D4
0250
0054
0055
0056
004D
0013
0057
0105
0059
0712
005B
005C
005D
005E
0094
0013
022F
0061
0062
0272
0068
0065
0782
03AF
0110
0013
0157
0207
044B
006C
03B1
006E
0392
0070
0013
0013
0053
0072
0783
0784
0729
0013
020E
0785
0013
0013
007A
0192
0786
03F1
0117
00A8
0238
0081
0082
0013
0083
0210
0397
0086
0087
00AE
019B
008A
008B
0013
0168
011E
008E
008F
0090
0091
01A0
0093
0119
0013
0095
0096
0097
0098
072C
0002
0127
0399
0787
0006
0007
02F8
0244
075C
021B
030D
0788
00A0
01A8
0027
0431
0024
0013
0013
002D
0013
0002
0013
0013
0013
0013
0027
00A3
0017
0018
0013
0019
0002
0002
0013
0013
0013
0002
0020
001F
001C
0015
001D
0010
0013
0002
0013
0002
0002
0013
001F
0024
001E
0015
0021
0010
0002
0013
0013
0013
0013
0013
0017
001A
0012
0023
0013
0014
0013
0002
0002
0013
0002
0013
001C
001B
0022
0023
0013
0017
0013
0002
0013
0013
0013
0013
0017
0024
0022
0023
0013
001E
0013
0013
0002
0002
0013
0002
0012
0012
0017
0018
0013
0024
0002
0013
0002
0013
0013
0013
0018
01B0
0014
0018
0013
01AB
0002
0013
0013
0013
0013
0013
0027
0028
0179
0027
0029
03C7
0013
0013
0013
0013
0013
0002
002B
00EF
0010
0029
0013
002D
0013
0013
0013
0002
0013
0002
002B
002C
001E
002B
0013
0019
0002
0013
0002
0013
0013
0002
018F
017A
00A9
024A
0013
0013
0034
02C0
058E
072F
0446
0044
034F
0350
0002
0013
04CD
0730
045D
00B3
00B4
0181
0041
0042
004D
0044
0160
0046
0182
0183
0049
004A
01B8
004C
004D
004E
004F
06F7
0789
06AD
018F
01BE
020A
0251
00C1
0013
00C2
00C3
078A
0253
00C6
0189
005D
00C0
005F
0013
04D1
015B
078B
0462
0064
0154
0066
0067
0068
0013
0256
01C4
006B
01C5
006D
010E
006F
010F
0071
0013
01C7
078C
035D
078D
078E
0076
078F
0790
0079
0013
0260
027C
0791
0792
00D8
007F
0262
00DA
0119
004E
0197
02DE
0793
0794
038F
0088
01D4
0795
008B
0013
019D
0796
0766
0797
0157
019A
01D9
00E1
0094
0013
027E
0798
0799
0404
00E6
0002
0003
079A
079B
0439
0007
0008
043B
012C
000B
012E
000D
000E
012F
0010
0011
0012
0013
0013
0014
0013
0013
0002
0013
0013
0013
0015
00EE
0014
0018
0013
002D
0002
0013
0013
0002
0002
0002
001A
001F
0022
0014
002B
0022
0013
0002
0013
0002
0002
0013
001F
0014
0022
001D
0013
001A
0013
0013
0013
0013
0013
0013
0022
0020
0022
001D
0013
0022
0013
0013
0013
0013
0013
0013
0022
001B
0179
002B
0013
001E
0013
0002
0013
0013
0002
0013
001F
0015
0010
0027
0013
0012
0013
0013
0013
0002
0013
0002
0017
0014
0010
0018
0013
0015
0013
0013
0013
0013
0013
0002
0018
06EC
079C
0013
0013
040D
0013
0013
0013
0013
0013
0013
0027
002C
0017
0013
0013
002D
0013
0002
0013
0013
0013
0002
002B
002C
0017
0013
0013
002D
0013
0013
0013
0013
0013
0002
0023
01E8
0012
0013
0013
002F
0013
0013
0013
0013
0013
0002
0030
0031
039E
00AA
0013
0013
0133
00F1
039F
043E
017F
0039
0137
0033
0002
0013
00FA
03A3
079D
0769
00F6
0040
03A7
00B7
0043
00A8
017C
0710
079E
06AB
0142
0443
0144
01FA
004D
0013
024F
0050
0516
079F
0149
0103
0055
005E
004D
0013
0270
0105
02EB
0712
0362
005C
014F
00C0
0094
0013
005F
0150
07A0
0448
0449
0065
0066
03AF
0110
0013
0157
0207
00CD
02EE
0745
00B5
03B2
025B
0079
0013
0111
07A1
07A2
07A3
027B
00D9
03EF
0306
0013
0013
0115
07A4
07A5
07A6
0117
02AF
07A7
0081
0013
0013
0163
0164
07A8
03BD
0087
0044
07A9
008A
0013
0013
03F2
02F3
07AA
0363
0090
0091
0772
00E1
0013
0013
0123
02F6
07AB
07AC
0099
0002
03C2
03C3
0005
0006
00E8
00E9
0009
0173
0347
0175
0775
0245
0287
0027
002C
0179
0013
0013
0019
0013
0002
0002
0013
0013
0013
0027
00A3
0017
0018
0013
0019
0002
0002
0013
0013
0013
0002
0020
001B
001C
0015
001D
001E
0002
0002
0013
0002
0002
0013
001F
0014
0020
0015
0021
0010
0002
0013
0013
0013
0013
0013
001C
001A
0017
0023
0013
0179
0013
0002
0002
0013
0002
0013
001C
001A
0022
0023
0013
0017
0013
0002
0013
0013
0013
0013
0010
0024
0010
0023
0013
001E
0013
0013
0002
0013
0002
0002
0017
0012
0017
0018
0013
0024
0002
0013
0002
0013
0013
0013
0018
002E
0017
0018
0013
01AB
0002
0013
0013
0013
0013
0013
0027
0313
0022
0027
0029
002A
0013
0013
0013
0013
0013
0013
002B
00EF
0010
0018
0013
002D
0013
0013
0013
0002
0013
0013
002B
05D4
001E
002B
0013
002D
0002
0013
0002
0013
0013
0002
018F
017A
074B
0033
0013
0013
021F
02C0
0036
045C
00AD
0044
0180
00C0
00C1
0013
003B
02C5
003D
00B3
00B4
0054
0041
0042
004D
0044
0045
0046
0182
0183
0049
004A
004B
004C
005F
004E
0250
07AD
00BD
0460
018F
0054
020A
0056
0094
0013
02A5
00C3
022D
02D0
0188
0189
005D
005E
005F
0013
0254
0061
018A
018B
0064
0154
0155
0067
0068
0013
018C
01C4
006B
03CF
02EF
006E
006F
0070
0071
0013
0053
0778
0073
0779
0075
0076
0114
07AE
0079
0013
00D5
074F
033D
07AF
007E
007F
07B0
00DA
0082
004E
008C
0084
07B1
077E
0069
0088
02F2
019C
008B
0013
008C
011E
0342
077F
0157
019A
02F4
0093
0094
0013
00E2
01A1
0097
0125
0524
0002
0218
0004
07B2
0006
00E8
01A3
0172
00EB
000B
0573
000D
00ED
037E
0010
0011
0012
0013
0013
0014
0013
0002
0002
0013
0013
0013
0015
00EE
0017
0018
0013
0019
0002
0013
0013
0002
0013
0002
001A
001B
001C
0015
002B
001E
0013
0002
0013
0002
0002
0013
001F
0014
001E
001D
0013
001A
0002
0013
0013
0013
0013
0013
0022
001C
0022
001D
0013
0022
0013
0002
0002
0013
0002
0013
001C
001B
0022
002B
0013
001E
0013
0002
0013
0013
0002
0013
001F
0023
0010
002B
0013
001E
0013
0013
0013
0002
0013
0002
0017
0024
0010
0018
0013
0023
0013
0013
0013
0013
0013
0013
0018
028A
028A
0018
0013
051F
0002
0013
0013
0013
0013
0013
0027
002C
0017
0018
0013
002D
0013
0002
0013
0013
0013
0013
002B
002C
0017
0018
0013
01AE
0013
0013
0013
0002
0013
0013
002B
0502
0017
002B
0013
0019
0013
0013
0013
0013
0013
0013
0030
0031
039E
00AA
0013
0013
00C7
0035
0135
0037
0038
0039
07B3
0033
0002
0013
03A2
07B4
07B5
07B6
0221
0040
03A7
00B7
0079
00A8
017C
0385
07B7
0334
0142
0143
0144
07B8
0145
0013
004F
01BC
066F
0658
0149
0103
0055
005E
004D
0013
0270
0058
02EB
005A
0362
005C
00CF
005E
0094
0013
022F
04D2
07A0
07B9
03ED
0065
0144
03AF
0110
0013
03D8
06D6
00CD
06D8
02D7
00B5
02D8
01C6
0071
0013
01C7
03B3
07BA
0534
025D
00D9
07BB
0535
0079
0013
0115
07BC
07BD
06DE
0428
02AF
07BE
0081
0119
0013
0163
07BF
07C0
07C1
0267
0044
07C2
008A
008B
0013
03F2
011E
07C3
0120
0090
0091
04F8
00E1
0094
0013
0123
0096
07C4
0098
0001
0002
0280
02E4
0005
0006
0007
061E
0009
0173
021B
000C
071C
000E
0287
0027
02BD
0179
0013
0013
0019
0013
0013
0002
0013
0013
0013
0027
00A3
0012
0013
0013
0019
0002
0002
0013
0013
0002
0013
0010
001A
001E
0014
001D
0022
0002
0002
0013
0002
0013
0013
001F
0014
0020
0015
0021
0010
0002
0013
0013
0013
0013
0013
001C
001A
0017
002B
0013
0014
0013
0013
0013
0013
0013
0013
0021
001A
0017
0023
0013
0017
0013
0002
0013
0013
0013
0013
0017
0024
0010
0023
0013
001E
0013
0013
0002
0013
0002
0002
0017
0012
0017
0018
0013
0024
0002
0013
0002
0013
0013
0002
0018
002E
0017
0013
0013
01AB
0002
0013
0013
0013
0013
0013
0027
0313
0022
0027
0029
002A
0013
0013
0013
0013
0013
0002
002B
00EF
0010
0029
0013
002D
0013
0013
0013
0013
0013
0002
0023
01B0
001E
0013
0013
002A
0002
0013
0002
0013
0013
0002
018F
017A
01B1
0033
0013
0013
017C
01EA
017D
07C5
0446
0044
07C6
014A
0013
0013
003B
003C
003D
00B3
00B4
0181
0041
0042
0043
0044
0045
07C7
0182
0183
0049
004A
004B
004C
004D
004E
0185
0371
00BD
00BE
018F
0054
020A
0056
00C1
0013
03AB
0117
05C4
06BB
0267
0189
005D
0093
005F
0013
0254
07C8
07C9
018B
0064
0154
0066
0067
0068
0013
0069
006A
006B
006C
02EF
006E
006F
0070
0079
0013
0053
0072
0073
0074
01CA
0076
06BF
0327
0013
0013
00D5
007B
0436
060A
007E
007F
07CA
010C
0082
004E
008C
0084
023A
04D7
0053
0088
07CB
00FF
008B
0013
008C
02F3
07CC
023E
0121
007F
0343
0093
0013
0013
00E2
07CD
03F4
07CE
0001
0002
0003
0004
0344
0754
0007
043A
0630
000A
04A8
01A6
000D
000E
000F
0010
001C
0179
0013
0013
0014
0013
0002
0002
0013
0013
0013
0015
00EE
0012
0018
0013
002D
0002
0002
0013
0002
0002
0002
001F
001B
001E
0014
0013
001E
0002
0002
0013
0002
0002
0013
001F
0014
0020
0023
0021
0022
0002
0013
0013
0013
0013
0013
001C
001C
0017
001D
0013
0022
0013
0013
0013
0013
0002
0013
0022
001B
0017
0023
0013
001E
0013
0002
0013
0013
0002
0013
001F
001D
0010
0021
0013
0012
0013
0013
0013
0013
0002
0002
0017
0179
0010
0018
0013
0015
0002
0013
0013
0013
0013
0002
0018
07CF
079C
0013
0013
01A9
0013
0013
0013
0013
0013
0013
0027
0249
079C
0018
0013
01AE
0013
0013
0013
0013
0013
0013
0027
07D0
0010
0018
0013
002D
0013
0013
0013
0002
0013
0013
0023
03E2
001E
002B
0013
002A
0013
0013
0013
0013
0013
0013
019F
0031
039E
0033
0013
0013
07D1
00F1
00F2
034E
03A0
0039
07D2
0033
0002
0013
01B6
03A3
00F8
0769
00FA
0040
03A7
00B7
0043
0013
00FB
01F6
0614
06AB
02A5
00FE
004B
029F
005F
004E
0100
03AA
0101
0354
0250
0103
0055
0056
004D
0013
02A5
0105
0059
0756
005B
005C
00CF
005E
005F
0013
0060
0108
04D3
07D3
03ED
0154
0066
03AF
0110
0013
0069
0207
0258
006C
05E2
006E
00CF
018E
0110
0013
018F
0112
01C8
0074
025D
00D9
020E
07D4
0013
0013
007A
007B
04C3
027D
0117
00A8
03B9
07D5
0119
0013
0083
0164
07D6
047A
0087
00AE
03BE
008A
008B
0013
011D
011E
03BF
0120
0121
0091
0403
0093
0094
0013
0123
0096
0124
0098
0485
0002
03C2
009B
000F
0006
00E8
02F8
0009
07D7
0174
01E3
07D8
07D9
07DA
0027
00A2
0012
0013
0013
0019
0013
0013
0002
0013
0013
0013
0027
00A3
0017
0018
0013
0019
0002
0013
0013
0013
0013
0002
001A
001F
001C
0015
001D
0022
0013
0002
0013
0002
0002
0013
001F
0024
001E
001D
0013
001A
0002
0013
0013
0013
0013
0013
0022
001A
0022
0023
0013
0014
0013
0002
0002
0013
0013
0013
001C
001B
0022
002B
0013
0014
0013
0002
0013
0013
0013
0013
0022
0024
0022
0023
0013
001E
0013
0013
0002
0002
0013
0002
0017
0012
0017
0018
0013
0024
0013
0013
0002
0013
0013
0013
0018
0025
0017
0018
0013
0026
0002
0013
0013
0013
0013
0013
0027
0313
0179
0027
0029
002A
0013
0002
0013
0013
0013
0002
002B
002C
0010
0029
0013
002D
0013
0013
0013
0013
0013
0002
002B
05D4
0022
0013
0013
0019
0002
0013
0002
0013
0013
0002
0030
017A
00A9
0523
0013
0013
0034
0035
0520
01B4
00F4
0044
0625
00B0
0094
0013
003B
0222
00B2
00B3
07DB
0054
0041
0042
00BB
0044
0034
0046
07DC
0506
0049
004A
00BB
004C
004D
0013
004F
03CC
0789
0052
02A5
0054
020A
0251
00C1
0013
0270
0058
07DD
0253
00C6
0189
005D
00C0
0107
0013
038B
00C8
07DE
0462
0064
0065
010B
0067
0068
0013
00CB
01C4
074C
06FF
006D
00B5
006F
0070
0071
0013
015C
0072
0233
0760
00C3
0076
0077
07DF
0079
0013
0049
07E0
07E1
0763
0186
007F
0080
07E2
0082
004E
008C
0084
07E3
07E4
00CB
0088
0089
0587
008B
0013
008C
023D
0464
03D9
0069
019A
0092
00E1
0013
0013
00E2
0798
0466
07E5
06C9
0002
0218
07E6
042D
0439
0007
0008
043B
012C
000B
02E6
000D
000E
012F
0010
001C
0012
0013
0013
0014
0013
0013
0002
0013
0013
0013
0015
00EE
0014
0018
0013
002D
0002
0002
0013
0002
0002
0002
001A
001F
001C
0014
002B
0010
0013
0002
0013
0002
0002
0013
001F
0014
0010
001D
0021
001A
0002
0013
0013
0013
0013
0013
0022
001F
0022
001D
0013
0022
0013
0002
0013
0013
0013
0013
001C
001B
0022
002B
0013
001E
0013
0002
0013
0013
0002
0013
001F
001D
0022
0027
0013
0012
0013
0013
0002
0002
0002
0002
0017
0014
0010
0018
0013
0015
0013
0013
0013
0013
0013
0002
0029
002E
0022
0013
0013
0019
0002
0013
0013
0013
0013
0013
0027
0028
0017
0013
0013
002A
0013
0013
0013
0013
0013
0002
002B
00EF
0017
0013
0013
002D
0013
0013
0013
0013
0013
0002
0023
00A7
0012
0013
0013
002F
0013
0013
0013
0013
0013
0002
0030
0031
039E
0033
0013
0013
0423
04B4
0036
0037
017F
0039
0137
0033
0094
0013
00F6
07E7
0742
07E8
00F6
0040
03A7
00B7
0043
00A8
017C
07E9
0614
0442
0049
00FE
004B
004C
004D
004E
024F
07EA
0101
0102
0149
0355
0055
0056
004D
0013
00FD
014B
0059
022E
00D8
005C
014F
005C
0094
0013
0358
07EB
0109
076B
03ED
0154
0066
03AF
0110
0013
0157
01C4
07EC
03CF
02D7
00B5
006F
010F
0079
0013
01C7
03B3
025C
06DC
01CA
00D2
0077
0078
0013
0013
0260
07ED
0452
0453
007E
0161
0162
0081
0013
0013
01DA
060E
0085
0165
0166
0088
0167
008A
0013
0013
0079
07EE
011F
07EF
0090
0091
016B
00E1
0013
0013
0079
07F0
07F1
07F2
0001
0002
0003
0004
0005
0006
00E8
07F3
0009
07F4
0602
000C
07F5
0245
0287
0027
00A3
0179
0013
0013
0019
0013
0002
0002
0013
0013
0013
0027
00A3
0017
0018
0013
0019
0002
0002
0013
0013
0013
0002
0020
001B
001E
0015
001D
001E
0002
0002
0013
0002
0002
0013
001C
0014
0020
0015
0013
0010
0002
0013
0013
0013
0013
0013
001C
001A
0012
0023
0013
0179
0013
0002
0002
0013
0002
0013
0017
001A
0017
0023
0013
0017
0013
0002
0013
0013
0013
0013
0010
0024
0010
0023
0013
001E
0013
0013
0013
0013
0013
0002
0017
0012
0017
0018
0013
0024
0002
0013
0002
0013
0013
0002
0018
00A5
0330
0018
0013
0026
0002
0013
0013
0013
0013
0013
0027
002C
0022
0027
0029
002D
0013
0002
0013
0013
0013
0013
0027
002C
0010
0018
0013
002D
0013
0013
0013
0002
0013
0013
002B
002E
001E
002B
0013
002D
0002
0013
0002
0013
0013
0002
018F
017A
017B
024A
0013
0013
017C
07F6
07F7
07F8
01ED
00AE
0180
00C0
0002
0013
003B
01EF
003D
07F9
00B4
0054
0041
0042
004D
0044
0045
0385
0182
0183
0142
004A
07FA
029E
005F
0013
0250
01FB
00BD
0460
018F
0054
020A
0251
0002
0013
02A5
00C3
07FB
0253
0188
0189
005D
005E
005F
0013
0254
0061
018A
018B
0064
0065
029A
0067
0068
0013
018C
0257
074C
0259
018D
006E
020A
0070
0071
0013
0053
0072
0233
0074
025D
0076
020E
0191
0079
0013
007A
07FC
033D
060A
0117
007F
0195
0196
0082
004E
0083
07FD
077D
07FE
0199
019A
0211
019C
008B
0013
008C
07FF
019E
077F
019F
0044
0343
0093
0094
0013
00E2
0800
0097
0125
05D9
0002
0003
0004
0344
0006
00E8
0008
0630
000A
000B
01A6
000D
00ED
012F
0010
001C
0012
0013
0013
0014
0013
0002
0002
0013
0013
0013
0015
00EE
0012
0018
0013
0019
0002
0002
0013
0002
0002
0002
001A
001B
001C
0014
002B
001E
0013
0002
0013
0002
0002
0013
001F
0014
0020
001D
0013
0022
0002
0013
0013
0013
0013
0013
0022
001C
0022
001D
0013
0022
0013
0002
0013
0013
0002
0013
0022
001B
0022
0018
0013
001E
0013
0002
0013
0013
0002
0013
001F
001D
0010
0027
0013
0012
0013
0013
0013
0013
0002
0002
0017
0014
0010
0013
0013
0015
0013
0013
0013
0013
0013
0002
0018
0289
079C
0013
0013
03DF
0013
0013
0013
0013
0013
0013
0027
07D0
01AC
0018
0013
01AE
0013
0013
0013
0013
0013
0013
0027
0249
0010
0018
0013
002D
0013
0013
0013
0002
0013
0013
0023
03E2
001E
002B
0013
002A
0013
0013
0013
0013
0013
0013
019F
0031
039E
0033
0013
0013
0133
00F1
00F2
034E
0038
0039
07D2
0033
0002
0013
00F6
03A3
00F8
0769
00F6
0040
03A7
00B7
0043
00A8
017C
01F6
0614
06AB
0057
00FE
004B
04E4
0145
0013
024F
0050
0101
0102
0166
0103
0055
0056
004D
0013
0057
0105
0059
0712
0362
005C
00CF
005E
0094
0013
0358
0108
07A0
07B9
03ED
00DD
0066
03AF
0110
0013
0157
0207
07EC
006C
02D7
00B5
03B2
018E
0013
0013
0111
03B3
0801
05E3
025D
00D9
020E
0802
0013
0013
0115
07BC
0803
0804
0117
00A8
0805
0806
0119
0013
0083
0164
0807
0808
0087
00AE
0361
008A
008B
0013
011D
011E
0809
0120
0090
0091
0364
0093
0094
0013
0123
0096
0124
0098
0773
0002
03C2
080A
080B
0006
0007
04FB
0009
080C
021B
01E3
080D
00A0
0287
0027
00A2
0024
0013
0013
0019
0013
0013
0013
0013
0013
0013
0027
00A3
0017
0013
0013
0019
0002
0002
0013
0013
0013
0013
0020
001A
001E
0023
001D
0022
0002
0002
0013
0002
0013
0013
001C
0024
0010
0015
0021
001A
0002
0013
0013
0013
0013
0013
001C
001A
0012
002B
0013
0014
0013
0002
0002
0013
0013
0013
001C
001A
0017
0023
0013
0017
0013
0013
0013
0013
0013
0013
0017
0024
0022
0023
0013
001E
0013
0013
0002
0002
0013
0002
0017
0012
0017
0018
0013
0024
0002
0013
0002
0013
0013
0013
0018
0025
0179
0018
0013
0026
0002
0013
0013
0013
0013
0013
0027
0313
0179
0027
0029
03C7
0013
0002
0013
0013
0013
0002
002B
002C
0010
0029
0013
002D
0013
0013
0013
0013
0013
0002
002B
05D4
0022
0013
0013
0019
0002
0013
0002
0013
0013
0002
018F
017A
00A9
0523
0013
0013
017C
02C0
080E
072F
0446
0044
0605
0350
0013
0013
003B
00B1
045D
00B3
00B4
0054
0041
0042
004D
0044
0045
045E
0182
0183
0049
004A
00BB
004C
004D
004E
0250
0697
0789
080F
018F
0054
020A
0251
00C1
0013
0200
00D1
07DD
0253
0267
0189
005D
00AA
005F
0013
0254
00C8
0609
0810
0064
0065
010B
0067
0068
0013
0256
0230
074C
0338
02EF
006E
006F
0070
0071
0013
0053
0426
0073
027A
01CA
0076
0077
0327
0079
0013
00D5
007B
0811
0792
007E
007F
0195
010C
0082
004E
008C
0084
0812
0813
019F
0088
07CB
0795
008B
0013
008C
00DE
0814
0815
0157
019A
0343
0318
0013
0013
00E2
00E3
0816
0817
026B
0002
0218
0004
042D
0006
0007
0008
03DD
00EB
000B
00EC
000D
000E
012F
0010
001C
0012
0013
0013
0014
0013
0002
0002
0013
0013
0013
0015
00EE
0012
0018
0013
002D
0002
0013
0013
0002
0002
0002
001A
001F
001C
0014
002B
001E
0013
0002
0013
0002
0002
0013
001F
0014
0022
001D
0013
001A
0002
0013
0013
0013
0013
0013
0022
001F
0022
001D
0013
0022
0013
0002
0013
0013
0002
0013
001C
001B
0022
002B
0013
001E
0013
0002
0013
0013
0002
0013
001F
001D
0010
0027
0013
0012
0013
0013
0013
0013
0002
0002
0017
0014
0010
0018
0013
0015
0013
0013
0013
0013
0013
0002
0018
0289
079C
0013
0013
03DF
0013
0013
0013
0013
0013
0013
0027
039C
079C
0018
0013
01AE
0013
0013
0013
0013
0013
0013
002B
0249
0022
0018
0013
01AE
0013
0013
0013
0002
0013
0013
0023
01AD
0022
002B
0013
002A
0013
0013
0013
0013
0013
0013
0030
0031
039E
0033
0013
0013
00C7
0546
00F2
034E
017F
0039
0818
0033
0002
0013
00F6
0549
00F8
07E8
00F6
0040
03A7
00B7
0043
00A8
017C
054B
0614
0819
0049
00FE
004B
04E4
0145
0013
024F
0497
0101
0102
0149
02EA
0055
0056
004D
0013
0057
0105
0059
022E
00D8
005C
00CF
005E
0094
0013
0358
00F6
07A0
081A
03ED
02D2
0066
03AF
0110
0013
0157
0158
07EC
03CF
02D7
00B5
02D8
03D1
0110
0013
01C7
03B3
03EE
0534
027B
00D9
03EF
0535
0013
0013
0115
0451
081B
081C
007E
02AF
081D
0557
0119
0013
0163
081E
081F
0820
0166
0044
0821
008A
008B
0013
03F2
055E
0822
0823
0090
0091
016B
0093
0094
0013
0123
0824
0124
07F2
0001
0002
0280
02E4
0005
0006
00E8
04FB
0009
07F4
0347
000C
0825
0580
0178
0027
00A3
0024
0013
0013
0019
0013
0013
0013
0013
0013
0013
0027
00A3
0017
0013
0013
0019
0002
0002
0013
0013
0013
0013
0020
001B
001E
0023
001D
0022
0002
0002
0013
0002
0013
0013
001C
0024
0020
0015
0021
0010
0002
0013
0013
0013
0013
0013
001C
001A
0012
0023
0013
0014
0013
0002
0002
0013
0013
0013
0021
001A
0017
0023
0013
0017
0013
0002
0013
0013
0013
0013
0017
0024
0010
0023
0013
001E
0013
0013
0002
0002
0013
0013
0017
0012
0017
0018
0013
0024
0002
0013
0002
0013
0013
0002
0018
0025
0017
0018
0013
0026
0002
0013
0013
0013
0013
0013
0027
0313
0022
0027
0029
002A
0013
0002
0013
0013
0013
0002
002B
002C
0010
0029
0013
002D
0013
0013
0013
0013
0013
0002
002B
002E
001E
0013
0013
0019
0002
0013
0002
0013
0013
0002
018F
017A
017B
024A
0013
0013
017C
02C0
0826
072F
01ED
0044
07C6
0054
0013
0013
003B
01EF
045D
0827
00B4
0054
0041
0042
004D
0044
0045
0385
0182
0183
0142
004A
07FA
004C
004D
004E
0250
02A0
00BD
0460
02A5
0054
020A
0251
0002
0013
0200
00C3
07DD
0253
0188
0189
005D
00AA
005F
0013
0254
0061
0609
0810
0064
0065
010B
0067
0068
0013
018C
006A
074C
0259
02EF
006E
006F
0070
0071
0013
0053
0072
0073
0074
0075
0076
0077
0327
0079
0013
00D5
074F
033D
060A
0117
007F
0195
0196
0082
004E
008C
0828
056F
0829
0199
0088
0211
05E0
008B
0013
008C
008D
019E
082A
019F
019A
0343
032D
0013
0013
00E2
058C
082B
082C
0099
0002
0218
053D
042D
0006
0007
082D
012B
0346
000B
00EC
000D
000E
000F
0010
001C
0012
0013
0013
0014
0013
0013
0013
0013
0013
0013
0015
00EE
0017
00A4
0013
002D
0002
0002
0013
0013
0002
0013
001A
001A
001E
0014
0027
0010
0002
0002
0013
0002
0002
0013
001F
0014
0012
001D
0021
001A
0002
0013
0013
0013
0013
0013
001C
001F
0022
001D
0013
0022
0013
0002
0002
0013
0013
0013
0022
001A
0017
0023
0013
001E
0013
0013
0013
0013
0013
0013
001E
0015
0010
0023
0013
001E
0013
0013
0013
0013
0013
0002
0012
0014
0017
0018
0013
0023
0013
0013
0013
0013
0013
0002
0018
0501
040C
0018
0013
01A9
0013
0013
0013
0013
0013
0013
0027
01AD
0017
00A4
0013
002D
0013
0013
0013
0013
0013
0002
002B
01AF
0012
0013
0013
002D
0013
0013
0013
0013
0013
0002
0023
06E1
0179
0013
0013
002A
0013
0013
0013
0013
0013
0002
0030
0031
0032
00AA
0013
0013
00C7
04B4
024B
024C
00F4
0039
003A
0033
008B
0013
024D
0222
0521
003E
06E2
0040
00B6
0042
0043
00D9
0034
0046
0333
082E
0049
004A
0144
004C
004D
004E
004F
03CC
0051
0052
0149
0054
0055
005E
004D
0013
0270
014B
02EB
022E
005B
005C
005D
00C0
005F
0013
0358
00C8
0062
0272
066A
0154
010B
0067
0068
0013
019F
0230
0372
082F
02EF
0587
006F
0070
0071
0013
0053
04C1
0073
00D0
0830
0076
06BF
0306
0079
0013
007A
015E
0452
072B
038F
007F
0080
0081
0082
0013
0083
0084
0397
0086
0831
019A
019B
008A
0013
0013
008C
023D
008E
008F
017A
0091
05E8
0054
0013
0013
0095
04CA
0832
027F
05D9
0002
0003
0004
0005
0006
00E8
0008
0172
0173
0833
000C
071C
0510
04D9
0027
00A3
0179
0013
0013
0019
0013
0002
0002
0013
0013
0013
0027
00A3
0012
0018
0013
0019
0002
0002
0013
0002
0013
0002
0020
001B
001C
0015
001D
001E
0013
0002
0013
0002
0002
0013
001C
0014
0020
0023
0013
0010
0002
0013
0013
0013
0013
0013
0012
001A
0017
0023
0013
0014
0013
0002
0013
0013
0002
0013
001C
001B
0022
0018
0013
0014
0013
0002
0013
0013
0002
0013
001F
0024
0010
0021
0013
0021
0013
0013
0002
0002
0002
0002
0017
0012
0010
0013
0013
0024
0002
0013
0002
0013
0013
0002
0018
0025
0022
0013
0013
0026
0002
0013
0013
0013
0013
0013
0027
0028
0022
0027
0029
002A
0013
0002
0013
0013
0013
0013
002B
002C
0010
0018
0013
002D
0013
0013
0013
0002
0013
0013
0027
002E
001E
002B
0013
0019
0002
0013
0002
0013
0013
0013
0294
0044
0834
0033
0013
0013
00D5
07F6
0036
04CB
0136
0044
06B6
00C0
0002
0013
02C4
04CE
0297
0298
00B4
00B5
0041
046F
0079
0044
0160
0385
0182
0183
031B
0143
004B
00FF
0071
0013
0835
01FB
06F8
022B
018F
0103
0836
0056
0002
0013
02A5
00D1
022D
02D0
0260
0088
005D
005E
0107
0013
0254
04D2
05C7
02A9
010A
0065
0066
02D3
0002
0013
0256
0207
04ED
006C
02D7
006E
020A
018E
0013
0013
01C7
0112
0113
0074
025D
00D9
020E
0327
0013
0013
0277
0463
04D5
04D6
07EB
0161
03B9
0196
0119
004E
0197
051B
023A
0837
0838
0088
0361
019C
008B
0013
0558
011E
06E9
02B7
029D
019A
0364
0093
0094
0013
027E
01A1
0456
0098
0524
0002
0218
0004
042D
0006
00E8
043A
03DD
0839
04B2
0573
009F
00ED
083A
002B
00A3
0012
0013
0013
002F
0013
0002
0002
0013
0013
0013
0027
0028
0017
0018
0013
0019
0002
0013
0013
0002
0013
0002
001A
0020
001C
0015
0013
001E
0013
0002
0013
0002
0002
0013
001F
0024
001E
001D
0013
0010
0002
0013
0013
0013
0013
0013
0022
001C
0022
0023
0013
0179
0013
0002
0002
0013
0002
0013
001C
001A
0022
0018
0013
001E
0013
0002
0013
0013
0002
0013
001F
0015
0010
0021
0013
0017
0013
0013
0013
0002
0013
0002
0017
0014
0010
0018
0013
0015
0013
0013
0013
0013
0013
0013
0018
00A5
028A
0018
0013
0026
0002
0013
0013
0013
0013
0013
0027
002C
0017
0018
0013
002D
0013
0002
0013
0013
0013
0013
002B
002C
0017
0018
0013
01AE
0013
0013
0013
0002
0013
0013
002B
0502
0017
002B
0013
0019
0013
0013
0013
0013
0013
0013
019F
0388
083B
00AA
0013
0013
00C7
0035
0826
00AC
0038
0044
083C
00C0
0002
0013
03A2
066D
07B5
083D
01F2
00B5
02CE
00B7
0079
0013
013E
0385
083E
00BA
0057
0143
07FA
02C9
0145
0013
004F
01BC
083F
0658
038F
0103
0055
014A
0002
0013
0270
0058
0840
0335
05C6
0088
02D8
005E
0094
0013
038B
04EA
0841
0842
03ED
0065
0066
03AF
0110
0013
03D8
0158
0337
015A
02D7
00B5
02D8
010C
0110
0013
01C7
03B3
0843
0844
027B
0076
03EF
0845
0079
0013
0277
007B
0846
0237
0428
0044
0847
0196
0119
0013
0260
0848
04F4
0849
05A1
0044
084A
05E0
008B
0013
043C
01D6
084B
01D8
02F0
0044
084C
00E1
0094
0013
027E
084D
07C4
04FA
0001
0002
0003
02E4
0005
0006
0007
02F8
0009
000A
012D
000C
000D
000E
000F
0010
001C
0179
0013
0013
0024
0013
0013
0002
0013
0013
0013
0015
0016
0012
0013
0013
002D
0002
0002
0013
0013
0002
0002
001F
001B
001E
0014
001D
0022
0002
0002
0013
0002
0013
0013
001F
0014
0020
0023
0021
001A
0002
0013
0013
0013
0013
0013
001C
001A
0017
001D
0013
0022
0013
0002
0013
0013
0013
0013
0022
001B
0012
0023
0013
0017
0013
0002
0013
0013
0013
0013
001E
0024
0010
0023
0013
001E
0013
0013
0002
0013
0002
0002
0017
0012
0017
0018
0013
0024
0002
0013
0002
0013
0013
0002
0029
002E
0017
0013
0013
002F
0002
0013
0013
0013
0013
0013
0027
0028
0022
0027
0029
002A
0013
0013
0013
0013
0013
0002
002B
00EF
0010
0029
0013
002D
0013
0013
0013
0013
0013
0002
0023
01B0
001E
0013
0013
002A
0002
0013
0002
0013
0013
0002
0130
0031
0032
0033
0013
0013
017C
036C
017D
024C
0446
0039
003A
0033
0013
0013
003B
003C
003D
003E
003F
0040
0041
0042
0043
0044
0045
03CB
0047
0048
0049
004A
004B
004C
004D
004E
0185
0371
0051
0507
0053
0054
0104
0056
004D
0013
02A5
014B
0059
022E
005B
005C
005D
0093
005F
0013
0060
0061
0062
0063
0064
0154
010B
0067
0068
0013
0069
006A
006B
006C
02EF
006E
006F
0070
0071
0013
0053
0072
0073
0074
0075
0076
06BF
0078
0013
0013
007A
03FE
007C
007D
007E
007F
084E
0081
0082
004E
008C
0084
0085
0086
0053
0088
084F
008A
008B
0013
008C
008D
008E
008F
0121
0091
0850
0093
0013
0013
0095
0096
03F4
0125
06C9
0002
0218
07E6
042D
0006
0007
0008
03DD
00EB
000B
0430
000D
000E
012F
0010
0011
0179
0013
0013
0014
0013
0013
0002
0013
0013
0013
0015
0016
0012
0018
0013
002D
0002
0002
0013
0013
0013
0002
001A
001F
001C
0014
002B
001E
0013
0002
0013
0002
0002
0013
001F
0014
0010
001D
0021
001A
0002
0013
0013
0013
0013
0013
0014
001F
0017
001D
0013
0022
0013
0002
0013
0013
0013
0013
0022
001B
0022
002B
0013
001E
0013
0002
0013
0013
0002
0013
001F
001D
0010
0027
0013
0012
0013
0013
0013
0013
0002
0002
0017
0014
0010
0018
0013
0015
0013
0013
0013
0013
0013
0013
0029
0025
0022
0013
0013
040D
0013
0013
0013
0013
0013
0013
0027
0028
0022
0018
0013
002A
0013
0002
0013
0013
0013
0002
002B
002C
0022
0018
0013
002D
0013
0013
0013
0013
0013
0002
0023
0431
0022
0018
0013
002A
0013
0013
0013
0013
0013
0002
0030
0031
039E
0033
0013
0013
0153
04B4
00F2
034E
00F4
0039
0137
0033
00C1
0013
024D
0851
00F8
07E8
00F6
0040
00B6
00B7
0043
00A8
0034
07E9
0614
0442
0049
00FE
004B
01FA
004D
004E
024F
0497
0101
0102
0250
0355
0055
0056
004D
0013
0057
0105
0059
06BB
00D8
005C
005D
0093
0094
0013
00B8
0852
0109
076B
03ED
0065
0066
03AF
0110
0013
0157
01C4
07EC
03CF
02D7
00B5
006F
010F
0079
0013
0111
03B3
035D
0853
01CA
00D2
0077
0078
0013
0013
0115
0451
0452
0453
007E
0161
0162
0081
0119
0013
0558
0854
0085
0165
0166
0088
0167
008A
008B
0013
0123
0855
011F
07EF
0090
0091
016B
0093
0119
0013
01DA
0856
06EB
07F2
0001
0002
0003
0004
0005
0006
00E8
0857
0009
07F4
0858
000C
0603
0245
0287
0027
002C
0012
0013
0013
0019
0013
0002
0013
0013
0013
0013
0027
0028
0017
0018
0013
0019
0013
0002
0013
0002
0002
0002
0020
001B
001E
0014
001D
0022
0002
0002
0013
0002
0002
0013
001F
0024
0020
0015
0013
0010
0002
0013
0013
0013
0013
0013
001C
001A
0022
0023
0013
0179
0013
0002
0002
0013
0002
0013
001C
001A
0017
0023
0013
0017
0013
0002
0013
0013
0013
0013
0012
0024
0010
0023
0013
001E
0013
0013
0002
0002
0013
0002
0017
0012
0017
0018
0013
0024
0002
0013
0002
0013
0013
0002
0018
0247
0330
0018
0013
01AB
0002
0013
0013
0013
0013
0013
0027
01AD
0022
0027
0029
002D
0013
0013
0013
0013
0013
0013
0027
0331
0010
0029
0013
002D
0013
0013
0013
0002
0013
0013
002B
002E
001E
002B
0013
0019
0002
0013
0002
0013
0013
0013
018F
017A
017B
0132
0013
0013
017C
0859
0826
06A8
01ED
00AE
0180
00C0
0002
0013
02C4
0566
026F
0827
00B4
0054
0041
0042
029A
0044
00FB
0385
0182
0183
0142
004A
07FA
004C
005F
0013
0250
01FB
00BD
0460
018F
0054
020A
0251
0002
0013
0200
00C3
0608
005A
0188
0189
005D
005E
005F
0013
0060
085A
018A
0810
0064
0154
010B
0067
0068
0013
018C
0257
074C
0259
018D
006E
020A
0070
0071
0013
0053
0072
0233
0074
025D
0076
062D
0191
0079
0013
00D5
085B
033D
060A
0117
007F
085C
0196
0082
004E
0083
085D
077D
085E
0199
019A
0211
05E0
008B
0013
008C
085F
019E
0860
019F
0044
0343
005C
0094
0013
0095
0861
0097
0862
0524
0002
0218
0004
0863
0864
00E8
043A
05E9
000A
04B2
012E
037D
00ED
012F
0010
001C
0012
0013
0013
0014
0013
0002
0002
0013
0013
0013
0027
0028
0012
0018
0013
0019
0002
0002
0013
0002
0002
0002
001A
001F
001C
0014
0013
001E
0013
0002
0013
0002
0002
0013
0020
0014
0022
001D
0013
0010
0002
0013
0013
0013
0013
0013
0014
001C
0022
001D
0013
0022
0013
0002
0013
0013
0002
0013
001C
001B
0022
0018
0013
001E
0013
0002
0013
0013
0002
0013
001F
001D
0010
0021
0013
0012
0013
0013
0013
0002
0002
0002
0017
0014
0010
0018
0013
0015
0013
0013
0013
0013
0013
0002
0018
0289
028A
0013
0013
01A9
0013
0013
0013
0013
0013
0013
0027
07D0
028A
0018
0013
01AE
0013
0013
0013
0013
0013
0013
002B
0249
0010
0018
0013
01AE
0013
0013
0013
0002
0013
0013
0023
01E8
001E
002B
0013
002F
0013
0013
0013
0013
0013
0013
019F
0031
039E
0033
0013
0013
0133
0865
0512
043E
0038
0044
0866
0033
0002
0013
0867
066D
0868
0869
03A6
00B5
03A7
00B7
0043
0013
017C
01F6
0386
086A
0057
0443
004B
04E4
0145
0013
0088
01BC
0516
086B
0475
0103
0055
0056
004D
0013
0057
0105
0187
0756
05C6
0088
00CF
005E
0094
0013
022F
0150
086C
0842
03ED
02D2
0066
03AF
0110
0013
0157
0158
0337
0391
02D7
00B5
02D8
01C6
0110
0013
01C7
03B3
07BA
0534
027B
0076
03EF
0802
0013
0013
0115
01CD
086D
0556
0117
0044
0537
0806
0119
0013
0163
0164
086E
0559
0087
0044
0538
008A
008B
0013
011D
01D6
086F
0309
0090
0091
0870
0093
0094
0013
0123
04C5
0600
04FA
0001
0002
0280
02E4
0005
0006
0007
02F8
0009
0871
012D
01E3
0872
00A0
0287
0027
00A2
0024
0013
0013
002D
0013
0013
0013
0013
0013
0013
0015
0016
0017
0013
0013
002D
0002
0002
0013
0013
0013
0002
0020
001B
0010
0023
001D
0022
0002
0002
0013
0002
0013
0013
001F
0024
0020
0015
0021
001A
0002
0013
0013
0013
0013
0013
001C
001A
0012
002B
0013
0014
0013
0002
0002
0013
0013
0013
0022
001B
0017
0023
0013
0017
0013
0002
0013
0013
0013
0013
0017
0024
0010
0023
0013
001E
0013
0013
0002
0013
0013
0002
0017
0012
0017
0018
0013
0024
0002
0013
0002
0013
0013
0002
0029
0025
0017
0018
0013
0026
0002
0013
0013
0013
0013
0013
0027
0313
0022
0027
0029
03C7
0013
0002
0013
0013
0013
0002
002B
00A7
0010
0029
0013
002D
0013
0013
0013
0013
0013
0002
0027
01B0
0022
0013
0013
002D
0002
0013
0002
0013
0013
0002
0130
017A
00A9
04D0
0013
0013
017C
04CA
080E
072F
0446
0039
003A
024A
0013
0013
003B
003C
0521
003E
003F
0040
0041
0042
004D
0044
0045
045E
0047
0048
0049
004A
005F
004C
004D
004E
0250
0371
0873
0874
0053
0054
0104
0251
00C1
0013
00C2
0058
014C
0253
005B
005C
005D
0103
005F
0013
0254
0061
0062
0063
0064
0065
010B
0067
0068
0013
018C
006A
006B
0259
02EF
006E
006F
0070
0071
0013
0053
0072
0073
0074
0075
0076
0077
0327
0079
0013
00D5
03D2
033D
060A
007E
007F
0195
010C
0082
004E
008C
0084
0875
0876
0030
0088
0877
0878
008B
0013
008C
008D
0879
087A
0121
019A
087B
087C
0013
0013
00E2
0096
087D
087E
0524
0002
0218
0004
042D
0439
0007
0008
043B
00EB
000B
0573
000D
000E
012F
0010
001C
0179
0013
0013
0014
0013
0002
0002
0013
0013
0013
0015
0525
0012
0018
0013
0019
0002
0002
0013
0002
0002
0002
001A
001F
001C
0014
002B
001E
0013
0002
0013
0002
0002
0013
001C
0014
0022
001D
0021
001A
0002
0013
0013
0013
0013
0013
0014
001F
0017
001D
0013
0022
0013
0002
0013
0013
0002
0013
001C
001B
0022
002B
0013
001E
0013
0002
0013
0013
0002
0013
001F
001D
0010
0027
0013
0012
0013
0013
0013
0013
0002
0002
0017
0014
0010
0018
0013
0015
0013
0013
0013
0013
0013
0002
0018
0289
028A
0013
0013
03DF
0013
0013
0013
0013
0013
0013
0027
0249
028A
0018
0013
01AE
0013
0013
0013
0013
0013
0002
002B
0249
0010
0018
0013
002D
0013
0013
0013
0002
0013
0002
0023
03E2
001E
002B
0013
002A
0013
0013
0013
0013
0013
0002
0030
0031
039E
0033
0013
0013
0153
04B4
0512
043E
017F
0039
0137
0033
0002
0013
0610
087F
0880
0881
00F6
0040
013C
00B7
0043
00A8
00D5
0882
0614
04E3
0049
0443
004B
01FA
004D
004E
0088
0497
0516
086B
0166
0355
0055
0056
004D
0013
0057
0105
0059
06BB
00D8
005C
014F
005E
0094
0013
0883
0461
02FF
0300
03ED
02D2
0066
03AF
0110
0013
0157
0158
00CD
0391
02D7
00B5
02D8
03D1
0079
0013
01C7
03B3
03EE
0534
027B
00D9
03EF
0306
0013
0013
0115
0451
081B
0453
007E
02AF
0884
0557
0119
0013
0163
0885
07A8
0886
0087
0044
0167
008A
008B
0013
03F2
0887
07AA
0888
0090
0091
0772
0093
0094
0013
027E
0889
088A
088B
0001
0002
0280
02E4
0005
0006
00E8
04FB
0009
088C
0347
000C
0603
0580
0287
0027
00A2
0012
0013
0013
0019
0013
0013
0013
0013
0013
0013
0027
00A2
0017
0013
0013
0019
0002
0013
0013
0013
0013
0013
0020
001B
001E
0023
001D
0022
0002
0002
0013
0002
0013
0013
001F
0024
0020
0015
0013
0010
0002
0013
0013
0013
0013
0013
001C
001A
0022
0013
0013
0179
0013
0002
0002
0013
0013
0013
0021
001A
0017
0023
0013
0017
0013
0013
0013
0013
0013
0013
0017
0024
0010
0023
0013
001E
0013
0013
0002
0002
0013
0013
0017
0012
0017
0018
0013
0024
0002
0013
0002
0013
0013
0002
0018
0025
0017
0018
0013
0026
0002
0013
0013
0013
0013
0013
0027
0313
0022
0027
0029
002A
0013
0002
0013
0013
0013
0013
002B
002C
0010
0029
0013
002D
0013
0013
0013
0013
0013
0013
002B
01B0
0022
0013
0013
0019
0002
0013
0002
0013
0013
0002
018F
017A
00A9
0523
0013
0013
017C
02C0
0520
088D
01ED
0044
07C6
0350
0013
0013
003B
01EF
045D
0827
00B4
0054
0041
0042
004D
0044
0045
0385
0182
0183
0142
004A
00BB
004C
005F
0013
0250
02A0
00BD
0460
02A5
0054
020A
0251
0013
0013
0200
00C3
0608
005A
0188
0189
005D
00AA
005F
0013
0060
0061
0609
0810
0064
0065
010B
0067
0068
0013
018C
006A
006B
0259
02EF
006E
006F
0070
0071
0013
0053
0072
0073
0074
0075
0076
0077
0327
0079
0013
00D5
03D2
033D
060A
0117
007F
0195
010C
0082
004E
008C
0828
088E
088F
0030
0088
0890
032A
008B
0013
008C
0891
0892
0893
019F
019A
066C
032D
0013
0013
0095
0894
0895
0896
0524
0002
0127
0004
0005
0439
00E8
043A
0897
07F4
0174
012E
071C
00ED
083A
002B
002C
0012
0013
0013
002F
0013
0002
0002
0013
0013
0013
0027
0028
0012
0018
0013
0019
0002
0002
0013
0002
0013
0002
001A
001F
001C
0015
001D
001E
0013
0002
0013
0002
0002
0013
0020
0014
001E
001D
0021
0010
0002
0013
0013
0013
0013
0013
0012
001A
0022
0023
0013
0179
0013
0002
0013
0013
0002
0013
0017
001A
0022
0018
0013
001E
0013
0002
0013
0013
0002
0013
001F
0015
0010
0021
0013
0017
0013
0013
0013
0002
0013
0002
0017
0014
0010
0018
0013
0015
0013
0013
0013
0013
0013
0013
0018
0247
028A
0013
0013
01AB
0002
0013
0013
0013
0013
0013
0027
0249
0380
0027
0029
01AE
0013
0013
0013
0013
0013
0013
002B
01AF
0010
0018
0013
002D
0013
0013
0013
0002
0013
0013
002B
01E8
0022
002B
0013
0019
0013
0013
0013
0013
0013
0013
019F
0388
083B
0523
0013
0013
0133
0898
0899
089A
0038
0044
089B
00C0
0002
0013
0610
089C
0612
089D
00B4
00B5
02CE
00B7
0079
0044
013E
01F6
089E
089F
0057
0443
07FA
02C9
0145
004E
0088
03FA
08A0
04E6
00BF
0103
0055
014A
0002
0013
0057
0105
0840
03EA
0260
007F
03E8
005E
0094
0013
0883
04EA
086C
0842
0619
02D2
0066
03AF
0110
0013
03D8
01C4
0337
015A
08A1
00B5
006F
010C
0079
0013
0111
03B3
0554
0844
00C3
0076
0077
0845
0013
0013
0294
007B
08A2
0237
0117
0044
0805
08A3
0119
004E
014E
08A4
04F4
0723
0736
0044
08A5
019C
008B
0013
011D
08A6
08A7
08A8
08A9
0044
08AA
0093
0094
0013
070A
08AB
08AC
08AD
0001
0002
0003
02E4
03DC
0006
0007
042E
0009
08AE
012D
01E3
000D
000E
000F
0010
0011
0179
0013
0013
0024
0013
0013
0002
0013
0013
0013
0015
0016
0017
0013
0013
002D
0002
0002
0013
0013
0002
0002
0020
001B
001E
0014
002B
0022
0002
0002
0013
0002
0013
0013
001F
0014
0020
0023
0013
001A
0002
0013
0013
0013
0013
0013
001C
001F
0017
001D
0013
0022
0013
0002
0002
0013
0013
0013
001C
001B
0179
0023
0013
0017
0013
0002
0013
0013
0013
0013
001E
0024
0010
0023
0013
001E
0013
0013
0002
0013
0002
0002
0017
0012
0017
0018
0013
0024
0002
0013
0002
0013
0013
0002
0029
0025
0012
0018
0013
021D
0002
0013
0013
0013
0013
0013
0027
0028
0012
0029
0013
002A
0013
0002
0013
0013
0013
0002
002B
002C
0010
0029
0013
002D
0013
0013
0013
0013
0013
0002
0023
01B0
001E
0013
0013
03C7
0002
0013
0002
0013
0013
0002
0130
0031
0032
0033
0013
0013
017C
04CA
0036
0037
0446
0039
003A
0033
0013
0013
003B
003C
045D
003E
0221
0040
0041
0042
0043
00A8
0045
0046
0047
0048
0049
004A
004B
004C
004D
0013
0250
0371
0051
0507
0053
0054
0104
0056
004D
0013
00C2
0058
0059
005A
005B
005C
005D
005C
005F
0013
0060
0061
0062
0063
0064
0065
010B
0067
0068
0013
0069
0257
006B
006C
02EF
006E
020A
0070
0071
0013
0053
0072
0073
0074
025D
0076
00D3
0078
0079
0013
007A
0373
007C
007D
007E
007F
0195
0081
0082
0013
008C
0084
0085
0086
0053
0088
08AF
008A
008B
0013
008C
008D
008E
008F
0121
0091
08B0
032D
0013
0013
0095
0096
0215
0216
05D9
0002
0003
0004
0863
0864
00E8
043A
05E9
000A
04B2
012E
037D
00ED
037E
0010
001C
0179
0013
0013
0014
0013
0002
0002
0013
0013
0013
0027
002C
0012
0018
0013
01A9
0002
0002
0013
0002
0002
0002
001A
001F
001C
0014
001D
001E
0013
0002
0013
0002
0002
0013
001C
0014
0022
001D
0021
001A
0002
0013
0013
0013
0013
0013
0014
001A
0017
001D
0013
0022
0013
0002
0013
0013
0002
0013
001C
001F
0022
002B
0013
001E
0013
0002
0013
0013
0002
0013
001F
001D
0010
0021
0013
0012
0013
0013
0013
0002
0002
0002
0017
0014
0010
0018
0013
0015
0013
0013
0013
0013
0013
0002
0018
0247
028A
0013
0013
01AB
0002
0013
0013
0013
0013
0013
0027
0249
0380
0018
0013
01AE
0013
0013
0013
0013
0013
0013
002B
0249
0010
0018
0013
01AE
0013
0013
0013
0002
0013
0013
002B
01AC
001E
002B
0013
0019
0013
0013
0013
0013
0013
0013
0030
0031
039E
0033
0013
0013
07D1
00F1
0512
043E
0038
0044
03A1
0033
0002
0013
0867
03A3
0868
03A5
03A6
00B5
013C
00B7
029A
0044
013E
01F6
0386
05DF
0142
0443
004B
02C9
004D
004E
0388
0050
0516
08B1
0475
0103
0055
0056
004D
0013
0057
0105
0187
05F6
05C6
0088
05F7
005E
0094
0013
0153
04EA
08B2
0842
0619
02D2
0066
03AF
0110
0013
00BF
0207
0337
006C
035B
00B5
02D8
018E
0079
0013
0111
05CC
07BA
05E3
08B3
0076
03EF
0802
0013
0013
046E
01CD
086D
0556
0117
0044
08B4
08B5
0119
0013
0163
08A4
08B6
047A
05A1
0044
08B7
008A
008B
0013
03F2
08B8
08B9
0771
00CB
0091
08BA
0093
0094
0013
027E
08BB
08BC
04FA
0773
0002
03C2
080A
0005
0006
0007
02F8
0009
0369
012D
01E3
03C6
000E
0287
0027
00A2
0012
0013
0013
0019
0013
0013
0002
0013
0013
0013
0015
0016
0017
0018
0013
002D
0002
0013
0013
0013
0013
0002
0020
001B
0010
0014
002B
0017
0002
0002
0013
0002
0013
0013
001F
0015
0020
0023
0013
0010
0002
0013
0013
0013
0013
0013
001C
001F
0022
002B
0013
0014
0013
0002
0002
0013
0013
0013
0022
001B
0017
0023
0013
0017
0013
0002
0013
0013
0013
0013
0017
0024
0010
0023
0013
001E
0013
0013
0002
0013
0013
0002
0017
0012
0017
0018
0013
0024
0002
0013
0002
0013
0013
0013
0029
0025
0017
0018
0013
021D
0002
0013
0013
0013
0013
0013
0027
0313
0022
0027
0029
03C7
0013
0002
0013
0013
0013
0002
002B
00A7
0010
0029
0013
002D
0013
0013
0013
0013
0013
0002
0023
05AF
0022
0013
0013
002A
0002
0013
0002
0013
0013
0002
0130
017A
00A9
04D0
0013
0013
0034
04CA
0520
0564
0446
0039
003A
0350
0094
0013
003B
02C5
0521
003E
003F
0040
0041
0042
0043
00A8
0045
0046
0047
0048
0049
004A
005F
004C
005F
0013
004F
08BD
0873
08BE
0053
0054
0104
0251
00C1
0013
00C2
0058
02EB
005A
005B
005C
005D
005C
005F
0013
0060
0061
0062
0063
0064
0065
010B
0067
0068
0013
0069
03FC
006B
01C5
02EF
006E
006F
0070
0071
0013
0053
033A
0073
027A
0075
0076
0077
0327
0079
0013
007A
03D2
04D5
04D6
007E
007F
0080
010C
0082
004E
008C
0084
07B1
0876
0341
0088
0329
00FF
008B
0013
008C
008D
08BF
060C
0090
007F
08C0
087C
0013
0013
0095
0096
08C1
08C2
0524
0002
0218
0004
042D
0439
0007
043A
043B
00EB
000B
0573
000D
000E
012F
0010
001C
0179
0013
0013
0014
0013
0002
0002
0013
0013
0013
0015
0525
0012
0018
0013
01A9
0002
0002
0013
0002
0002
0002
001A
001F
001C
0014
0013
001E
0013
0002
0013
0002
0002
0013
001C
0014
0022
001D
0021
001A
0013
0013
0013
0013
0013
0013
0014
001F
0017
001D
0013
0022
0013
0002
0013
0013
0002
0013
0022
001F
0022
002B
0013
001E
0013
0002
0013
0013
0002
0013
001F
001D
0010
0027
0013
0012
0013
0013
0013
0013
0002
0002
0017
0014
0010
0018
0013
0015
0013
0013
0013
0013
0013
0002
0018
0289
028A
0013
0013
01A9
0013
0013
0013
0013
0013
0013
0027
0249
028A
0018
0013
01AE
0013
0013
0013
0013
0013
0002
002B
0249
0010
0018
0013
002D
0013
0013
0013
0002
0013
0002
0023
0247
001E
002B
0013
002A
0013
0013
0013
0013
0013
0002
0030
0031
039E
0033
0013
0013
0153
0546
0512
043E
017F
0039
0137
0033
0002
0013
0610
08C3
0880
0881
00F6
0040
013C
00B7
0043
0013
00D5
0046
0614
08C4
0049
0443
004B
01FA
0145
004E
0088
0497
0516
08C5
0166
0103
0055
0056
004D
0013
0057
0105
0059
06BB
00D8
005C
014F
005E
0094
0013
0617
04EA
02FF
0448
03ED
02D2
0066
03AF
0110
0013
00BF
0158
00CD
0391
02D7
00B5
03B2
03D1
0079
0013
0111
03B3
08C6
0534
027B
00D9
03EF
0306
0013
0013
0115
0451
081B
0453
007E
02AF
0884
0557
0119
0013
0163
08C7
07A8
0886
0087
0044
0167
008A
008B
0013
03F2
0887
07AA
08C8
0696
0091
0772
0093
0094
0013
027E
0889
088A
08C9
0001
0002
0280
0281
0005
0006
00E8
042E
0009
088C
0347
000C
08CA
0580
0287
0027
00A2
0012
0013
0013
0019
0013
0013
0013
0013
0013
0013
0027
00A2
0017
0013
0013
0019
0002
0013
0013
0013
0013
0002
0020
001B
001E
0015
001D
0010
0002
0002
0013
0002
0013
0013
001F
0024
0020
0015
0013
0010
0002
0013
0013
0013
0013
0013
001C
001A
0022
0013
0013
0014
0013
0002
0002
0013
0013
0013
001C
001B
0017
0023
0013
0017
0013
0002
0013
0013
0013
0013
0017
0024
0010
0023
0013
001E
0013
0013
0002
0002
0013
0002
0017
0012
0017
0018
0013
0024
0002
0013
0002
0013
0013
0002
0018
0025
0017
0018
0013
0026
0002
0013
0013
0013
0013
0013
0027
0313
0022
0027
0029
002A
0013
0002
0013
0013
0013
0013
002B
002C
0010
0029
0013
002D
0013
0013
0013
0013
0013
0013
002B
01B0
0022
0013
0013
0019
0002
0013
0002
0013
0013
0002
018F
017A
00A9
0523
0013
0013
021F
02C0
0520
0564
01ED
0044
07C6
0350
0013
0013
003B
01EF
045D
0827
00B4
0054
0041
0042
01B8
0044
0045
0385
0182
0183
0142
004A
01B8
004C
004D
0013
0250
02A0
00BD
0460
02A5
0054
020A
0251
0013
0013
00C2
00C3
0608
005A
0188
0189
005D
00AA
005F
0013
0060
0061
0609
035A
0064
0065
010B
0067
0068
0013
0069
006A
006B
0259
02EF
006E
006F
0070
0071
0013
0053
0072
0073
0074
0075
0076
0077
0327
0079
0013
00D5
03D2
04D5
04D6
0117
007F
0195
010C
0082
004E
008C
08CB
07B1
0570
0030
0088
08CC
00FF
008B
0013
008C
0891
0892
08CD
0069
019A
08CE
032D
0013
0013
0095
0894
08CF
08D0
