// Healthy Ranges — Index Table (level 1 of two-level lookup)
// Addr = node_idx * 279 + feature_idx  (15 bits)
// Data = pair_id (12 bits, stored as 16-bit)
// Depth: 29853 (107 nodes x 279 features)
// Populated: 29853, Unique pairs: 2188 (incl. sentinel at id=0)
//
0001
0002
0003
0004
0005
0006
0007
0008
0009
000A
000B
000C
000D
000E
000F
0010
0011
0012
0013
0014
0015
0014
0002
0002
0014
0014
0014
0016
0017
0018
0019
0014
001A
0002
0002
0014
0002
0014
0002
001B
001C
0016
001D
001E
0016
0002
0002
0002
0002
0002
0014
001B
001D
0016
001E
001F
0010
0002
0014
0002
0014
0014
0014
0020
001B
0021
001E
0014
0021
0014
0002
0002
0014
0002
0014
0020
001C
0018
0022
0014
0018
0014
0002
0014
0002
0002
0014
0023
001A
0016
0022
0024
0016
0014
0014
0002
0002
0002
0002
0018
0012
0010
0025
0014
001A
0014
0014
0014
0014
0014
0002
0026
0027
0016
0026
0014
0028
0002
0014
0014
0014
0014
0014
0025
0029
0021
0025
0013
002A
0014
0002
0014
0014
0014
0002
0019
002B
002C
0026
0014
002D
0014
0014
0014
0002
0014
0002
0022
002E
002F
0019
0014
002A
0002
0014
0002
0014
0014
0002
0030
0031
0032
0033
0034
0014
0035
0036
0037
0038
0039
003A
003B
0033
003C
0014
003D
003E
003F
0040
0041
0042
0043
0044
0045
0046
0047
0048
0049
004A
004B
004C
004D
004E
004F
0050
0051
0052
0053
0054
0055
0056
0057
0058
004F
0014
0059
005A
005B
005C
005D
005E
005F
0060
0061
0014
0062
0063
0064
0065
0066
0067
0068
0069
006A
006B
006C
006D
006E
006F
0070
0071
0072
0073
0074
0014
0075
0076
0077
0078
0079
007A
007B
007C
007D
0014
007E
007F
0080
0081
0082
0083
0084
0085
0086
0050
0087
0088
0089
008A
008B
008C
008D
008E
0034
0014
008F
0090
0091
0092
0093
0094
0095
0096
0097
0014
0098
0099
009A
009B
0001
0002
009C
009D
009E
0006
009F
00A0
0009
000A
00A1
000C
00A2
00A3
00A4
0010
00A5
0012
0013
0014
001E
0014
0002
0002
0014
0014
0014
0016
001B
0018
0014
0014
001A
0002
0002
0014
0014
0014
0002
00A5
001C
0010
001D
0019
0021
0014
0002
0014
0014
0014
0014
0023
001D
0016
00A6
0014
0010
0014
0014
0014
0014
0014
0014
0020
00A5
0021
001E
0014
0021
0014
0002
0002
0014
0014
0014
0021
001C
001D
0022
0014
0018
0014
0002
0014
0014
0014
0014
0010
0022
0010
0024
0014
0012
0014
0014
0014
0002
0014
0002
0012
001A
0018
0025
0014
0022
0014
0014
0014
0014
0014
0002
0013
0027
0018
0026
0014
00A7
0002
0014
0014
0014
0014
0014
0025
0029
0012
0025
0013
002A
0014
0014
0014
0014
0014
0002
0019
00A8
002C
0014
0014
002D
0014
0014
0014
0014
0014
0002
0022
00A9
002F
0019
0014
002A
0002
0014
0002
0014
0014
0002
00AA
0031
0032
00AB
0034
0014
00AC
00AD
00AE
0038
00AF
003A
003B
0033
0014
0014
003D
00B0
003F
00B1
00B2
00B3
0043
00B4
0045
0046
0047
0055
00B5
00B6
0059
004C
00B7
00B8
0061
0014
00B9
00BA
0053
00BB
00BC
0056
00BD
005E
004F
0014
00BE
00BF
00C0
00C1
00C2
00C3
005F
005E
0061
0014
00C4
0063
00C5
00C6
00C7
00C8
0068
0069
00C9
0014
00CA
00CB
00CC
00CD
0070
0071
00CE
0073
0074
0014
00CF
0076
00D0
0078
00D1
00D2
00D3
007C
007D
0014
007E
007F
00D4
0081
00D5
00D6
0084
0085
0086
0050
008F
00D7
0089
008A
008B
008C
008D
008E
0014
0014
008F
0090
0091
0092
0093
0094
0095
00D8
0097
0014
00D9
00DA
00DB
00DC
00DD
0002
00DE
00DF
00E0
0006
0007
00E1
00E2
00E3
000B
00E4
00E5
000E
00E6
0019
00E7
0015
0014
0014
00E8
0014
0002
0002
0014
0014
0014
00A6
00E9
0012
0019
0014
00A7
0002
0002
0014
0002
0014
0002
001B
0023
0016
00A6
001E
0016
0002
0002
0002
0002
0002
0014
001B
001D
0018
001E
001F
0010
0002
0014
0002
0014
0014
0014
001D
001B
0018
001F
0014
0012
0014
0002
0014
0014
0002
0014
0020
001C
0018
0026
0014
001A
0014
0002
0014
0002
0002
0014
0023
001A
0016
0022
0024
0016
0014
0014
0002
0014
0002
0002
0018
0012
0010
0026
0014
001A
0014
0014
0014
0014
0014
0014
0026
00EA
00EB
0014
0014
00EC
0002
0014
0014
0014
0014
0014
0025
002B
0021
0026
0014
002D
0014
0002
0014
0014
0014
0014
0019
002B
0021
0026
0014
002D
0014
0014
0014
0002
0014
0014
0019
00ED
0021
0026
0014
002D
0014
0014
0014
0014
0014
0014
0030
00EE
00EF
0033
0014
0014
00F0
00F1
00F2
00F3
00F4
00C3
00F5
00F6
003C
0014
00F7
00F8
00F9
00FA
00FB
0042
00FC
0044
00FD
00FE
00AC
00FF
0100
0101
004B
00B8
004D
004E
004F
0050
0102
0103
0104
0105
0055
0106
0057
0058
0097
0014
0059
0107
005B
0108
005D
005E
0109
0060
010A
0014
010B
010C
010D
010E
0062
0067
0068
010F
006A
006B
0110
0111
0112
0113
0114
0115
0072
0116
0117
0014
00C2
0118
0119
011A
011B
007A
011C
011D
0014
0014
007E
011E
011F
0120
0121
0083
0122
0123
00C9
0014
0124
0125
0126
0127
0128
0046
0129
012A
0034
0014
012B
012C
012D
012E
012F
00FE
0130
0096
00C9
0014
0131
0132
0133
0134
0135
0002
0136
0137
0138
0006
0007
0008
0009
0139
013A
000C
013B
013C
013D
0025
013E
001A
0013
0014
013F
0014
0002
0002
0014
0014
0014
0016
0017
0018
0014
0014
001A
0002
0002
0014
0002
0014
0002
00A5
0020
0010
00A6
0019
0018
0014
0002
0014
0002
0002
0014
0020
001E
0016
00A6
001F
0010
0002
0014
0014
0014
0014
0014
0021
0023
0012
001F
0014
001D
0014
0002
0002
0014
0002
0014
0021
001C
0018
0022
0014
0018
0014
0002
0014
0014
0002
0014
0023
00A6
0016
0024
0024
0018
0014
0014
0002
0002
0002
0002
0018
001A
0010
0026
0014
0022
0014
0014
0014
0014
0014
0014
0013
0140
00EB
0026
0014
00A7
0002
0014
0014
0014
0014
0014
0026
002B
0012
0025
0013
0141
0014
0002
0014
0014
0014
0002
0025
002B
002C
0013
0014
002D
0014
0014
0014
0002
0014
0002
0025
0142
002F
0019
0014
0141
0002
0014
0002
0014
0014
0002
0143
0144
0145
00AB
0034
0014
0035
00AD
0146
0147
0148
003A
003B
0149
0014
0014
003D
014A
003F
014B
004B
00B3
0043
00B4
004F
0046
014C
0048
014D
014E
007E
004C
00FD
004E
0002
0050
0051
014F
0150
0151
00AA
0056
00BD
00F6
003C
0014
0152
00BF
0153
0154
004B
00C3
005F
00F6
0061
0014
0155
0156
0157
0158
0066
0067
0068
0069
010A
006B
0110
0159
015A
015B
0070
0071
015C
0073
0117
0014
0075
0076
015D
015E
015F
00D2
00D3
0160
007D
0014
007E
007F
0161
0162
0163
006B
0084
0164
0086
0050
008F
0088
0165
0166
0110
0144
008D
0167
0034
0014
008F
0168
0169
016A
005D
00FE
0095
00D8
0097
0014
00D9
016B
016C
016D
016E
0002
0003
0004
016F
0006
009F
0170
0171
0172
000B
0173
000D
0174
000F
0010
0020
0012
0014
0014
0015
0014
0014
0002
0014
0014
0014
00A6
0175
0012
0019
0014
00A7
0002
0002
0014
0014
0014
0014
001B
001C
0016
001D
001E
0016
0002
0002
0002
0002
0002
0014
001B
001D
0010
001E
0014
0010
0002
0014
0002
0014
0014
0014
0020
001B
0021
001E
0014
0021
0014
0002
0014
0014
0002
0014
0020
001C
0012
0026
0014
001A
0014
0002
0014
0002
0014
0014
0010
001A
0010
0022
0014
0016
0014
0014
0014
0014
0002
0002
0014
0176
0177
0025
0014
0178
0014
0014
0014
0014
0014
0002
0026
002E
0018
0014
0014
002A
0002
0014
0014
0014
0014
0014
0025
0029
0021
0026
0014
0179
0014
0014
0014
0014
0014
0014
0019
00A8
0021
0026
0014
002D
0014
0014
0014
0014
0014
0014
0022
002E
0021
0026
0014
0179
0014
0014
0014
0014
0014
0014
017A
0031
005F
0033
0014
0014
017B
017C
017D
017E
017F
00C3
0180
0033
003C
0014
0181
0182
0183
0184
0185
0042
0186
0044
0045
00FE
0187
0055
0049
004A
0121
0188
004D
0189
004F
0014
018A
0052
018B
018C
0055
018D
0057
0058
004F
0014
0059
018E
005B
018F
005D
005E
0190
0060
010A
0014
0062
0191
0192
0193
0194
0167
0068
0195
006A
0014
00CA
006D
006E
006F
0196
0014
0197
0198
0074
0014
0199
019A
019B
019C
0079
007A
019D
007C
0014
0014
007E
019E
0080
019F
00D5
0083
01A0
0085
00C9
0014
0124
01A1
0089
01A2
008B
008C
0129
008E
0034
0014
012B
01A3
01A4
01A5
01A6
0094
0130
0096
00C9
0014
0131
0099
01A7
01A8
01A9
0002
01AA
01AB
01AC
01AD
0007
00A0
01AE
01AF
01B0
01B1
01B2
000E
01B3
0025
002B
0015
0014
0014
002D
0014
0014
0002
0014
0014
0014
0016
0023
0018
0026
0014
001A
0002
0002
0014
0014
0014
0002
001B
001C
0016
001D
001E
0021
0002
0002
0014
0002
0002
0014
0023
001A
0016
001E
0014
0010
0002
0014
0014
0014
0014
0014
0020
001B
0012
0019
0014
0015
0014
0002
0002
0014
0002
0014
0021
001C
0015
0026
0014
001A
0014
0002
0014
0014
0014
0014
0010
00A6
0010
001F
0014
0012
0014
0014
0014
0014
0014
0002
0012
0012
0018
0025
0014
001A
0014
0014
0014
0014
0014
0014
0013
0140
01B4
0026
0014
0028
0002
0014
0014
0014
0014
0014
0025
01B5
0012
0013
0014
0141
0014
0014
0014
0014
0014
0002
0019
01B6
002C
0013
0014
002D
0014
0014
0014
0002
0014
0002
0022
00ED
002F
0014
0014
0179
0002
0014
0002
0014
0014
0002
0110
00EE
01B7
00AB
0014
0014
0155
01B8
01B9
01BA
0148
003A
003B
00F6
0097
0014
01BB
01BC
01BD
01BE
01BF
0042
0043
01C0
0045
0046
0047
0048
01C1
01C2
01C3
0188
01C4
004E
0074
0014
0051
014F
01C5
01C6
00B9
018D
0057
0060
003C
0014
0152
0107
01C7
0108
01C8
005E
005F
005E
010A
0014
0062
0063
0064
0065
0194
00C8
0068
0195
0002
0014
00CA
01C9
01CA
01CB
01CC
0071
015C
01CD
0074
0014
00C2
0118
01CE
01CF
00D1
007A
01D0
01D1
007D
0014
00C2
01D2
01D3
01D4
0082
0144
01D5
0195
00C9
0014
01D6
01D7
01D8
01D9
01DA
00FE
01DB
01DC
0034
0014
01DD
0090
01DE
01DF
0093
0083
01E0
00D8
0014
0014
0131
0099
01A7
00DC
0001
0002
0003
01E1
0005
01E2
009F
00E1
01E3
0172
01E4
000C
01E5
01E6
01E7
0010
0011
0012
0013
0014
0015
0014
0002
0002
0014
0014
0014
0025
01E8
0012
0019
0014
00A7
0002
0002
0014
0002
0014
0014
00A5
0023
0016
0022
0025
0016
0014
0002
0002
0002
0002
0014
001B
001D
0010
0022
001F
0010
0002
0014
0002
0014
0014
0014
0021
0020
0021
001E
0014
0021
0014
0002
0014
0014
0002
0014
0020
001C
0018
0022
0014
0018
0014
0002
0014
0002
0002
0014
0023
001A
0016
0022
0024
0016
0014
0014
0002
0002
0002
0002
0018
001D
0010
0026
0014
0022
0014
0014
0014
0014
0014
0002
0026
01E9
0016
0014
0014
0178
0002
0014
0014
0014
0014
0014
0025
0029
0021
0025
0013
0179
0014
0002
0014
0014
0014
0014
0019
002B
0010
0026
0014
002D
0014
0014
0014
0014
0014
0014
0019
00A9
0021
0019
0014
0141
0014
0014
0014
0014
0014
0002
0030
0031
0032
0033
0034
0014
01EA
0036
0037
0038
00F4
00FE
01EB
0033
003C
0014
01EC
01ED
01EE
01EF
01F0
0056
0186
0044
004F
006B
01F1
01F2
01F3
00B6
0121
004C
004D
0189
004F
0050
018A
0052
0053
0054
01F4
0056
00BD
0058
004F
0014
0059
005A
01F5
01F6
0030
008C
0190
0060
0061
0014
01F7
01F8
01F9
01FA
0066
0067
01FB
0069
006A
006B
0110
006D
01FC
006F
01FD
0115
0072
0073
0117
0014
00CF
0076
0077
0078
011B
007A
011C
007C
0014
0014
007E
007F
01FE
0081
00D5
0083
01FF
0085
0086
0050
008F
0200
0089
008A
0201
008C
0202
008E
0034
0014
008F
0203
0091
0092
0204
0094
0205
0096
0097
0014
00D9
0206
0207
016D
0001
0002
0003
0004
0208
0006
0007
0209
0009
000A
000B
020A
000D
000E
00A4
0010
001B
001D
0013
0014
001E
0014
0002
0002
0014
0014
0014
0016
020B
0012
0026
0014
001A
0002
0002
0014
0002
0014
0002
001B
001B
0016
001D
001E
0021
0014
0002
0002
0002
0002
0014
0020
001D
0018
001E
001F
0010
0002
0014
0014
0014
0014
0014
0020
001B
0012
001E
0014
0021
0014
0002
0014
0014
0002
0014
0020
001C
0012
0022
0014
0018
0014
0002
0014
0014
0014
0014
0021
00A6
0010
001F
0014
0019
0014
0014
0002
0014
0002
0002
0012
001D
0018
0025
0014
0022
0014
0014
0014
0014
0014
0002
0014
020C
020C
0014
0014
020D
0014
0014
0014
0014
0014
0014
0025
020E
020F
0025
0013
0141
0014
0014
0014
0014
0014
0014
0025
020E
0010
0014
0014
002D
0014
0014
0014
0002
0014
0014
0022
002E
0016
0019
0014
0179
0014
0014
0014
0014
0014
0014
0204
0031
0210
0211
0034
0014
0212
0036
0213
0214
0039
003A
0215
0033
0097
0014
0216
00B0
0217
0184
0041
0042
0043
00B4
0045
00FE
0035
0055
0218
0219
0059
021A
00B7
004E
0074
0050
021B
0052
021C
021D
00B9
0056
0057
021E
004F
0014
0059
005A
021F
00C1
0124
005E
005F
0096
0061
0014
0220
0156
0221
0222
0194
00C8
0068
0223
0002
0014
0110
006D
0224
0225
01CC
0071
0072
0073
0074
0014
0075
0076
0226
0227
0228
0014
007B
0229
0014
0014
007E
022A
01FE
022B
00D5
0083
022C
022D
0086
0050
022E
01A1
022F
01A2
008B
0046
0230
008E
0014
0014
022E
0231
0232
0233
01A6
0094
0234
0096
0097
0014
00D9
0235
0133
0236
0237
0002
0238
0137
0239
0006
009F
0008
023A
023B
023C
023D
023E
00A3
023F
0019
00E7
0012
0014
0014
00E8
0014
0002
0002
0014
0014
0014
0025
01E8
0018
0019
0014
00A7
0002
0002
0014
0014
0014
0002
0021
001C
0016
00A6
0019
0016
0002
0002
0014
0002
0014
0014
001B
001E
0016
00A6
0014
0010
0002
0014
0002
0014
0014
0014
0021
0023
0021
0019
0014
0012
0014
0002
0002
0014
0002
0014
001F
001C
0018
0013
0014
001A
0014
0002
0014
0002
0002
0014
0023
001A
0016
0022
0024
0016
0014
0014
0002
0002
0002
0014
0018
0012
0010
0026
0014
001A
0014
0014
0014
0014
0014
0014
0026
01E9
0016
0026
0014
00EC
0002
0014
0014
0014
0014
0014
0025
0029
0021
0026
0014
0179
0014
0002
0014
0014
0014
0002
0019
002B
002C
0026
0014
002D
0014
0014
0014
0014
0014
0002
0019
0142
002F
0026
0014
0141
0002
0014
0002
0014
0014
0002
0143
00EE
0240
0033
0014
0014
00AC
0241
0037
0147
0242
00FE
0243
0244
003C
0014
01BF
01BC
0245
014B
0246
00B3
0186
0044
00FD
0046
0187
0048
01F3
0247
004B
004C
004D
00B8
004F
0014
0248
0249
024A
0151
01F4
024B
0186
0058
003C
0014
0152
024C
01F5
0108
024D
024E
024F
0060
00C9
0014
0062
0250
0251
0158
0066
0067
0252
0069
006A
006B
00CA
0253
006E
0254
01FD
0115
00CE
01CD
0117
0014
0255
0256
019B
0257
00D1
007A
0258
0259
007D
0014
00C2
025A
01D3
025B
025C
00D6
01FF
0123
00C9
0014
0087
0088
025D
0166
025E
008C
025F
01DC
0034
0014
0260
0090
0169
016A
005D
0046
0205
005E
00C9
0014
0131
0261
016C
009B
0262
0002
0263
0264
0265
0006
0007
0266
0267
000A
01B0
0268
000D
000E
00A4
0010
001B
0012
0013
0014
0015
0014
0002
0002
0014
0014
0014
0016
020B
0018
0019
0014
001A
0002
0002
0014
0014
0014
0014
001B
001B
0010
001D
0014
0021
0014
0002
0002
0002
0014
0014
001B
001D
0010
001E
001F
0010
0002
0014
0014
0014
0014
0014
0020
00A5
0021
001E
0014
0021
0014
0002
0002
0014
0014
0014
0020
001B
0018
0026
0014
001A
0014
0002
0014
0014
0014
0014
0021
00A6
0021
0025
0014
0018
0014
0014
0002
0014
0002
0002
0018
0012
0018
0026
0014
001A
0014
0014
0014
0014
0014
0014
0013
0027
0018
0026
0014
0028
0002
0014
0014
0014
0014
0014
0025
0029
0018
0025
0013
002A
0014
0014
0014
0014
0014
0002
0019
00A8
0010
0013
0014
002D
0014
0014
0014
0014
0014
0002
0022
0142
0016
0019
0014
0179
0002
0014
0002
0014
0014
0002
0110
0031
024F
0211
0034
0014
0212
0269
00AE
0038
0246
003A
026A
0033
0097
0014
026B
026C
026D
026E
0041
0042
026F
0044
0045
0014
01F1
0270
0271
0272
0059
0273
00B7
004E
0074
0050
0051
0274
0275
0276
0277
0056
0057
021E
004F
0014
0152
0278
021F
0279
0124
005E
027A
00F6
010A
0014
027B
027C
0221
0222
0220
00C8
0068
027D
027E
0014
027F
0280
0281
0282
0283
0071
0284
0073
0117
0014
00CF
0076
0285
0286
015F
00D2
00D3
007C
007D
0014
007E
007F
0080
022B
0287
00D6
0288
0085
0086
0050
01D6
0289
0089
028A
018A
008C
028B
008E
0034
0014
022E
028C
01A4
028D
028E
0094
0234
00D8
0097
0014
01C3
028F
0290
0291
0001
0002
0003
0004
0239
0006
009F
0292
023A
00E3
0293
0294
0295
0296
00E6
0019
00E7
0015
0014
0014
002D
0014
0002
0002
0014
0014
0014
0025
0297
0012
0013
0014
0141
0002
0002
0014
0002
0014
0002
0023
001C
0016
00A6
001E
0016
0002
0002
0014
0002
0002
0014
0023
001D
0016
0022
0014
0010
0002
0014
0002
0014
0014
0014
0021
001B
0018
0022
0014
0015
0014
0002
0014
0014
0002
0014
0018
001C
0012
0022
0014
0018
0014
0002
0014
0002
0002
0014
0023
001A
0016
0022
0024
0016
0014
0014
0002
0002
0002
0002
0018
001D
0010
0025
0014
0022
0014
0014
0014
0014
0014
0002
0026
0298
00EB
0014
0014
0299
0014
0014
0014
0014
0014
0014
0025
002B
0021
0026
0014
029A
0014
0002
0014
0014
0014
0014
0025
002B
002C
0026
0014
002D
0014
0014
0014
0002
0014
0014
0019
002E
002F
0026
0014
0141
0014
0014
0014
0014
0014
0002
0030
00EE
029B
0033
0014
0014
00AC
0036
029C
029D
00F4
00FE
0243
00F6
003C
0014
003D
003E
01EE
014B
0246
029E
0043
01C0
004F
0046
0047
0048
029F
02A0
004B
004C
004D
02A1
004F
0014
018A
0052
02A2
0054
02A3
018D
0186
0058
0002
0014
0059
005A
02A4
005C
024D
024E
005F
0060
0061
0014
0062
0063
0251
02A5
0066
0067
0068
0069
006A
006B
00CA
006D
006E
006F
01FD
0115
0072
02A6
0074
0014
007E
0256
0119
0078
0079
007A
011C
02A7
0014
0014
007E
01D2
02A8
0162
0082
0083
02A9
02AA
00C9
0014
02AB
0088
02AC
0166
0030
0046
0202
012A
0034
0014
02AD
01A3
02AE
02AF
005D
00FE
02B0
0096
00C9
0014
0131
02B1
009A
01A8
016E
0002
02B2
02B3
01AC
02B4
0007
0008
02B5
01AF
01B0
01B1
00E5
000E
01B3
0025
02B6
0015
0013
0014
013F
0014
0014
0002
0014
0014
0014
0016
0023
001D
0026
0014
001A
0002
0002
0014
0014
0014
0002
0023
001C
0010
001D
001E
0018
0002
0002
0014
0002
0002
0014
0023
001A
0016
00A6
0014
0010
0002
0014
0014
0014
0014
0014
0020
001B
0012
0019
0014
001D
0014
0002
0014
0014
0002
0014
0021
001C
0018
0026
0014
001E
0014
0002
0014
0014
0002
0014
0016
00A6
0010
0022
0014
0016
0014
0014
0014
0014
0014
0002
0018
0012
0010
0025
0014
001A
0014
0014
0014
0014
0014
0002
0014
0140
0140
0014
0014
0028
0002
0014
0014
0014
0014
0014
0026
01B6
02B7
0013
0014
0141
0014
0014
0014
0014
0014
0002
0025
01B6
002C
0013
0014
002D
0014
0014
0014
0002
0014
0002
0022
02B8
002F
0014
0014
0179
0002
0014
0002
0014
0014
0002
0110
0144
02B9
0211
0034
0014
02BA
02BB
02BC
02BD
00AF
003A
003B
029E
0097
0014
02BE
02BF
01BD
01BE
01BF
0042
0186
00B4
0045
0046
0287
02C0
0049
004A
02C1
0188
0074
004E
0002
0014
02C2
02C3
01C5
02C4
00B9
018D
0057
005E
003C
0014
0152
0107
01C7
02C5
01C8
005E
024F
005E
010A
0014
02C6
0250
0064
0065
0194
02C7
0068
0195
006A
0014
00CA
006D
01CA
02C8
01CC
0071
0072
02A6
0074
0014
007E
0118
02C9
019C
0079
0014
007B
01D1
0014
0014
00C2
02CA
01D3
02CB
00D5
02CC
0084
02CD
00C9
0014
02CE
00D7
0165
02CF
02D0
0144
008D
0167
0034
0014
02D1
0090
02D2
016A
0093
0083
0095
00D8
0014
0014
02D3
0099
00DB
00DC
0135
0002
0238
02D4
0005
0006
009F
0170
02D5
0172
02D6
000C
01E5
0174
01E7
0010
0011
0012
0014
0014
0015
0014
0002
0002
0014
0014
0014
0025
01E8
0018
0019
0014
00A7
0002
0002
0014
0002
0014
0014
001B
0023
0016
0022
0025
0016
0014
0002
0002
0002
0002
0014
001B
001D
0010
001E
001F
0010
0002
0014
0002
0014
0014
0014
0021
0023
0021
001E
0014
0021
0014
0002
0002
0014
0002
0014
0020
001C
0012
0022
0014
0018
0014
0002
0014
0002
0014
0014
0023
001A
0016
0025
0024
0012
0014
0014
0002
0002
0002
0002
0018
001D
0010
0026
0014
0022
0014
0014
0014
0014
0014
0014
0026
01E9
0016
0026
0014
0299
0014
0014
0014
0014
0014
0014
0025
0029
0021
0025
0013
0179
0014
0002
0014
0014
0014
0014
0019
002B
0010
0026
0014
002D
0014
0014
0014
0014
0014
0014
0019
02D7
0021
0019
0014
0141
0014
0014
0014
0014
0014
0002
0030
0031
0032
0033
0014
0014
0035
0036
029C
02D8
00F4
00FE
01EB
0033
003C
0014
003D
014A
01EE
014B
01F0
00B3
0043
0044
004F
006B
0035
02D9
02DA
02DB
004B
004C
004D
0189
004F
0050
0051
0103
0053
0054
02A3
0056
0186
0058
004F
0014
0059
005A
02DC
005C
0030
024E
005F
0060
0061
0014
02DD
02DE
01F9
01FA
0066
0067
0252
0069
027E
006B
0110
02DF
01FC
02E0
01FD
0115
0284
0073
007D
0014
00CF
02E1
0077
015E
02E2
007A
0258
007C
007D
0014
007E
007F
00D4
0081
0082
0083
0122
0085
0086
0050
008F
0125
0089
01A2
0121
008C
02E3
008E
0034
0014
008F
02E4
01A4
02E5
025E
0094
02E6
0096
0097
0014
0098
02E7
02E8
02E9
02EA
0002
0263
01AB
0208
0006
0007
02EB
00E2
02EC
000B
02ED
02EE
000E
02EF
0019
013E
001A
0014
0014
00E8
0014
0002
0002
0014
0014
0014
0016
0017
0018
0019
0014
001A
0002
0014
0014
0014
0014
0002
001B
00A5
0016
00A6
001E
0016
0014
0014
0014
0002
0002
0014
001B
001D
0016
001E
0014
0010
0002
0014
0014
0014
0014
0014
0019
02F0
00A6
001F
0014
020C
0014
0002
0002
0014
0002
0014
0020
001C
0018
0022
0014
0018
0014
0002
0014
0014
0002
0014
0023
001A
0016
001F
0024
0018
0014
0014
0014
0014
0002
0002
0018
0012
0010
0026
0014
001A
0014
0014
0014
0014
0014
0014
0026
0140
00EB
0026
0014
0028
0002
0014
0014
0014
0014
0014
0025
02F1
0021
0025
0013
02F2
0014
0002
0014
0014
0014
0014
0025
01B5
002C
0026
0014
013F
0014
0014
0014
0002
0014
0014
0019
00ED
002F
0019
0014
002D
0014
0014
0014
0014
0014
0014
0030
00EE
02F3
003A
0014
0014
0212
0036
02F4
02F5
017F
003A
02F6
00F6
003C
0014
02F7
014A
003F
0040
0041
0042
02F8
0044
004F
0046
01F1
0048
02F9
02FA
007E
004C
01C4
004E
004F
0014
0051
02FB
0150
0054
02D0
008C
02FC
02FD
0097
0014
0059
005A
02FE
02FF
0163
005E
0300
0060
0061
0014
014C
0301
0302
0303
0066
0058
0068
0069
027E
006B
0110
0111
006E
0304
0070
0071
0072
0305
027E
0014
00C2
0256
019B
015E
0228
007A
007B
0306
007D
0014
007E
0307
0308
025B
0082
00FE
0309
030A
00C9
0050
02AD
030B
030C
030D
0110
030E
030F
012A
0034
0014
02BA
0310
0311
0312
0093
00FE
0313
0096
0097
0014
0314
0315
01A7
02E9
0316
0002
0003
0317
0239
0006
009F
0318
0267
0319
00A1
023D
031A
00A3
000F
0010
020B
0012
0013
0014
001E
0014
0014
0014
0014
0014
0014
0025
0029
001D
0014
0014
002D
0014
0002
0014
0002
0014
0014
0022
031B
001A
001D
0014
0140
0002
0002
0002
0002
0014
0014
0023
001D
0010
0022
001F
0010
0014
0014
0002
0014
0014
0014
0020
0016
0021
001E
0014
0021
0014
0002
0014
0014
0002
0014
001F
031C
001A
0014
0014
0141
0014
0002
0014
0002
0014
0014
0010
001E
0010
0022
0014
0016
0014
0014
0002
0002
0002
0002
0018
001A
0018
0025
0014
0022
0014
0014
0014
0014
0014
0002
0014
01E9
0018
0014
0014
0299
0014
0014
0014
0014
0014
0014
0025
0029
0021
0013
0014
0179
0014
0002
0014
0014
0014
0002
0019
002B
0010
0013
0014
002D
0014
0014
0014
0014
0014
0002
0022
02D7
0016
0014
0014
002A
0002
0014
0002
0014
0014
0002
00AA
0031
031D
0033
0034
0014
00AC
031E
031F
0320
00AF
00FE
0321
0033
0014
0014
003D
00B0
0322
0323
0324
0325
0326
0244
0045
0014
0047
02C0
0327
0328
0329
032A
004D
00B8
0061
0050
018A
00BA
032B
032C
032D
0056
032E
0058
004F
0014
032F
024C
0330
0331
024D
0083
0332
00F6
0014
0014
0062
0063
0333
0334
0335
0067
0068
027D
006A
0014
00CA
0336
0281
006F
0337
0115
00CE
0073
0074
0014
00CF
0076
0338
0227
0339
0014
0258
007C
0014
0014
007E
033A
033B
022B
00D5
0083
02A9
0085
0086
0014
0124
00D7
0089
008A
008B
008C
033C
008E
0034
0014
022E
0090
0091
0092
01A6
0094
033D
033E
0014
0014
0098
00DA
033F
0340
0341
0002
0263
0342
0208
0006
0007
02EB
00E2
0343
01B0
0344
0345
000E
013D
0019
013E
001A
0014
0014
00E8
0014
0002
0002
0014
0014
0014
0016
0017
0018
0019
0014
001A
0002
0014
0014
0014
0014
0002
001B
00A5
0016
00A6
001E
0016
0014
0014
0002
0002
0002
0014
001B
001D
0016
001E
0014
0010
0002
0014
0014
0014
0014
0014
0019
001B
001D
001F
0014
0012
0014
0002
0002
0014
0002
0014
0020
001C
0018
0026
0014
001A
0014
0002
0014
0014
0002
0014
0023
00A6
0016
001F
0024
0018
0014
0014
0002
0014
0002
0002
0018
0012
0010
0026
0014
001A
0014
0014
0014
0014
0014
0014
0026
0140
00EB
0026
0014
0028
0002
0014
0014
0014
0014
0014
0025
02F1
0021
0025
0013
02F2
0014
0002
0014
0014
0014
0014
0019
02F1
0010
0026
0014
013F
0014
0014
0014
0002
0014
0014
0019
00ED
0021
0019
0014
002D
0014
0014
0014
0014
0014
0014
0346
00EE
0347
003A
0014
0014
0220
0348
02F4
0349
0242
003A
02F6
00F6
003C
0014
02F7
014A
003F
0040
0041
0042
02F8
0044
00FD
00FE
01F1
034A
034B
034C
007E
004C
01C4
004E
004F
0014
0051
014F
0150
034D
02D0
008C
0057
02FD
0097
0014
034E
005A
034F
0350
0163
005E
0351
0060
010A
0014
014C
01F4
0352
0353
0066
00C8
0068
0069
027E
006B
0110
02DF
01CA
0354
0355
0071
0284
0356
0117
0014
00C2
0256
0357
015E
0358
007A
00D3
0359
007D
0014
007E
035A
0308
025B
0082
00FE
0309
030A
00C9
0050
02AD
035B
030C
030D
0110
00FE
0230
012A
0034
0014
02BA
0310
0311
0312
028E
00FE
0313
0096
0097
0014
0314
0315
01A7
02E9
0001
0002
0003
01E1
0239
0006
009F
0318
0267
035C
035D
000C
01AB
00A3
000F
0010
020B
0012
0013
0014
001E
0014
0014
0014
0014
0014
0014
0025
0029
001D
0014
0014
002D
0014
0002
0014
0002
0014
0014
00A6
031B
001A
001D
0025
0140
0002
0002
0014
0002
0014
0014
0023
001D
0010
0022
001F
0010
0014
0014
0002
0014
0014
0014
0020
0016
0021
001E
0014
0021
0014
0002
0014
0014
0002
0014
0025
031C
001A
0022
0014
01B4
0014
0002
0014
0002
0014
0014
0010
001A
0010
0022
0014
0016
0014
0014
0014
0002
0002
0002
0012
001D
0018
0025
0014
0022
0014
0014
0014
0014
0014
0002
0014
01E9
0018
0014
0014
0299
0014
0014
0014
0014
0014
0014
0025
0029
0021
0013
0014
0179
0014
0002
0014
0014
0014
0002
0019
002B
002C
0013
0014
002D
0014
0014
0014
0014
0014
0002
0022
02D7
002F
0014
0014
002A
0002
0014
0002
0014
0014
0002
00AA
0031
015C
0033
0034
0014
00AC
031E
035E
035F
00AF
00FE
0360
0033
0014
0014
003D
00B0
0322
0323
0324
0325
0361
0060
0045
0046
0047
02C0
0362
0363
0329
032A
004D
00B8
0061
0050
018A
0364
0275
032C
032D
0056
0365
0058
004F
0014
032F
024C
0366
0331
024D
0083
0367
00F6
0061
0014
0062
0063
0368
0369
0335
0067
0068
027D
006A
0014
00CA
006D
036A
006F
036B
036C
0072
0073
0074
0014
00CF
0076
0077
0227
0079
0014
011C
007C
0014
0014
007E
033A
01FE
022B
00D5
0083
02A9
0085
0086
0014
0124
00D7
0089
008A
008B
008C
036D
008E
0034
0014
022E
0090
0091
0092
0093
0094
036E
036F
0014
0014
0098
00DA
033F
0340
00EB
0002
0238
0370
0239
0006
0007
0318
0009
0371
0372
023D
013B
000E
0373
0025
00E7
0012
0013
0014
002D
0014
0002
0002
0014
0014
0014
0016
0017
0018
0014
0014
001A
0002
0002
0014
0014
0014
0014
0023
001B
0016
001D
001E
0021
0002
0002
0014
0002
0014
0014
0023
001A
0010
00A6
0014
0010
0002
0014
0002
0014
0014
0014
0020
001B
0021
0019
0014
0015
0014
0002
0002
0014
0002
0014
0020
001B
0018
0026
0014
001A
0014
0014
0014
0002
0002
0014
0023
001A
0016
0022
0024
0016
0014
0014
0002
0014
0002
0002
0018
0012
0010
0025
0014
001A
0014
0014
0014
0014
0014
0014
0026
0027
0016
0026
0014
0028
0002
0014
0014
0014
0014
0014
0025
0029
0021
0013
0014
002A
0014
0002
0014
0014
0014
0002
0019
0142
0018
0013
0014
002D
0014
0014
0014
0014
0014
0002
0022
00ED
0012
0014
0014
0179
0002
0014
0002
0014
0014
0002
0143
00EE
01B7
0033
0034
0014
00AC
0241
0037
0147
0148
003A
003B
0244
0014
0014
01BF
0374
01BD
0375
007E
0056
0186
01C0
0045
00FE
00AC
0048
0376
0377
004B
0273
004D
00B8
004F
0014
0248
0378
0379
037A
02A3
0056
0186
0058
003C
0014
032F
037B
01F5
0108
024D
024E
024F
0060
0034
0014
02DD
0301
0251
0158
037C
0067
0252
027D
006A
006B
037D
0111
036A
0113
0196
0071
0072
0073
0074
0014
0075
0076
0077
0286
0228
007A
007B
0069
007D
0014
007E
007F
037E
037F
0082
00D6
0084
0380
0086
0014
0124
0088
025D
0166
018A
008C
008D
01DC
0034
0014
022E
0381
0169
016A
028E
0083
0095
00D8
0014
0014
0098
0382
016C
016D
0001
0002
0003
0004
0208
0383
009F
0384
0385
0172
000B
02ED
000D
0386
0387
0010
001B
001D
0014
0014
0015
0014
0002
0002
0014
0014
0014
00A6
0388
0012
0019
0014
0141
0002
0002
0014
0002
0014
0002
001B
001C
0016
00A6
0019
0016
0014
0002
0002
0002
0002
0014
001B
001D
0016
001E
001F
0010
0002
0014
0014
0014
0014
0014
0021
0020
0012
001E
0014
0021
0014
0002
0014
0014
0002
0014
0021
001C
0012
0022
0014
0018
0014
0002
0014
0014
0014
0014
0021
00A6
0010
001F
0014
0019
0014
0014
0002
0002
0002
0002
0015
001A
0018
0013
0014
001F
0014
0014
0014
0014
0014
0002
0014
0389
020C
0014
0014
02F2
0014
0014
0014
0014
0014
0014
0025
020E
0140
0025
0013
002D
0014
0014
0014
0014
0014
0014
0025
020E
002C
0026
0014
002D
0014
0014
0014
0002
0014
0014
0025
02D7
002F
0019
0014
0141
0014
0014
0014
0014
0014
0014
0204
0031
0032
0211
0014
0014
0212
0036
038A
02D8
00F4
00C3
038B
0033
003C
0014
01BB
00B0
01EE
0040
0041
0042
0043
0044
004F
0046
0047
01F2
0049
004A
0143
004C
00B7
004E
0074
0050
038C
0052
0053
0054
00B9
0031
0057
005E
004F
0014
0059
005A
01C7
038D
0124
005E
005F
0096
0061
0014
00C4
0063
038E
038F
0390
00C8
0068
0069
0002
0014
006C
00CB
01CA
0391
0070
0392
015C
0393
007D
0014
0199
0256
0394
0078
00D1
0014
0395
0396
0014
0014
007E
0397
00D4
0081
00D5
0083
0122
0398
00C9
0050
0399
039A
039B
01A2
0346
0046
039C
008E
0034
0014
039D
039E
039F
01A5
0093
0094
03A0
0096
0097
0014
0314
0099
01A7
01A8
03A1
0002
0003
0004
0208
03A2
009F
03A3
03A4
000A
000B
000C
000D
0174
01E7
0010
00A5
0015
0014
0014
001A
0014
0002
0002
0014
0014
0014
0016
001A
0012
0026
0014
001A
0014
0014
0014
0002
0014
0002
001B
0010
0016
00A6
001E
0018
0014
0002
0014
0002
0002
0014
0016
001D
0016
001E
0014
0010
0002
0014
0014
0014
0014
0014
0012
001B
0018
001E
0014
0021
0014
0002
0014
0014
0002
0014
0020
0020
0012
0026
0014
001A
0014
0002
0014
0014
0002
0014
0023
001A
0010
001F
0014
001F
0014
0014
0014
0002
0002
0002
0018
001D
0010
0026
0014
0022
0014
0014
0014
0014
0014
0002
0026
020C
0140
0014
0014
020D
0014
0014
0014
0014
0014
0014
0025
020E
03A5
0025
0013
02F2
0014
0014
0014
0014
0014
0002
0019
020E
0010
0014
0014
002D
0014
0014
0014
0002
0014
0002
0019
03A6
0021
0019
0014
0141
0014
0014
0014
0014
0014
0002
0204
0031
005F
0033
0014
0014
0246
0036
03A7
0214
0039
003A
026A
0033
0097
0014
003D
00B0
03A8
0184
0041
0042
0043
01C0
027E
00FE
0035
0055
0100
0219
0059
021A
004D
00B8
0074
0014
03A9
0052
03AA
03AB
00B9
0106
0057
0058
004F
0014
0059
005A
005B
005C
0124
005E
005F
0060
010A
0014
010B
0156
03AC
03AD
0194
03AE
0045
03AF
027E
0014
037D
0336
03B0
006F
0196
0071
0284
02A6
0117
0014
007E
0118
019B
03B1
0358
007A
00D3
03B2
0014
0014
007E
0307
033B
019F
00D5
00FE
01D5
03B3
00C9
0050
01D6
03B4
03B5
03B6
0346
00FE
03B7
008E
0014
0014
01DD
03B8
03B9
0233
028E
0094
03BA
0096
0097
0014
0131
0235
03BB
03BC
0135
0002
0238
03BD
00E0
0006
0007
03BE
0009
03BF
03C0
01B1
03C1
000E
01B3
0025
013E
0012
0013
0014
00E8
0014
0002
0002
0014
0014
0014
0025
03C2
0018
0019
0014
0141
0002
0002
0014
0014
0014
0002
0021
001C
0010
001D
0019
0016
0002
0002
0002
0002
0014
0014
001B
001E
0010
0022
001F
0010
0002
0014
0002
0014
0014
0014
0020
0023
0021
0014
0014
0012
0014
0002
0002
0014
0002
0014
0025
001C
0018
0022
0014
0018
0014
0002
0014
0002
0014
0014
0010
00A6
0016
0022
0024
0016
0014
0014
0002
0014
0002
0002
0014
020C
0177
0025
0014
00A7
0014
0014
0014
0014
0014
0014
0014
01E9
0016
0026
0014
00EC
0002
0014
0014
0014
0014
0014
0025
03C3
0021
0026
0014
03C4
0014
0002
0014
0014
0014
0014
0019
0142
002C
0026
0014
002D
0014
0014
0014
0014
0014
0014
0022
00ED
002F
0026
0014
0179
0002
0014
0002
0014
0014
0002
0143
00EE
03C5
00AB
0034
0014
0155
03C6
03C7
0147
0242
00FE
0360
0211
003C
0014
02BE
01BC
03C8
014B
0246
0056
0186
0044
0045
0046
0287
0048
01F3
0247
004B
004C
0061
004E
004F
0050
0051
0378
03C9
03CA
02A3
0056
00BD
005E
0014
0014
0152
024C
00C0
03CB
024D
0083
024F
00AB
0061
0014
0087
0191
03CC
03CD
0066
0067
0068
0069
006A
006B
006C
0111
03CE
03CF
0070
0014
03D0
03D1
0074
0014
00CF
03D2
015D
015E
0079
0014
011C
0259
007D
0014
007E
033A
011F
0162
025C
0083
03D3
0164
0086
0014
008F
0088
03D4
0166
01DA
008C
036D
03D5
0034
0014
008F
03D6
03D7
03D8
0093
0083
036E
033E
00C9
0014
00D9
00DA
033F
03D9
03DA
0002
0263
02D4
0265
0006
0007
00A0
00E2
000A
000B
03DB
000D
000E
03DC
0010
001B
001A
0014
0014
0015
0014
0002
0002
0014
0014
0014
0016
020B
0018
0019
0014
001A
0002
0014
0014
0014
0014
0002
001B
00A6
0016
001D
001E
0016
0014
0014
0014
0002
0002
0014
001B
001D
0016
001E
0014
0010
0002
0014
0014
0014
0014
0014
001E
001B
00A6
001E
0014
0021
0014
0002
0002
0014
0002
0014
0020
001C
0018
0022
0014
0018
0014
0002
0014
0014
0002
0014
0023
001A
0010
001F
0014
0018
0014
0014
0002
0014
0002
0002
0012
0012
0010
0026
0014
001A
0014
0014
0014
0014
0014
0014
0026
0140
0140
0026
0014
0028
0002
0014
0014
0014
0014
0014
0025
02F1
0021
0025
0013
02F2
0014
0014
0014
0014
0014
0002
0019
03DD
002C
0026
0014
002D
0014
0014
0014
0002
0014
0002
0022
002E
002F
0019
0014
0179
0014
0014
0014
0014
0014
0002
0204
0031
0032
02FD
0014
0014
0212
0036
00AE
0038
0039
003A
026A
0033
003C
0014
03DE
014A
003F
0040
0041
0042
0284
0044
0045
0046
01F1
0048
03DF
03E0
01C3
004C
00B7
00B8
004F
0014
0051
02FB
0053
0054
00B9
008C
0057
021E
004F
0014
0059
005A
03E1
03E2
0163
005E
027A
0060
0061
0014
0155
027C
03E3
03E4
0390
00C8
0068
0069
027E
0014
0110
0111
01FC
03E5
0070
0071
0072
027D
0117
0014
00C2
03E6
03E7
015E
0228
007A
007B
03B2
007D
0014
00C2
03E8
0080
0081
0082
00FE
0309
0085
00C9
0050
02AD
030B
039B
03E9
008B
00FE
030F
008E
0034
0014
02BA
0168
039F
02E5
0093
0094
0313
0096
0097
0014
0314
0315
02E8
02E9
0316
0002
0003
03EA
0239
0006
009F
0318
0009
03EB
00A1
03EC
03ED
03EE
01B3
0025
00E7
0012
0013
0014
002D
0014
0002
0014
0014
0014
0014
0025
03EF
001E
0014
0014
002D
0014
0002
0014
0002
0014
0014
00A6
03F0
0018
0013
0014
0140
0002
0002
0002
0002
0014
0014
0023
001E
0010
00A6
001F
0010
0014
0014
0002
0014
0014
0014
0020
0016
0021
0014
0014
001D
0014
0002
0014
0014
0002
0014
0025
03F1
001A
0014
0014
0141
0014
0002
0014
0002
0014
0014
0010
001E
0016
0022
0024
0016
0014
0014
0002
0002
0002
0002
0018
001A
0018
0025
0014
0022
0014
0014
0014
0014
0014
0002
0013
01E9
0016
0014
0014
0299
0014
0014
0014
0014
0014
0014
0025
03C3
0021
0013
0014
0179
0014
0002
0014
0014
0014
0014
0019
0142
0010
0013
0014
002D
0014
0014
0014
0014
0014
0014
0025
02B6
0016
0014
0014
0141
0002
0014
0002
0014
0014
0002
03F2
03F3
03F4
0033
0034
0014
00AC
031E
00F2
03F5
03F6
00FE
0321
0211
0014
0014
003D
00B0
03F7
03F8
0246
0325
0326
03F9
0034
0014
0047
02C0
03FA
03FB
00CA
0188
004D
004E
0061
0050
018A
00BA
03FC
02C4
01F4
0056
03FD
0058
0014
0014
032F
03FE
03FF
0400
0030
0083
0401
0211
0014
0014
0062
0063
0402
0403
02C6
0067
0068
0195
006A
006B
00CA
0336
00CC
006F
0404
0115
0405
0073
0074
0014
00CF
0076
015D
0227
0406
00D2
0258
0407
0014
0014
007E
007F
0408
0409
00D5
0083
02A9
0195
0086
0014
0124
040A
025D
0166
017A
008C
040B
01DC
0034
0014
022E
040C
02D2
016A
0204
0046
040D
036F
0014
0014
0098
02B1
033F
0340
0262
0002
040E
040F
0005
0006
009F
00A0
0009
0410
0411
000C
0412
0174
02EF
0019
0029
0012
0013
0014
00E8
0014
0002
0002
0014
0014
0014
0016
020B
0018
0019
0014
001A
0002
0014
0014
0002
0014
0002
001B
00A5
0016
0026
0019
0019
0014
0002
0014
0002
0014
0014
001B
001D
0016
001E
0014
0010
0002
0014
0014
0014
0014
0014
0021
0023
0021
0025
0014
0012
0014
0002
0002
0014
0014
0014
0020
001C
0018
0026
0014
001A
0014
0002
0014
0014
0002
0014
0023
00A6
0010
001F
0014
0018
0014
0014
0002
0002
0002
0002
0018
0012
0010
0026
0014
001A
0014
0014
0014
0014
0014
0014
0026
0140
0140
0026
0014
0028
0002
0014
0014
0014
0014
0014
0025
02F1
0021
0025
0013
02F2
0014
0014
0014
0014
0014
0014
0025
0413
0010
0014
0014
002D
0014
0014
0014
0014
0014
0014
0019
00ED
0021
0019
0014
0141
0014
0014
0014
0014
0014
0002
0110
00EE
0145
0414
0034
0014
0035
0348
03C7
0415
0148
003A
02F6
00F6
0034
0014
0416
014A
003F
0040
0041
0042
026F
0044
010A
0144
01F1
0048
0218
0272
01C3
004C
01C4
0417
0074
0014
0051
014F
0150
0418
0277
0056
0057
0419
0097
0014
034E
005A
021F
00C1
0163
005E
0190
0060
0034
0014
00F0
027C
0221
0222
00C7
00C8
0252
0069
027E
0014
037D
01C9
041A
041B
0355
0071
0284
0073
027E
0014
0075
02E1
0285
015E
0358
007A
041C
041D
007D
0014
007E
041E
0308
025B
0082
00FE
041F
030A
0086
0050
0087
030B
030C
030D
0110
030E
030F
012A
0014
0014
008F
0310
0420
0312
028E
00FE
0313
0096
0097
0014
00D9
0315
02E8
02E9
0001
0002
0003
02B3
0421
0006
0007
00E1
023A
0422
01E4
01B1
0423
000E
000F
0010
0011
0015
0014
0014
001A
0014
0002
0014
0014
0014
0014
0025
0297
001D
0026
0014
0141
0014
0002
0014
0014
0014
0002
0012
031B
0018
001D
001E
02F1
0002
0002
0002
0002
0002
0014
0023
001D
0010
00A6
001F
0010
0014
0014
0002
0014
0014
0014
0020
001B
0018
001E
0014
0021
0014
0002
0014
0014
0002
0014
0018
001C
001A
0022
0014
0018
0014
0002
0014
0002
0014
0014
0010
001A
0016
0022
0024
0016
0014
0014
0002
0014
0002
0014
0018
001D
0018
0025
0014
0022
0014
0014
0014
0014
0014
0002
0013
01E9
0016
0014
0014
0299
0014
0014
0014
0014
0014
0014
0025
0029
0012
0026
0014
0179
0014
0002
0014
0014
0014
0002
0019
002B
002C
0026
0014
002D
0014
0014
0014
0002
0014
0002
0022
02D7
002F
0026
0014
0179
0002
0014
0002
0014
0014
0002
0030
0031
0424
0033
0014
0014
02BA
017C
00F2
0425
017F
00FE
0426
0033
003C
0014
01BB
00B0
0322
0427
0246
00B3
0361
036F
0045
0046
0047
0428
0429
042A
0121
0188
004D
004E
004F
0050
018A
0052
018B
018C
02A3
024B
042B
0058
004F
0014
042C
018E
042D
042E
0030
0083
005F
00F6
0061
0014
0062
0063
042F
0430
0062
0067
0068
0195
006A
006B
006C
006D
006E
006F
036B
0115
0072
02A6
0074
0014
0199
0431
0119
0432
0079
00D2
011C
007C
0014
0014
00C2
025A
01FE
0433
00D5
0083
02A9
0085
00C9
0014
00D9
00D7
0089
008A
008B
008C
036D
008E
0034
0014
01DD
0090
0091
0092
0093
0094
036E
033E
00C9
0014
0434
00DA
033F
0435
0316
0002
0003
02B3
0005
0006
0007
0008
0267
0410
01B0
0173
01B2
000E
01B3
0025
00E7
0012
0014
0014
002D
0014
0002
0002
0014
0014
0014
0016
0017
001A
0014
0014
001A
0002
0002
0014
0002
0014
0002
00A5
001C
0016
001D
0019
0021
0002
0002
0002
0002
0002
0014
0023
001A
0010
001F
001F
0010
0014
0014
0002
0014
0014
0014
0020
0023
0021
0019
0014
001A
0014
0014
0014
0014
0002
0014
0020
001C
0014
0014
0014
001A
0014
0002
0014
0002
0014
0014
0010
00A6
0016
0025
0024
0012
0014
0014
0002
0014
0002
0002
0018
001D
0018
0026
0014
0022
0014
0014
0014
0014
0014
0002
0026
0027
0016
0014
0014
020D
0014
0014
0014
0014
0014
0014
0025
03C3
0021
0025
0013
002A
0014
0002
0014
0014
0014
0002
0019
002B
0010
0013
0014
002D
0014
0014
0014
0002
0014
0002
0022
02B6
0016
0014
0014
0179
0002
0014
0002
0014
0014
0002
0346
00EE
01B7
00AB
0014
0014
02BA
02BB
0436
03F5
017A
003A
003B
0437
0014
0014
0181
003E
01BD
01BE
0041
0042
0186
01C0
0045
0144
0187
0048
0049
004A
004B
0188
0074
004E
007D
0050
012F
02C3
01C5
02C4
0055
0056
0057
0060
003C
0014
0152
018E
01C7
0108
005D
005E
024F
0014
0014
0014
0062
0191
0064
0065
0087
0067
0068
0195
027E
006B
006C
006D
00CC
02C8
0283
0071
0072
0073
027E
0014
00CF
0076
015D
0227
0079
007A
007B
0407
0014
0014
0143
033A
02A8
037F
0082
00D6
041F
0195
0086
0050
0124
01D7
025D
01D9
02D0
008C
01DB
00B4
0034
0014
022E
0090
0438
0439
01A6
0083
01E0
033E
0014
0014
0098
0099
043A
043B
03DA
0002
0263
02D4
043C
0006
009F
043D
023A
0172
0293
000C
01E5
0386
043E
0010
0020
0015
0013
0014
0015
0014
0002
0002
0014
0014
0014
0025
043F
0018
0019
0014
00A7
0002
0014
0014
0014
0014
0014
001B
0020
0016
0022
001E
0016
0014
0002
0014
0002
0002
0014
001B
001D
0016
001E
0014
0010
0002
0014
0014
0014
0014
0014
0015
001B
0018
001E
0014
0021
0014
0002
0002
0014
0014
0014
001F
0298
0440
0022
0014
0441
0014
0002
0014
0014
0002
0014
0023
001A
0010
0022
0014
0016
0014
0014
0014
0002
0002
0002
0015
0012
0010
0025
0014
001A
0014
0014
0014
0014
0014
0014
0013
0442
0140
0026
0014
002A
0002
0014
0014
0014
0014
0014
0025
02F1
0021
0026
0014
002D
0014
0014
0014
0014
0014
0014
0019
03DD
002C
0026
0014
002D
0014
0014
0014
0014
0014
0014
0019
002E
002F
0019
0014
0141
0014
0014
0014
0014
0014
0014
017A
0031
0032
0033
0034
0014
0035
0036
0037
0038
0039
00FE
0443
0033
003C
0014
003D
0444
01EE
01EF
007E
00B3
0043
0044
004F
0046
0035
0055
02DA
0445
0059
004C
004D
0417
004F
0014
0051
02FB
0053
0054
0446
0447
00BD
0058
004F
0014
0059
005A
01F5
01F6
01C3
0448
0449
044A
0061
0014
00F0
0156
044B
044C
0390
02C7
00B7
0069
006A
0014
037D
02DF
01FC
0113
01FD
0392
00CE
0305
0074
0014
044D
0256
019B
044E
044F
00D2
0450
0451
007D
0014
007E
0307
0080
0081
00D5
0083
03D3
0085
00C9
0014
02AD
0452
0453
008A
0201
0046
0202
008E
0034
0014
02BA
0310
0091
0092
01C8
0094
0454
0096
0097
0014
0455
02E7
009A
016D
03A1
0002
0003
01E1
0208
0006
009F
043D
0009
0371
0456
000C
0457
0458
013D
0025
00E7
0015
0013
0014
013F
0014
0002
0002
0014
0014
0014
0016
0017
0018
0026
0014
001A
0002
0002
0014
0002
0014
0014
00A5
0023
0010
0022
001E
0016
0014
0002
0002
0002
0014
0014
0020
001A
0016
0022
0014
0010
0002
0014
0014
0014
0014
0014
0021
001B
0018
0022
0014
001D
0014
0002
0002
0014
0014
0014
0021
0023
0018
0026
0014
001A
0014
0002
0014
0014
0014
0014
0021
001A
0016
0022
0024
0016
0014
0014
0002
0002
0002
0002
0018
001D
0018
0026
0014
0022
0014
0014
0014
0014
0014
0002
0014
0027
0016
0026
0014
00A7
0002
0014
0014
0014
0014
0014
0025
03C3
00A6
0025
0013
002A
0014
0002
0014
0014
0014
0002
0019
002B
002C
0026
0014
002D
0014
0014
0014
0014
0014
0002
0019
002E
002F
0019
0014
0141
0002
0014
0002
0014
0014
0002
0143
00EE
029B
0033
0034
0014
0035
0459
0037
045A
0148
003A
003B
0244
003C
0014
003D
003E
003F
014B
00B2
0056
0043
00B4
007D
0046
0047
0048
045B
00B6
007E
004C
004D
004E
0117
0014
0051
045C
0150
045D
045E
0056
00BD
0058
0002
0014
0152
015F
01F5
01F6
004B
00C3
005F
0060
010A
0014
00C4
0156
0251
00C6
0066
0067
0252
0069
006A
006B
006C
045F
01FC
006F
0070
0071
0405
0073
0117
0014
00CF
0076
0077
0078
0358
0014
0460
0407
007D
0014
007E
022A
0461
0462
0082
0083
0084
02AA
0086
0050
008F
0088
0463
0464
0346
008C
008D
021A
0034
0014
008F
03B8
02AE
0465
005D
0046
0095
00D8
0097
0014
00D9
0466
00DB
0467
02EA
0002
0468
02D4
0469
0006
0007
0008
046A
0172
000B
0173
000D
000E
000F
0010
0020
0012
0014
0014
0015
0014
0002
0002
0014
0014
0014
00A6
0175
0012
0019
0014
002D
0002
0002
0014
0014
0014
0002
001B
001C
0016
001D
0019
0021
0002
0002
0014
0002
0002
0014
001B
001D
0015
001E
001F
0010
0002
0014
0002
0014
0014
0014
0020
0020
0021
001E
0014
0021
0014
0014
0014
0014
0002
0014
0020
001C
0012
0022
0014
0018
0014
0002
0014
0002
0002
0014
0023
00A6
0010
0025
0014
0012
0014
0014
0014
0014
0014
0002
0018
0012
0010
0025
0014
001A
0014
0014
0014
0014
0014
0014
0026
0442
0442
0014
0014
002A
0002
0014
0014
0014
0014
0014
0025
046B
046C
0014
0014
013F
0014
0014
0014
0014
0014
0014
0025
020E
0021
0014
0014
002D
0014
0014
0014
0002
0014
0014
0022
01B5
0021
0014
0014
0179
0014
0014
0014
0014
0014
0014
017A
0031
005F
00AB
0014
0014
0455
00F1
046D
017E
028E
00C3
046E
0033
0034
0014
0181
016B
0183
046F
0181
0042
00FC
0044
0045
0144
00AC
0055
0470
01C2
0121
0188
00B7
0417
004F
0050
018A
0103
018B
018C
0055
024B
0057
0060
004F
0014
0059
0107
01C7
018F
005D
005E
0109
0096
0061
0014
02BE
0250
0471
0193
0472
00C8
0068
0195
027E
0014
037D
0111
0473
0474
0475
00B3
0072
0476
0074
0014
007E
0118
0477
0478
0079
007A
011C
0479
0014
0014
00C2
025A
0080
019F
047A
00FE
047B
047C
0014
0014
0124
047D
047E
047F
01DA
030E
0129
008E
0014
0014
012B
039E
0480
01A5
028E
0094
0481
0096
0014
0014
0131
0099
01A7
009B
0001
0002
009C
02B3
0482
0483
009F
0008
0385
000A
0484
0485
01E5
01E6
000F
0010
0020
0012
0014
0014
001A
0014
0002
0002
0014
0014
0014
0016
001B
0012
0026
0014
001A
0002
0002
0014
0002
0014
0002
001B
001C
0016
001D
0019
0021
0002
0002
0014
0002
0002
0014
0023
001D
0018
001E
001F
0010
0014
0014
0002
0014
0014
0014
0020
0020
0021
001E
0014
0021
0014
0002
0014
0014
0002
0014
0021
001C
0012
0022
0014
0018
0014
0002
0014
0002
0014
0014
0021
00A6
0010
001F
0014
0012
0014
0014
0002
0002
0014
0014
0012
001D
0018
0025
0014
0022
0014
0014
0014
0014
0014
0002
0026
020C
01B4
0014
0014
020D
0014
0014
0014
0014
0014
0014
0025
046B
03A5
0013
0014
02F2
0014
0014
0014
0014
0014
0014
0019
0486
002C
0013
0014
002D
0014
0014
0014
0002
0014
0014
0022
03A6
002F
0014
0014
002A
0014
0014
0014
0014
0014
0014
00AA
0031
005F
00AB
0014
0014
0455
031E
0487
0320
02CE
003A
0488
0033
0097
0014
0489
048A
048B
048C
01C3
029E
00FC
01C0
0045
0046
00AC
0055
048D
048E
01F0
00B8
00B7
02A1
0074
0050
018A
00BA
032B
032C
032D
018D
0186
0060
004F
0014
048F
037B
0490
018F
024D
024E
0109
0060
0061
0014
02DD
036B
0491
0492
0194
0493
0068
0494
027E
0014
037D
0336
0224
02C8
0495
0071
015C
02A6
0074
0014
01C3
0118
0496
019C
00D1
007A
041C
0396
0014
0014
00C2
025A
033B
0497
00D5
00FE
041F
0498
00C9
0014
0124
0499
049A
049B
008B
00FE
01DB
008E
0034
0014
01DD
01A3
049C
01A5
0093
0094
049D
0096
0014
0014
0131
00DA
049E
009B
0262
0002
0263
0342
0208
0006
0007
043D
0009
049F
000B
000C
04A0
013C
013D
0025
00E7
0015
0013
0014
00E8
0014
0002
0014
0014
0014
0014
00A6
00E9
0018
0019
0014
002D
0002
0014
0014
0014
0014
0014
00A5
0020
0016
0025
001E
0016
0014
0002
0002
0002
0002
0014
001B
001A
0016
0022
0014
0010
0002
0014
0014
0014
0014
0014
0021
001B
0018
0019
0014
0012
0014
0002
0002
0014
0014
0014
0020
0020
0018
0026
0014
001A
0014
0002
0014
0014
0002
0014
0023
001A
0016
0022
0024
0016
0014
0014
0002
0014
0002
0002
0018
0012
0010
0026
0014
001A
0014
0014
0014
0014
0014
0014
0014
01E9
0016
0026
0014
00EC
0002
0014
0014
0014
0014
0014
0025
04A1
0012
0025
0013
03C4
0014
0002
0014
0014
0014
0002
0019
04A2
0010
0026
0014
029A
0014
0014
0014
0014
0014
0002
0025
04A3
0021
0019
0014
029A
0002
0014
0002
0014
0014
0002
0030
00EE
02F3
0033
0034
0014
0035
0036
0037
02F5
017F
00C3
04A4
00F6
003C
0014
003D
0374
04A5
0040
0041
0042
0043
0044
00FD
00FE
0047
04A6
0049
004A
01C3
004C
004D
004E
004F
0014
0051
04A7
04A8
0054
02D0
0056
0057
0058
003C
0014
042C
005A
005B
01F6
0163
005E
005F
036F
00C9
0014
00C4
02DE
0064
0065
0066
0067
0252
0069
006A
006B
006C
0111
006E
0254
0070
0115
0072
0073
0117
0014
00CF
04A9
0077
015E
00BF
0014
011C
04AA
007D
0014
007E
022A
037E
04AB
01F0
0083
03D3
04AC
0086
0050
008F
0088
04AD
04AE
027F
008C
036D
01DC
0034
0014
008F
0381
04AF
02AF
028E
0046
036E
036F
0097
0014
00D9
04B0
009A
04B1
04B2
0002
0263
04B3
0005
0006
009F
0318
0009
000A
04B4
000C
04B5
04B6
000F
0010
020B
0012
0013
0014
001E
0014
0002
0014
0014
0014
0014
0016
001B
001D
0026
0014
001A
0014
0002
0014
0002
0014
0014
0023
001C
0010
0026
001E
0012
0002
0002
0014
0002
0014
0014
0023
001D
0018
0022
001F
0010
0014
0014
0002
0014
0014
0014
0020
001B
0021
001E
0014
0021
0014
0002
0014
0014
0002
0014
0021
001C
001D
0026
0014
001A
0014
0002
0014
0002
0002
0014
0023
001A
0010
0026
0014
001F
0014
0014
0014
0002
0002
0002
0018
001D
0010
0025
0014
0022
0014
0014
0014
0014
0014
0014
0014
020C
0140
0014
0014
04B7
0014
0014
0014
0014
0014
0014
0025
002B
0021
0025
0013
0141
0014
0002
0014
0014
0014
0014
0019
002B
0010
0014
0014
002D
0014
0014
0014
0014
0014
0014
0019
002E
0021
0014
0014
0141
0002
0014
0002
0014
0014
0002
04B8
0031
04B9
0033
0034
0014
0246
04BA
04BB
04BC
02CE
003A
0215
0033
0097
0014
003D
04BD
01BD
0323
00B2
03F9
0043
0244
003C
00FE
0047
02C0
04BE
04BF
037D
04C0
004D
04C1
0117
0050
04C2
04C3
04C4
032C
01F4
0056
00B7
0058
004F
0014
032F
03FE
04C5
0331
024D
00C3
005F
00F6
010A
0014
0062
0063
04C6
04C7
04C8
0067
0068
0223
00C9
0014
00CA
0159
0112
0113
036B
0071
00CE
0073
0074
0014
01DA
02E1
0077
0286
00D1
0014
041C
0451
0014
0014
007E
022A
04C9
022B
04CA
0083
022C
0085
0086
0050
0124
04CB
04CC
01A2
0030
0046
01DB
008E
0014
0014
022E
040C
04CD
01A5
0128
0094
049D
036F
0014
0014
0098
02B1
04CE
0340
0001
0002
0003
0004
04CF
0006
0007
03BE
00E2
04D0
000B
0344
01B2
000E
02EF
0019
013E
001A
0014
0014
00E8
0014
0002
0002
0014
0014
0014
00A6
00E9
0018
0019
0014
00A7
0002
0002
0014
0014
0014
0002
001B
0023
0016
001D
0019
0016
0014
0002
0002
0002
0002
0014
001B
001D
0016
001E
0014
0010
0002
0014
0014
0014
0014
0014
0015
0023
0012
0019
0014
0012
0014
0002
0002
0014
0002
0014
0020
001C
0018
0022
0014
0018
0014
0002
0014
0014
0014
0014
0021
00A6
0016
0022
0024
0016
0014
0014
0002
0014
0002
0002
0015
0012
0018
0026
0014
001A
0014
0014
0014
0014
0014
0002
0026
002E
0016
0026
0014
002A
0002
0014
0014
0014
0014
0014
0025
0029
0021
0026
0014
0179
0014
0002
0014
0014
0014
0002
0019
01B5
002C
0026
0014
002D
0014
0014
0014
0002
0014
0002
0022
002B
002F
0019
0014
0179
0014
0014
0014
0014
0014
0002
0030
00EE
04D1
00AB
0014
0014
0220
0036
04D2
0147
017F
00C3
04A4
00F6
003C
0014
02F7
003E
01EE
0040
01BF
0042
031D
0044
0045
0046
01F1
0048
0271
0219
007E
004C
01C4
004E
004F
0014
0051
0052
04A8
0054
02D0
04D3
0057
00AB
003C
0014
0059
005A
04D4
04D5
0163
005E
024F
0060
0061
0014
014C
027C
0064
0065
0066
00C8
0068
0069
006A
006B
0110
006D
01CA
0391
0355
0392
0072
01CD
027E
0014
00C2
0256
04D6
0078
0228
007A
011C
04D7
007D
0014
00C2
04D8
04D9
025B
0082
00D6
03D3
0164
00C9
0014
02AB
0088
03D4
0166
02D0
008C
0202
012A
0034
0014
02AD
03B8
04AF
04DA
0093
0083
0205
0096
0097
0014
0314
0235
009A
016D
0001
0002
0003
02B3
04DB
0006
009F
0008
0267
000A
00A1
000C
00A2
04DC
000F
0010
0016
0012
0013
0014
001E
0014
0014
0014
0014
0014
0014
0016
001B
001D
0014
0014
001A
0002
0002
0014
0002
0014
0002
001B
001C
0021
00A6
001E
0021
0002
0002
0014
0002
0002
0014
0023
001D
001A
001E
001F
0010
0014
0014
0002
0014
0014
0014
0020
001B
0021
001E
0014
0021
0014
0002
0014
0014
0002
0014
0020
001C
0015
0022
0014
0018
0014
0002
0014
0002
0002
0014
0023
001A
0010
0022
0014
0016
0014
0014
0014
0002
0002
0002
0018
001D
0010
0025
0014
0022
0014
0014
0014
0014
0014
0002
0014
020C
0140
0014
0014
04B7
0014
0014
0014
0014
0014
0014
0025
04DD
04DE
0024
0014
0141
0014
0014
0014
0014
0014
0014
0019
04DD
0010
0014
0014
013F
0014
0014
0014
0002
0014
0014
0019
02D7
0016
0014
0014
0141
0002
0014
0002
0014
0014
0014
045E
0031
04DF
0033
0034
0014
0143
031E
04E0
04E1
02CE
003A
0215
0033
0014
0014
003D
00B0
01BD
04E2
044D
029E
0043
00B4
004F
00FE
0035
02C0
04E3
04E4
00CA
04C0
004D
04E5
004F
0050
018A
00BA
04C4
032C
01F4
0056
0365
0058
004F
0014
032F
03FE
04E6
04E7
024D
00C3
005F
00F6
0061
0014
010B
0063
04E8
04E9
04EA
00C8
0068
0223
006A
0014
04EB
0336
04EC
006F
036B
0071
0284
0073
0074
0014
00CF
0076
0077
0227
00D1
0014
04ED
0451
0014
0014
007E
033A
04C9
022B
00D5
02CC
04EE
022D
0086
0014
01D6
04EF
04CC
04F0
0030
00FE
01DB
008E
0014
0014
022E
040C
04CD
01A5
0110
0094
049D
00D8
0014
0014
0098
02B1
04F1
00DC
0341
0002
0263
01AB
0005
0006
0007
0170
00E2
04F2
000B
01B1
04F3
000E
02EF
0025
013E
001A
0014
0014
00E8
0014
0002
0002
0014
0014
0014
00A6
00E9
0018
0019
0014
0141
0002
0014
0014
0014
0014
0014
0023
0023
0016
001D
0025
0016
0014
0002
0002
0002
0002
0014
001B
001D
0016
00A6
0014
0010
0002
0014
0014
0014
0014
0014
001D
0023
0012
001F
0014
0012
0014
0002
0002
0014
0014
0014
0021
0023
0018
0026
0014
001A
0014
0002
0014
0014
0014
0014
0021
00A6
0016
001F
0024
0018
0014
0014
0002
0014
0002
0002
0015
0012
0018
0026
0014
001A
0014
0014
0014
0014
0014
0014
0026
01E9
0016
0026
0014
00EC
0002
0014
0014
0014
0014
0014
0025
0029
0021
0025
0013
0179
0014
0002
0014
0014
0014
0002
0019
0142
002C
0026
0014
002D
0014
0014
0014
0014
0014
0002
0022
04F4
002F
0019
0014
0179
0014
0014
0014
0014
0014
0002
0030
00EE
04F5
0083
0014
0014
04C8
0036
04F6
02F5
017F
00C3
04A4
00F6
003C
0014
02F7
014A
01EE
0040
0041
0042
031D
0044
0045
0046
0287
0048
0271
04F7
007E
004C
01C4
004E
007D
0014
0051
02FB
04A8
0054
02D0
04D3
0057
0325
003C
0014
0059
005A
04D4
04D5
0163
005E
024F
0060
010A
0014
00C4
027C
0064
0065
0066
0067
0068
0069
027E
006B
006C
04F8
01CA
01CB
0355
0392
0072
01CD
027E
0014
00C2
04F9
04FA
0257
0228
007A
011C
04FB
007D
0014
007E
0307
0308
025B
0082
0083
03D3
030A
00C9
0050
02AB
0088
04FC
04FD
00B9
008C
0202
012A
0034
0014
02AD
0168
04AF
04DA
0093
0083
02B0
0096
0097
0014
0314
0315
009A
016D
0135
0002
0238
04B3
04FE
0006
009F
04FF
0267
0500
01E4
0268
0501
01E6
01E7
0010
0016
0012
0014
0014
001E
0014
0014
0014
0014
0014
0014
0025
043F
001D
0026
0014
00A7
0014
0002
0014
0002
0014
0014
0010
001B
0021
001D
0014
0018
0014
0002
0014
0002
0002
0014
0023
001D
0010
0022
001F
0021
0014
0014
0002
0014
0014
0014
0020
0021
0021
001E
0014
0021
0014
0002
0014
0014
0002
0014
001F
0502
0015
0022
0014
0441
0014
0002
0014
0002
0014
0014
0023
001A
0010
0024
0014
0012
0014
0014
0014
0002
0002
0002
0018
001D
0010
0025
0014
0022
0014
0014
0014
0014
0014
0014
0014
002E
0012
0014
0014
0503
0014
0014
0014
0014
0014
0014
0025
0029
0012
0013
0014
0179
0014
0014
0014
0014
0014
0014
0019
00A8
0018
0013
0014
002D
0014
0014
0014
0014
0014
0014
0022
03A6
0015
0014
0014
002A
0002
0014
0002
0014
0014
0002
0204
0031
0504
0033
0014
0014
0505
0506
0507
0508
0039
00FE
0509
0033
0097
0014
050A
050B
050C
050D
044D
050E
0043
036C
0045
0014
0035
02C0
050F
0510
0121
0417
004D
0189
0117
0050
04C2
0103
0275
0105
032D
0056
0511
0058
004F
0014
042C
018E
0512
0331
024D
0448
0449
00F6
0061
0014
0472
0156
0513
01FA
0472
00C8
0068
0223
00C9
0014
0514
0515
0516
0517
036B
0115
0072
0073
0074
0014
01DA
02E1
0077
0286
011B
0014
011C
007C
0014
0014
007E
033A
01FE
022B
00D5
00D6
0518
0085
0086
0014
01D6
0289
0089
028A
008B
008C
0519
008E
0034
0014
022E
051A
01A4
028D
012F
0094
051B
051C
0014
0014
0098
051D
0290
051E
03A1
0002
0003
0004
0005
0006
0007
051F
023A
0520
01B0
023D
0521
000E
01B3
0025
013E
001A
0013
0014
00E8
0014
0002
0002
0014
0014
0014
0016
0017
0018
0019
0014
001A
0002
0002
0014
0014
0014
0002
001B
001C
0016
00A6
001E
0016
0002
0002
0002
0002
0002
0014
001B
001D
0016
001E
0014
0010
0002
0014
0014
0014
0014
0014
0015
001B
0012
001F
0014
0012
0014
0002
0002
0014
0002
0014
0020
001C
0018
0013
0014
001A
0014
0002
0014
0014
0002
0014
0016
00A6
0016
0022
0024
0016
0014
0014
0002
0014
0002
0002
0012
0012
0010
0026
0014
001A
0014
0014
0014
0014
0014
0002
0026
0140
00EB
0026
0014
0028
0002
0014
0014
0014
0014
0014
0025
0142
0021
0025
0013
0141
0014
0002
0014
0014
0014
0002
0025
0142
002C
0026
0014
002D
0014
0014
0014
0002
0014
0002
0019
02B8
002F
0019
0014
002D
0014
0014
0014
0014
0014
0002
0346
00EE
0347
0211
0034
0014
0035
0348
0522
0523
0242
003A
003B
00F6
003C
0014
0416
003E
003F
0040
0041
0042
0186
0044
00FD
0046
0287
0048
01C1
0219
007E
004C
01C4
004E
004F
0014
0051
02C3
0150
034D
02D0
02FD
0057
00F6
003C
0014
034E
005A
0524
0525
01C8
005E
024F
0060
00C9
0014
00C4
0191
0064
0065
0066
0067
0068
0069
006A
006B
006C
0526
01CA
0225
0355
0071
0284
01CD
027E
0014
00C2
0256
04FA
0078
00D1
007A
041C
01D1
007D
0014
007E
025A
01D3
025B
0082
0083
0084
0195
00C9
0050
02AB
0088
0527
04AE
017A
0046
008D
012A
0034
0014
02AD
0090
04AF
0528
0093
0144
0095
0096
0097
0014
0455
0099
009A
01A8
0529
0002
0238
02D4
0265
0006
0007
00A0
0009
000A
0293
052A
00A2
000E
000F
0010
001B
0012
0013
0014
001E
0014
0014
0002
0014
0014
0014
0016
001B
0018
0026
0014
001A
0002
0014
0014
0014
0014
0002
001B
0023
0016
001D
0019
0021
0002
0002
0014
0014
0002
0014
0023
001D
0016
001E
0014
0010
0014
0014
0014
0014
0014
0014
0021
0023
0021
001E
0014
0021
0014
0002
0002
0014
0002
0014
0020
001C
0015
0026
0014
001A
0014
0002
0014
0014
0002
0014
0023
001A
0010
0022
0014
0016
0014
0014
0002
0014
0002
0002
0018
001D
0010
0025
0014
0022
0014
0014
0014
0014
0014
0014
0026
0027
0021
0026
0014
020D
0014
0014
0014
0014
0014
0014
0025
0029
0018
0025
0013
002A
0014
0014
0014
0014
0014
0002
0019
00A8
0010
0014
0014
002D
0014
0014
0014
0002
0014
0002
0022
052B
0021
0014
0014
0179
0002
0014
0002
0014
0014
0002
052C
0031
052D
00AB
0034
0014
0155
052E
052F
0530
0531
003A
003B
0033
0097
0014
050A
014A
026D
0532
037D
00B3
0043
00B4
0045
0144
0035
0048
045B
0533
0534
032A
00B7
004E
0074
0014
0051
02FB
0535
0536
00AA
0056
0537
0060
004F
0014
0538
0278
0539
0108
053A
00C3
005F
00F6
010A
0014
02DD
0156
053B
00C6
0472
00C8
0252
027D
006A
0014
027F
053C
036A
053D
0283
0071
0284
0073
0074
0014
00CF
03D2
0077
0286
015F
007A
053E
007C
007D
0014
007E
033A
033B
022B
00B2
0083
022C
0085
0086
0050
022E
0125
0089
01A2
018A
008C
01DB
008E
0014
0014
022E
0168
01A4
02E5
028E
0094
01E0
00D8
0014
0014
0098
053F
0540
0541
0001
0002
0003
02B3
0239
0006
009F
00E1
023A
00E3
0542
000C
00E5
0543
013D
0025
00E7
0015
0014
0014
00E8
0014
0002
0002
0014
0014
0014
00A6
00E9
0012
0019
0014
00A7
0002
0002
0014
0002
0014
0014
0023
001C
0016
00A6
001E
0016
0014
0002
0002
0002
0014
0014
001B
001D
001A
0022
001F
0010
0002
0014
0002
0014
0014
0014
0020
001B
0018
0022
0014
0012
0014
0002
0014
0014
0002
0014
0021
001C
0018
0022
0014
0018
0014
0002
0014
0002
0014
0014
0021
001E
0016
001F
0024
0018
0014
0014
0002
0002
0002
0002
0018
0012
0018
0026
0014
001A
0014
0014
0014
0014
0014
0002
0013
00EA
00EB
0014
0014
00EC
0002
0014
0014
0014
0014
0014
0025
002B
0021
0026
0014
002D
0014
0002
0014
0014
0014
0014
0025
0142
002C
0026
0014
002D
0014
0014
0014
0014
0014
0014
0025
002E
002F
0019
0014
0141
0014
0014
0014
0014
0014
0002
0346
00EE
029B
0033
0014
0014
01EA
0348
0037
02BD
0544
00C3
0545
021E
003C
0014
01EC
01ED
01EE
0040
00FB
0042
0186
0044
004F
0046
0287
0270
01C1
0219
00CA
004C
004D
0417
004F
0050
018A
02C3
02A2
0151
0055
0546
0057
0058
0002
0014
034E
005A
005B
01F6
005D
005E
0547
0060
0061
0014
02C6
0191
0471
0548
0066
0067
0068
0069
0002
006B
00CA
006D
01CA
006F
0355
0115
0072
02A6
007D
0014
00C2
0256
04FA
0078
0079
007A
011C
02A7
0014
0014
007E
025A
011F
0549
00D5
0144
01FF
02AA
00C9
0014
0087
0452
0165
02CF
0346
030E
025F
012A
0034
0014
0260
01A3
02AE
016A
0093
00FE
0454
0096
0097
0014
0455
0099
0207
009B
02EA
0002
0238
0342
04CF
0006
009F
0008
00E2
01AF
000B
0268
01B2
0174
054A
0019
002B
0015
0014
0014
00E8
0014
0002
0002
0014
0014
0014
0016
020B
0012
0019
0014
001A
0002
0014
0014
0014
0014
0002
001B
0023
0016
00A6
001E
0016
0014
0002
0014
0002
0002
0014
001B
001D
0016
001E
0014
0010
0002
0014
0014
0014
0014
0014
001D
001B
0012
001F
0014
0012
0014
0014
0014
0014
0002
0014
0020
001C
0018
0022
0014
0018
0014
0002
0014
0014
0002
0014
0023
001A
0010
001F
0014
0018
0014
0014
0014
0014
0014
0002
0018
001D
0010
0026
0014
0022
0014
0014
0014
0014
0014
0014
0026
020C
00EA
0014
0014
020D
0014
0014
0014
0014
0014
0014
0025
020E
00EA
0026
0014
0141
0014
0014
0014
0014
0014
0014
0019
03DD
0021
0026
0014
002D
0014
0014
0014
0002
0014
0014
0019
00ED
0021
0019
0014
002D
0014
0014
0014
0014
0014
0014
0204
00EE
054B
00AB
0014
0014
0212
00F1
054C
054D
0039
003A
054E
00F6
003C
0014
03DE
054F
0550
0551
0181
0042
0552
0044
004F
00FE
01F1
02C0
0553
0554
0059
0555
01C4
02A1
004F
0014
038C
02FB
0556
03AB
018A
0106
0057
0392
0097
0014
0059
0107
0557
0558
0559
005E
055A
0060
0061
0014
0220
0301
055B
055C
0194
03AE
0068
03AF
027E
0014
0110
0111
03B0
055D
01CC
0071
0072
055E
027E
0014
00C2
0118
055F
0560
0228
007A
007B
0561
0014
0014
00C2
0562
02A8
0120
00D5
0083
022C
0563
00C9
0014
00C2
039A
0126
0564
0110
0046
0565
012A
0034
0014
0505
0310
0566
0567
028E
00FE
0568
0096
0097
0014
0455
0315
0569
03BC
0316
0002
0003
03EA
0005
0006
0007
056A
0009
056B
0372
023D
056C
000E
000F
0010
0011
0012
0013
0014
001A
0014
0002
0014
0014
0014
0014
0025
0297
0018
0026
0014
0141
0014
0002
0014
0002
0014
0014
00A5
001C
0010
001D
0025
0021
0002
0002
0002
0002
0014
0014
0023
001D
0010
00A6
001F
0010
0014
0014
0002
0014
0014
0014
0020
0023
0021
001E
0014
0021
0014
0002
0002
0014
0002
0014
0025
02F0
001A
0026
0014
0178
0014
0002
0014
0002
0014
0014
0021
001E
0016
0022
0024
0016
0014
0014
0002
0002
0002
0002
0014
020C
0389
0025
0014
00A7
0014
0014
0014
0014
0014
0002
0014
01E9
0016
0026
0014
00EC
0002
0014
0014
0014
0014
0014
0025
0029
0021
0025
0013
0179
0014
0002
0014
0014
0014
0002
0019
002B
002C
0013
0014
002D
0014
0014
0014
0014
0014
0002
0022
00A9
002F
0014
0014
002A
0002
0014
0002
0014
0014
0002
0143
0031
0032
0033
0034
0014
00AC
00AD
0037
0038
017A
00FE
056D
0033
0097
0014
003D
003E
056E
014B
00B2
0056
0043
056F
0045
0046
0047
0048
0570
00B6
004B
004C
004D
004E
0061
0050
00B9
02C3
0053
00BB
02A3
0056
00BD
0058
004F
0014
032F
00BF
01F5
005C
0030
0083
0571
00F6
010A
0014
0062
0063
0572
0573
0066
0067
0068
0069
006A
006B
00CA
045F
00CC
006F
0355
0014
0574
0575
0074
0014
00CF
0076
015D
0078
0406
0014
0258
007C
007D
0014
007E
022A
0080
0081
0082
00D6
02A9
0085
0086
0050
008F
0088
0089
008A
008B
008C
033C
008E
0034
0014
008F
0090
0091
0092
0093
0094
0576
036F
0014
0014
0098
00DA
033F
0340
0577
0002
0263
02D4
043C
0006
009F
00A0
023A
0172
0578
000C
01E5
0579
000F
0010
0020
0015
0013
0014
0015
0014
0002
0002
0014
0014
0014
0025
0298
0440
0019
0014
00A7
0002
0014
0014
0002
0014
0002
001B
001C
0016
0025
001E
0016
0002
0002
0014
0002
0002
0014
001B
001D
0016
001E
0014
0010
0002
0014
0014
0014
0014
0014
0015
001B
0018
001E
0014
0021
0014
0002
0002
0014
0002
0014
0020
001C
0018
0026
0014
001A
0014
0002
0014
0014
0002
0014
0023
001A
0010
0022
0014
0016
0014
0014
0014
0002
0002
0002
0018
0012
0010
0025
0014
001A
0014
0014
0014
0014
0014
0014
0013
0442
0140
0026
0014
002A
0002
0014
0014
0014
0014
0014
0026
02F1
0021
0026
0014
013F
0014
0014
0014
0014
0014
0014
0025
03DD
002C
0026
0014
013F
0014
0014
0014
0002
0014
0014
0025
0442
002F
0019
0014
0141
0014
0014
0014
0014
0014
0014
057A
0031
057B
0033
0034
0014
0246
00AD
057C
017E
0446
0144
0443
057D
003C
0014
003D
04BD
057E
057F
0199
00B3
0043
0044
00FD
0046
0035
01F2
02DA
0580
048F
021A
004D
0417
004F
0014
00B9
0581
0582
0583
0446
0447
0584
0058
004F
0014
034E
015F
02DC
01F6
053A
008C
005F
0060
010A
0014
00F0
0063
044B
0585
0194
02C7
0045
03AF
006A
0014
037D
02DF
03B0
0586
0196
0115
0284
0305
0074
0014
044D
0118
019B
0587
0588
00D2
0450
0451
007D
0014
007E
025A
0080
019F
00D5
02CC
0589
0085
00C9
0014
01D6
03B4
058A
03B6
0030
030E
058B
008E
0034
0014
012B
01A3
058C
01A5
01C8
0094
058D
0096
0097
0014
0455
02B1
058E
009B
0001
0002
0003
02B3
0005
0006
0007
0318
0009
0410
000B
0173
01B2
000E
02EF
0025
013E
0012
0014
0014
002D
0014
0002
0002
0014
0014
0014
0016
0017
001F
0014
0014
001A
0002
0002
0014
0014
0014
0014
00A5
001B
0016
001D
0014
0021
0014
0002
0002
0002
0002
0014
0023
001E
0010
0022
001F
0010
0014
0014
0002
0014
0014
0014
0020
0023
0021
0019
0014
001D
0014
0014
0014
0014
0002
0014
0021
001C
001D
0022
0014
0018
0014
0002
0014
0002
0014
0014
0010
00A6
0016
0025
0024
0012
0014
0014
0002
0014
0002
0002
0018
001D
0018
0026
0014
0022
0014
0014
0014
0014
0014
0002
0026
0027
0016
0014
0014
00A7
0002
0014
0014
0014
0014
0014
0025
03C3
0021
0025
0013
002A
0014
0002
0014
0014
0014
0002
0019
002B
0010
0013
0014
002D
0014
0014
0014
0014
0014
0002
0022
02B8
0016
0014
0014
0179
0002
0014
0002
0014
0014
0002
0030
00EE
0145
00AB
0014
0014
0155
017C
03C7
0147
0039
003A
003B
006B
0014
0014
0181
003E
003F
0040
0041
0042
0186
01C0
0045
0014
0187
0048
0049
004A
004B
004C
007D
004E
007D
0050
0102
0052
0150
0054
0055
0056
0057
0060
003C
0014
042C
018E
01C7
0108
005D
005E
024F
0414
0061
0014
0062
027C
0064
0065
0066
0067
0068
0069
027E
006B
006C
006D
03CE
02C8
0070
0071
0072
0073
027E
0014
00CF
0076
015D
0078
011B
007A
007B
04D7
0014
0014
0143
033A
02A8
025B
0163
0083
0084
0164
0086
0050
008F
0088
025D
0166
02D0
008C
008D
0167
0034
0014
008F
03B8
02D2
016A
01A6
0083
0095
033E
0014
0014
0098
0235
033F
04B1
058F
0002
0238
0590
04CF
0006
0007
0008
00E2
0172
000B
00E4
000D
000E
01E7
0010
001B
0012
0014
0014
0015
0014
0002
0002
0014
0014
0014
00A6
0388
0012
0019
0014
002D
0002
0014
0014
0014
0014
0002
001B
0020
0016
001D
0019
0016
0014
0014
0002
0002
0002
0014
001B
001D
0010
001E
0014
0010
0002
0014
0014
0014
0014
0014
0021
0023
0021
001E
0014
0021
0014
0002
0014
0014
0002
0014
0021
001C
0012
0026
0014
001A
0014
0002
0014
0014
0002
0014
0023
00A6
0021
0025
0014
0012
0014
0014
0002
0014
0002
0002
0018
001D
0010
0026
0014
0022
0014
0014
0014
0014
0014
0014
0026
002E
0021
0014
0014
02F2
0014
0014
0014
0014
0014
0014
0025
0029
0021
0026
0014
0179
0014
0014
0014
0014
0014
0014
0019
00A8
0021
0026
0014
002D
0014
0014
0014
0002
0014
0014
0022
01B5
0021
0026
0014
0179
0002
0014
0002
0014
0014
0014
052C
0031
057B
00AB
0014
0014
0155
0591
0213
0530
028E
00C3
0180
0033
003C
0014
050A
0592
0593
0594
01BF
0042
0043
0044
0045
0144
0035
0595
0271
04F7
0596
0597
00B7
0189
0074
0014
008C
0598
0599
03AB
00B9
024B
0057
021E
004F
0014
0059
059A
059B
059C
0163
005E
005F
0096
010A
0014
0155
059D
0192
059E
0472
00C8
0068
027D
027E
0014
027F
059F
05A0
05A1
05A2
0115
0072
01CD
0117
0014
0255
05A3
05A4
05A5
00BF
007A
011C
007C
0014
0014
00C2
05A6
01FE
05A7
01F0
00D6
05A8
0085
00C9
0014
01DD
05A9
0089
028A
018A
008C
02E3
008E
0034
0014
0455
05AA
01A4
05AB
028E
0094
05AC
0096
00C9
0014
05AD
05AE
05AF
05B0
0001
0002
0003
0004
0005
0006
009F
05B1
0009
0371
05B2
000C
05B3
0386
01B3
0025
00E7
0015
0013
0014
002D
0014
0002
0002
0014
0014
0014
0016
0017
0018
0014
0014
001A
0014
0002
0014
0002
0014
0014
00A5
001C
0016
00A6
001E
0021
0002
0002
0014
0002
0014
0014
0023
001A
0016
00A6
001F
0010
0002
0014
0002
0014
0014
0014
0020
001B
0018
0022
0014
0015
0014
0002
0002
0014
0002
0014
0020
001C
0018
0022
0014
0018
0014
0002
0014
0002
0014
0014
0021
001A
0016
0022
0024
0016
0014
0014
0002
0002
0002
0002
0012
0012
0018
0025
0014
001A
0014
0014
0014
0014
0014
0002
0013
0140
00EB
0026
0014
0028
0002
0014
0014
0014
0014
0014
0025
0142
0021
0025
0013
0141
0014
0002
0014
0014
0014
0002
0025
002B
002C
0013
0014
002D
0014
0014
0014
0014
0014
0002
0025
002E
002F
0019
0014
0141
0014
0014
0014
0014
0014
0002
0143
00EE
029B
0033
0034
0014
00AC
05B4
0037
05B5
00AF
003A
003B
00F6
0014
0014
0416
05B6
003F
05B7
00B2
0056
0186
01C0
004F
0046
0187
0055
029F
02A0
0121
004C
004D
004E
004F
0050
00B9
05B8
0150
045D
02A3
0056
0186
0058
0002
0014
032F
00BF
01F5
005C
024D
024E
024F
0060
0061
0014
0062
05B9
0251
05BA
0066
0067
0068
0069
006A
006B
00CA
05BB
006E
006F
0070
0071
0284
0073
0074
0014
0075
0076
0077
0078
00D1
007A
041C
01D1
007D
0014
007E
007F
011F
0549
00D5
0083
0084
02AA
0086
0050
0087
0452
05BC
05BD
0030
0046
008D
021A
0034
0014
008F
0090
02AE
0465
005D
00FE
0095
005E
0097
0014
0098
0261
009A
05BE
05BF
0002
0263
02D4
0208
0006
009F
0008
023A
000A
000B
0268
000D
0174
01E7
0010
0020
0015
0014
0014
001A
0014
0002
0002
0014
0014
0014
0016
0020
0018
0026
0014
001E
0002
0014
0014
0014
0014
0002
001B
0010
0016
00A6
001E
0016
0014
0002
0014
0002
0002
0014
0016
001D
0016
001E
0014
0010
0002
0014
0014
0014
0014
0014
001D
001B
001D
001E
0014
0021
0014
0002
0002
0014
0002
0014
0020
001C
0018
0026
0014
001A
0014
0002
0014
0014
0002
0014
0023
001A
0010
001F
0014
0018
0014
0014
0014
0002
0014
0002
0018
001D
0010
0026
0014
0022
0014
0014
0014
0014
0014
0014
0026
020C
00EA
0026
0014
020D
0014
0014
0014
0014
0014
0014
0025
02F1
0021
0025
0013
02F2
0014
0014
0014
0014
0014
0014
0019
03DD
0010
0026
0014
013F
0014
0014
0014
0002
0014
0014
0019
002E
0021
0019
0014
0141
0014
0014
0014
0014
0014
0014
0204
0031
005F
0414
0014
0014
0212
0036
0213
0214
0039
003A
00CE
0033
003C
0014
03DE
05C0
05C1
05C2
0041
0042
05C3
01C0
00FD
00FE
01F1
0055
05C4
05C5
0059
05C6
00B7
02A1
004F
0014
0051
02FB
05C7
03AB
00B9
0106
0057
021E
004F
0014
0059
005A
05C8
03E2
0124
005E
04DF
0060
010A
0014
00F0
0301
05C9
05CA
0194
03AE
00B7
03AF
027E
0014
037D
0253
03B0
055D
01CC
0071
0284
0305
0117
0014
007E
0118
019B
0560
0358
007A
00D3
05CB
007D
0014
007E
0307
05CC
019F
00D5
00FE
01D5
0085
00C9
0050
01D6
03B4
058A
03B6
0346
00FE
05CD
008E
0034
0014
012B
0310
05CE
02E5
028E
0094
0568
0096
0097
0014
0455
0315
0569
03BC
0001
0002
0003
03EA
0239
0006
0007
056A
0009
05CF
03C0
023D
03C1
000E
01B3
0025
00E7
0012
0013
0014
00E8
0014
0002
0014
0014
0014
0014
0025
03EF
001E
0019
0014
0141
0002
0002
0014
0002
0014
0014
0021
001C
0018
001D
0025
0021
0002
0002
0002
0002
0014
0014
001B
001E
0010
0022
001F
0010
0002
0014
0002
0014
0014
0014
0020
0023
0021
0019
0014
0012
0014
0014
0014
0014
0002
0014
0025
05D0
001E
0022
0014
0440
0014
0002
0014
0002
0014
0014
0021
001E
0016
0022
0024
0016
0014
0014
0002
0014
0002
0002
0014
020C
0389
0025
0014
00A7
0014
0014
0014
0014
0014
0002
0014
01E9
0016
0014
0014
00EC
0002
0014
0014
0014
0014
0014
0025
03C3
0021
0013
0014
03C4
0014
0002
0014
0014
0014
0002
0019
0142
002C
0013
0014
002D
0014
0014
0014
0014
0014
0002
0022
002B
002F
0014
0014
0179
0002
0014
0002
0014
0014
0002
0143
00EE
0145
0033
0034
0014
00AC
031E
0037
0147
017A
00FE
0321
0211
0034
0014
003D
003E
05D1
014B
0246
0056
0043
0044
0045
0046
0047
0048
01F3
0247
004B
004C
004D
004E
0061
0050
018A
02C3
05D2
05D3
02A3
0056
00BD
0058
003C
0014
032F
024C
01F5
0108
0030
0083
0367
00AB
0061
0014
0062
0063
05D4
05D5
0066
0067
0068
0069
006A
006B
006C
006D
00CC
006F
0355
0014
03D0
0575
0074
0014
00CF
0076
015D
0078
0079
0014
011C
0407
0014
0014
007E
033A
011F
0162
0082
0083
02A9
0195
0086
0014
008F
0088
03D4
0166
02D0
008C
05D6
03D5
0034
0014
008F
0090
05D7
03D8
0093
0083
05D8
033E
0014
0014
0098
00DA
033F
0340
0341
0002
05D9
02D4
0208
0006
0007
0008
05DA
000A
000B
0268
000D
000E
01E7
0010
0020
0015
0014
0014
0015
0014
0002
0002
0014
0014
0014
0016
020B
0012
0019
0014
001A
0002
0014
0014
0014
0014
0002
001B
0010
0016
0026
001E
0016
0014
0014
0014
0002
0002
0014
001B
001D
0018
001E
0014
0010
0002
0014
0014
0014
0014
0014
001D
001B
001D
001E
0014
0021
0014
0002
0014
0014
0002
0014
0020
001C
0018
0026
0014
001A
0014
0002
0014
0014
0002
0014
0023
00A6
0010
001F
0014
0018
0014
0014
0014
0014
0014
0002
0018
001D
0010
0026
0014
0022
0014
0014
0014
0014
0014
0014
0026
020C
00EA
0014
0014
020D
0014
0014
0014
0014
0014
0014
0025
020E
00EA
0025
0013
02F2
0014
0014
0014
0014
0014
0014
0019
03DD
0010
0026
0014
013F
0014
0014
0014
0002
0014
0014
0019
01B5
0021
0019
0014
002D
0014
0014
0014
0014
0014
0014
0204
0031
005F
00AB
0014
0014
0212
05DB
0213
05DC
017F
003A
0215
0033
003C
0014
05DD
05DE
05DF
05E0
0041
0042
0043
0044
0002
00FE
0035
034A
05E1
05E2
01C3
021A
00B7
02A1
0074
0014
038C
05E3
0582
03AB
00B9
0437
0057
021E
004F
0014
0059
059A
05E4
05E5
0163
005E
005F
0060
010A
0014
0220
05E6
05E7
05CA
0194
03AE
05E8
03AF
027E
0014
027F
05E9
05EA
05EB
01CC
0071
0284
0476
0117
0014
0199
019A
02C9
0560
0358
007A
00D3
05CB
0014
0014
007E
035A
05CC
019F
0082
00FE
01D5
05EC
00C9
0050
01DD
030B
058A
03B6
0110
00FE
05CD
008E
0034
0014
0455
05ED
05EE
05EF
028E
0094
0568
0096
0097
0014
05AD
01B8
05F0
05F1
0001
0002
0003
02B3
0239
0006
009F
056A
0009
05F2
05F3
023D
05F4
00A3
01B3
0025
00E7
0012
0013
0014
002D
0014
0002
0014
0014
0014
0014
0025
0297
0018
0014
0014
0141
0014
0002
0014
0002
0014
0014
00A5
001C
0010
001D
0025
0021
0002
0002
0002
0002
0014
0014
0023
00A6
0016
00A6
001F
0010
0014
0014
0002
0014
0014
0014
0020
00A5
0021
0022
0014
001D
0014
0002
0002
0014
0002
0014
0025
031C
001A
0022
0014
0440
0014
0002
0014
0002
0014
0014
0021
001A
0016
0022
0024
0016
0014
0014
0002
0002
0002
0002
0014
020C
0389
0025
0014
00A7
0014
0014
0014
0014
0014
0002
0014
01E9
0016
0026
0014
00EC
0002
0014
0014
0014
0014
0014
0025
03C3
0021
0013
0014
0179
0014
0002
0014
0014
0014
0002
0019
0142
002C
0013
0014
002D
0014
0014
0014
0014
0014
0002
0022
002E
002F
0014
0014
002A
0002
0014
0002
0014
0014
0002
0143
00EE
029B
0033
0034
0014
00AC
00AD
0037
05B5
00AF
00FE
05F5
0056
0014
0014
0416
048A
05F6
05F7
0246
0056
0186
056F
0045
0046
0187
0055
0570
00B6
0121
004C
004D
004E
004F
0050
00B9
0364
05F8
05F9
032D
0056
00BD
0058
0002
0014
032F
00BF
01F5
005C
024D
0083
05FA
0325
0061
0014
0062
0191
0368
05FB
0066
0067
0068
0069
006A
006B
00CA
006D
006E
006F
01FD
0014
03D0
0575
0074
0014
0075
0076
0077
0078
0079
0014
011C
0407
007D
0014
007E
022A
011F
0549
00D5
0083
02A9
02AA
0086
0014
0087
00D7
0463
05FC
008B
008C
033C
021A
0034
0014
008F
0090
02AE
05FD
0093
0083
033D
036F
0014
0014
0098
00DA
033F
0340
02EA
0002
00DE
01AB
05FE
0006
0007
02EB
00E2
0343
000B
05FF
0600
000E
013D
0019
0142
001A
0014
0014
00E8
0014
0002
0002
0014
0014
0014
0016
020B
0018
0019
0014
001A
0002
0014
0014
0002
0014
0002
001B
0023
0016
001D
001E
0016
0014
0002
0014
0002
0002
0014
001B
001D
0016
001E
0014
0010
0002
0014
0014
0014
0014
0014
0019
001B
001E
0025
0014
0012
0014
0002
0002
0014
0002
0014
0020
001C
0018
0022
0014
0018
0014
0002
0014
0014
0002
0014
0023
001A
0010
001F
0014
0018
0014
0014
0014
0014
0014
0002
0018
0012
0010
0026
0014
001A
0014
0014
0014
0014
0014
0014
0026
0140
0140
0026
0014
0028
0002
0014
0014
0014
0014
0014
0025
02F1
0021
0026
0014
0141
0014
0014
0014
0014
0014
0014
0025
03DD
002C
0026
0014
002D
0014
0014
0014
0002
0014
0014
0022
00ED
002F
0019
0014
0179
0014
0014
0014
0014
0014
0014
017A
00EE
0347
003A
0014
0014
0220
0036
02F4
02F5
00F4
003A
02F6
00F6
003C
0014
03DE
014A
003F
0040
0181
0042
0601
0044
0045
0046
01F1
0048
0602
0603
007E
004C
01C4
0417
004F
0014
0051
02FB
0150
0054
02D0
008C
0057
02FD
0097
0014
0059
005A
0604
0605
0163
005E
0300
0060
0061
0014
0155
0301
0606
0607
0390
0058
0068
0069
027E
0014
037D
0111
01FC
03E5
0070
0071
0072
027D
027E
0014
044D
0256
03E7
015E
0228
007A
007B
0608
007D
0014
007E
035A
0308
025B
0082
0083
0084
030A
00C9
0014
02AD
0088
0527
04AE
0277
0046
008D
012A
0034
0014
02BA
0310
04AF
04DA
0093
0083
0095
0096
0097
0014
0314
0315
009A
016D
0316
0002
0003
03EA
0005
0006
009F
0318
0009
0609
00A1
000C
031A
0458
000F
0010
0011
0012
0013
0014
001E
0014
0002
0014
0014
0014
0014
0025
0297
001D
0026
0014
002D
0014
0002
0014
0014
0014
0014
001E
03F1
0018
0026
0014
020C
0002
0002
0002
0002
0014
0014
0023
001D
0010
0022
001F
0021
0014
0014
0002
0014
0014
0014
0020
0016
0021
001E
0014
0021
0014
0002
0014
0014
0002
0014
001F
031C
001A
0026
0014
0141
0014
0002
0014
0002
0014
0014
0010
001E
0016
0022
0024
0016
0014
0014
0002
0002
0002
0002
0012
001A
0018
0025
0014
0022
0014
0014
0014
0014
0014
0002
0014
01E9
0016
0014
0014
060A
0014
0014
0014
0014
0014
0014
0025
0029
0021
0025
0013
0179
0014
0002
0014
0014
0014
0002
0019
002B
0010
0013
0014
002D
0014
0014
0014
0014
0014
0002
0019
02D7
0016
0014
0014
0141
0002
0014
0002
0014
0014
0002
0143
0031
0424
0033
0034
0014
00AC
031E
00F2
0425
00AF
00FE
0321
0033
0097
0014
003D
00B0
0322
0323
00B2
0325
060B
00F6
010A
0014
0047
02C0
060C
060D
0121
0188
004D
004E
0061
0050
018A
00BA
018B
060E
01F4
0056
03FD
0058
004F
0014
032F
03FE
03FF
0400
024D
0083
060F
00F6
010A
0014
0062
0063
0610
0334
00C4
0067
0068
0195
006A
006B
006C
0336
00CC
006F
0404
036C
0405
0073
0074
0014
00CF
0076
0611
0227
0406
0014
0258
007C
0014
0014
007E
033A
033B
022B
00D5
00D6
0612
0085
0086
0050
0124
0613
0089
0614
0030
008C
0615
008E
0034
0014
022E
0090
01A4
01A5
0204
0094
0616
036F
0014
0014
0098
0261
043A
0340
02EA
0002
0263
01AB
05FE
0006
0007
02EB
00E2
0343
000B
0268
0617
000E
02EF
0019
0142
001A
0014
0014
00E8
0014
0002
0002
0014
0014
0014
0016
020B
0018
0019
0014
001A
0002
0014
0014
0014
0014
0002
001B
001D
0016
00A6
001E
0016
0014
0014
0014
0002
0002
0014
001B
001D
0016
001E
0014
0010
0002
0014
0014
0014
0014
0014
0019
0618
00A6
001F
0014
02B7
0014
0002
0002
0014
0002
0014
0020
001C
0018
0022
0014
0018
0014
0002
0014
0014
0002
0014
0023
001A
0010
001F
0014
0018
0014
0014
0014
0014
0014
0002
0018
0012
0010
0026
0014
001A
0014
0014
0014
0014
0014
0014
0026
0140
0140
0026
0014
0028
0002
0014
0014
0014
0014
0014
0025
02F1
0021
0026
0014
02F2
0014
0014
0014
0014
0014
0014
0025
03DD
002C
0026
0014
013F
0014
0014
0014
0002
0014
0014
0019
00ED
002F
0019
0014
002D
0014
0014
0014
0014
0014
0014
017A
00EE
02F3
003A
0014
0014
0212
0036
0619
02F5
017F
003A
02F6
00F6
003C
0014
03DE
014A
003F
0040
01BF
0042
02F8
0044
004F
0046
01F1
0048
061A
02FA
007E
004C
01C4
0417
004F
0014
0051
02FB
0150
0054
02D0
008C
061B
02FD
0097
0014
0059
005A
061C
0605
0163
005E
0300
0060
0061
0014
0155
0301
061D
05CA
0390
0058
0068
0069
027E
0014
0110
0111
01FC
03E5
0070
0071
0072
0305
027E
0014
00C2
0256
019B
015E
0228
007A
007B
0306
007D
0014
007E
0307
0308
025B
0082
00FE
0309
030A
00C9
0014
02AD
030B
030C
030D
0110
030E
030F
012A
0034
0014
02BA
0310
0311
0312
0093
00FE
0313
0096
0097
0014
0314
0315
02E8
02E9
0316
0002
0003
03EA
0005
0006
009F
0318
0267
061E
00A1
023D
031A
00A3
000F
0010
0011
0012
0013
0014
001E
0014
0002
0014
0014
0014
0014
0025
0297
001D
0014
0014
0141
0014
0002
0014
0002
0014
0014
00A6
031B
0018
001D
0014
0140
0002
0002
0002
0002
0014
0014
0023
001D
0010
0022
001F
0010
0014
0014
0002
0014
0014
0014
0020
0016
0021
001E
0014
0021
0014
0002
0014
0014
0002
0014
001F
031C
001A
0014
0014
002D
0014
0002
0014
0002
0014
0014
0010
001E
0016
0022
0024
0016
0014
0014
0002
0002
0002
0002
0018
001A
0018
0025
0014
0022
0014
0014
0014
0014
0014
0002
0014
01E9
0016
0014
0014
0299
0014
0014
0014
0014
0014
0014
0025
0029
0021
0025
0013
0179
0014
0002
0014
0014
0014
0002
0019
002B
0010
0013
0014
002D
0014
0014
0014
0014
0014
0002
0022
02D7
0016
0014
0014
002A
0002
0014
0002
0014
0014
0002
0143
0031
0424
0033
0034
0014
00AC
031E
00F2
0425
00AF
00FE
0321
0033
0014
0014
003D
00B0
0322
0323
00B2
0325
0326
0244
0045
0014
0047
02C0
061F
060D
0329
0188
004D
004E
0061
0050
018A
00BA
018B
060E
032D
0056
03FD
0058
004F
0014
032F
024C
03FF
0400
024D
0083
0332
00F6
0014
0014
0062
0063
0333
0334
0087
0067
0068
0195
006A
006B
00CA
0336
00CC
006F
0404
0115
0405
0073
0074
0014
00CF
0076
0611
0227
0406
0014
0258
007C
0014
0014
007E
033A
033B
022B
00D5
0083
02A9
0085
0086
0050
0124
00D7
0089
008A
008B
008C
033C
008E
0034
0014
022E
0090
0091
0092
01A6
0094
0620
033E
0014
0014
0098
00DA
033F
0340
0341
0002
00DE
0342
0208
0006
0007
02EB
00E2
0621
000B
0344
0622
000E
054A
0019
03C3
0015
0014
0014
00E8
0014
0002
0002
0014
0014
0014
0016
020B
0018
0019
0014
001A
0002
0014
0014
0014
0014
0002
001B
0010
0016
00A6
001E
0016
0014
0014
0002
0002
0002
0014
001B
001D
0016
001E
0014
0010
0002
0014
0014
0014
0014
0014
0019
001B
001D
001F
0014
0012
0014
0002
0002
0014
0002
0014
0020
001C
0018
0026
0014
001A
0014
0002
0014
0014
0002
0014
0023
00A6
0010
001F
0014
0018
0014
0014
0002
0014
0002
0002
0018
0012
0010
0026
0014
001A
0014
0014
0014
0014
0014
0014
0026
0140
00EA
0026
0014
0028
0002
0014
0014
0014
0014
0014
0025
02F1
0021
0025
0013
02F2
0014
0014
0014
0014
0014
0014
0019
03DD
0010
0026
0014
013F
0014
0014
0014
0002
0014
0014
0019
00ED
0021
0019
0014
002D
0014
0014
0014
0014
0014
0014
017A
00EE
0623
003A
0014
0014
0220
0036
0619
02F5
017F
003A
02F6
00F6
003C
0014
02F7
014A
003F
0040
0041
0042
02F8
0044
00FD
00FE
01F1
034A
0624
0625
01C3
004C
01C4
004E
004F
0014
0051
02FB
0150
0054
02D0
008C
0057
02FD
0097
0014
0059
005A
0626
0627
0163
005E
0628
0060
010A
0014
014C
01F4
0629
0303
0390
00C8
0068
0069
027E
0014
0110
02DF
01CA
0354
0355
0071
0284
0356
0117
0014
00C2
0256
062A
015E
0358
007A
00D3
062B
007D
0014
007E
035A
037E
025B
0082
00FE
0309
030A
00C9
0050
02AD
035B
030C
030D
0110
00FE
0230
012A
0034
0014
02BA
0310
0311
0312
028E
00FE
0313
0096
0097
0014
0314
0315
01A7
02E9
0001
0002
0003
01E1
0239
0006
009F
0318
0267
035C
035D
000C
062C
00A3
000F
0010
0011
0012
0013
0014
001E
0014
0002
0014
0014
0014
0014
0025
0297
001D
0014
0014
002D
0014
0002
0014
0002
0014
0014
00A6
031B
0018
001D
0025
03A5
0002
0002
0014
0002
0014
0014
0023
001D
0010
0022
001F
0010
0014
0014
0002
0014
0014
0014
0020
0016
0021
001E
0014
0021
0014
0002
0014
0014
0002
0014
0025
031C
001A
0022
0014
01B4
0014
0002
0014
0002
0014
0014
0018
001A
0016
0022
0024
0016
0014
0014
0002
0002
0002
0002
0012
001D
0018
0025
0014
0022
0014
0014
0014
0014
0014
0002
0014
01E9
0016
0014
0014
0299
0014
0014
0014
0014
0014
0014
0025
0029
0021
0013
0014
0179
0014
0002
0014
0014
0014
0002
0019
002B
002C
0013
0014
002D
0014
0014
0014
0014
0014
0002
0022
02D7
002F
0014
0014
002A
0002
0014
0002
0014
0014
0002
0143
0031
031D
0033
0034
0014
00AC
031E
00F2
0425
00AF
00FE
0360
0033
0014
0014
003D
00B0
0322
0323
0324
0325
0361
0060
0045
0046
0047
02C0
0362
062D
0329
032A
004D
00B8
0061
0050
018A
0364
032B
032C
032D
0056
0365
0058
004F
0014
032F
024C
0366
0331
024D
0083
0367
00F6
0061
0014
0062
0063
0368
062E
0087
0067
0068
027D
006A
006B
00CA
006D
036A
006F
036B
036C
0072
0073
0074
0014
00CF
0076
0077
0227
0079
0014
011C
007C
0014
0014
007E
033A
01FE
022B
00D5
0083
02A9
0085
0086
0014
0124
00D7
0089
008A
008B
008C
036D
008E
0034
0014
022E
0090
0091
0092
0093
0094
036E
036F
0014
0014
0098
00DA
033F
0340
0316
0002
0003
0317
0005
0006
0007
00A0
0009
062F
000B
023D
01B2
000E
01B3
0025
013E
001A
0013
0014
00E8
0014
0002
0002
0014
0014
0014
00A6
00E9
0018
0019
0014
0141
0002
0002
0014
0002
0014
0002
00A5
001C
0010
0022
0019
0016
0002
0002
0002
0002
0002
0014
04A1
001E
001F
0014
0014
0010
0002
0014
0002
0014
0014
0014
0020
0023
0012
0014
0014
0012
0014
0002
0002
0014
0002
0014
0021
001C
0018
0013
0014
001A
0014
0002
0014
0002
0014
0014
0021
00A6
0016
0022
0024
0016
0014
0014
0002
0002
0002
0002
0014
002A
0177
0026
0014
0630
0014
0014
0014
0014
0014
0002
0013
00EA
00EB
0026
0014
0178
0002
0014
0014
0014
0014
0014
0025
0142
0021
0025
0013
029A
0014
0002
0014
0014
0014
0014
0025
0142
002C
0026
0014
002D
0014
0014
0014
0014
0014
0014
0025
002B
002F
0026
0014
0141
0002
0014
0002
0014
0014
0002
0030
00EE
03C5
00AB
0034
0014
0035
0036
02BC
0147
00F4
00C3
04A4
029E
003C
0014
003D
003E
0631
0040
0041
0042
0043
0044
007D
0046
0047
0048
0049
004A
004B
0632
004F
03F3
0014
0014
0051
0052
0633
0054
0055
0056
0057
0060
0014
0014
042C
005A
01C7
005C
005D
005E
005F
005E
00C9
0014
0062
0063
0064
0065
0066
0067
0068
0069
006A
006B
006C
006D
00CC
0634
0355
0014
03D0
0575
027E
0014
0075
0076
015D
0078
0079
00D2
011C
02A7
007D
0014
007E
007F
0635
025B
0082
0144
03D3
0195
0086
0050
008F
0088
02AC
0166
017A
030E
0202
01DC
0034
0014
008F
01A3
03D7
02AF
0093
00FE
0636
036F
00C9
0014
0098
0099
033F
0435
03DA
0002
00DE
02D4
04FE
0006
009F
03A3
00E2
000A
0637
0268
01E5
0174
01E7
0010
0020
0012
0014
0014
001A
0014
0002
0002
0014
0014
0014
0016
001B
0012
0026
0014
001A
0014
0002
0014
0014
0014
0002
001B
0023
0016
001D
001E
0021
0014
0002
0014
0002
0002
0014
0020
001D
0016
001E
001F
0010
0002
0014
0014
0014
0014
0014
0012
001B
0021
001E
0014
0021
0014
0002
0014
0014
0002
0014
0020
001C
0012
0022
0014
0018
0014
0002
0014
0014
0002
0014
0023
001A
0010
001F
0014
001F
0014
0014
0014
0014
0002
0002
0018
0012
0010
0025
0014
001A
0014
0014
0014
0014
0014
0014
0026
0027
0021
0014
0014
0028
0002
0014
0014
0014
0014
0014
0025
0029
0021
0013
0014
002A
0014
0014
0014
0014
0014
0002
0019
00A8
0021
0014
0014
002D
0014
0014
0014
0002
0014
0002
0022
002E
0021
0019
0014
0179
0014
0014
0014
0014
0014
0002
00AA
0031
005F
0033
0014
0014
0505
03C6
0638
017E
0246
003A
026A
0033
0097
0014
03DE
0639
026D
063A
01C3
0056
026F
01C0
0045
00FE
01F1
0055
063B
063C
02C1
036F
004D
004E
004F
0050
063D
063E
063F
0640
0641
0447
0186
0058
004F
0014
048F
00D5
02A4
0642
00C2
024E
027A
0060
0061
0014
0220
0301
0643
0644
04C8
03AE
0068
0645
0002
0014
0514
0253
0646
0113
036B
0071
0284
0116
0074
0014
0199
0647
055F
0560
02E2
007A
01D0
007C
0014
0014
044D
0648
0080
019F
00D5
0083
022C
0085
00C9
0014
01D6
01A1
0089
01A2
008B
008C
028B
008E
0014
0014
012B
0168
01A4
02E5
028E
0094
03BA
0096
0097
0014
0455
053F
0540
03BC
0001
0002
0003
03EA
00E0
0006
0007
056A
0009
0649
000B
01B1
064A
000E
01B3
0025
013E
0012
0013
0014
00E8
0014
0002
0002
0014
0014
0014
00A6
00E9
0018
0019
0014
0141
0002
0002
0014
0014
0014
0014
00A5
001C
0016
001D
0014
0018
0002
0002
0002
0002
0002
0014
001B
00A6
0016
00A6
0014
0010
0002
0014
0002
0014
0014
0014
0020
0023
0021
0019
0014
0012
0014
0002
0002
0014
0002
0014
0021
001B
0018
0022
0014
0018
0014
0002
0014
0002
0014
0014
0021
00A6
0016
0022
0024
0016
0014
0014
0002
0014
0002
0002
0014
020C
0177
0026
0014
00A7
0014
0014
0014
0014
0014
0002
0026
01E9
0016
0026
0014
00EC
0002
0014
0014
0014
0014
0014
0025
03C3
0021
0013
0014
03C4
0014
0002
0014
0014
0014
0002
0019
0142
0010
0013
0014
002D
0014
0014
0014
0014
0014
0002
0022
02B8
0016
0014
0014
0179
0002
0014
0002
0014
0014
0002
0030
00EE
03C5
064B
0034
0014
0155
0036
03C7
02F5
017F
00C3
04A4
0211
0097
0014
01BB
003E
0631
0040
01BF
0042
0043
0044
0045
0014
0047
0048
0049
004A
004B
004C
0061
004E
0002
0014
0051
0052
064C
0054
0055
0056
0057
0060
003C
0014
042C
005A
01C7
005C
005D
005E
005F
00AB
0061
0014
0062
0063
0064
0065
0066
0067
0068
0069
006A
006B
006C
006D
00CC
0634
0355
0014
03D0
03D1
027E
0014
0075
0076
015D
0078
0079
007A
011C
0407
007D
0014
007E
041E
01D3
025B
0082
00D6
03D3
0195
0086
0014
008F
0088
04FC
04FD
02D0
008C
0202
03D5
0034
0014
008F
0090
03D7
02AF
028E
0083
0636
033E
0014
0014
0098
0099
033F
0435
05BF
0002
0238
02D4
0208
0006
009F
0008
03A4
000A
0484
000C
01E5
064D
01E7
0010
0020
0015
0014
0014
001E
0014
0002
0002
0014
0014
0014
0016
0020
0012
0013
0014
001A
0002
0002
0014
0002
0014
0002
001B
0023
0016
00A6
001E
0016
0014
0002
0014
0002
0002
0014
0016
001D
001A
001E
001F
0010
0002
0014
0014
0014
0014
0014
0012
001B
0018
001E
0014
0021
0014
0002
0014
0014
0002
0014
0020
001C
0012
0013
0014
001A
0014
0002
0014
0014
0002
0014
0023
001A
0010
001F
0014
0012
0014
0014
0014
0002
0002
0002
0018
001D
0010
0025
0014
0022
0014
0014
0014
0014
0014
0014
0013
020C
0140
0014
0014
020D
0014
0014
0014
0014
0014
0014
0025
020E
03A5
0025
0013
0141
0014
0014
0014
0014
0014
0014
0019
020E
002C
0026
0014
002D
0014
0014
0014
0002
0014
0014
0019
03A6
002F
0019
0014
0141
0014
0014
0014
0014
0014
0014
045E
0031
04DF
0033
0014
0014
0143
0241
064E
064F
0324
003A
0210
0033
003C
0014
0416
0639
0650
0651
004B
0056
026F
00B4
00FD
0046
01F1
0652
063B
063C
048F
0653
004D
04E5
004F
0050
03A9
063E
0654
0655
0641
0447
0365
0058
004F
0014
034E
0062
0656
0657
00C2
00C3
0658
0060
00C9
0014
04C8
0301
0659
065A
0194
03AE
0068
0494
0002
0014
04EB
0253
065B
0517
01CC
0071
0284
0305
0074
0014
0199
019A
019B
0560
0358
00D2
00D3
0451
0014
0014
007E
0307
04C9
019F
00D5
0083
022C
03B3
00C9
0050
01D6
039A
022F
01A2
0201
0046
0565
008E
0034
0014
012B
0310
065C
02E5
01C8
0094
065D
0096
0097
0014
0455
02E7
065E
03BC
0001
0002
0003
02B3
0005
0006
009F
03BE
0009
065F
0456
023D
0660
00A3
01B3
0025
013E
001A
0013
0014
00E8
0014
0002
0002
0014
0014
0014
0025
0297
0018
0019
0014
0141
0002
0002
0014
0014
0014
0002
00A5
001C
0016
001D
0019
0021
0002
0002
0002
0002
0014
0014
001B
00A6
0016
00A6
0014
0010
0002
0014
0002
0014
0014
0014
0020
0023
0012
001F
0014
0012
0014
0002
0002
0014
0002
0014
001F
001C
0018
0022
0014
0018
0014
0002
0014
0002
0014
0014
0021
00A6
0016
0022
0024
0016
0014
0014
0002
0014
0002
0002
0014
020C
0177
0026
0014
00A7
0014
0014
0014
0014
0014
0002
0026
01E9
0016
0026
0014
00EC
0002
0014
0014
0014
0014
0014
0025
03C3
0021
0025
0013
03C4
0014
0002
0014
0014
0014
0002
0019
0142
002C
0013
0014
002D
0014
0014
0014
0014
0014
0002
0022
02B8
002F
0014
0014
0179
0002
0014
0002
0014
0014
0002
0143
00EE
0145
064B
0034
0014
0035
00AD
02BC
0349
0242
00FE
0661
029E
0097
0014
003D
003E
0662
014B
00B2
00B3
0043
0044
0045
0046
0047
0048
01F3
02A0
004B
004C
004F
004E
004F
0014
0051
045C
0663
0664
032D
0056
0186
0060
003C
0014
0152
00BF
00C0
005C
024D
024E
005F
005E
0061
0014
0062
0063
0665
05BA
0066
0067
0068
0069
006A
006B
006C
045F
00CC
0225
0355
0014
0574
0575
027E
0014
0075
0076
015D
0078
00D1
007A
0258
0407
007D
0014
007E
0666
01D3
0462
0082
00D6
03D3
0195
0086
0050
008F
0088
04FC
05BD
02D0
008C
040B
01DC
0034
0014
008F
0090
03D7
0465
0093
0083
040D
036F
0014
0014
0098
00DA
033F
0667
05BF
0002
0238
02D4
04CF
0006
0007
00E1
05DA
000A
000B
0268
000D
000E
01E7
0010
00A5
0012
0014
0014
001E
0014
0002
0002
0014
0014
0014
0016
001B
0012
0013
0014
001A
0014
0002
0014
0002
0014
0002
001B
0023
0021
0013
001E
0016
0014
0002
0014
0002
0002
0014
0016
001D
001A
001E
001F
0010
0014
0014
0014
0014
0014
0014
001D
001B
0021
001E
0014
0021
0014
0014
0014
0014
0002
0014
0020
001C
0012
0026
0014
001A
0014
0002
0014
0014
0002
0014
0023
001A
0010
001F
0014
0012
0014
0014
0014
0002
0002
0002
0018
001D
0010
0025
0014
0022
0014
0014
0014
0014
0014
0014
0013
020C
00EA
0014
0014
020D
0014
0014
0014
0014
0014
0014
0025
046B
00EA
0026
0014
0141
0014
0014
0014
0014
0014
0014
0019
020E
0021
0026
0014
002D
0014
0014
0014
0002
0014
0014
0019
03A6
0021
0019
0014
0141
0014
0014
0014
0014
0014
0014
0204
0031
0210
0033
0014
0014
0505
0668
03A7
0669
0039
003A
066A
0033
003C
0014
066B
066C
066D
066E
0181
0042
026F
00B4
0002
00FE
01F1
0428
0100
0554
0059
021A
004D
04C1
0074
0050
066F
0670
0671
0672
00B9
0447
0057
0058
004F
0014
0059
059A
005B
0673
0559
005E
0658
0060
00C9
0014
0674
0675
0676
055C
010B
03AE
0068
0677
027E
0014
04EB
059F
0516
0517
036B
0071
0072
0116
0074
0014
0199
0678
055F
0560
011B
00D2
007B
05CB
0014
0014
044D
0562
01FE
0433
00D5
0083
022C
05EC
00C9
0014
01D6
039A
022F
01A2
0346
0046
0565
008E
0034
0014
012B
051A
065C
0679
0248
0094
0568
0096
0097
0014
067A
067B
05F0
067C
0316
0002
0003
01E1
0005
0006
009F
067D
0009
067E
04B4
000C
067F
0680
000F
0010
00A5
0012
0013
0014
001E
0014
0002
0014
0014
0014
0014
0025
0029
001D
0014
0014
0141
0014
0002
0014
0002
0014
0014
0010
001C
0021
0013
001E
0012
0002
0002
0002
0002
0014
0014
0023
001D
0016
0022
001F
0010
0014
0014
0014
0014
0014
0014
0020
001B
0021
001E
0014
0021
0014
0002
0014
0014
0014
0014
001F
03F1
001A
0026
0014
0178
0014
0002
0014
0014
0002
0014
0023
001A
0010
0022
0014
0016
0014
0014
0014
0002
0002
0002
0018
001D
0010
0025
0014
0022
0014
0014
0014
0014
0014
0002
0014
002E
0021
0014
0014
0503
0014
0014
0014
0014
0014
0014
0025
0029
0021
0025
0013
0179
0014
0014
0014
0014
0014
0002
0019
00A8
002C
0013
0014
002D
0014
0014
0014
0014
0014
0002
0019
002E
002F
0014
0014
0141
0002
0014
0002
0014
0014
0002
04B8
0031
0504
0033
0034
0014
00AC
0681
0682
0683
00AF
00FE
0360
0033
0014
0014
003D
00B0
0322
0323
00B2
0437
0043
0244
003C
0046
0047
02C0
0684
0685
045E
032A
004D
00B8
0061
0050
03A9
00BA
0275
0686
045E
0056
0687
0058
004F
0014
032F
02C6
0688
0689
053A
030E
068A
00F6
0034
0014
0062
0063
068B
068C
04EA
00C8
0068
0223
006A
0014
00CA
0336
068D
006F
036B
00B3
00CE
0073
0074
0014
00CF
0076
0077
0227
00D1
0014
068E
007C
0014
0014
007E
022A
033B
022B
00D5
0083
068F
0085
0086
0050
0124
04CB
0089
01A2
0030
008C
0690
008E
0034
0014
022E
0090
01A4
01A5
005D
0094
0691
036F
0014
0014
0098
0261
0692
0340
02EA
0002
0468
0693
04CF
0006
0007
051F
046A
0694
000B
0344
01B2
000E
013D
0019
013E
001A
0014
0014
00E8
0014
0002
0002
0014
0014
0014
0016
0017
0018
0019
0014
001A
0002
0002
0014
0014
0014
0002
001B
0023
0016
001D
0019
0016
0014
0002
0014
0002
0002
0014
001B
001D
0018
001E
0014
0010
0002
0014
0002
0014
0014
0014
0019
002E
0015
0025
0014
020C
0014
0002
0002
0014
0002
0014
0020
001C
0018
0022
0014
0018
0014
0002
0014
0002
0014
0014
0021
00A6
0016
001F
0024
0018
0014
0014
0002
0014
0002
0002
0018
0012
0018
0026
0014
001A
0014
0014
0014
0014
0014
0014
0026
0140
00EB
0026
0014
0028
0002
0014
0014
0014
0014
0014
0025
002B
0021
0026
0014
0141
0014
0002
0014
0014
0014
0014
0025
002B
0021
0026
0014
013F
0014
0014
0014
0002
0014
0014
0022
0142
0021
0019
0014
0179
0014
0014
0014
0014
0014
0014
0030
00EE
0347
00AB
0014
0014
0220
0036
0695
0147
017F
003A
02F6
00F6
003C
0014
02F7
014A
003F
0040
00FB
0042
042B
0044
0045
0144
01F1
0048
0696
0697
004B
004C
01C4
004E
004F
0014
0051
0103
0150
0054
0055
008C
0698
0392
0097
0014
0059
005A
0699
069A
005D
005E
0284
0060
0061
0014
014C
027C
069B
069C
0066
0067
0068
0069
027E
006B
0110
0111
01CA
0354
0355
0071
0072
01CD
027E
0014
00C2
0256
04D6
015E
0228
007A
007B
0608
007D
0014
00C2
04D8
0308
025B
0082
00FE
0084
030A
00C9
0014
02AD
0088
02AC
0166
018A
030E
008D
012A
0034
0014
02BA
0310
04AF
04DA
028E
0083
0095
0096
0097
0014
0314
0315
009A
016D
0001
0002
0003
069D
0239
0006
009F
0008
0267
067E
00A1
000C
067F
069E
000F
0010
020B
0012
0013
0014
001E
0014
0002
0014
0014
0014
0014
0025
0029
001D
0014
0014
0141
0002
0002
0014
0002
0014
0002
0010
001C
001D
0022
0019
0021
0002
0002
0002
0002
0014
0014
0023
001D
0010
0022
001F
0010
0014
0014
0002
0014
0014
0014
0020
0012
0021
001E
0014
0021
0014
0014
0014
0014
0002
0014
001F
03F1
001A
0022
0014
0440
0014
0002
0014
0002
0002
0014
0023
001E
0010
0022
0014
0016
0014
0014
0014
0002
0002
0002
0018
001A
0010
0025
0014
0022
0014
0014
0014
0014
0014
0002
0014
01E9
0021
0014
0014
0299
0014
0014
0014
0014
0014
0014
0025
0029
0021
0013
0014
0179
0014
0002
0014
0014
0014
0002
0019
002B
0010
0013
0014
002D
0014
0014
0014
0014
0014
0002
0019
02D7
0016
0014
0014
0141
0002
0014
0002
0014
0014
0002
00BC
0031
069F
0033
0034
0014
00AC
031E
035E
06A0
00AF
00FE
0360
0033
0014
0014
003D
00B0
0322
0323
044D
0325
0043
0244
004F
0144
014C
02C0
06A1
06A2
037D
032A
004D
00B8
0061
0050
018A
00BA
0275
032C
01F4
0056
032E
0058
004F
0014
032F
03FE
06A3
0331
024D
0083
068A
00F6
0061
0014
010B
0063
068B
068C
0335
0067
0068
027D
006A
0014
04EB
0336
0281
006F
036B
0115
015C
0073
0074
0014
00CF
0076
0338
0227
00D1
0014
0258
007C
0014
0014
007E
033A
033B
022B
00D5
0083
06A4
0085
0086
0014
0124
06A5
0089
01A2
0030
008C
0690
008E
0034
0014
022E
0090
01A4
01A5
0204
0094
0691
033E
0014
0014
0098
0261
0692
0340
0341
0002
0263
01AB
0208
0006
0007
06A6
023A
06A7
000B
0344
0600
000E
02EF
0019
013E
001A
0014
0014
00E8
0014
0002
0002
0014
0014
0014
0016
0017
0018
0019
0014
001A
0002
0014
0014
0014
0014
0002
001B
00A5
0016
001D
001E
0016
0014
0002
0014
0002
0002
0014
001B
001D
0016
001E
0014
0010
0002
0014
0014
0014
0014
0014
0019
02F0
00A6
0025
0014
02B7
0014
0002
0002
0014
0002
0014
0020
0020
0018
0026
0014
001A
0014
0002
0014
0014
0014
0014
0021
001A
0016
001F
0024
0018
0014
0014
0002
0014
0002
0002
0012
0012
0018
0026
0014
001A
0014
0014
0014
0014
0014
0014
0026
0140
00EB
0026
0014
0028
0002
0014
0014
0014
0014
0014
0025
02F1
0021
0025
0013
02F2
0014
0002
0014
0014
0014
0014
0025
01B5
002C
0026
0014
013F
0014
0014
0014
0002
0014
0014
0022
00ED
002F
0019
0014
0179
0014
0014
0014
0014
0014
0014
0030
00EE
0347
003A
0014
0014
0220
0036
06A8
02F5
017F
003A
02F6
00F6
003C
0014
02F7
014A
003F
0040
0041
0042
02F8
0044
0045
0046
0287
0048
034B
0603
007E
004C
01C4
004E
004F
0014
0051
02FB
0150
0054
02D0
008C
06A9
02FD
0097
0014
0059
005A
06AA
06AB
0163
005E
0351
0060
010A
0014
00C4
027C
0352
0607
0066
00C8
0252
0069
027E
006B
006C
0111
006E
0304
01FD
0071
0072
0305
027E
0014
00C2
0256
019B
015E
0228
007A
007B
0608
007D
0014
007E
0307
0308
025B
0082
00FE
0084
030A
00C9
0050
02AD
0088
0527
04FD
018A
030E
008D
012A
0034
0014
02BA
0310
04AF
04DA
0093
0083
0095
0096
0097
0014
0314
0315
009A
016D
0001
0002
0003
01E1
0239
0006
009F
0008
0267
06AC
01E4
000C
031A
01E6
000F
0010
020B
0012
0013
0014
001E
0014
0002
0014
0014
0014
0014
0025
0029
001D
0014
0014
002D
0002
0002
0014
0002
0014
0002
00A6
001C
0021
001D
0019
0021
0002
0002
0014
0002
0002
0014
0023
001D
0010
0022
001F
0010
0014
0014
0014
0014
0014
0014
0020
0012
0021
001E
0014
0021
0014
0014
0014
0014
0014
0014
001F
03F1
001A
0022
0014
01B4
0014
0002
0014
0014
0014
0014
0010
001A
0010
0022
0014
0016
0014
0014
0014
0002
0002
0002
0018
001D
0018
0025
0014
0022
0014
0014
0014
0014
0014
0002
0014
01E9
0018
0014
0014
0299
0014
0014
0014
0014
0014
0014
0025
0029
0021
0013
0014
0179
0014
0002
0014
0014
0014
0002
0019
002B
002C
0013
0014
002D
0014
0014
0014
0014
0014
0002
0022
02D7
002F
0014
0014
002A
0002
0014
0002
0014
0014
0002
0204
0031
069F
0033
0034
0014
00AC
017C
035E
06AD
0039
00FE
0360
0033
0014
0014
003D
00B0
0322
0427
044D
050E
0043
0244
0045
0046
0035
02C0
06AE
06A2
0059
032A
004D
00B8
0061
0050
03A9
0052
0275
0536
00BC
0056
0511
0058
004F
0014
042C
06AF
0512
06B0
053A
0083
0367
00F6
0061
0014
010B
0063
06B1
06B2
0472
0067
0068
027D
006A
0014
04EB
006D
036A
006F
036B
00B3
0072
0073
0074
0014
00CF
0076
0077
0227
0079
0014
011C
007C
0014
0014
007E
033A
01FE
022B
00D5
0083
06A4
0085
0086
0014
0124
01A1
0089
01A2
008B
008C
0690
008E
0034
0014
022E
0090
01A4
01A5
0093
0094
0691
036F
0014
0014
0098
00DA
0692
0435
0341
0002
0263
0342
0208
0006
0007
06B3
023A
0694
01B0
01B1
06B4
000E
013D
0025
013E
001A
0014
0014
00E8
0014
0002
0002
0014
0014
0014
0016
0017
0018
0019
0014
001A
0002
0002
0014
0014
0014
0002
001B
00A5
0016
00A6
001E
0016
0014
0002
0002
0002
0002
0014
001B
001D
0016
001E
0014
0010
0002
0014
0002
0014
0014
0014
0019
02F0
001D
0025
0014
02B7
0014
0002
0002
0014
0002
0014
0020
0020
0018
0026
0014
001A
0014
0002
0014
0002
0002
0014
0023
00A6
0016
001F
0024
0018
0014
0014
0002
0014
0002
0002
0018
0012
0010
0026
0014
001A
0014
0014
0014
0014
0014
0014
0026
0140
00EB
0026
0014
0028
0002
0014
0014
0014
0014
0014
0025
02F1
0021
0025
0013
02F2
0014
0002
0014
0014
0014
0014
0025
02F1
0010
0026
0014
013F
0014
0014
0014
0002
0014
0014
0019
00ED
0021
0019
0014
002D
0014
0014
0014
0014
0014
0014
0346
00EE
0347
064B
0014
0014
04C8
0348
0695
06B5
0242
003A
02F6
00F6
003C
0014
02F7
014A
003F
0040
0041
0042
03FD
0044
00FD
00FE
0287
0048
06B6
06B7
004B
004C
01C4
004E
004F
0014
0051
0378
0150
034D
0055
008C
02FC
0392
0097
0014
034E
005A
0699
06B8
005D
005E
06B9
0060
010A
0014
00C4
027C
0352
0607
0066
00C8
0068
0069
027E
006B
006C
06BA
01CA
01CB
0355
0071
0284
0356
027E
0014
00C2
0256
0357
015E
0358
007A
00D3
0359
007D
0014
007E
035A
0308
025B
0082
00FE
0084
030A
00C9
0050
02AD
0088
0527
04AE
0110
030E
008D
012A
0034
0014
02BA
0310
04AF
04DA
028E
030E
0095
0096
0097
0014
0314
0315
009A
016D
03DA
0002
0263
02D4
05FE
0006
009F
02EB
00E2
000A
000B
0268
000D
0174
03DC
0010
0020
001A
0014
0014
0015
0014
0002
0002
0014
0014
0014
0016
020B
0018
0019
0014
001A
0002
0014
0014
0014
0014
0002
001B
0020
0016
00A6
001E
0016
0014
0014
0014
0002
0002
0014
001B
001D
0018
001E
0014
0010
0002
0014
0014
0014
0014
0014
0022
001B
001A
001E
0014
0021
0014
0002
0002
0014
0002
0014
0020
001C
0018
0022
0014
0018
0014
0002
0014
0014
0002
0014
0023
001A
0010
001F
0014
0018
0014
0014
0014
0002
0014
0002
0018
0012
0010
0026
0014
001A
0014
0014
0014
0014
0014
0014
0026
0140
0140
0026
0014
0028
0002
0014
0014
0014
0014
0014
0025
02F1
0021
0026
0014
0141
0014
0014
0014
0014
0014
0014
0019
03DD
002C
0026
0014
002D
0014
0014
0014
0002
0014
0014
0019
002E
002F
0019
0014
0141
0014
0014
0014
0014
0014
0014
0204
0031
005F
0414
0014
0014
0212
0036
00AE
0038
0039
003A
0109
0033
003C
0014
03DE
054F
06BB
06BC
0181
0042
05C3
0044
004F
0046
01F1
0055
06BD
05C5
0059
0273
00B7
0417
004F
0014
0051
02FB
06BE
06BF
018A
008C
0057
021E
004F
0014
0059
005A
03E1
03E2
0124
005E
04DF
0060
0061
0014
0155
0301
06C0
05CA
0194
0058
0068
03AF
027E
0014
037D
02DF
03B0
03E5
01CC
0071
0284
0305
0117
0014
044D
0118
019B
0560
0358
007A
00D3
0229
007D
0014
007E
0307
0080
019F
00D5
0083
022C
0085
00C9
0014
01DD
039A
058A
01A2
0346
0046
0565
008E
0034
0014
0455
0310
065C
02E5
0093
0094
0568
0096
0097
0014
0314
0315
0569
03BC
0316
0002
0003
03EA
0005
0006
0007
0318
0009
06C1
03C0
023D
03C1
000E
01B3
0025
00E7
0012
0013
0014
002D
0014
0002
0014
0014
0014
0014
0025
03EF
001E
0014
0014
0141
0002
0002
0014
0002
0014
0014
001E
001C
0021
001D
0014
0021
0002
0002
0002
0002
0014
0014
0023
001E
0016
0022
001F
0010
0014
0014
0002
0014
0014
0014
0020
0023
0021
001F
0014
001D
0014
0002
0014
0014
0002
0014
0025
06C2
001E
0014
0014
0141
0014
0002
0014
0002
0014
0014
0010
001E
0016
0022
0024
0016
0014
0014
0002
0014
0002
0002
0018
001D
0018
0025
0014
0022
0014
0014
0014
0014
0014
0002
0014
01E9
0016
0014
0014
0299
0014
0014
0014
0014
0014
0014
0025
03C3
0021
0025
0013
03C4
0014
0002
0014
0014
0014
0002
0019
0142
0010
0013
0014
002D
0014
0014
0014
0014
0014
0002
0022
02B6
0016
0014
0014
0179
0002
0014
0002
0014
0014
0002
0143
00EE
0145
0033
0034
0014
00AC
031E
029C
029D
017A
00FE
0321
0211
0014
0014
003D
003E
06C3
014B
00B2
0325
0043
056F
0045
0014
0047
0048
06C4
06C5
004B
004C
004D
004E
0061
0050
018A
02C3
06C6
0151
02A3
0056
00BD
0058
003C
0014
032F
024C
06C7
0108
0030
0083
0332
0211
0014
0014
0062
0063
06C8
06C9
0066
0067
0068
0069
006A
006B
006C
006D
00CC
006F
0355
0115
0072
0073
0074
0014
00CF
0076
015D
0078
0079
0014
011C
0407
0014
0014
007E
033A
02A8
0162
0082
00D6
02A9
0195
0086
0050
0087
0088
025D
0166
02D0
008C
05D6
00B4
0034
0014
008F
0090
02D2
016A
01A6
0083
06CA
033E
0014
0014
0098
00DA
033F
0340
0341
0002
06CB
02D4
0208
0006
0007
06A6
00E2
000A
000B
0268
000D
000E
01E7
0010
0020
0015
0014
0014
0015
0014
0002
0002
0014
0014
0014
0016
020B
0012
0019
0014
001A
0002
0014
0014
0014
0014
0002
001B
0020
0016
00A6
0025
0016
0014
0014
0014
0002
0002
0014
001B
001D
0018
001E
0014
0010
0002
0014
0014
0014
0014
0014
0022
0023
001E
001E
0014
0021
0014
0002
0014
0014
0002
0014
0020
0020
0018
0026
0014
001A
0014
0002
0014
0014
0002
0014
0023
00A6
0010
001F
0014
0018
0014
0014
0014
0014
0014
0002
0018
0012
0010
0026
0014
001A
0014
0014
0014
0014
0014
0014
0026
0140
00EA
0014
0014
0028
0002
0014
0014
0014
0014
0014
0025
020E
00EA
0025
0013
0141
0014
0014
0014
0014
0014
0014
0019
03DD
0010
0026
0014
002D
0014
0014
0014
0002
0014
0014
0019
0142
0021
0019
0014
002D
0014
0014
0014
0014
0014
0014
017A
0031
005F
003A
0014
0014
0212
0036
00AE
0038
017F
003A
0215
0033
003C
0014
05DD
05DE
05DF
06BC
0041
0042
0043
0044
00FD
006B
0035
034A
05E1
06CC
01C3
0273
00B7
0417
004F
0014
038C
06CD
06BE
06BF
02D0
008C
0057
021E
004F
0014
0059
005A
05E4
06CE
0163
005E
005F
0060
010A
0014
0155
05E6
05E7
06CF
06D0
03AE
0068
03AF
027E
0014
0110
02DF
05EA
06D1
01CC
0071
0284
0356
0117
0014
00C2
0118
062A
0560
0358
007A
00D3
05CB
0014
0014
007E
035A
0080
019F
0082
0083
022C
05EC
00C9
0050
01DD
0125
058A
01A2
0110
0046
0565
008E
0034
0014
0455
05ED
065C
0679
028E
0094
0568
0096
0097
0014
05AD
04B0
06D2
06D3
0001
0002
0003
01E1
0239
0006
009F
0008
0009
05F2
06D4
023D
0618
00A3
01B3
0025
00E7
0012
0013
0014
013F
0014
0002
0014
0014
0014
0014
0025
0297
0018
0014
0014
0141
0002
0002
0014
0002
0014
0002
00A6
031B
0010
001D
001E
06D5
0002
0002
0002
0002
0014
0014
0023
001A
0016
0022
001F
0010
0014
0014
0002
0014
0014
0014
0020
001B
0021
0022
0014
001D
0014
0002
0002
0014
0002
0014
0025
031C
001A
0022
0014
01B4
0014
0002
0014
0002
0014
0014
0021
001A
0016
0022
0024
0016
0014
0014
0002
0002
0002
0002
0014
002A
0389
0025
0014
0630
0014
0014
0014
0014
0014
0002
0014
01E9
0016
0026
0014
0299
0014
0014
0014
0014
0014
0014
0025
03C3
0021
0013
0014
0179
0014
0002
0014
0014
0014
0002
0019
0142
002C
0013
0014
002D
0014
0014
0014
0014
0014
0002
0022
002E
002F
0014
0014
002A
0002
0014
0002
0014
0014
0002
0143
00EE
029B
0033
0034
0014
00AC
031E
029C
029D
00AF
00FE
0321
0056
0014
0014
0416
048A
05F6
06D6
0324
0325
06D7
056F
0045
0046
0187
06D8
06D9
06A2
0329
004C
004D
004E
0061
0050
00B9
0364
05F8
0151
032D
0056
00BD
0058
0002
0014
032F
024C
06C7
06DA
024D
0083
06DB
0325
0061
0014
0062
0191
0368
06DC
0066
0067
0068
0069
006A
006B
00CA
006D
006E
006F
01FD
0014
03D0
0575
0074
0014
00CF
0076
0077
0078
0079
0014
011C
0407
007D
0014
007E
033A
02A8
0162
00D5
00D6
02A9
02AA
0086
0014
0087
00D7
025D
0166
008B
008C
033C
021A
0034
0014
008F
0090
02AE
016A
0093
0083
033D
036F
0014
0014
0098
00DA
033F
0340
0316
0002
0003
0004
0482
0006
009F
00A0
0009
01AF
000B
01B1
04A0
0174
01B3
0025
013E
0015
0013
0014
00E8
0014
0002
0002
0014
0014
0014
0016
0017
0018
0019
0014
001A
0002
0014
0014
0014
0014
0002
001B
001B
0010
0022
0019
0016
0002
0002
0002
0002
0002
0014
001B
001D
0016
001E
0014
0010
0002
0014
0014
0014
0014
0014
0020
00A5
0012
0019
0014
0012
0014
0002
0002
0014
0014
0014
0021
001C
0012
0026
0014
001A
0014
0002
0014
0014
0002
0014
0023
00A6
0016
0025
0024
0019
0014
0014
0002
0014
0002
0002
0012
0012
0010
0026
0014
001A
0014
0014
0014
0014
0014
0002
0013
0027
0016
0026
0014
0028
0002
0014
0014
0014
0014
0014
0025
0029
0021
0026
0014
002A
0014
0002
0014
0014
0014
0002
0019
0142
002C
0026
0014
002D
0014
0014
0014
0014
0014
0002
0019
02B8
002F
0026
0014
002D
0002
0014
0002
0014
0014
0002
0030
00EE
0240
0546
0034
0014
00F0
0036
02BC
05B5
017F
003A
003B
00F6
003C
0014
01BB
00B0
003F
0040
01BF
0042
0043
0044
007D
0046
0047
0055
0049
004A
0059
004C
01C4
004E
0074
0014
0051
0052
0150
0054
02D0
0056
0057
005E
003C
0014
0059
005A
01C7
038D
01C8
005E
005F
0060
010A
0014
00C4
0156
0064
0065
0066
0067
0068
0069
027E
006B
00CA
006D
06DD
06DE
0355
0071
0072
0073
027E
0014
0075
0076
06DF
0078
0228
007A
007B
0407
007D
0014
007E
041E
011F
025B
00D5
00D6
0084
0195
0086
0014
008F
0452
04FC
04AE
017A
008C
008D
012A
0034
0014
008F
03B8
04AF
04DA
0093
0046
0095
0096
00C9
0014
00D9
0235
009A
016D
03DA
0002
0238
06E0
0208
0006
0007
03A3
046A
0172
013A
000C
00A2
000E
01E7
0010
0020
0012
0014
0014
001E
0014
0002
0014
0014
0014
0014
0025
06E1
0015
0014
0014
00A7
0002
0002
0014
0002
0014
0002
00A5
001C
0016
001D
001E
0021
0014
0002
0014
0002
0002
0014
0020
001D
0015
0022
001F
0010
0002
0014
0002
0014
0014
0014
0021
001B
0021
001E
0014
0021
0014
0014
0014
0014
0002
0014
0020
001B
0018
0022
0014
0018
0014
0002
0014
0002
0014
0014
0021
001A
0010
0022
0014
0016
0014
0014
0014
0002
0002
0014
0018
001D
0018
0025
0014
0022
0014
0014
0014
0014
0014
0014
0026
06E2
020C
0014
0014
02F2
0014
0014
0014
0014
0014
0014
0025
020E
02B7
0025
0013
002D
0014
0014
0014
0014
0014
0014
0025
03DD
0010
0013
0014
002D
0014
0014
0014
0002
0014
0014
0022
03A6
0016
0019
0014
002A
0014
0014
0014
0014
0014
0014
00AA
0031
06E3
0033
0014
0014
0246
03C6
06E4
064F
0148
00FE
06E5
0033
0014
0014
0416
01BC
06E6
06E7
004B
0056
00FC
00B4
0045
00FE
00AC
0048
063B
0580
004B
0417
004D
0058
004F
0050
012F
0378
0275
032C
02A3
018D
0365
0058
004F
0014
032F
024C
0656
0108
024D
008C
0109
00F6
0061
0014
010B
036B
06E8
06E9
04EA
06EA
0068
06EB
006A
0014
027F
0253
06EC
06ED
036B
0115
0284
0116
0074
0014
0255
0431
06EE
0587
00D1
007A
06EF
0451
0014
0014
007E
025A
05CC
019F
0082
0083
06F0
05EC
00C9
0050
01D6
0125
058A
01A2
008B
0046
06F1
008E
0034
0014
012B
03D6
06F2
01A5
012F
0094
06F3
00D8
0097
0014
0131
00DA
06F4
00DC
06F5
0002
009C
069D
0005
0006
0007
00A0
023A
0410
01B0
01B1
064A
000E
06F6
0025
013E
0012
0013
0014
00E8
0014
0002
0002
0014
0014
0014
0016
0017
001A
0019
0014
001A
0002
0002
0014
0014
0014
0002
001B
001C
0016
0022
0019
0021
0002
0002
0014
0002
0014
0014
001B
001E
0016
001E
0014
0010
0002
0014
0002
0014
0014
0014
0021
00A5
0021
001F
0014
0012
0014
0002
0014
0014
0002
0014
0021
001C
0018
0014
0014
001A
0014
0002
0014
0002
0002
0014
0023
00A6
0016
0022
0024
0016
0014
0014
0002
0002
0002
0002
0018
0012
0010
0026
0014
001A
0014
0014
0014
0014
0014
0002
0026
0027
0016
0014
0014
0028
0002
0014
0014
0014
0014
0014
0025
0029
0021
0025
0013
002A
0014
0002
0014
0014
0014
0002
0019
0142
002C
0014
0014
002D
0014
0014
0014
0014
0014
0002
0019
02B8
002F
0014
0014
0141
0002
0014
0002
0014
0014
0002
0346
00EE
0145
064B
0034
0014
0155
0348
03C7
0415
06F7
003A
003B
029E
0034
0014
01BB
00B0
003F
0040
0041
0042
0043
0044
00FD
0046
0035
0055
0049
004A
01F0
004C
004F
004E
004F
0014
0102
02C3
0150
0418
0055
018D
0057
0060
003C
0014
0152
005A
01C7
005C
005D
005E
005F
005E
0014
0014
02BE
0063
0064
0065
0066
0067
0252
0069
006A
006B
037D
06F8
03CE
06F9
0355
0071
0405
01CD
027E
0014
007E
0256
0394
0078
00D1
007A
041C
0407
0014
0014
007E
025A
01D3
025B
00D5
0083
0084
0195
00C9
0050
02AB
0452
04FC
04AE
017A
008C
008D
01DC
0014
0014
02AD
0090
0169
04DA
0093
0046
0095
036F
0014
0014
0434
0099
016C
009B
0135
0002
0238
02D4
06FA
0006
009F
00E1
06FB
0172
0293
000C
01E5
0174
01E7
0010
00A5
0015
0014
0014
001A
0014
0002
0002
0014
0014
0014
0025
06E1
0018
0026
0014
00A7
0002
0002
0014
0002
0014
0002
0023
001B
0016
001D
001E
0016
0014
0002
0002
0002
0002
0014
0020
001D
0018
0022
001F
0021
0002
0014
0014
0014
0014
0014
0020
001B
0018
001E
0014
0021
0014
0002
0002
0014
0002
0014
0020
001C
0012
0022
0014
0018
0014
0002
0014
0014
0014
0014
0010
001A
0010
001F
0014
0012
0014
0014
0014
0014
0002
0002
0018
001D
0018
0025
0014
0022
0014
0014
0014
0014
0014
0014
0013
06FC
020C
0026
0014
0503
0014
0014
0014
0014
0014
0014
0026
02F1
0021
0026
0014
013F
0014
0014
0014
0014
0014
0014
0025
03DD
0021
0026
0014
013F
0014
0014
0014
0002
0014
0014
0022
03A6
0021
0019
0014
0179
0014
0014
0014
0014
0014
0002
0204
0031
005F
0033
0014
0014
0246
05DB
06FD
06FE
0039
0144
06FF
0033
003C
0014
01BF
0700
00F9
0701
0702
0056
026F
01C0
0045
00FE
0287
0048
063B
0703
01C3
0417
004D
02A1
0117
0050
0248
0704
0275
0705
0641
0056
0186
0058
004F
0014
0059
059A
02A4
0706
004B
024E
0190
0060
0061
0014
02C6
027C
01F9
0707
010B
0167
0068
0223
0002
0014
006C
0708
0516
0709
036B
0115
0072
0073
0074
0014
00CF
03D2
0077
070A
011B
007A
070B
0451
007D
0014
007E
033A
01FE
022B
0082
0144
070C
0085
0086
0014
01D6
030B
070D
04F0
008B
030E
0519
008E
0034
0014
022E
070E
0232
028D
012F
0094
051B
0096
0097
0014
01C3
070F
0710
0711
0001
0002
0003
0004
0005
0006
0007
00E1
0009
0172
01E4
01B1
0423
000E
000F
0010
0011
0012
0013
0014
001E
0014
0002
0002
0014
0014
0014
0025
0297
0015
0026
0014
0141
0002
0002
0014
0002
0014
0014
001B
001C
0021
001D
0025
0016
0002
0002
0002
0002
0002
0014
0023
001D
0010
001E
001F
0010
0014
0014
0002
0014
0014
0014
0020
0020
0021
001E
0014
0021
0014
0002
0014
0014
0002
0014
001F
0502
0015
0022
0014
0441
0014
0002
0014
0002
0002
0014
0023
001E
0016
0025
0024
001F
0014
0014
0002
0014
0002
0002
0014
00EC
00A8
0025
0014
0712
0014
0014
0014
0014
0014
0002
0014
01E9
0016
0014
0014
0299
0014
0014
0014
0014
0014
0014
0025
0029
0021
0025
0013
0179
0014
0002
0014
0014
0014
0002
0019
002B
002C
0026
0014
002D
0014
0014
0014
0014
0014
0002
0022
002E
002F
0019
0014
0179
0002
0014
0002
0014
0014
0002
0030
0031
0032
0033
0034
0014
02BA
017C
029C
02D8
00F4
00FE
0360
0033
003C
0014
01BB
00B0
04A5
0713
00B2
00B3
0043
0714
0045
0046
0047
02C0
00B5
0715
0121
004C
004D
004E
004F
0050
018A
0052
0053
0054
02A3
0056
00BD
0058
004F
0014
042C
0107
06C7
06DA
0030
0083
0449
005E
0061
0014
0062
0063
053B
0716
0066
0067
0068
0069
027E
006B
006C
006D
00CC
006F
0355
0014
0717
0718
0074
0014
0075
0076
0611
0078
0079
0014
011C
007C
0014
0014
007E
041E
01FE
0081
00D5
00D6
02A9
0085
0086
0050
008F
00D7
0089
008A
008B
008C
0202
008E
0034
0014
008F
0090
0091
0092
0093
0094
02B0
036F
0097
0014
0098
00DA
009A
0435
0719
0002
0238
071A
071B
0006
009F
02EB
03A4
01AF
0411
000C
01B2
071C
013D
0019
002B
001A
0014
0014
00E8
0014
0014
0002
0014
0014
0014
0016
020B
0018
0019
0014
001A
0002
0014
0014
0014
0014
0002
00A5
0020
0016
00A6
001E
0018
0014
0002
0014
0002
0002
0014
001B
001D
0016
0022
0014
0010
0002
0014
0014
0014
0014
0014
0012
001B
0012
0014
0014
0012
0014
0002
0002
0014
0002
0014
0020
001C
0018
0026
0014
001A
0014
0002
0014
0014
0014
0014
0021
001A
0010
0022
0014
0016
0014
0014
0002
0002
0014
0002
0018
0012
0018
0026
0014
001A
0014
0014
0014
0014
0014
0014
0026
0140
020C
0026
0014
0028
0002
0014
0014
0014
0014
0014
0025
02F1
0021
0013
0014
0141
0014
0014
0014
0014
0014
0014
0025
03DD
0021
0013
0014
002D
0014
0014
0014
0002
0014
0014
0019
0142
0021
0014
0014
0141
0014
0014
0014
0014
0014
0014
03F6
00EE
01B7
00AB
0014
0014
0035
0348
071D
0147
0148
003A
071E
021E
0034
0014
01EC
071F
048B
0720
00FB
0042
0504
0044
027E
00FE
01F1
0048
0721
0272
007E
0273
0722
0417
0117
0014
0051
0723
0379
0724
02D0
0106
0057
0392
0014
0014
034E
005A
0725
0154
0163
005E
031D
0060
0034
0014
027B
0283
0726
03AD
0727
03AE
0252
0645
006A
0014
04EB
053C
0728
0729
0489
0071
0284
072A
0117
0014
0199
072B
03E7
072C
072D
007A
00D3
072E
007D
0014
034E
0562
072F
01D4
01F0
0083
022C
030A
00C9
0014
00C2
0125
0730
0564
04C2
0046
0565
012A
0034
0014
02D1
070E
0731
0732
0248
00FE
0733
0096
0014
0014
02D3
04B0
0734
06D3
06F5
0002
0003
0004
0005
0006
009F
00E1
0009
000A
02D6
01B1
0501
0174
01E7
0010
0011
0012
0013
0014
001E
0014
0002
0002
0014
0014
0014
0016
0017
0015
0026
0014
001A
0002
0002
0014
0002
0014
0014
001B
001C
0021
001D
0025
0016
0014
0002
0002
0002
0002
0014
0023
001D
0010
001E
0014
0010
0014
0014
0002
0014
0014
0014
0020
0020
0021
001E
0014
0021
0014
0002
0014
0014
0002
0014
0021
001C
0015
0026
0014
001A
0014
0002
0014
0002
0002
0014
0023
001E
0016
0025
0024
0012
0014
0014
0002
0014
0002
0002
0018
001E
0010
0014
0014
0022
0014
0014
0014
0014
0014
0002
0014
0027
0016
0014
0014
020D
0014
0014
0014
0014
0014
0014
0025
0029
0021
0025
0013
002A
0014
0002
0014
0014
0014
0014
0019
002B
002C
0026
0014
002D
0014
0014
0014
0014
0014
0014
0022
002E
002F
0026
0014
0179
0002
0014
0002
0014
0014
0014
0030
0031
0032
0033
0034
0014
0155
017C
029C
02D8
00F4
003A
003B
0033
003C
0014
01BB
00B0
003F
0713
00B2
00B3
0043
0555
0045
0046
0047
02C0
045B
0533
0121
004C
004D
0189
0074
0014
0102
0052
0053
0054
02A3
0056
00BD
0058
004F
0014
042C
0107
06C7
06DA
0030
00C3
005F
0060
010A
0014
0062
0063
0251
0158
0066
0067
0068
0069
027E
006B
00CA
0336
0473
006F
0735
0071
00CE
0073
0014
0014
0075
0076
0736
0078
0339
0014
041C
007C
0014
0014
007E
033A
00D4
0081
00D5
00D6
0084
0085
0086
0050
0087
00D7
0089
008A
008B
008C
008D
008E
0034
0014
008F
01A3
0091
0092
0093
0094
0095
005E
00C9
0014
0098
00DA
009A
009B
0737
0002
0263
0738
071B
0006
0007
0384
0385
0739
01B0
000C
0412
013C
01B3
0019
0142
001A
0014
0014
00E8
0014
0002
0002
0014
0014
0014
00A6
0388
0018
0019
0014
00A7
0002
0002
0014
0014
0014
0002
00A5
0020
0016
00A6
001E
0021
0002
0014
0014
0002
0002
0014
001B
001D
0016
00A6
001F
0010
0002
0014
0014
0014
0014
0014
001D
001B
0012
001F
0014
0012
0014
0002
0002
0014
0002
0014
0020
001C
0018
0022
0014
0018
0014
0002
0014
0014
0014
0014
0012
001A
0021
0022
0014
0016
0014
0014
0002
0002
0014
0014
0015
0012
0012
0025
0014
001A
0014
0014
0014
0014
0014
0014
0026
0442
01B4
0026
0014
002A
0002
0014
0014
0014
0014
0014
0025
02F1
0021
0013
0014
002D
0014
0014
0014
0014
0014
0002
0025
03DD
0021
0013
0014
002D
0014
0014
0014
0002
0014
0002
0019
0142
0021
0019
0014
0141
0014
0014
0014
0014
0014
0002
03F6
00EE
054B
0414
0014
0014
0246
0348
073A
073B
0148
00C3
073C
021E
0034
0014
01EC
073D
073E
01BE
00FB
0042
0186
0044
004F
00FE
01F1
0048
01C1
073F
007E
0273
0722
004E
004F
0050
0248
0723
0740
0724
02D0
018D
0057
00F6
003C
0014
034E
005A
0524
00C1
01C8
005E
0547
0096
0061
0014
027B
0283
0471
0548
0727
0741
0068
0645
006A
0014
027F
0111
0728
0729
0489
0392
0072
055E
0074
0014
0255
072B
0742
0743
0228
007A
070B
01D1
007D
0014
044D
0562
0744
0745
0082
0083
06F0
0195
00C9
0014
00D9
0125
0746
0747
052C
0046
0690
012A
0034
0014
02D1
0381
0748
0749
028E
00FE
074A
0096
0097
0014
02D3
04B0
074B
074C
06F5
0002
009C
069D
0265
074D
0007
00A0
074E
000A
01B0
02ED
000D
000E
00A4
0010
020B
0012
0013
0014
001E
0014
0014
0002
0014
0014
0014
0016
001B
001D
0014
0014
001A
0002
0002
0014
0002
0014
0002
00A5
001B
0021
001D
0019
0021
0014
0002
0014
0002
0014
0014
0023
001D
0016
0022
0014
0010
0014
0014
0014
0014
0014
0014
0020
0016
0021
001E
0014
0021
0014
0014
0014
0014
0014
0014
0021
001C
0015
0026
0014
001A
0014
0002
0014
0014
0002
0014
0023
0022
0010
0022
0014
0016
0014
0014
0014
0002
0014
0002
0018
001A
0010
0026
0014
001F
0014
0014
0014
0014
0014
0002
0013
0027
0021
0014
0014
020D
0014
0014
0014
0014
0014
0014
0025
0029
0018
0025
0013
002A
0014
0002
0014
0014
0014
0002
0019
002B
0010
0014
0014
002D
0014
0014
0014
0014
0014
0002
0022
002E
0016
0014
0014
002A
0014
0014
0014
0014
0014
0002
0110
0031
0424
00AB
0034
0014
0212
02BB
046D
074F
03F6
003A
003B
0033
0014
0014
01BB
00B0
0750
0751
0041
0042
0043
0714
0045
0144
0035
02C0
0049
004A
0152
0188
00B7
00B8
004F
0014
038C
02C3
018B
060E
00B9
018D
0057
0060
004F
0014
0152
059A
01C7
0752
0124
005E
005F
00F6
0034
0014
02BE
0156
0064
0065
0335
0067
0252
0195
006A
0014
04EB
0753
03CE
0754
0755
0071
0504
0393
027E
0014
0756
0757
0758
0759
0358
00D2
00D3
007C
0014
0014
00C2
0307
075A
075B
00D5
00D6
0084
0085
00C9
0050
01D6
00D7
0089
008A
008B
008C
008D
008E
0014
0014
012B
03B8
0091
0092
028E
0094
0095
036F
0014
0014
0131
0235
016C
016D
0135
0002
0263
01AB
0239
0006
009F
00E1
06FB
00E3
0293
0294
075C
0386
01B3
0019
00E7
0015
0014
0014
00E8
0014
0002
0002
0014
0014
0014
0025
01E8
0018
0019
0014
00A7
0002
0002
0014
0014
0014
0002
001B
001C
0016
00A6
001E
0016
0002
0002
0002
0002
0002
0014
001B
001D
0018
001E
001F
0010
0002
0014
0002
0014
0014
0014
0018
001B
0018
001F
0014
0012
0014
0002
0002
0014
0002
0014
0020
0020
0018
0022
0014
0018
0014
0002
0014
0002
0014
0014
0010
001A
0016
001F
0024
0018
0014
0014
0002
0014
0002
0002
0018
0012
0018
0025
0014
001A
0014
0014
0014
0014
0014
0014
0026
0442
00EB
0026
0014
002A
0002
0014
0014
0014
0014
0014
0025
02F1
0021
0026
0014
029A
0014
0002
0014
0014
0014
0014
0025
02F1
002C
0026
0014
002D
0014
0014
0014
0002
0014
0014
0019
0142
002F
0019
0014
002D
0002
0014
0002
0014
0014
0002
0030
00EE
03C5
0033
0014
0014
01EA
0036
0037
02BD
0039
00FE
075D
00F6
003C
0014
0416
01BC
01EE
014B
0324
00B3
0186
0044
004F
0046
0287
0048
075E
0580
004B
004C
004D
004E
0074
0050
00B9
0103
02A2
0054
02A3
0056
0186
0058
0097
0014
0059
005A
01F5
01F6
024D
024E
0547
0060
0061
0014
00C4
0191
01F9
04E9
0066
00C8
0068
0069
0002
006B
006C
075F
01FC
02E0
01FD
0115
0072
0073
0074
0014
0075
0760
0077
0761
0079
007A
0762
0763
007D
0014
007E
0764
01D3
0765
0082
0083
01A0
0380
0086
0014
008F
0125
0766
0127
025E
0046
0129
012A
0034
0014
008F
01A3
01DE
0439
005D
00FE
0767
0096
0097
0014
00D9
02B1
02E8
01A8
0001
0002
0003
0004
0469
0006
0007
00E1
06FB
0172
03C0
0344
01E5
000E
000F
0010
020B
0012
0014
0014
001E
0014
0002
0002
0014
0014
0014
0025
043F
0012
0026
0014
00A7
0002
0002
0014
0002
0014
0002
0023
001C
0016
001D
0025
0016
0002
0002
0002
0002
0002
0014
0023
001D
0018
0022
001F
0010
0002
0014
0002
0014
0014
0014
0020
0020
0021
001E
0014
0021
0014
0002
0014
0014
0002
0014
0018
001C
0012
0022
0014
0018
0014
0002
0014
0002
0002
0014
0023
001E
0010
001F
0014
0012
0014
0014
0014
0014
0002
0002
0018
001D
0010
0025
0014
0022
0014
0014
0014
0014
0014
0002
0013
00E8
0442
0014
0014
060A
0014
0014
0014
0014
0014
0014
0025
002B
0021
0026
0014
002D
0014
0002
0014
0014
0014
0014
0025
002B
002C
0026
0014
002D
0014
0014
0014
0002
0014
0014
0022
02D7
002F
0019
0014
0179
0014
0014
0014
0014
0014
0014
00AA
0031
0424
0033
0014
0014
0455
031E
017D
074F
02CE
00FE
0443
0033
003C
0014
01BB
00B0
0183
0768
01C3
00B3
0043
0555
0045
0046
0035
02C0
063B
0769
01F0
0188
004D
04E5
004F
0050
018A
02C3
018B
060E
02A3
0056
042B
0058
004F
0014
034E
037B
0656
076A
024D
0083
005F
0060
0061
0014
02BE
0063
01F9
01FA
06D0
0067
0068
0195
027E
0014
037D
006D
01CA
006F
0495
0115
0072
0073
0074
0014
0075
0076
076B
0227
0079
00D2
011C
076C
0014
0014
007E
007F
01FE
022B
00D5
0144
01FF
0085
0086
0014
0124
00D7
0453
008A
008B
030E
025F
008E
0034
0014
022E
01A3
0091
0092
0093
0094
0205
0096
0097
0014
0098
00DA
009A
009B
0237
0002
0263
0370
000F
0006
009F
00A0
023A
01AF
000B
000C
076D
071C
02EF
0025
013E
001A
0013
0014
00E8
0014
0002
0002
0014
0014
0014
0016
0017
0018
0019
0014
001A
0002
0014
0014
0014
0014
0002
001B
0023
0016
0026
001E
0021
0014
0002
0014
0002
0002
0014
001B
001A
0016
001E
0014
0010
0002
0014
0014
0014
0014
0014
0021
001B
0012
0019
0014
0012
0014
0002
0002
0014
0014
0014
0020
001C
0018
0026
0014
001A
0014
0002
0014
0014
0014
0014
0021
001A
0016
0022
0024
0016
0014
0014
0002
0002
0002
0002
0018
0012
0018
0026
0014
001A
0014
0014
0014
0014
0014
0014
0026
0027
0016
0026
0014
0028
0002
0014
0014
0014
0014
0014
0025
03C3
0012
0025
0013
002A
0014
0002
0014
0014
0014
0002
0019
02F1
0010
0013
0014
002D
0014
0014
0014
0014
0014
0002
0019
00ED
0021
0014
0014
0141
0002
0014
0002
0014
0014
0002
0030
00EE
0145
0414
0034
0014
0035
0036
02BC
02F5
017F
003A
003B
0149
0034
0014
01EC
073D
003F
0040
0041
0042
0186
0044
003C
00FE
0287
0048
0049
004A
007E
004C
00FD
004E
0074
0014
0051
076E
0150
0054
02D0
02FD
0057
005E
003C
0014
042C
005A
01C7
076F
0163
005E
024F
00F6
0034
0014
0087
027C
0064
0065
0066
00C8
0252
0069
006A
006B
006C
053C
01FC
03E5
0070
0071
0284
0393
0117
0014
0255
0770
0771
015E
0066
007A
053E
0772
007D
0014
01C3
0773
0774
0775
01F0
0083
022C
0776
00C9
0050
02AB
0125
0777
0747
027F
008C
030F
036C
0034
0014
02AD
028C
0778
0779
0248
0046
01E0
00D8
0014
0014
0455
04B0
077A
077B
016E
0002
009C
0004
077C
0006
009F
00E1
0009
000A
000B
0268
000D
0174
000F
0010
020B
0012
0014
0014
001E
0014
0002
0002
0014
0014
0014
0016
001B
0012
0026
0014
001A
0002
0002
0014
0002
0014
0014
001B
001C
0010
001D
0025
0016
0002
0002
0014
0002
0002
0014
0023
001D
0018
001E
0014
0021
0014
0014
0002
0014
0014
0014
0020
0020
0021
001E
0014
0021
0014
0002
0014
0014
0002
0014
0021
001C
0012
0026
0014
001A
0014
0002
0014
0002
0002
0014
0023
001E
0010
0025
0014
0012
0014
0014
0014
0002
0002
0002
0018
001A
0010
0025
0014
0022
0014
0014
0014
0014
0014
0002
0014
077D
04DD
0014
0014
04B7
0014
0014
0014
0014
0014
0014
0025
002B
0021
0026
0014
0141
0014
0002
0014
0014
0014
0014
0025
002B
002C
0026
0014
002D
0014
0014
0014
0014
0014
0014
0022
002E
002F
0026
0014
002A
0014
0014
0014
0014
0014
0014
0204
0031
0210
0033
0014
0014
0260
017C
03A7
035F
0039
003A
003B
0033
003C
0014
050A
00B0
0217
0751
01BF
0042
0043
0555
0045
0046
0035
02C0
0049
004A
0121
032A
004D
0555
0074
0014
052C
0052
0535
0105
0055
0056
0057
0058
004F
0014
0059
018E
005B
0752
005D
005E
005F
0060
010A
0014
02DD
0063
0064
0065
06D0
0067
0068
03AF
027E
0014
04EB
0336
077E
006F
077F
0071
00CE
0073
0074
0014
01DA
0076
0780
0227
0339
0014
041C
0781
0014
0014
007E
033A
0782
022B
00D5
0144
0084
0085
0086
0014
0124
00D7
0453
008A
008B
030E
008D
008E
0034
0014
022E
01A3
0091
0092
0093
0094
0095
0096
00C9
0014
0098
0099
009A
009B
0783
0002
0263
071A
0784
0006
0007
00A0
0385
0785
0372
03EC
0786
013C
02EF
0025
013E
001A
0013
0014
00E8
0014
0002
0014
0014
0014
0014
0025
01E8
0018
0019
0014
00A7
0002
0002
0014
0014
0014
0002
00A5
0023
0016
00A6
001E
0021
0014
0002
0002
0002
0002
0014
001B
001A
0016
00A6
001F
0010
0002
0014
0014
0014
0014
0014
0012
001B
0012
0019
0014
0012
0014
0002
0002
0014
0002
0014
0020
001C
0018
0022
0014
0018
0014
0002
0014
0014
0014
0014
0021
001A
0016
0022
0024
0016
0014
0014
0002
0014
0002
0014
0015
0012
0018
0026
0014
001A
0014
0014
0014
0014
0014
0014
0026
02B8
0016
0026
0014
002A
0002
0014
0014
0014
0014
0014
0025
03C3
0015
0025
0013
03C4
0014
0002
0014
0014
0014
0002
0019
02F1
0010
0013
0014
002D
0014
0014
0014
0002
0014
0002
0019
0142
0016
0019
0014
002D
0002
0014
0002
0014
0014
0002
0143
00EE
0145
0211
0034
0014
0035
00AD
0619
073B
0242
00FE
0787
029E
0034
0014
01EC
073D
0662
014B
00B2
0056
0186
0044
004F
00FE
0287
0048
075E
063C
007E
004C
0074
004E
004F
0050
0051
0723
0788
0418
0446
02FD
0186
00F6
003C
0014
0152
00BF
0789
0154
004B
024E
0547
00F6
0061
0014
02C6
027C
078A
04E9
0066
00C8
0068
0069
006A
006B
006C
0111
006E
0304
0070
0392
0072
01CD
0117
0014
00C2
078B
078C
078D
078E
007A
078F
0790
007D
0014
00C2
0562
0791
0792
0163
0083
0122
0164
00C9
0050
02AB
0125
0793
0794
04EB
008C
0795
0796
0034
0014
02AD
0797
0778
0798
0128
0046
03A0
00D8
0097
0014
0455
0799
079A
077B
06F5
0002
009C
069D
079B
079C
0007
0008
079D
000A
000B
0268
000D
000E
00A4
0010
020B
0012
0014
0014
001E
0014
0014
0002
0014
0014
0014
0016
001B
001D
0014
0014
001A
0002
0014
0014
0002
0014
0002
001B
0023
0021
001D
0019
0021
0014
0002
0014
0002
0002
0014
0023
001D
001D
001E
0014
0010
0014
0014
0014
0014
0014
0014
0021
00A5
0021
001E
0014
0021
0014
0014
0014
0014
0014
0014
0021
001C
0015
0026
0014
001A
0014
0002
0014
0014
0002
0014
0023
00A6
0010
0025
0014
0012
0014
0014
0014
0002
0014
0002
0018
001A
0010
0026
0014
001F
0014
0014
0014
0014
0014
0002
0013
077D
079E
0014
0014
04B7
0014
0014
0014
0014
0014
0014
0025
002B
0018
0014
0014
0141
0014
0002
0014
0014
0014
0002
0019
002B
0018
0014
0014
002D
0014
0014
0014
0014
0014
0002
0022
02D7
0012
0014
0014
002A
0014
0014
0014
0014
0014
0002
0204
0031
0210
00AB
0014
0014
0212
017C
0213
079F
00F4
003A
026A
0033
0014
0014
0185
0182
07A0
0184
0181
0042
0186
00B4
0045
0144
00AC
07A1
0049
004A
042C
021A
00B7
00B8
004F
0014
038C
0052
07A2
07A3
018A
018D
0057
0060
004F
0014
042C
059A
01C7
0752
0559
005E
027A
00F6
0034
0014
0472
0301
038E
07A4
0472
0067
0068
03AF
027E
0014
04C2
0336
07A5
02C8
0755
0071
015C
0393
007D
0014
0756
07A6
05A4
07A7
0358
00D2
00D3
03B2
0014
0014
00C2
07A8
07A9
07AA
00D5
02CC
07AB
0085
0014
0014
01D6
0289
03B5
049B
008B
00FE
03B7
008E
0014
0014
012B
03B8
03B9
0233
028E
0094
03BA
00D8
0014
0014
0131
0235
07AC
07AD
0135
0002
0263
01AB
0005
0006
009F
0170
0009
00E3
0578
0294
07AE
0386
01B3
0025
00E7
0015
0013
0014
00E8
0014
0002
0002
0014
0014
0014
0025
0297
0018
0019
0014
0141
0002
0002
0014
0014
0014
0002
00A5
001C
0016
00A6
001E
0016
0002
0002
0002
0002
0002
0014
001B
001D
0016
00A6
001F
0010
0002
0014
0002
0014
0014
0014
0020
001B
0018
001F
0014
0012
0014
0002
0002
0014
0002
0014
0020
001B
0018
0022
0014
0018
0014
0002
0014
0002
0014
0014
0010
001A
0016
0022
0024
0016
0014
0014
0002
0014
0002
0002
0018
0012
0018
0025
0014
001A
0014
0014
0014
0014
0014
0014
0026
002E
0016
0026
0014
002A
0002
0014
0014
0014
0014
0014
0025
03C3
0021
0025
0013
03C4
0014
0002
0014
0014
0014
0014
0019
02F1
002C
0026
0014
002D
0014
0014
0014
0002
0014
0014
0019
00ED
002F
0019
0014
002D
0002
0014
0002
0014
0014
0002
0143
00EE
03C5
0033
0034
0014
00AC
00AD
0037
045A
0148
00FE
0243
00F6
003C
0014
003D
01BC
01EE
014B
00B2
0056
0043
0044
004F
0046
0047
0048
075E
0580
004B
004C
004D
004E
0061
0050
00B9
07AF
02A2
034D
02A3
0056
0186
0058
0097
0014
034E
00BF
01F5
01F6
024D
024E
005F
0060
0061
0014
00C4
0063
0251
02A5
0066
00C8
0068
0069
006A
006B
00CA
075F
006E
0254
01FD
0115
0072
0073
0074
0014
0075
04A9
0077
07B0
0079
007A
019D
0259
007D
0014
007E
07B1
01D3
07B2
0082
0083
07B3
0164
0086
0050
008F
0088
07B4
0464
025E
008C
07B5
012A
0034
0014
008F
01A3
04AF
07B6
005D
0046
0454
0096
0097
0014
00D9
02B1
009A
01A8
05BF
0002
01AA
02D4
07B7
0006
009F
02EB
00E2
000A
000B
05FF
000D
0174
043E
0010
020B
0012
0014
0014
0015
0014
0002
0002
0014
0014
0014
0016
001B
0018
0019
0014
001A
0002
0014
0014
0002
0014
0002
001B
001C
0010
00A6
0019
0016
0014
0002
0014
0002
0002
0014
001B
001D
0016
001E
0014
0010
0002
0014
0014
0014
0014
0014
0021
0020
0021
001E
0014
0021
0014
0002
0002
0014
0002
0014
0021
001C
0015
0026
0014
001A
0014
0002
0014
0014
0002
0014
0023
00A6
0010
0025
0014
0012
0014
0014
0002
0002
0002
0002
0018
001A
0010
0026
0014
0022
0014
0014
0014
0014
0014
0014
0014
0140
00EA
0026
0014
00A7
0002
0014
0014
0014
0014
0014
0025
002B
0018
0026
0014
0141
0014
0002
0014
0014
0014
0014
0019
002B
002C
0026
0014
013F
0014
0014
0014
0002
0014
0014
0019
00A9
002F
0019
0014
0141
0014
0014
0014
0014
0014
0014
0204
0031
024F
00AB
0014
0014
0155
0036
00AE
0038
0039
003A
00BD
0033
003C
0014
0489
016B
07A0
07B8
01BF
0042
00FC
0044
007D
0046
00AC
0055
07B9
01C2
0059
0273
00B7
03D5
0074
0014
0051
02FB
06BE
06BF
0277
018D
0057
0060
004F
0014
042C
005A
01C7
005C
0559
005E
0109
0060
010A
0014
02DD
0191
010D
038F
06D0
0067
0068
03AF
027E
0014
0110
07BA
07BB
06D1
01CC
0071
00CE
0305
0117
0014
00C2
0118
07BC
0560
00D1
0014
07BD
05CB
007D
0014
00C2
01D2
07BE
07BF
037C
02CC
07C0
0085
00C9
0014
01D6
07C1
07C2
07C3
0346
00FE
07C4
008E
0034
0014
012B
01A3
07C5
01A5
0093
0094
0568
00D8
0097
0014
0131
0099
07C6
009B
0001
0002
0003
01E1
0005
0006
0007
067D
0009
00E3
0372
000C
075C
000E
01B3
0025
00E7
0015
0013
0014
002D
0014
0002
0002
0014
0014
0014
0025
0297
0012
0014
0014
0141
0002
0002
0014
0014
0014
0014
0010
001B
0016
001D
001E
0021
0002
0002
0002
0002
0014
0014
0023
001D
0010
00A6
001F
0010
0002
0014
0002
0014
0014
0014
0020
001B
0018
0019
0014
001D
0014
0002
0014
0014
0002
0014
0020
001B
0018
0022
0014
0018
0014
0002
0014
0002
0014
0014
0018
001A
0016
0022
0024
0016
0014
0014
0002
0014
0002
0002
0018
0012
0018
0025
0014
001A
0014
0014
0014
0014
0014
0002
0026
002E
0016
0014
0014
002A
0002
0014
0014
0014
0014
0014
0025
03C3
0021
0025
0013
03C4
0014
0002
0014
0014
0014
0002
0019
02F1
0010
0013
0014
002D
0014
0014
0014
0014
0014
0002
0022
02B8
0016
0014
0014
0179
0002
0014
0002
0014
0014
0002
0143
00EE
0145
0033
0034
0014
00AC
031E
029C
07C7
0242
00FE
0661
021E
0014
0014
003D
003E
01EE
014B
00B2
0106
0043
01C0
0045
00FE
0047
07C8
029F
02A0
004B
004C
004D
004E
004F
0050
018A
02C3
07C9
0151
02A3
0056
0186
0058
003C
0014
02C1
024C
02A4
0706
0030
024E
005F
0096
0061
0014
00C4
0156
07CA
02A5
0066
00C8
0068
0069
006A
006B
00CA
006D
006E
006F
01FD
0115
0072
0073
0074
0014
01DA
0076
0077
0078
0228
007A
070B
0407
0014
0014
007E
007F
04D9
0462
0082
0083
07CB
0195
0086
0050
008F
0088
025D
02CF
02D0
008C
07CC
012A
0034
0014
008F
03B8
07CD
016A
01A6
0083
0454
0096
0014
0014
00D9
07CE
0207
07CF
0001
0002
0003
0004
0482
0483
0007
00E1
046A
0172
01B0
02ED
000D
000E
000F
0010
0020
0015
0014
0014
0015
0014
0002
0002
0014
0014
0014
00A6
0175
0012
0019
0014
00A7
0002
0002
0014
0002
0014
0002
0023
001C
0016
001D
0014
0016
0002
0002
0002
0002
0002
0014
001B
001D
0018
0022
001F
0021
0002
0014
0002
0014
0014
0014
0020
0020
0018
001E
0014
0021
0014
0002
0014
0014
0002
0014
0021
001C
0012
0022
0014
0018
0014
0002
0014
0002
0002
0014
0023
001E
0010
001F
0014
0012
0014
0014
0014
0014
0002
0002
0018
001D
0010
0025
0014
0022
0014
0014
0014
0014
0014
0002
0013
06E2
079E
0014
0014
0503
0014
0014
0014
0014
0014
0014
0025
020E
079E
0026
0014
013F
0014
0014
0014
0014
0014
0014
0025
046B
0010
0026
0014
002D
0014
0014
0014
0002
0014
0014
0022
03A6
0016
0019
0014
0179
0014
0014
0014
0014
0014
0014
0110
0031
0424
0033
0014
0014
012B
02BB
017D
074F
02CE
00C3
038B
0033
003C
0014
01BB
00B0
0183
0184
0181
0042
0043
0044
0045
0014
0047
02C0
0100
0219
01F0
0188
004D
04E5
0061
0050
018A
02C3
018B
060E
0055
018D
0057
0058
004F
0014
034E
018E
005B
076A
005D
005E
005F
0060
0061
0014
0062
0063
0471
0193
06D0
00C8
0068
0195
027E
0014
00CA
006D
01CA
006F
077F
0115
0072
02A6
0074
0014
0199
019A
07D0
03B1
0079
00D2
011C
07D1
0014
0014
007E
025A
01FE
019F
00D5
0144
047B
07D2
00C9
0014
0124
0289
07D3
03B6
008B
030E
058B
008E
0034
0014
012B
01A3
049C
01A5
028E
0094
0130
0096
0097
0014
0131
0099
01A7
009B
00EB
0002
0263
0137
000F
0006
009F
00A0
0009
0410
0293
023D
07D4
07D5
07D6
0025
013E
0012
0013
0014
002D
0014
0002
0002
0014
0014
0014
0016
0017
0018
0014
0014
001A
0002
0014
0014
0014
0014
0002
001B
0023
0016
00A6
001E
0021
0014
0002
0014
0002
0002
0014
0023
001A
0016
001E
0014
0010
0002
0014
0014
0014
0014
0014
0021
001B
0021
0019
0014
001D
0014
0002
0002
0014
0014
0014
0020
001C
0018
0026
0014
001A
0014
0002
0014
0014
0014
0014
0021
001A
0016
0022
0024
0016
0014
0014
0002
0002
0002
0002
0018
0012
0018
0026
0014
001A
0014
0014
0014
0014
0014
0014
0026
0027
0016
0026
0014
0028
0002
0014
0014
0014
0014
0014
0025
03C3
0015
0025
0013
002A
0014
0002
0014
0014
0014
0002
0019
0142
002C
0013
0014
002D
0014
0014
0014
0014
0014
0002
0019
00ED
002F
0014
0014
0141
0002
0014
0002
0014
0014
0002
0030
00EE
0145
0414
0034
0014
0035
0036
03C7
02F5
017F
003A
003B
0149
0014
0014
01EC
0374
003F
014B
0329
0056
0186
01C0
00FD
0046
01F1
0048
045B
00B6
007E
004C
00FD
004E
004F
0014
0051
04A7
0150
0054
034E
0056
0186
005E
003C
0014
042C
005A
00C0
076F
004B
024E
024F
00F6
0034
0014
0399
027C
07D7
00C6
0066
0067
0068
0069
006A
006B
0110
02DF
01FC
03E5
0070
0071
0284
0073
0117
0014
0075
0076
0077
015E
015F
007A
053E
07D8
007D
0014
007E
0666
07D9
0775
004B
0083
0084
00F6
0086
0050
008F
0088
07DA
07DB
027F
008C
008D
036C
0034
0014
008F
0381
07DC
02AF
005D
0046
0095
00D8
0014
0014
00D9
0799
00DB
0467
058F
0002
0468
0590
04CF
079C
0007
0008
07DD
07DE
000B
01B1
000D
000E
00A4
0010
0011
0012
0014
0014
0015
0014
0002
0002
0014
0014
0014
00A6
00E9
001D
0019
0014
00A7
0002
0002
0014
0002
0014
0002
001B
0023
0010
001D
0019
0021
0014
0002
0014
0002
0002
0014
001B
001D
0010
001E
001F
0010
0002
0014
0014
0014
0014
0014
0021
0023
0021
001E
0014
0021
0014
0002
0014
0014
0014
0014
0020
001C
0015
0026
0014
001A
0014
0002
0014
0014
0002
0014
0023
001E
0016
0025
0024
0012
0014
0014
0002
0002
0002
0002
0018
001D
0010
0026
0014
0022
0014
0014
0014
0014
0014
0014
0013
002E
0016
0014
0014
0141
0002
0014
0014
0014
0014
0014
0025
0029
0018
0014
0014
0179
0014
0002
0014
0014
0014
0002
0019
02F1
0018
0014
0014
002D
0014
0014
0014
0014
0014
0002
0022
0142
0012
0014
0014
002A
0014
0014
0014
0014
0014
0002
0030
0031
024F
0033
0014
0014
04C8
052E
0037
0038
00F4
00C3
073C
0033
0097
0014
0181
07DF
07E0
046F
00FB
0042
00FC
0044
0045
0144
00AC
0595
0100
04F7
02D1
0188
004D
004E
004F
0050
021B
07E1
018B
018C
0277
0106
0057
0058
004F
0014
0538
0278
005B
0108
0163
005E
027A
005E
010A
0014
02BE
07E2
0192
059E
037C
00C8
0068
0195
027E
006B
027F
0111
00CC
0254
01CC
00B3
0072
01CD
007D
0014
0255
019A
07E3
01CF
0228
00D2
011C
007C
0014
0014
00C2
07E4
01FE
0433
0082
00D6
05A8
0085
0014
0014
0314
0668
0089
028A
018A
008C
07E5
008E
0014
0014
07E6
07E7
01A4
07E8
028E
0094
051B
00D8
0014
0014
0434
067B
07E9
07EA
0001
0002
0003
0004
0005
0006
009F
07EB
0009
07EC
0578
000C
07ED
0386
01B3
0025
07EE
0015
0013
0014
002D
0014
0002
0002
0014
0014
0014
0016
020B
0018
0013
0014
001A
0002
0002
0014
0014
0014
0002
00A5
001C
0016
00A6
001E
0016
0002
0002
0002
0014
0002
0014
0020
001D
0016
00A6
0014
0010
0002
0014
0002
0014
0014
0014
0020
001B
0012
0022
0014
0015
0014
0002
0002
0014
0002
0014
0021
001B
0018
0022
0014
0018
0014
0002
0014
0002
0014
0014
0010
001A
0010
0022
0014
0016
0014
0014
0014
0014
0014
0002
0018
0012
0018
0025
0014
001A
0014
0014
0014
0014
0014
0002
0026
0140
01B4
0026
0014
0028
0002
0014
0014
0014
0014
0014
0025
0142
0021
0025
0013
0141
0014
0002
0014
0014
0014
0014
0025
002B
002C
0026
0014
002D
0014
0014
0014
0002
0014
0014
0019
002E
002F
0019
0014
002D
0002
0014
0002
0014
0014
0002
0446
00EE
029B
064B
0034
0014
00AC
07EF
07F0
07F1
00AF
003A
003B
00F6
003C
0014
003D
00B0
003F
01EF
00B2
0056
0043
01C0
004F
0046
0047
0055
029F
02A0
0121
004C
07F2
0417
0061
0014
00B9
07F3
0150
034D
02A3
0056
0186
005E
0002
0014
034E
00BF
0490
00C1
024D
024E
005F
0060
0061
0014
00C4
0063
0251
02A5
0390
0067
07F4
0069
006A
0014
00CA
00CB
01FC
07F5
01FD
0071
00CE
0073
0074
0014
0075
0076
0077
0078
00D1
007A
041C
02A7
007D
0014
007E
07F6
01D3
0462
00D5
0083
0084
02AA
0086
0050
0087
07F7
05BC
07F8
0030
0046
008D
012A
0034
0014
008F
07F9
02AE
07B6
005D
00FE
0095
0096
0097
0014
00D9
07FA
009A
01A8
03A1
0002
009C
0004
0482
0006
009F
0008
046A
000A
000B
02ED
000D
0174
00A4
0010
0020
0012
0014
0014
0015
0014
0002
0002
0014
0014
0014
0016
001B
0012
0019
0014
001A
0002
0002
0014
0002
0014
0002
001B
001C
0010
001D
0019
0016
0014
0002
0014
0002
0002
0014
001B
001D
0016
001E
0014
0021
0002
0014
0002
0014
0014
0014
0021
0020
0021
001E
0014
0021
0014
0002
0014
0014
0002
0014
0021
001C
0012
0026
0014
001A
0014
0002
0014
0002
0002
0014
0023
00A6
0010
0025
0014
0012
0014
0014
0014
0014
0014
0002
0018
001A
0010
0025
0014
0022
0014
0014
0014
0014
0014
0002
0014
020C
079E
0014
0014
04B7
0014
0014
0014
0014
0014
0014
0025
046B
0442
0026
0014
02F2
0014
0014
0014
0014
0014
0014
0025
020E
0010
0026
0014
002D
0014
0014
0014
0002
0014
0014
0022
03A6
0016
0019
0014
0179
0014
0014
0014
0014
0014
0014
0204
0031
0424
00AB
0014
0014
0212
017C
046D
074F
0039
003A
0488
0033
003C
0014
0181
0182
0750
0184
0181
0042
00FC
0044
0045
0144
00AC
02C0
0470
0219
0121
0188
00B7
0555
0074
0014
0102
0052
018B
018C
0055
018D
0057
0060
004F
0014
0059
0107
01C7
07FB
005D
005E
0109
0060
010A
0014
02BE
0250
010D
038F
06D0
0167
0068
0195
027E
0014
037D
0336
07FC
02C8
01CC
0071
015C
02A6
0074
0014
007E
0118
07BC
03B1
00D1
0014
041C
07FD
0014
0014
00C2
01D2
07FE
07FF
00D5
0144
041F
0800
00C9
0014
0124
0289
0801
0802
008B
030E
0803
008E
0034
0014
012B
01A3
0804
01A5
028E
0094
0234
0096
0097
0014
0131
0099
01A7
009B
0737
0002
0263
0805
0208
0006
0007
056A
0009
0806
0372
023D
05B3
013C
01B3
0025
00E7
0015
0013
0014
002D
0014
0002
0014
0014
0014
0014
0025
0297
0018
0014
0014
0141
0002
0002
0014
0014
0014
0014
00A5
001B
0016
0022
001E
0021
0002
0002
0002
0002
0014
0014
0020
001A
0010
00A6
001F
0010
0002
0014
0014
0014
0014
0014
0020
001B
0018
0019
0014
001D
0014
0002
0002
0014
0014
0014
0020
001B
0018
0022
0014
0018
0014
0014
0014
0014
0014
0014
0021
001A
0016
0022
0024
0016
0014
0014
0002
0002
0002
0002
0018
0012
0018
0026
0014
001A
0014
0014
0014
0014
0014
0014
0026
01E9
0016
0026
0014
00EC
0002
0014
0014
0014
0014
0014
0025
03C3
0015
0025
0013
03C4
0014
0002
0014
0014
0014
0002
0019
002B
002C
0013
0014
002D
0014
0014
0014
0014
0014
0002
0019
00ED
002F
0014
0014
0141
0002
0014
0002
0014
0014
0002
0143
00EE
0145
0033
0034
0014
00AC
00AD
0037
045A
0242
00FE
0661
029E
0014
0014
003D
014A
0662
014B
00B2
0056
0043
01C0
004F
0046
0047
07C8
029F
02A0
007E
004C
004D
004E
004F
0050
00B9
014F
0788
034D
0446
0056
0186
0058
003C
0014
032F
015F
01F5
01F6
0346
024E
005F
00AB
0061
0014
00C4
0156
0665
05BA
0066
0067
0252
0069
006A
006B
006C
0111
01FC
0113
01FD
0115
0072
0073
0117
0014
00CF
02E1
0077
015E
0228
007A
011C
0407
007D
0014
007E
007F
0744
0792
0082
0083
02A9
0195
0086
0050
008F
0088
0807
0808
0128
008C
07CC
0796
0034
0014
008F
0168
0809
080A
005D
0046
0454
03F9
0014
0014
00D9
016B
080B
080C
0341
0002
01AA
02D4
04CF
0006
0007
0008
05DA
000A
000B
0173
000D
000E
00A4
0010
001B
0012
0014
0014
0015
0014
0002
0002
0014
0014
0014
0016
001B
0012
0019
0014
001A
0002
0014
0014
0002
0014
0002
001B
0023
0010
001D
0019
0016
0014
0002
0014
0002
0002
0014
001B
001D
0018
001E
0014
0021
0002
0014
0014
0014
0014
0014
0021
0023
0021
001E
0014
0021
0014
0002
0014
0014
0002
0014
0020
001C
0012
0026
0014
001A
0014
0002
0014
0014
0002
0014
0023
001E
0010
0025
0014
0012
0014
0014
0002
0014
0002
0002
0018
001A
0010
0025
0014
0022
0014
0014
0014
0014
0014
0014
0013
020C
079E
0014
0014
04B7
0014
0014
0014
0014
0014
0014
0025
046B
079E
0026
0014
02F2
0014
0014
0014
0014
0014
0014
0019
020E
0021
0026
0014
013F
0014
0014
0014
0002
0014
0014
0022
01B5
0021
0019
0014
0179
0014
0014
0014
0014
0014
0014
0204
0031
0424
0033
0014
0014
0155
05DB
017D
074F
00F4
003A
080D
0033
003C
0014
0181
05DE
0750
046F
0181
0042
00FC
0044
0045
0144
00AC
034A
0100
0101
01C3
0188
004D
0555
0074
0014
021B
05E3
018B
018C
0277
024B
0057
0058
004F
0014
0059
059A
005B
0108
0163
005E
0109
0060
010A
0014
02BE
0181
010D
080E
06D0
00C8
0068
0195
027E
0014
027F
05E9
00CC
0254
01CC
0071
0284
0116
0074
0014
0255
019A
080F
0560
0358
00D2
00D3
05CB
0014
0014
00C2
0810
0811
0812
0082
02CC
0813
05EC
00C9
0014
01D6
0444
0814
0815
0277
00FE
0803
008E
0034
0014
012B
028F
0480
0816
028E
0094
0234
0096
0097
0014
0131
0817
01A7
07EA
0001
0002
0003
01E1
0005
0006
009F
056A
0009
0818
0578
000C
0819
0458
00E6
0025
00E7
001A
0013
0014
002D
0014
0002
0014
0014
0014
0014
0025
0297
0018
0014
0014
0141
0002
0002
0014
0014
0014
0014
00A5
001C
0016
0022
001E
0021
0002
0002
0002
0002
0014
0014
0020
001A
0016
00A6
001F
0010
0002
0014
0002
0014
0014
0014
0020
001B
0012
0022
0014
001D
0014
0002
0002
0014
0002
0014
001F
001B
0018
0022
0014
0018
0014
0002
0014
0002
0014
0014
0018
001A
0016
0022
0024
0016
0014
0014
0002
0002
0002
0014
0018
0012
0018
0026
0014
001A
0014
0014
0014
0014
0014
0002
0026
01E9
0016
0026
0014
00EC
0002
0014
0014
0014
0014
0014
0025
03C3
0021
0025
0013
03C4
0014
0002
0014
0014
0014
0002
0019
002B
002C
0013
0014
002D
0014
0014
0014
0014
0014
0002
0019
002E
002F
0014
0014
0141
0002
0014
0002
0014
0014
0002
0143
00EE
029B
064B
0034
0014
00AC
00AD
081A
073B
00AF
00FE
081B
0056
0014
0014
003D
00B0
0662
05B7
00B2
0056
0043
01C0
004F
0046
0047
0055
029F
02A0
0121
004C
07F2
004E
004F
0050
00B9
0364
02A2
034D
01F4
0056
0186
005E
0002
0014
032F
00BF
00C0
00C1
024D
024E
005F
00AB
0061
0014
00C4
0063
0665
05BA
0066
0067
0252
0069
006A
006B
00CA
006D
01FC
07F5
01FD
0115
0072
0073
0117
0014
0075
0076
0077
0078
0079
007A
011C
0407
007D
0014
007E
07B1
01D3
0462
00D5
0083
02A9
02AA
0086
0050
008F
081C
0463
081D
0030
008C
033C
021A
0034
0014
008F
0090
02AE
081E
005D
0046
0454
036F
0014
0014
00D9
0261
081F
0820
05BF
0002
01AA
02D4
0821
0006
009F
00E1
03A4
000A
02D6
0268
01E5
0174
00A4
0010
0020
0012
0014
0014
0015
0014
0002
0002
0014
0014
0014
0016
001B
0012
0019
0014
001A
0002
0002
0014
0002
0014
0002
001B
0023
0016
001D
0025
0016
0014
0002
0014
0014
0002
0014
001B
001D
0018
001E
0014
0010
0002
0014
0002
0014
0014
0014
001D
0020
0021
001E
0014
0021
0014
0002
0014
0014
0002
0014
0020
001C
0012
0026
0014
001A
0014
0002
0014
0002
0002
0014
0023
001E
0010
001F
0014
0012
0014
0014
0014
0002
0002
0002
0018
001A
0010
0025
0014
0022
0014
0014
0014
0014
0014
0014
0026
020C
00EA
0014
0014
020D
0014
0014
0014
0014
0014
0014
0025
046B
00EA
0026
0014
02F2
0014
0014
0014
0014
0014
0014
0019
020E
002C
0026
0014
013F
0014
0014
0014
0002
0014
0014
0022
03A6
002F
0019
0014
002A
0014
0014
0014
0014
0014
0014
0204
0031
057B
0033
0014
0014
0212
00F1
057C
05DC
0039
003A
0822
0033
003C
0014
0823
05C0
0824
0825
01C3
00B3
00FC
0044
0045
0046
00AC
02C0
02DA
0826
0121
01C0
004D
0555
0074
0014
0102
0103
0582
0105
02A3
018D
0584
0058
004F
0014
0059
0107
02DC
076A
024D
00C3
0109
0060
010A
0014
02DD
0301
0827
0828
06D0
03AE
0068
03AF
027E
0014
0110
0159
05EA
0517
01CC
0071
0284
0305
0074
0014
00C2
0118
0829
0560
0358
007A
00D3
07FD
0014
0014
00C2
0307
082A
019F
00D5
00FE
01D5
0800
00C9
0014
01D6
0289
082B
047F
008B
00FE
05CD
008E
0034
0014
012B
0310
082C
02E5
0093
0094
082D
0096
0097
0014
0131
053F
065E
03BC
0001
0002
0003
01E1
0005
0006
0007
00A0
0009
062F
01B0
023D
076D
013C
01B3
0025
013E
001A
0013
0014
002D
0014
0002
0014
0014
0014
0014
00A6
00E9
0018
0014
0014
002D
0002
0002
0014
0014
0014
0002
00A5
001C
0010
0022
001E
0021
0002
0002
0002
0002
0014
0014
0023
001A
0016
00A6
001F
0010
0002
0014
0014
0014
0014
0014
0020
001B
0012
0019
0014
001D
0014
0002
0002
0014
0014
0014
0021
001C
0018
0022
0014
0018
0014
0002
0014
0014
0014
0014
0021
001A
0016
0022
0024
0016
0014
0014
0002
0014
0002
0002
0018
0012
0018
0026
0014
001A
0014
0014
0014
0014
0014
0002
0013
01E9
0016
0026
0014
00EC
0002
0014
0014
0014
0014
0014
0025
03C3
0021
0025
0013
03C4
0014
0002
0014
0014
0014
0002
0019
082E
0010
0013
0014
002D
0014
0014
0014
0014
0014
0002
0025
02B8
0021
0014
0014
002D
0002
0014
0002
0014
0014
0002
0346
00EE
0145
0546
0034
0014
00AC
0348
02BC
073B
0242
00C3
04A4
0211
0014
0014
003D
003E
0631
0040
0041
0042
0043
01C0
004F
00FE
0047
07C8
0049
004A
007E
004C
004F
004E
004F
0050
00B9
02C3
082F
034D
02D0
0056
0057
005E
003C
0014
0152
005A
01C7
076F
01C8
005E
005F
018D
0061
0014
00C4
0063
0064
0065
0066
0067
0252
0069
006A
006B
00CA
006D
006E
07F5
01FD
0115
0072
0073
0117
0014
00CF
0076
0077
0078
0079
007A
011C
0407
007D
0014
007E
022A
01D3
0462
0082
0083
02A9
0195
0086
0050
008F
0088
0830
04FD
017A
008C
0831
0714
0034
0014
008F
0090
0832
0833
01A6
0046
0834
0447
0014
0014
00D9
0099
0835
0836
05BF
0002
01AA
02D4
04CF
079C
0007
0008
079D
000A
000B
05FF
000D
000E
00A4
0010
0020
0012
0014
0014
0015
0014
0002
0002
0014
0014
0014
0016
001B
0012
0019
0014
001A
0002
0002
0014
0002
0014
0002
001B
0023
0010
001D
0019
0016
0014
0002
0014
0002
0002
0014
001B
001D
0018
001E
001F
0010
0002
0014
0014
0014
0014
0014
001D
0023
0021
001E
0014
0021
0014
0002
0014
0014
0002
0014
0020
001C
0012
0026
0014
001A
0014
0002
0014
0014
0002
0014
0023
001E
0010
0025
0014
0012
0014
0014
0014
0014
0002
0002
0018
001A
0010
0025
0014
0022
0014
0014
0014
0014
0014
0014
0013
020C
00EA
0014
0014
04B7
0014
0014
0014
0014
0014
0014
0025
020E
00EA
0026
0014
02F2
0014
0014
0014
0014
0014
0002
0019
020E
0010
0026
0014
002D
0014
0014
0014
0002
0014
0002
0022
03A6
0016
0019
0014
0179
0014
0014
0014
0014
0014
0002
0204
0031
057B
0033
0014
0014
0220
052E
03A7
05DC
00F4
003A
026A
0033
003C
0014
066B
0837
03A8
0838
0181
0042
026F
0044
0045
0144
01EA
02D9
0100
0554
01C3
021A
004D
00B8
004F
0050
038C
05E3
0582
03AB
00B9
0447
0057
0058
004F
0014
0059
059A
005B
0706
0163
005E
027A
0060
010A
0014
0674
0675
0676
03E4
06D0
03AE
0068
03AF
027E
0014
027F
0253
07A5
0839
01CC
0071
0284
0116
0074
0014
0255
019A
080F
0560
0358
00D2
00D3
03B2
0014
0014
00C2
0810
0811
0433
0082
02CC
04EE
05EC
00C9
0014
01D6
083A
03B5
083B
008B
00FE
028B
008E
0034
0014
012B
083C
03B9
083D
028E
0094
03BA
0096
0097
0014
067A
083E
03BB
083F
0001
0002
0003
01E1
0005
0006
009F
056A
0009
065F
0578
000C
0660
0458
01B3
0025
013E
001A
0013
0014
002D
0014
0002
0014
0014
0014
0014
0025
0840
0018
0014
0014
0141
0002
0002
0014
0014
0014
0014
00A5
001C
0016
0022
001E
0021
0002
0002
0002
0002
0014
0014
0023
001A
0016
00A6
0014
0010
0002
0014
0002
0014
0014
0014
0020
001B
0012
0014
0014
001D
0014
0002
0002
0014
0002
0014
001F
001B
0018
0022
0014
0018
0014
0014
0014
0002
0014
0014
0021
001A
0016
0022
0024
0016
0014
0014
0002
0002
0002
0014
0018
0012
0018
0026
0014
001A
0014
0014
0014
0014
0014
0002
0026
01E9
0016
0026
0014
00EC
0002
0014
0014
0014
0014
0014
0025
03C3
0021
0025
0013
03C4
0014
0002
0014
0014
0014
0014
0019
002B
002C
0013
0014
002D
0014
0014
0014
0014
0014
0014
0019
02B8
002F
0014
0014
0141
0002
0014
0002
0014
0014
0002
0143
00EE
0145
064B
0034
0014
00AC
00AD
02BC
0349
00AF
00FE
0661
029E
0014
0014
003D
00B0
0662
05B7
00B2
0056
0043
01C0
004F
0046
0047
0055
029F
02A0
0121
004C
004F
004E
0061
0014
00B9
0364
07C9
034D
01F4
0056
0186
0060
0014
0014
032F
00BF
00C0
005C
024D
024E
005F
00AB
0061
0014
0062
0063
0665
05BA
0066
0067
0252
0069
006A
006B
00CA
006D
006E
07F5
01FD
0115
0072
0073
0117
0014
0075
0076
0077
0078
0079
007A
011C
0407
007D
0014
007E
022A
01D3
0462
00D5
0083
02A9
0195
0086
0050
008F
081C
0841
0842
017A
008C
0843
01DC
0034
0014
008F
0844
0845
0846
005D
0046
0576
036F
0014
0014
0098
0847
0848
0849
05BF
0002
084A
040F
0005
079C
009F
00E1
084B
07EC
01E4
0268
075C
0174
084C
0019
00E7
0012
0014
0014
00E8
0014
0002
0002
0014
0014
0014
0016
0017
0012
0019
0014
001A
0002
0002
0014
0002
0014
0002
001B
0023
0016
00A6
001E
0016
0014
0002
0014
0002
0002
0014
001B
001D
0016
001E
001F
0010
0002
0014
0014
0014
0014
0014
0012
001B
0021
0022
0014
0012
0014
0002
0014
0014
0002
0014
0021
001B
0018
0026
0014
001A
0014
0002
0014
0014
0002
0014
0023
00A6
0016
001F
0024
0018
0014
0014
0014
0002
0002
0002
0018
001D
0010
0025
0014
0022
0014
0014
0014
0014
0014
0014
0026
020C
084D
0014
0014
020D
0014
0014
0014
0014
0014
0014
0025
03DD
0021
0025
0013
02F2
0014
0002
0014
0014
0014
0014
0019
01B5
0010
0026
0014
002D
0014
0014
0014
0002
0014
0014
0019
02D7
0021
0019
0014
0141
0014
0014
0014
0014
0014
0014
0030
0448
084E
0414
0014
0014
0212
00F1
084F
00F3
0039
003A
0658
00F6
003C
0014
066B
0799
0850
0851
004B
00B3
0537
0044
007D
00FE
01F1
02C0
0852
0853
0059
0555
07F2
0741
0074
0050
021B
076E
0556
0854
00AA
018D
0584
021E
0002
0014
0059
0107
0855
0856
00C2
00C3
0857
0060
010A
0014
0674
0301
0827
0828
0062
03AE
0068
03AF
027E
006B
0110
0515
05EA
0858
0489
0071
0072
0476
0074
0014
007E
0118
02C9
0560
00BF
007A
007B
0859
0014
0014
044D
0810
085A
085B
00D5
00FE
041F
02AA
00C9
0050
0124
085C
0126
085D
0059
00FE
085E
012A
0034
0014
012B
07A8
085F
0860
048F
00FE
0861
0096
0097
0014
02D3
0862
0863
0864
0001
0002
0003
01E1
043C
0006
0007
03BE
0009
0865
01B0
023D
000D
000E
000F
0010
020B
0015
0013
0014
001A
0014
0014
0002
0014
0014
0014
00A6
0388
0018
0014
0014
002D
0002
0002
0014
0014
0014
0002
00A5
001C
0016
001D
0019
0021
0002
0002
0002
0002
0014
0014
0023
001D
0010
0022
0014
0010
0002
0014
0002
0014
0014
0014
0020
0023
0018
001E
0014
0021
0014
0002
0002
0014
0002
0014
0020
001C
0015
0022
0014
0018
0014
0002
0014
0002
0014
0014
0021
001A
0010
0022
0014
0016
0014
0014
0002
0014
0002
0002
0018
0012
0018
0026
0014
001A
0014
0014
0014
0014
0014
0002
0013
01E9
0012
0026
0014
00EC
0002
0014
0014
0014
0014
0014
0025
0029
0012
0013
0014
0179
0014
0002
0014
0014
0014
0002
0019
002B
002C
0013
0014
002D
0014
0014
0014
0014
0014
0002
0022
02B8
002F
0014
0014
03C4
0002
0014
0002
0014
0014
0002
03F6
0031
0032
0033
0034
0014
00AC
0348
0037
0038
0242
00C3
04A4
0033
0014
0014
003D
003E
0662
0040
01BF
0042
0043
01C0
0045
0046
0047
0048
0049
004A
004B
004C
004D
004E
004F
0014
00B9
02C3
0053
00BB
0055
0056
0057
0058
004F
0014
0152
005A
005B
005C
005D
005E
005F
005E
0061
0014
0062
0063
0064
0065
0390
0067
0252
0069
006A
0014
00CA
05BB
006E
006F
01FD
0115
0284
0073
0117
0014
00CF
0076
0077
0078
0406
007A
0866
007C
007D
0014
007E
033A
0080
0081
0082
0083
02A9
0085
0086
0014
008F
0088
0089
008A
02D0
008C
0867
008E
0034
0014
008F
0090
0091
0092
0093
0094
0868
036F
0014
0014
0098
0099
033F
0340
03A1
0002
009C
0004
0869
0006
009F
00E1
03A4
000A
02D6
0268
01E5
0174
043E
0010
0020
0015
0014
0014
001E
0014
0002
0002
0014
0014
0014
0016
0020
0012
0013
0014
001A
0002
0002
0014
0002
0014
0002
001B
0023
0016
00A6
001E
0016
0014
0002
0014
0002
0002
0014
0016
001D
0015
001E
001F
0010
0002
0014
0002
0014
0014
0014
001D
001B
0018
001E
0014
0021
0014
0002
0014
0014
0002
0014
0020
0023
0012
0013
0014
001A
0014
0002
0014
0002
0002
0014
0023
001E
0010
001F
0014
0012
0014
0014
0014
0002
0002
0002
0018
001A
0010
0025
0014
001F
0014
0014
0014
0014
0014
0002
0026
020C
00EA
0014
0014
020D
0014
0014
0014
0014
0014
0014
0025
020E
03A5
0026
0014
02F2
0014
0014
0014
0014
0014
0014
0019
020E
002C
0026
0014
013F
0014
0014
0014
0002
0014
0014
0019
0442
002F
0019
0014
0141
0014
0014
0014
0014
0014
0014
0204
0031
086A
0033
0014
0014
012B
017C
086B
086C
0039
003A
0488
0033
003C
0014
0823
0182
0824
048C
01C3
00B3
026F
00B4
00FD
0046
01F1
02C0
063B
0769
0121
021A
004D
0741
004F
0050
052C
0052
086D
0105
02A3
018D
042B
0058
004F
0014
0059
0107
0656
0657
024D
00C3
0658
0060
00C9
0014
0220
0301
086E
0828
010B
03AE
0068
03AF
027E
0014
037D
0336
05EA
006F
036B
0071
0284
02A6
0074
0014
007E
0118
0829
03B1
015F
007A
00D3
07FD
0014
0014
007E
0307
082A
019F
00D5
00FE
04EE
086F
00C9
0014
01D6
05A6
070D
03B6
0201
00FE
0870
008E
0034
0014
012B
0203
0871
0872
01C8
0094
0873
0096
0097
0014
0455
0206
0874
03BC
0737
0002
0263
0370
0005
0006
0007
00A0
0009
0649
01B0
023D
04A0
000E
01B3
0025
013E
0012
0013
0014
00E8
0014
0002
0002
0014
0014
0014
00A6
00E9
0018
0019
0014
002D
0002
0014
0014
0014
0014
0002
00A5
001C
0010
001D
0019
0018
0002
0002
0002
0002
0014
0014
001B
00A6
0016
0022
0014
0010
0002
0014
0014
0014
0014
0014
0020
0023
0021
0019
0014
0012
0014
0002
0002
0014
0014
0014
0021
001C
0018
0022
0014
0018
0014
0002
0014
0014
0014
0014
0021
001A
0016
0022
0024
0016
0014
0014
0002
0014
0002
0002
0018
0012
0018
0026
0014
001A
0014
0014
0014
0014
0014
0014
0013
01E9
0016
0026
0014
00EC
0002
0014
0014
0014
0014
0014
0025
03C3
0021
0025
0013
03C4
0014
0002
0014
0014
0014
0002
0019
0142
0010
0013
0014
002D
0014
0014
0014
0014
0014
0002
0022
04F4
0021
0014
0014
0179
0002
0014
0002
0014
0014
0002
0346
00EE
0145
0546
0034
0014
0035
0348
03C7
05B5
0242
00C3
04A4
029E
0097
0014
003D
01BC
0631
0040
0041
0042
0043
0044
0045
0144
0047
0048
0049
004A
007E
004C
0061
004E
0061
0014
0051
0875
082F
034D
02D0
0056
0057
0060
003C
0014
0152
005A
01C7
005C
01C8
005E
005F
005E
0061
0014
0062
0063
0064
0065
0066
0067
0252
0069
006A
006B
006C
075F
006E
0304
01FD
0115
0072
0073
0117
0014
00CF
0876
0077
015E
0079
007A
011C
0407
007D
0014
007E
022A
011F
0549
0082
0083
03D3
0195
0086
0050
008F
0088
0877
04FD
01DA
008C
040B
0714
0034
0014
008F
0090
0878
0465
028E
0083
0879
0447
0014
0014
0098
0099
087A
087B
05BF
0002
01AA
02D4
04CF
079C
0007
00E1
07DD
000A
000B
05FF
000D
000E
00A4
0010
0020
0015
0014
0014
0015
0014
0002
0002
0014
0014
0014
0016
0020
0012
0019
0014
001A
0002
0002
0014
0002
0014
0002
001B
0023
0010
001D
0025
0016
0014
0002
0014
0002
0002
0014
001B
001D
0018
001E
001F
0010
0002
0014
0014
0014
0014
0014
001D
0023
0018
001E
0014
0021
0014
0002
0014
0014
0002
0014
0021
0023
0012
0026
0014
001A
0014
0002
0014
0014
0002
0014
0023
001E
0010
0025
0014
0012
0014
0014
0014
0014
0002
0002
0018
001A
0010
0025
0014
0022
0014
0014
0014
0014
0014
0014
0013
020C
00EA
0014
0014
020D
0014
0014
0014
0014
0014
0014
0025
020E
00EA
0026
0014
02F2
0014
0014
0014
0014
0014
0002
0019
020E
002C
0026
0014
002D
0014
0014
0014
0002
0014
0002
0022
087C
002F
0019
0014
0179
0014
0014
0014
0014
0014
0002
0204
0031
057B
0033
0014
0014
0220
05DB
03A7
05DC
00F4
003A
026A
0033
003C
0014
066B
071F
03A8
0838
0181
0042
026F
0044
0045
0046
01EA
0048
0100
087D
01C3
021A
004D
00B8
0074
0050
021B
0704
0582
03AB
00B9
018D
0057
0058
004F
0014
0059
059A
005B
0706
0163
005E
027A
0060
010A
0014
0674
0301
03E3
087E
06D0
03AE
0068
03AF
027E
0014
04EB
05E9
07BB
0839
01CC
0071
015C
0116
0074
0014
0199
019A
087F
0560
0358
00D2
00D3
03B2
0014
0014
00C2
0880
0811
0433
0082
02CC
04EE
05EC
00C9
0014
01D6
0881
03B5
083B
008B
00FE
028B
008E
0034
0014
012B
0882
03B9
0883
0093
0094
03BA
0096
0097
0014
067A
083E
03BB
0884
0001
0002
0003
01E1
0005
0006
009F
03BE
0009
0885
0578
000C
05B3
0458
01B3
0025
013E
0012
0013
0014
002D
0014
0002
0014
0014
0014
0014
0025
0840
0018
0014
0014
0141
0002
0002
0014
0014
0014
0002
00A5
001C
0016
0022
001E
0021
0002
0002
0002
0002
0014
0014
0023
001A
0016
00A6
0014
0010
0002
0014
0002
0014
0014
0014
0020
001B
0021
0014
0014
001D
0014
0002
0002
0014
0002
0014
0020
001C
0018
0022
0014
0018
0014
0002
0014
0002
0014
0014
0021
001A
0016
0022
0024
0016
0014
0014
0002
0002
0002
0014
0018
0012
0018
0026
0014
001A
0014
0014
0014
0014
0014
0002
0026
01E9
0016
0026
0014
00EC
0002
0014
0014
0014
0014
0014
0025
03C3
0021
0025
0013
03C4
0014
0002
0014
0014
0014
0014
0019
002B
0010
0013
0014
002D
0014
0014
0014
0014
0014
0014
0019
02B8
0021
0014
0014
0141
0002
0014
0002
0014
0014
0002
0143
00EE
0145
064B
0034
0014
00AC
00AD
03C7
05B5
00AF
00FE
0661
029E
0014
0014
003D
00B0
0662
05B7
00B2
0056
0043
01C0
004F
00FE
0047
0055
029F
02A0
0121
004C
004F
004E
004F
0014
00B9
0364
07C9
034D
01F4
0056
0186
0060
0014
0014
032F
00BF
00C0
005C
024D
024E
005F
00AB
0061
0014
0062
0063
0665
05BA
0066
0067
0252
0069
006A
006B
006C
006D
006E
07F5
01FD
0115
0072
0073
0117
0014
0075
0076
0077
0078
0079
007A
011C
0407
007D
0014
007E
022A
011F
0549
00D5
0083
02A9
0195
0086
0050
008F
0886
0877
0887
017A
008C
0843
01DC
0034
0014
008F
0844
0878
0888
025E
0046
0889
036F
0014
0014
0098
0847
088A
088B
