// Healthy Ranges — Index Table (level 1 of two-level lookup)
// Addr = node_idx * 279 + feature_idx  (16 bits)
// Data = pair_id (12 bits, stored as 16-bit)
// Depth: 39897 (143 nodes x 279 features)
// Populated: 39897, Unique pairs: 2503 (incl. sentinel at id=0)
//
0001
0002
0003
0004
0005
0006
0007
0008
0009
000A
000B
000C
000D
000E
000F
0010
0011
0012
0013
0014
0012
0014
0002
0002
0014
0014
0014
0015
0016
0017
0018
0014
0019
0002
0002
0014
0014
0002
0002
001A
001B
001C
001D
001E
0015
0002
0002
0002
0002
0002
0014
001A
001D
001F
001E
0020
001A
0002
0014
0002
0014
0014
0014
001C
001A
0017
001E
0014
0021
0014
0002
0002
0014
0002
0014
001C
001B
0021
0022
0014
0015
0014
0002
0014
0002
0002
0014
0023
0019
0015
0022
0024
0015
0014
0014
0002
0002
0002
0002
0017
0025
0010
0026
0014
0019
0002
0014
0002
0014
0014
0002
0027
0028
0029
0027
0014
002A
0002
0014
0014
0014
0014
0014
0026
002B
0021
0026
0013
002C
0014
0002
0014
0014
0014
0002
0018
002B
002D
0027
0014
002E
0014
0014
0014
0002
0014
0002
0022
002F
0030
0018
0014
0031
0002
0014
0002
0014
0014
0002
0032
0033
0034
0035
0036
0014
0037
0038
0039
003A
003B
003C
003D
0035
0002
0014
003E
003F
0040
0041
0042
0043
0044
0045
0046
0047
0048
0049
004A
004B
004C
004D
004E
004F
0050
0051
0052
0053
0054
0055
0056
0057
0058
0059
0050
0014
005A
005B
005C
005D
005E
005F
0060
0061
0062
0014
0063
0064
0065
0066
0067
0068
0069
006A
006B
006C
006D
006E
006F
0070
0071
0072
0073
0074
0075
0014
0076
0077
0078
0079
007A
007B
007C
007D
007E
0014
007F
0080
0081
0082
0083
0084
0085
0086
0087
0051
0088
0089
008A
008B
008C
0047
008D
008E
0036
0014
008F
0090
0091
0092
0093
0094
0095
0096
0097
0014
0098
0099
009A
009B
0001
0002
009C
009D
009E
0006
0007
009F
0009
00A0
00A1
00A2
00A3
000E
00A4
0010
0011
0019
0013
0014
0012
0014
0002
0002
0014
0014
0014
0026
00A5
0012
0018
0014
00A6
0002
0002
0014
0014
0014
0002
001A
0023
001C
001D
0018
0010
0014
0002
0014
0002
0002
0014
001A
001D
0015
001E
0014
001A
0002
0014
0014
0014
0014
0014
0021
0023
0012
001E
0014
0021
0014
0002
0014
0014
0014
0014
001C
001B
0021
0022
0014
0015
0014
0002
0014
0014
0002
0014
0023
00A7
0015
0018
0024
0025
0014
0014
0002
0002
0002
0002
0025
001D
0010
0027
0014
00A7
0014
0014
0014
0014
0014
0002
0013
00A8
0029
0014
0014
00A9
0002
0014
0014
0014
0014
0014
0027
002B
0025
0026
0013
002E
0014
0002
0014
0014
0014
0014
0026
002B
002D
0014
0014
00AA
0014
0014
0014
0014
0014
0014
0022
002B
0030
0014
0014
0031
0002
0014
0002
0014
0014
0002
0032
0033
0034
00AB
0036
0014
00AC
0038
00AD
003A
00AE
00AF
00B0
0035
0036
0014
00B1
003F
00B2
00B3
00B4
00B5
00B6
0045
0046
0047
00B7
0049
00B8
00B9
00BA
004D
00BB
00BC
0075
0014
00BD
0053
0054
0055
00BE
0057
0058
00BF
0050
0014
00C0
005B
00C1
00C2
004C
00C3
00C4
00BF
0062
0014
00C5
00C6
00C7
00C8
0067
0068
0069
006A
00C9
006C
006D
00CA
00CB
00CC
00CD
00CE
00CF
0074
00D0
0014
00D1
0077
0078
00D2
00D3
00D4
00D5
00D6
0014
0014
00BA
00D7
00D8
00D9
00DA
00DB
00DC
0086
0087
0051
008F
00DD
00DE
00DF
00E0
00E1
00E2
008E
0014
0014
008F
00E3
00E4
00E5
0093
0094
00E6
00E7
0014
0014
00E8
00E9
00EA
00EB
00EC
0002
00ED
00EE
00EF
0006
00F0
00F1
00F2
00F3
00F4
00F5
00F6
00F7
00F8
0018
00F9
0012
0014
0014
002C
0014
0002
0002
0014
0014
0014
0015
00FA
0017
0027
0014
0019
0002
0002
0014
0014
0002
0002
001F
001B
0015
001D
001E
0015
0002
0002
0002
0002
0002
0014
001C
001D
001F
0022
0020
0010
0002
0014
0002
0014
0014
0014
001C
001A
0017
0022
0014
001D
0014
0002
0002
0014
0002
0014
0021
001B
0017
0027
0014
001D
0014
0014
0014
0002
0014
0014
0015
0019
0010
0022
0014
0015
0014
0014
0014
0014
0002
0002
0017
0025
0017
0026
0014
0019
0002
0014
0002
0014
0014
0002
0027
00FB
00FC
0027
0014
00FD
0002
0014
0014
0014
0014
0014
0026
00FE
0021
0027
0014
002C
0014
0014
0014
0014
0014
0002
0018
00FF
0021
0027
0014
002E
0014
0014
0014
0002
0014
0002
0018
002F
0021
0018
0014
002E
0014
0014
0014
0014
0014
0002
0100
0101
0102
0035
0014
0014
0103
0104
0105
0106
0107
003C
0108
0109
0002
0014
010A
010B
010C
010D
010E
0043
0044
010F
0110
0111
0037
0056
004A
004B
0112
0113
004E
004F
0050
0051
0052
0114
0115
0116
0056
0117
0118
0059
0002
0014
0119
011A
005C
011B
005E
005F
0060
0061
00C9
0014
011C
0064
011D
0066
011E
011F
0046
0120
006B
0014
0100
0121
0122
0123
0124
0072
0073
0125
0075
0014
0126
0127
0128
0129
007A
007B
007C
012A
007E
0014
007F
012B
012C
012D
012E
0084
0085
012F
0130
0014
0088
0131
0132
0133
0032
0047
008D
0134
0036
0014
0135
0090
0136
0137
0138
0111
0095
0096
0097
0014
0139
0099
013A
013B
013C
0002
013D
013E
013F
0006
0007
0008
0009
0140
0141
000C
0142
0143
0144
0026
0145
0019
0013
0014
0031
0014
0002
0002
0014
0014
0014
0015
0016
0017
0024
0014
0019
0002
0002
0014
0014
0014
0002
001F
001C
0010
00A7
0018
0017
0014
0002
0014
0002
0002
0014
001C
001E
0015
00A7
0020
001A
0002
0014
0014
0014
0014
0014
0021
0023
0025
0020
0014
001D
0014
0002
0002
0014
0002
0014
0021
001B
0017
0022
0014
0015
0014
0002
0014
0014
0002
0014
0023
00A7
0015
0018
0024
0015
0014
0014
0002
0002
0002
0002
0017
0019
0010
0027
0014
0022
0014
0014
0014
0014
0014
0014
0013
0028
0029
0027
0014
002A
0002
0014
0014
0014
0014
0014
0013
002B
0025
0026
0013
002C
0014
0002
0014
0014
0014
0002
0026
0146
002D
0014
0014
002E
0014
0014
0014
0002
0014
0002
0026
0146
0030
0018
0014
002C
0002
0014
0002
0014
0014
0002
0032
0147
0148
00AB
0036
0014
0037
0038
0149
014A
014B
003C
003D
014C
0036
0014
003E
014D
0040
00B3
00B4
00B5
014E
014F
0050
0047
0150
0049
0151
0152
00BA
004D
0153
004F
0002
0051
0052
0154
0155
0156
00BE
0057
0058
00BF
0157
0014
0158
0159
00C1
00C2
004C
015A
0060
00BF
0062
0014
015B
015C
015D
00C8
0067
0068
0069
006A
0157
006C
0100
015E
015F
0160
0071
0072
00CF
0074
00D0
0014
0076
0077
0078
0161
00D3
00D4
0162
0163
007E
0014
0164
0080
0165
0166
00DA
00D4
0085
0167
0087
0051
008F
0089
0132
0168
0100
0169
008D
011F
0014
0014
008F
016A
016B
016C
005E
007B
0095
00E7
0097
0014
00E8
016D
016E
016F
0170
0002
0003
0004
0171
0006
00F0
0172
00F2
0173
000B
0174
000D
0175
000F
0010
001F
0012
0014
0014
0012
0014
0014
0002
0014
0014
0014
00A7
0176
0025
0018
0014
00A6
0002
0002
0014
0014
0002
0014
001A
001B
001C
001D
001E
0015
0002
0002
0002
0002
0002
0014
001A
001D
001F
001E
0014
0010
0002
0014
0002
0014
0014
0014
001C
001A
0017
001E
0014
0021
0014
0002
0014
0014
0002
0014
001C
001B
0021
0027
0014
001D
0014
0002
0014
0002
0014
0014
0015
0019
0010
0022
0014
0015
0014
0014
0014
0014
0002
0002
0025
0025
0017
0026
0014
0019
0002
0014
0002
0014
0014
0002
0027
0177
0178
0014
0014
0031
0002
0014
0014
0014
0014
0014
0026
0179
017A
0027
0014
002E
0014
0014
0014
0014
0014
0014
0018
00FF
0021
0027
0014
002E
0014
0014
0014
0014
0014
0014
0022
002F
0021
0027
0014
017B
0014
0014
0014
0014
0014
0014
017C
0033
0060
0035
0014
0014
017D
017E
017F
0180
00AE
015A
0181
0035
0002
0014
010E
0182
0183
010D
0184
0043
0044
0045
0046
0111
0185
0056
004A
004B
0186
0187
004E
0188
0050
0014
0189
0053
018A
018B
0056
0117
0118
0059
0050
0014
005A
018C
005C
011B
005E
005F
0060
0061
00C9
0014
0063
018D
011D
0066
011E
011F
0069
018E
006B
0014
006D
006E
006F
0070
018F
0190
0073
0125
0075
0014
0191
0127
0192
0079
007A
007B
0193
0194
0014
0014
0195
0196
0081
0082
012E
0084
0197
0198
0130
0014
0088
0199
019A
019B
008C
0047
019C
008E
0036
0014
0135
019D
019E
019F
01A0
0094
01A1
0096
0130
0014
0139
0099
00EA
013B
01A2
0002
01A3
01A4
01A5
01A6
0007
009F
01A7
01A8
01A9
01AA
01AB
000E
01AC
0026
002B
0012
0014
0014
002E
0014
0014
0002
0014
0014
0014
0015
0023
0017
0027
0014
0019
0002
0002
0014
0014
0002
0002
001A
001B
001C
001D
001E
0010
0002
0002
0014
0002
0002
0014
0023
0019
001F
001E
0014
001A
0002
0014
0014
0014
0014
0014
001C
001A
0012
0022
0014
001D
0014
0002
0002
0014
0002
0014
0021
001B
0021
0018
0014
0019
0014
0002
0014
0014
0014
0014
0010
00A7
0010
0020
0014
0015
0014
0014
0014
0014
0014
0002
0025
0025
0017
0026
0014
0019
0002
0014
0014
0014
0014
0002
0013
0028
00FC
0027
0014
002A
0002
0014
0014
0014
0014
0014
0026
01AD
0025
0013
0014
002C
0014
0014
0014
0014
0014
0002
0018
01AE
002D
0014
0014
002E
0014
0014
0014
0002
0014
0002
0022
01AF
0030
0014
0014
017B
0002
0014
0002
0014
0014
0002
01B0
0101
01B1
00AB
0014
0014
015B
0104
01B2
01B3
014B
003C
003D
00BF
0097
0014
01B4
01B5
01B6
01B7
01B8
0043
014E
010F
0046
0047
0048
0049
01B9
01BA
00BA
0187
01BB
004F
0075
0014
0052
01BC
01BD
01BE
01BF
0117
0118
0061
0157
0014
0158
011A
01C0
01C1
01C2
005F
0060
005F
00C9
0014
0063
0064
0065
01C3
011E
01C4
0069
018E
0002
0014
01C5
01C6
01C7
01C8
0124
0072
00CF
0125
0075
0014
0126
0127
01C9
0129
01CA
007B
0162
012A
007E
0014
007F
01CB
01CC
01CD
0083
0147
01CE
018E
0130
0014
0088
01CF
01D0
01D1
01D2
0111
01D3
01D4
0014
0014
01D5
0090
01D6
01D7
0093
0084
01D8
00E7
0014
0014
0139
0099
00EA
01D9
0001
0002
0003
00EE
0005
01DA
00F0
00F1
01DB
01DC
01DD
000C
01DE
0175
01DF
0010
0011
0012
0013
0014
0012
0014
0002
0002
0014
0014
0014
0026
00A5
0025
0018
0014
00A6
0002
0002
0014
0014
0014
0014
001F
0023
0015
0022
0026
0015
0014
0002
0002
0002
0002
0014
001A
001D
0021
0022
0020
0010
0002
0014
0002
0014
0014
0014
0017
001C
0017
001E
0014
0021
0014
0002
0014
0014
0002
0014
001C
001B
0017
0022
0014
0015
0014
0002
0014
0002
0002
0014
0023
0019
0015
0022
0024
0015
0014
0014
0002
0002
0002
0002
0017
001D
0010
0027
0014
0022
0014
0014
0002
0014
0014
0002
0027
01E0
0029
0014
0014
01E1
0002
0014
0014
0014
0014
0014
0026
002B
0021
0026
0013
002E
0014
0002
0014
0014
0014
0014
0026
002B
0010
0027
0014
002E
0014
0014
0014
0014
0014
0014
0018
01E2
0021
0018
0014
002C
0014
0014
0014
0014
0014
0002
0032
0033
0034
0035
0036
0014
0164
0038
0039
003A
00AE
0111
01E3
0035
0002
0014
01E4
01E5
01E6
01E7
00B4
0057
0044
0045
01E8
006C
01E9
01EA
01EB
01EC
0186
004D
004E
01ED
0050
0051
0189
0053
0054
0055
01EE
0057
0058
0059
0050
0014
005A
005B
01EF
01F0
0032
00C3
0060
0061
0062
0014
01F1
01F2
01F3
01F4
0067
0068
0046
006A
006B
006C
017C
006E
01F5
0070
01F6
01F7
0073
0074
00D0
0014
00D1
0077
01F8
01F9
01FA
007B
01FB
00D6
0014
0014
00BA
0080
01FC
0082
012E
0084
01FD
0086
0087
0051
008F
01FE
008A
008B
01FF
0047
0200
008E
0036
0014
008F
0201
0091
0092
017C
0094
0202
0096
0097
0014
00E8
0203
013A
016F
0001
0002
0003
009D
0204
0006
0007
0205
0009
000A
000B
0206
000D
000E
00A4
0010
001A
001D
0013
0014
001D
0014
0002
0002
0014
0014
0014
0015
00FA
0025
0027
0014
0019
0002
0002
0014
0014
0002
0002
001A
001A
001C
001D
001E
0021
0014
0002
0002
0002
0002
0014
001C
001D
0017
001E
0020
001A
0002
0014
0014
0014
0014
0014
001C
001A
0025
001E
0014
0021
0014
0002
0014
0014
0002
0014
001C
001B
0021
0022
0014
0015
0014
0002
0014
0014
0014
0014
0015
00A7
0010
0020
0014
0015
0014
0014
0002
0014
0002
0002
0025
001D
0017
0026
0014
0022
0014
0014
0014
0014
0014
0002
0014
0028
0207
0014
0014
002A
0002
0014
0014
0014
0014
0014
0026
0179
0208
0026
0013
002C
0014
0014
0014
0014
0014
0014
0026
0179
0010
0014
0014
002E
0014
0014
0014
0002
0014
0014
0022
002F
0015
0018
0014
017B
0014
0014
0014
0014
0014
0014
0209
0033
020A
020B
0036
0014
0103
0038
020C
020D
003B
003C
020E
0035
0097
0014
010A
020F
0210
0211
0042
0043
014E
014F
0046
0111
0037
0056
0212
0213
0214
0215
00BB
004F
0075
0051
0216
0053
0217
0218
01BF
0057
0058
0109
0050
0014
005A
005B
0219
021A
021B
005F
0060
0096
0062
0014
021C
015C
021D
021E
011E
01C4
0069
021F
0002
0014
0100
006E
0220
0221
0124
0072
0073
0074
0075
0014
0076
0077
0078
0222
0223
0014
007C
0224
0014
0014
00BA
0225
0226
0227
012E
0084
0228
0229
0087
0051
022A
0199
019A
019B
008C
0047
022B
008E
0014
0014
022C
022D
022E
022F
01A0
0094
0230
0096
0097
0014
00E8
0231
0232
0233
0234
0002
0235
0236
0237
0006
00F0
0008
0238
0239
023A
00A2
023B
023C
023D
0018
023E
0012
0014
0014
023F
0014
0002
0002
0014
0014
0014
0026
00A5
0017
0018
0014
00A6
0002
0002
0014
0014
0014
0002
0021
001B
0015
00A7
0018
0015
0002
0002
0014
0002
0014
0014
001A
001E
001F
00A7
0014
0010
0002
0014
0002
0014
0014
0014
0021
0023
0017
0018
0014
0025
0014
0002
0002
0014
0002
0014
0020
001B
0017
0013
0014
001D
0014
0002
0014
0002
0002
0014
0023
0019
0015
0022
0024
0015
0014
0014
0002
0002
0002
0002
0017
0025
0010
0027
0014
0019
0002
0014
0002
0014
0014
0014
0027
01E0
0029
0027
0014
0240
0002
0014
0014
0014
0014
0014
0026
002B
0021
0027
0014
002E
0014
0002
0014
0014
0014
0002
0018
002B
002D
0027
0014
002E
0014
0014
0014
0014
0014
0002
0018
002B
0030
0027
0014
002C
0002
0014
0002
0014
0014
0002
0214
0101
0241
0035
0014
0014
00AC
0242
0039
014A
0243
0111
0244
0245
0002
0014
01B8
01B5
0246
00B3
0107
00B5
0044
0045
01E8
0047
0185
0049
01EB
0247
004C
004D
004E
0248
0050
0014
0249
024A
024B
0156
024C
024D
00B6
0059
0157
0014
0158
024E
024F
01C1
0250
0251
0060
0061
0130
0014
0063
018D
0252
01F4
0067
0068
0253
006A
006B
006C
006D
0254
006F
0255
01F6
01F7
00B6
0125
00D0
0014
0256
0127
0192
0257
01CA
007B
0258
0259
007E
0014
007F
025A
01CC
012D
025B
0111
01FD
025C
0130
0014
0088
0089
0132
0168
006D
0111
025D
025E
0036
0014
025F
0090
016B
0137
005E
0111
0202
005F
0130
0014
0139
0260
016E
009B
0261
0002
0262
0263
0264
0006
0007
0265
0266
000A
01A9
0267
000D
000E
00A4
0010
001A
0019
0013
0014
0012
0014
0002
0002
0014
0014
0014
0015
00FA
0017
0018
0014
0019
0002
0002
0014
0014
0002
0014
001A
001A
001C
001D
0014
0021
0014
0002
0002
0002
0014
0014
001A
001D
0021
001E
0020
001A
0002
0014
0014
0014
0014
0014
001C
001F
0025
001E
0014
0021
0014
0002
0002
0014
0014
0014
001C
001A
0021
0018
0014
001D
0014
0002
0014
0014
0014
0014
0021
00A7
0021
0018
0014
0015
0014
0014
0002
0014
0002
0002
0017
001D
0017
0027
0014
0022
0014
0014
0014
0014
0014
0002
0027
00FB
00FC
0027
0014
00A6
0002
0014
0014
0014
0014
0014
0026
00FE
0017
0013
0014
002C
0014
0014
0014
0014
0014
0002
0018
0268
0010
0014
0014
002E
0014
0014
0014
0014
0014
0002
0022
002B
0015
0018
0014
017B
0002
0014
0002
0014
0014
0002
01B0
0033
00C4
020B
0036
0014
0103
0269
00AD
003A
0107
003C
0108
0035
0002
0014
026A
026B
010C
026C
026D
0043
026E
0045
0046
0014
01E9
026F
0212
0270
0214
0271
00BB
004F
0075
0051
0052
0272
0273
0274
0275
0057
0118
0109
0050
0014
0158
0276
0219
0277
021B
005F
0278
00BF
00C9
0014
0279
00C6
021D
021E
021C
01C4
0069
0120
027A
0014
027B
027C
027D
027E
027F
0072
00CF
0074
00D0
0014
00D1
0077
0078
0280
00D3
006C
0162
007D
007E
0014
0195
00D7
0281
0282
00B7
0169
01CE
0086
0087
0014
0283
0284
0285
0286
0189
0111
0287
008E
0014
0014
022C
0288
00E4
0289
0138
0094
0230
00E7
0097
0014
00E8
028A
028B
028C
0001
0002
0003
009D
0005
0006
00F0
028D
0238
028E
028F
0290
0291
0292
0293
0018
023E
0012
0014
0014
017B
0014
0002
0002
0014
0014
0014
0026
0294
0025
0013
0014
002C
0002
0002
0014
0014
0014
0002
001F
001B
0015
00A7
001E
0015
0002
0002
0014
0002
0002
0014
0023
001D
001F
0022
0014
0010
0002
0014
0002
0014
0014
0014
0021
001A
0017
0022
0014
001D
0014
0002
0014
0014
0002
0014
0017
001B
0017
0022
0014
0015
0014
0002
0014
0002
0002
0014
0023
0019
0015
0022
0024
0015
0014
0014
0002
0002
0002
0002
0017
0025
0010
0026
0014
0019
0002
0014
0002
0014
0014
0002
0027
00A8
0029
0014
0014
00A9
0002
0014
0014
0014
0014
0014
0026
002B
0021
0026
0013
002E
0014
0002
0014
0014
0014
0014
0026
0146
002D
0027
0014
002E
0014
0014
0014
0002
0014
0014
0018
002F
0030
0027
0014
002C
0014
0014
0014
0014
0014
0002
0032
0101
0295
0035
0014
0014
00AC
0038
0296
0297
00AE
0111
0244
00BF
0157
0014
003E
003F
01E6
00B3
00B4
0298
0044
010F
0050
0047
0048
0049
0299
029A
004C
004D
004E
0188
0050
0014
0189
0053
0155
0055
01EE
0117
0058
0059
0002
0014
005A
005B
01EF
005D
0250
0251
0060
0061
0062
0014
0063
0064
0252
029B
0067
0068
0069
006A
006B
006C
01C5
006E
006F
0070
01F6
01F7
0073
029C
0075
0014
00BA
0127
029D
0079
007A
007B
01FB
029E
0014
0014
0164
029F
012C
02A0
0083
0084
02A1
012F
0130
0051
02A2
0089
02A3
0168
0032
0047
0200
0134
0036
0014
02A4
019D
0136
016C
005E
0111
02A5
0096
0130
0014
0139
02A6
009A
013B
02A7
0002
02A8
02A9
01A5
02AA
0007
0008
02AB
01A8
02AC
01AA
00F6
000E
01AC
0026
00F9
0012
0013
0014
017B
0014
0014
0002
0014
0014
0014
0015
0023
001D
0027
0014
0019
0002
0002
0014
0014
0014
0002
001F
001B
001C
001D
001E
0017
0002
0002
0014
0002
0002
0014
0023
0019
001F
00A7
0014
0010
0002
0014
0014
0014
0014
0014
001C
001A
0025
0022
0014
001D
0014
0002
0014
0014
0002
0014
0021
001B
0021
0027
0014
0015
0014
0002
0014
0014
0002
0014
0015
00A7
0010
0022
0014
0015
0014
0014
0014
0014
0014
0002
0017
0025
0010
0026
0014
0019
0002
0014
0014
0014
0014
0002
0013
0028
00FB
0014
0014
002A
0002
0014
0014
0014
0014
0014
0027
01AE
02AD
0013
0014
002C
0014
0014
0014
0014
0014
0002
0026
01AE
002D
0014
0014
002E
0014
0014
0014
0002
0014
0002
0022
02AE
0030
0014
0014
017B
0002
0014
0002
0014
0014
0002
017C
0101
02AF
02B0
0036
0014
02B1
017E
02B2
02B3
02B4
003C
003D
02B5
0097
0014
02B6
01E5
01B6
01B7
01B8
0043
00B6
010F
0046
0047
00B7
0056
02B7
02B8
0119
0187
0153
004F
0002
0014
02B9
02BA
02BB
02BC
01BF
0117
0058
005F
0157
0014
0158
011A
01C0
02BD
01C2
005F
00C4
005F
0097
0014
02BE
02BF
0065
01C3
011E
02C0
0069
021F
006B
0014
01C5
006E
01C7
02C1
0124
0072
0073
029C
0075
0014
00BA
0127
02C2
0079
007A
007B
007C
012A
0014
0014
007F
02C3
01CC
02C4
012E
0147
0085
02C5
0130
0014
0088
02C6
0132
02C7
00E0
007B
008D
011F
0014
0014
02C8
0090
02C9
016C
0093
0084
0095
00E7
0014
0014
02CA
0099
02CB
01D9
013C
0002
0235
0004
0005
0006
00F0
0172
02CC
0173
00A1
000C
01DE
0175
01DF
0010
0011
0012
0014
0014
0012
0014
0002
0002
0014
0014
0014
0026
00A5
0017
0018
0014
00A6
0002
0002
0014
0014
0002
0014
001A
0023
0015
001D
0026
0015
0014
0002
0002
0002
0002
0014
001A
001D
0021
001E
0020
001A
0002
0014
0002
0014
0014
0014
0017
0023
0017
001E
0014
0021
0014
0002
0002
0014
0002
0014
001C
001B
0017
0022
0014
0017
0014
0002
0014
0002
0014
0014
0023
0019
0015
0026
0024
0025
0014
0014
0002
0002
0002
0002
0017
001D
0010
0027
0014
00A7
0014
0014
0002
0014
0014
0002
0027
02CD
0029
0027
0014
02CE
0014
0014
0014
0014
0014
0014
0026
002B
0021
0026
0013
002E
0014
0002
0014
0014
0014
0014
0018
002B
0010
0027
0014
002E
0014
0014
0014
0014
0014
0014
0018
02CF
0021
0018
0014
002C
0014
0014
0014
0014
0014
0002
0032
0033
0034
0035
0014
0014
0037
0038
0296
02D0
00AE
0111
01E3
0035
0002
0014
003E
014D
01E6
00B3
0112
00B5
0044
0045
0110
006C
0037
02D1
01EB
029A
004C
004D
004E
01ED
0050
0051
0052
02D2
0054
0055
02D3
0057
02D4
0059
0050
0014
005A
005B
02D5
005D
0032
00C3
0060
0061
0062
0014
011C
02D6
01F3
01F4
0067
0068
0253
006A
027A
006C
017C
02D7
02D8
02D9
01F6
01F7
00B6
0074
007E
0014
00D1
02DA
01F8
02DB
02DC
007B
0258
00D6
007E
0014
00BA
0080
01FC
0082
0083
0084
02DD
0086
0087
0051
008F
02DE
00DE
019B
0186
0047
02DF
008E
0036
0014
008F
02E0
019E
02E1
006D
0094
02E2
0096
0097
0014
0098
02E3
02E4
00EB
02E5
0002
02E6
0004
0204
0006
0007
02E7
02E8
02E9
000B
02EA
02EB
000E
02EC
0018
0145
0019
0014
0014
023F
0014
0002
0002
0014
0014
0014
0015
0016
0017
0018
0014
0019
0002
0014
0014
0014
0014
0002
001A
001F
001C
00A7
001E
0015
0014
0014
0014
0002
0002
0014
001A
001D
0015
001E
0014
0010
0002
0014
0014
0014
0014
0014
0018
02ED
00A7
0022
0014
0207
0014
0002
0002
0014
0002
0014
001C
001B
0021
0022
0014
0015
0014
0002
0014
0014
0002
0014
0023
0019
0015
0020
0024
0017
0014
0014
0014
0014
0002
0002
0017
0025
0010
0027
0014
0019
0002
0014
0014
0014
0014
0014
0027
00FB
0029
0027
0014
00FD
0002
0014
0014
0014
0014
0014
0026
00FE
0021
0026
0013
02EE
0014
0002
0014
0014
0014
0014
0026
00FE
002D
0027
0014
00AA
0014
0014
0014
0002
0014
0014
0018
02AE
0030
0018
0014
002E
0014
0014
0014
0014
0014
0014
0032
0101
02EF
003C
0014
0014
0103
0038
02F0
02F1
00AE
003C
02F2
00BF
0002
0014
02F3
014D
0040
0041
0042
0043
02F4
0045
01E8
0047
01E9
0049
02F5
02F6
00BA
004D
01BB
004F
0050
0014
0052
02F7
0155
0055
0275
00C3
02F8
02F9
0097
0014
005A
005B
02FA
02FB
00DA
005F
02FC
0061
0062
0014
0150
00C6
02FD
02FE
0067
0059
0069
006A
027A
006C
017C
02FF
006F
01C8
0071
0072
0073
0300
027A
0014
0126
0127
01C9
0129
0223
007B
007C
0301
007E
0014
00BA
0302
0303
0304
0083
0111
01CE
0305
0130
0051
02A4
0306
0307
0308
0100
00AF
0309
025E
0036
0014
02B1
030A
030B
030C
0093
0111
030D
0096
0097
0014
030E
030F
00EA
00EB
0310
0002
0311
0312
0237
0006
00F0
0313
0266
0314
0315
00A2
0316
023C
000F
0010
00FA
0012
0013
0014
001E
0014
0014
0014
0014
0014
0014
0026
02AE
001D
0014
0014
002E
0014
0002
0014
0014
0002
0014
0022
0317
0021
001D
0014
00FB
0002
0002
0002
0002
0014
0014
0023
001D
001F
0022
0020
001A
0014
0014
0002
0014
0014
0014
001C
0015
0017
001E
0014
0021
0014
0002
0014
0014
0002
0014
0020
0318
0019
0018
0014
0031
0014
0002
0014
0002
0014
0014
0010
001E
0010
0022
0014
0015
0014
0014
0002
0002
0002
0002
0017
001D
0017
0026
0014
0022
0014
0014
0002
0014
0014
0002
0014
00A8
00FC
0014
0014
00A9
0002
0014
0014
0014
0014
0014
0026
002B
0021
0024
0014
002E
0014
0002
0014
0014
0014
0002
0018
002B
0010
0014
0014
002E
0014
0014
0014
0014
0014
0002
0022
02CF
0015
0014
0014
0031
0002
0014
0002
0014
0014
0002
0319
0033
031A
0035
0036
0014
031B
031C
031D
031E
02B4
0111
031F
0035
0014
0014
003E
020F
0320
0321
0322
0323
0324
0245
0046
0014
0048
0325
0326
0327
0328
0329
004E
0248
0062
0051
0189
032A
032B
032C
032D
0057
032E
0059
0050
0014
032F
024E
0330
0331
0250
0084
0332
00BF
0130
0014
0063
0064
0333
0334
0335
0068
0069
0120
006B
0014
01C5
0336
027D
0070
0337
01F7
00B6
0074
0075
0014
00E0
0077
0338
01F9
0339
0014
0258
007D
0014
0014
007F
029F
01FC
0082
012E
0084
02A1
0086
0087
0014
0088
02C6
008A
008B
008C
0047
033A
008E
0014
0014
022C
0090
0091
0092
01A0
0094
033B
033C
0014
0014
0098
033D
033E
033F
0340
0002
0341
0342
0204
0006
0007
0343
0009
00F3
0344
01AA
0345
0346
0144
0026
023E
0012
0014
0014
017B
0014
0002
0002
0014
0014
0014
0015
0016
0012
0024
0014
0019
0002
0002
0014
0014
0002
0002
001A
001C
001C
001D
0018
0010
0014
0002
0002
0002
0002
0014
0023
0019
0025
001E
0014
001A
0002
0014
0002
0014
0014
0014
0017
0023
0017
0022
0014
001D
0014
0002
0014
0014
0002
0014
001C
001B
0021
0018
0014
0015
0014
0002
0014
0002
0002
0014
0023
001E
0015
0020
0024
0017
0014
0014
0002
0014
0002
0002
0017
0025
0010
0027
0014
0019
0002
0014
0014
0014
0014
0002
0027
00FB
0029
0014
0014
00FD
0002
0014
0014
0014
0014
0014
0026
0268
0025
0026
0013
002C
0014
0002
0014
0014
0014
0014
0018
01AD
0010
0014
0014
00AA
0014
0014
0014
0002
0014
0014
0018
01AF
0015
0014
0014
002E
0002
0014
0002
0014
0014
0014
0032
0101
0347
0035
0014
0014
0348
0038
0039
02F1
00AE
003C
003D
02B5
0036
0014
01B4
0349
0040
00B3
00B4
0057
014E
010F
0110
0147
0048
034A
034B
034C
004C
004D
004E
004F
0050
0014
034D
02D2
034E
0055
01EE
0057
0058
0059
0097
0014
00C0
005B
01EF
01F0
0250
0251
0060
005F
0097
0014
00C5
034F
0350
00C8
0067
01C4
0069
006A
0002
006C
006D
01C6
01C7
0255
0351
0072
0352
0074
00D0
0014
0076
0077
0353
0129
0354
007B
0355
0356
0014
0014
0195
0357
0358
02C4
0083
0111
01CE
018E
0087
0051
008F
01CF
0307
0308
0100
0111
022B
025E
0014
0014
008F
0359
035A
035B
006D
00AF
035C
00E7
0014
0014
00E8
035D
035E
00EB
0001
0002
0003
0004
0237
0006
00F0
00F1
035F
01DC
0360
000C
000D
0175
000F
0010
00FA
001D
0013
0014
0012
0014
0002
0002
0014
0014
0014
00A7
0361
0017
0018
0014
00A6
0002
0002
0014
0014
0014
0014
0010
001B
0010
001D
001E
0015
0002
0002
0014
0002
0014
0014
001A
001D
001F
0022
0020
0010
0002
0014
0014
0014
0014
0014
001C
001A
0025
001E
0014
0021
0014
0002
0002
0014
0014
0014
0021
001B
0025
0022
0014
0017
0014
0002
0014
0014
0014
0014
0015
0019
0010
0022
0014
0015
0014
0014
0014
0002
0014
0002
0025
001D
0017
0026
0014
00A7
0014
0014
0002
0014
0014
0002
0027
00A8
00FC
0027
0014
00A9
0002
0014
0014
0014
0014
0014
0026
002B
0021
0027
0014
002E
0014
0002
0014
0014
0014
0002
0026
002B
002D
0027
0014
002E
0014
0014
0014
0014
0014
0002
0022
02CF
0030
0018
0014
0031
0014
0014
0014
0014
0014
0002
0100
0033
0362
00AB
0036
0014
0107
0363
0364
0365
0107
015A
0366
0035
0002
0014
00B1
0367
0368
010D
0184
0043
0044
0045
0046
0047
031B
0369
004A
004B
005A
0113
00BB
0248
0062
0051
01BF
036A
036B
036C
0275
0117
0118
036D
0050
0014
0119
0250
01C0
036E
01C2
005F
0060
0061
0062
0014
011C
036F
011D
0066
0348
0068
0370
0120
006B
0014
0371
006E
0122
02C1
0372
00CE
0073
0125
0075
0014
0319
0373
01C9
01F9
007A
006C
01FB
007D
007E
0014
00E8
025A
01FC
0082
012E
0084
02A1
0086
0130
0014
0088
02C6
008A
008B
008C
0047
0374
008E
0036
0014
0375
0090
0091
0092
0093
0094
0376
0096
0097
0014
0139
0099
009A
013B
0377
0002
02E6
0004
0204
0006
0007
02E7
02E8
0378
02AC
0379
037A
000E
0144
0018
0145
0019
0014
0014
023F
0014
0002
0002
0014
0014
0014
0015
0016
0017
0018
0014
0019
0002
0014
0014
0014
0002
0002
001A
001F
001C
001D
001E
0015
0014
0002
0002
0002
0002
0014
001A
001D
0015
001E
0014
0010
0002
0014
0014
0014
0014
0014
0018
001A
001D
0022
0014
0025
0014
0002
0002
0014
0002
0014
001C
001B
0021
0027
0014
0015
0014
0002
0014
0014
0002
0014
0023
00A7
0015
0020
0024
0017
0014
0014
0002
0014
0002
0002
0017
0025
0010
0027
0014
0019
0002
0014
0014
0014
0014
0002
0027
00FB
0029
0027
0014
00FD
0002
0014
0014
0014
0014
0014
0026
00FE
0021
0026
0013
02EE
0014
0002
0014
0014
0014
0014
0018
00FE
0010
0027
0014
00AA
0014
0014
0014
0002
0014
0014
0018
02AE
0021
0018
0014
002E
0014
0014
0014
0014
0014
0014
0032
0101
037B
020B
0014
0014
021C
0038
02F0
037C
0243
003C
02F2
00BF
0002
0014
02F3
014D
0040
0041
0042
0043
02F4
0045
0110
0111
01E9
037D
037E
037F
00BA
004D
01BB
004F
0050
0014
0052
0154
0155
0380
0275
00C3
0058
0381
0097
0014
0119
005B
0382
0383
00DA
005F
0384
0061
0097
0014
0150
0385
0386
0387
0067
01C4
0069
006A
027A
006C
017C
01C6
01C7
01C8
0351
0072
0352
018E
00D0
0014
0126
0127
0388
0129
0354
007B
0355
0301
007E
0014
0195
0080
0358
0304
0083
0111
01CE
0305
0130
0051
02A4
0389
0307
0308
0100
0111
022B
025E
0036
0014
02B1
030A
030B
030C
0138
0111
030D
0096
0097
0014
030E
030F
00EA
00EB
0001
0002
0311
038A
0237
0006
00F0
0313
0266
038B
038C
000C
038D
023C
000F
0010
00FA
0012
0013
0014
001E
0014
0014
0014
0014
0014
0014
0026
038E
001D
0014
0014
002E
0014
0002
0014
0014
0014
0014
00A7
0317
0021
001D
0026
00FB
0002
0002
0014
0002
0014
0014
0023
001D
001F
0022
0020
001A
0014
0014
0002
0014
0014
0014
001C
0015
0017
001E
0014
0021
0014
0002
0014
0014
0002
0014
0026
0318
0019
0022
0014
00FC
0014
0002
0014
0002
0014
0014
0010
0019
0010
0022
0014
0015
0014
0014
0014
0002
0002
0002
0025
001D
0017
0026
0014
0022
0014
0014
0002
0014
0014
0002
0014
00A8
00FC
0014
0014
00A9
0002
0014
0014
0014
0014
0014
0026
002B
0021
0013
0014
002E
0014
0002
0014
0014
0014
0002
0026
002B
002D
0014
0014
002E
0014
0014
0014
0014
0014
0002
0022
02CF
0030
0014
0014
0031
0002
0014
0002
0014
0014
0002
0319
0033
038F
0035
0036
0014
031B
031C
0390
0391
02B4
0111
0392
0035
0014
0014
003E
020F
0320
0321
0322
0323
0393
0061
0046
0047
0048
0325
0394
0395
0328
0329
004E
0248
0062
0051
0189
0396
0397
032C
032D
0057
0398
0059
0050
0014
032F
024E
0399
0331
0250
0084
039A
00BF
0062
0014
0063
0064
039B
039C
0335
0068
0069
0120
006B
0014
01C5
006E
0122
0070
039D
00CE
0073
0074
0075
0014
00E0
0077
0078
01F9
007A
0014
01FB
007D
0014
0014
0164
039E
01FC
0082
012E
0084
02A1
0086
0087
0014
0088
02C6
008A
008B
008C
0047
0374
008E
0014
0014
022C
0090
0091
0092
0093
0094
0376
039F
0014
0014
0098
033D
033E
033F
03A0
0002
0235
00EE
0237
0006
0007
0313
0009
00F3
03A1
00A2
0142
000E
03A2
0026
023E
0012
0013
0014
002C
0014
0002
0002
0014
0014
0014
0015
0016
0017
0027
0014
0019
0002
0002
0014
0014
0002
0014
001F
001A
0015
001D
001E
0010
0002
0002
0014
0002
0014
0014
0023
0019
001F
00A7
0014
0010
0002
0014
0002
0014
0014
0014
001C
001A
0017
0018
0014
001D
0014
0002
0002
0014
0002
0014
001C
001A
0017
0027
0014
001D
0014
0014
0014
0002
0002
0014
0023
0019
0015
0022
0024
0015
0014
0014
0002
0014
0002
0002
0017
0025
0010
0026
0014
0019
0014
0014
0014
0014
0014
0002
0027
00FB
0029
0027
0014
00FD
0002
0014
0014
0014
0014
0014
0026
002B
0021
0024
0014
002C
0014
0002
0014
0014
0014
0002
0018
002B
0017
0014
0014
002E
0014
0014
0014
0014
0014
0002
0022
02AE
0025
0014
0014
017B
0002
0014
0002
0014
0014
0002
0214
0101
01B1
0035
0036
0014
00AC
0242
0039
014A
014B
003C
003D
0245
0002
0014
01B8
03A3
01B6
03A4
00BA
0057
00B6
010F
0046
0111
008F
0049
03A5
03A6
004C
0271
004E
0248
0050
0014
0249
0114
03A7
0116
02D3
0057
00B6
0059
0157
0014
0158
03A8
024F
01C1
0250
0251
00C4
0061
0036
0014
011C
00C6
0252
00C8
03A9
0068
0253
0120
006B
006C
017C
0121
0122
0123
018F
0072
0073
0074
0075
0014
0076
0077
01F8
0280
0223
007B
007C
03AA
007E
0014
007F
0080
0358
03AB
0083
0111
0085
03AC
0087
0014
0088
0089
0132
0168
0189
0111
008D
025E
0014
0014
022A
03AD
016B
0137
0138
0084
0095
00E7
0014
0014
0098
03AE
016E
016F
0001
0002
0311
009D
0204
03AF
00F0
0343
03B0
01DC
000B
02EA
000D
03B1
03B2
0010
001A
001D
0014
0014
0012
0014
0002
0002
0014
0014
0014
00A7
03B3
0025
0018
0014
002C
0002
0002
0014
0014
0014
0002
001A
001B
001C
00A7
0018
0015
0014
0002
0002
0002
0002
0014
001A
001D
0015
001E
0020
001A
0002
0014
0014
0014
0014
0014
0012
001C
0025
001E
0014
0021
0014
0002
0014
0014
0002
0014
0021
001B
0021
0022
0014
0015
0014
0002
0014
0014
0014
0014
0021
00A7
0010
0020
0014
0015
0014
0014
0002
0002
0002
0002
0019
0012
0017
0013
0014
00A7
0002
0014
0002
0014
0014
0002
0014
03B4
0207
0014
0014
03B5
0002
0014
0014
0014
0014
0014
0026
0179
00FB
0026
0013
002E
0014
0014
0014
0014
0014
0014
0026
0179
002D
0027
0014
002E
0014
0014
0014
0002
0014
0014
0026
03B6
0030
0018
0014
002C
0014
0014
0014
0014
0014
0014
0209
0033
0034
02B0
0014
0014
0103
0038
03B7
02D0
00AE
015A
0181
0035
0157
0014
01B4
020F
01E6
0041
0042
0043
0044
0045
0050
0047
0048
01EA
004A
004B
0214
004D
00BB
004F
0075
0051
03B8
0053
0054
0055
01BF
0033
0058
036D
0050
0014
005A
005B
01C0
03B9
021B
005F
0060
0096
0062
0014
00C5
0064
03BA
0066
03BB
01C4
0069
006A
0002
0014
03BC
03BD
01C7
03BE
0071
0084
00B6
029C
007E
0014
0191
0127
03BF
0079
01CA
0014
03C0
03C1
0014
0014
00BA
03C2
01FC
0082
012E
0084
02DD
03C3
0130
0051
03C4
03C5
00DE
019B
03C6
0047
03C7
008E
0036
0014
0335
03C8
03C9
019F
0093
0094
03CA
0096
0097
0014
030E
0099
00EA
013B
0377
0002
0262
0004
0005
0006
0007
03CB
02E8
000A
000B
000C
000D
000E
03CC
0010
0011
0027
0013
0014
0012
0014
0002
0002
0014
0014
0014
0015
0016
0017
0018
0014
0019
0002
0014
0014
0014
0014
0014
001F
001C
0015
001D
0014
0015
0014
0002
0002
0002
0002
0014
001A
001D
001F
00A7
0014
001A
0002
0014
0014
0014
0014
0014
0017
0023
0012
001E
0014
0021
0014
0002
0002
0014
0014
0014
0021
001C
0017
0018
0014
0015
0014
0002
0014
0014
0014
0014
0015
00A7
0015
0026
0024
0017
0014
0014
0002
0014
0002
0002
0017
0025
0017
0027
0014
0019
0002
0014
0014
0014
0014
0014
0027
0028
0029
0027
0014
002A
0002
0014
0014
0014
0014
0014
0026
002B
0021
0026
0013
002C
0014
0002
0014
0014
0014
0002
0018
002B
0010
0027
0014
002E
0014
0014
0014
0014
0014
0002
0022
02AE
0021
0018
0014
017B
0002
0014
0002
0014
0014
0002
0032
0033
0034
00AF
0036
0014
0037
0038
00AD
003A
003B
003C
003D
0035
0002
0014
003E
014D
0040
0041
0042
0043
014E
0045
0046
0014
0048
0049
03CD
0270
00BA
004D
00BB
004F
0002
0014
0052
02F7
0054
0055
0275
02F9
0058
0109
0050
0014
00C0
005B
03CE
00C2
00DA
005F
0060
0061
0097
0014
00C5
015C
0065
01C3
0067
0068
0069
006A
027A
006C
03CF
03D0
03D1
01C8
0071
0072
03D2
0125
027A
0014
0256
03D3
03D4
0129
0354
007B
03D5
007D
007E
0014
0283
03D6
0081
03D7
0083
0084
0085
0086
0130
0051
02A4
0089
008A
008B
0275
0047
008D
008E
0036
0014
02B1
016A
0091
0092
0138
0094
0095
005F
0097
0014
03D8
030F
009A
03D9
0001
0002
0311
02A9
03DA
0006
00F0
0008
03DB
028E
03DC
03DD
0291
03DE
01AC
0026
0179
03DF
0014
0014
02EE
0014
0014
0002
0014
0014
0014
0026
03E0
0025
0014
0014
00A6
0002
0002
0014
0014
0002
0002
001A
001B
001C
001D
001E
0010
0002
0002
0014
0002
0002
0014
0023
001D
0019
001E
0020
0010
0002
0014
0002
0014
0014
0014
001C
001A
0017
0022
0014
001E
0014
0002
0014
0014
0002
0014
001C
001B
0021
0022
0014
0017
0014
0002
0014
0002
0002
0014
0023
0019
0010
0022
0014
0015
0014
0014
0014
0002
0002
0002
0017
001D
0010
0026
0014
00A7
0014
0014
0002
0014
0014
0002
0014
03E1
01E0
0014
0014
02EE
0014
0014
0014
0014
0014
0014
0027
0179
0208
0024
0014
00AA
0014
0014
0014
0014
0014
0014
0026
03E2
002D
0014
0014
00AA
0014
0014
0014
0002
0014
0014
0026
02CF
0030
0014
0014
002C
0014
0014
0014
0014
0014
0014
03E3
00E1
03E4
03E5
0014
0014
01F1
031C
03E6
03E7
03E8
0111
03E9
0109
0014
0014
0184
03EA
0368
03EB
03EC
0298
0044
03ED
0110
0047
02A2
0056
03EE
03EF
01C5
0188
004E
01ED
0050
0051
0189
0396
03F0
0116
024C
0057
03F1
0059
0002
0014
0119
03F2
03F3
03F4
0250
00C3
0060
0096
0062
0014
011C
018D
03F5
01F4
03F6
01C4
0069
0305
006B
0014
017C
006E
03F7
0070
03F8
01F7
0073
0074
0075
0014
0076
0077
0078
01F9
007A
0014
01FB
03F9
0014
0014
0195
029F
03FA
02A0
012E
0169
00DC
03FB
0087
0014
0283
03FC
03FD
03FE
0032
00AF
019C
025E
0014
0014
022A
03FF
0400
0401
01E9
00AF
0402
0096
0014
0014
0098
02A6
0403
009B
0404
0002
0003
0004
0204
0405
00F0
0406
0407
000A
000B
000C
000D
0175
01DF
0010
001C
0012
0014
0014
0019
0014
0002
0002
0014
0014
0014
0015
0019
0025
0027
0014
0019
0014
0014
0014
0014
0014
0002
001A
0010
0015
00A7
001E
0017
0014
0002
0014
0002
0002
0014
001C
001D
0015
001E
0014
001A
0002
0014
0014
0014
0014
0014
0025
001A
0017
001E
0014
0021
0014
0002
0014
0014
0002
0014
001C
001C
0025
0018
0014
0019
0014
0002
0014
0014
0002
0014
0023
0019
0010
0020
0014
0015
0014
0014
0014
0002
0002
0002
0017
001D
0010
0027
0014
00A7
0014
0014
0014
0014
0014
0002
0027
0207
00FB
0014
0014
0408
0014
0014
0014
0014
0014
0014
0026
0179
0409
0026
0013
02EE
0014
0014
0014
0014
0014
0002
0018
0179
0010
0014
0014
002E
0014
0014
0014
0002
0014
0002
0018
03B6
0021
0018
0014
002C
0014
0014
0014
0014
0014
0002
0209
0033
0060
0035
0014
0014
0107
0038
0105
020D
003B
003C
0108
0035
0002
0014
003E
020F
040A
0211
0042
0043
014E
010F
027A
0111
0037
0056
040B
0213
0214
040C
004E
0248
0075
0014
040D
0053
040E
040F
01BF
0410
0118
0059
0050
0014
005A
005B
005C
005D
021B
005F
0060
0061
00C9
0014
0411
015C
0412
0413
011E
0414
0046
0415
027A
0014
00BE
0336
0416
0070
018F
0072
0352
029C
00D0
0014
00BA
0417
0192
0418
0354
007B
0419
007D
0014
0014
0195
0080
041A
0227
012E
0111
041B
041C
0130
0051
0283
041D
041E
041F
03C6
0111
0420
008E
0014
0014
01D5
0421
0422
022F
0138
0094
0423
0096
0097
0014
0139
0231
0424
0425
013C
0002
0426
0427
0428
0006
0007
02E7
0009
0429
042A
01AA
042B
000E
01AC
0026
0145
0012
0013
0014
03B5
0014
0002
0002
0014
0014
0014
0026
042C
0017
0018
0014
002C
0002
0002
0014
0014
0002
0002
0021
001B
001C
001D
0018
0015
0002
0002
0002
0002
0014
0014
001A
001E
001F
0022
0020
0010
0002
0014
0002
0014
0014
0014
001C
0023
0025
0022
0014
0025
0014
0002
0002
0014
0002
0014
0026
001B
0021
0022
0014
0015
0014
0002
0014
0002
0014
0014
0010
00A7
0015
0022
0024
0015
0014
0014
0002
0014
0002
0002
0014
0207
042D
0026
0014
00A6
0002
0014
0002
0014
0014
0002
0014
00A8
0029
0027
0014
00A9
0002
0014
0014
0014
0014
0014
0026
0146
0021
0027
0014
042E
0014
0002
0014
0014
0014
0014
0026
0146
002D
0027
0014
002E
0014
0014
0014
0014
0014
0014
0022
01AF
0030
0027
0014
017B
0002
0014
0002
0014
0014
0002
0032
0101
042F
00AB
0036
0014
015B
0430
02B2
014A
0243
0111
0392
02B0
0157
0014
02B6
01B5
0431
00B3
0107
0057
0044
0045
0046
0047
00B7
0049
01EB
0247
004C
004D
01E8
004F
0050
0051
0052
0432
0433
0434
01EE
0057
0058
036D
0087
0014
0158
024E
0435
0436
0250
0084
0060
00AB
0062
0014
0088
018D
0437
0438
0067
0068
0069
006A
006B
006C
006D
02FF
0439
01C8
0071
0014
043A
043B
0075
0014
00E0
043C
0078
043D
007A
0014
01FB
043E
007E
0014
0164
039E
012C
02A0
025B
0084
043F
0167
0087
0014
008F
0089
02A3
0168
01D2
0047
0374
025E
0036
0014
008F
0440
0441
016C
0093
0084
0376
033C
0130
0014
00E8
033D
033E
0442
0001
0002
0003
0236
0005
0006
0007
00F1
0009
01A8
000B
0443
01AB
000E
02EC
0026
023E
0012
0014
0014
03B5
0014
0002
0002
0014
0014
0014
0015
0016
0027
0018
0014
0019
0002
0002
0014
0014
0014
0014
001F
001A
0021
001D
0026
0015
0014
0002
0002
0002
0002
0014
001A
001E
001F
0022
0020
0010
0002
0014
0002
0014
0014
0014
001C
0023
0025
0018
0014
0025
0014
0002
0014
0014
0002
0014
0021
001B
001D
0022
0014
0015
0014
0002
0014
0002
0014
0014
0010
00A7
0015
0018
0024
0025
0014
0014
0002
0014
0002
0002
0017
001D
0017
0027
0014
0022
0014
0014
0002
0014
0014
0002
0027
00FC
0029
0014
0014
0408
0014
0014
0014
0014
0014
0014
0026
002B
0021
0026
0013
002C
0014
0002
0014
0014
0014
0002
0018
002B
002D
0027
0014
002E
0014
0014
0014
0014
0014
0002
0022
02AE
0030
0027
0014
017B
0002
0014
0002
0014
0014
0002
0032
0101
0148
00AB
0014
0014
0037
017E
0444
0297
003B
003C
003D
0445
0002
0014
01B8
003F
0040
0041
0042
0043
0044
0045
0046
0047
0185
0049
004A
004B
004C
004D
0062
004F
007E
0051
034D
0053
034E
0055
0056
0057
0058
036D
0157
0014
00C0
018C
01C0
01C1
005E
005F
0060
00AB
0062
0014
0063
00C6
0065
0066
0067
0068
0069
006A
027A
006C
006D
006E
0439
02C1
0071
0072
0073
0074
007E
0014
00E0
0077
0078
01F9
01FA
007B
007C
0446
0014
0014
007F
029F
03FA
012D
00DA
0084
0085
0167
0087
0051
0088
0089
0132
0168
00E0
0047
008D
025E
0036
0014
008F
0421
02C9
016C
0093
0084
0095
033C
0130
0014
0098
0231
033E
03D9
00EC
0002
02E6
0447
03DA
0006
00F0
0448
0238
01DC
0449
044A
01DE
044B
000F
0010
001C
0012
0013
0014
001E
0014
0002
0002
0014
0014
0014
0026
02CD
042D
0014
0014
00A6
0002
0014
0014
0014
0002
0002
001A
001B
001C
001D
001E
0010
0002
0002
0014
0002
0002
0014
001C
001D
0015
001E
0014
001A
0002
0014
0014
0014
0014
0014
0012
001A
0017
001E
0014
0021
0014
0002
0002
0014
0002
0014
001C
001B
0021
0018
0014
0019
0014
0002
0014
0014
0002
0014
0023
0019
0010
0022
0014
0015
0014
0014
0014
0002
0002
0002
0017
0025
0010
0026
0014
0019
0002
0014
0014
0014
0014
0002
0027
03B4
00FB
0027
0014
03B5
0002
0014
0014
0014
0014
0014
0026
00FE
0021
0013
0014
00AA
0014
0014
0014
0014
0014
0014
0026
00FF
0021
0014
0014
00AA
0014
0014
0014
0002
0014
0014
0018
01E2
0021
0018
0014
002C
0014
0014
0014
0014
0014
0014
044C
0033
00C4
0035
0036
0014
044D
044E
0039
003A
0191
0147
044F
0450
0014
0014
0451
010B
0452
0453
0191
00B5
014E
03ED
0110
0111
0037
01EA
034B
0454
0455
0271
004E
0188
0050
0014
01BF
0456
0273
0274
0457
0458
03F1
0059
0050
0014
0119
00D3
024F
01F0
0459
00C3
0060
0061
0130
0014
045A
0064
045B
045C
011E
02C0
0046
0415
006B
0014
00BE
01C6
0416
045D
018F
01F7
0352
0300
0075
0014
045E
045F
0192
0460
01CA
007B
0461
0224
007E
0014
00BA
025A
0081
03D7
012E
0111
0462
0086
0130
0014
0375
041D
0463
041F
0032
00AF
019C
008E
0014
0014
0139
019D
0464
019F
03BC
0094
0402
0096
0097
0014
030E
02A6
0465
009B
0261
0002
0235
0004
0005
0006
00F0
0466
0266
00F3
0467
000C
0291
0175
0144
0026
00F9
0012
0014
0014
02EE
0014
0002
0002
0014
0014
0014
0015
0023
0025
0027
0014
0018
0014
0014
0014
0014
0014
0002
001F
001B
0015
00A7
001E
0021
0014
0002
0002
0002
0002
0014
001C
001D
0015
00A7
0014
0010
0002
0014
0014
0014
0014
0014
001C
001A
0017
0020
0014
001D
0014
0002
0014
0014
0002
0014
001C
001A
0025
0027
0014
001D
0014
0002
0014
0014
0002
0014
0015
001E
0010
0018
0014
0015
0014
0014
0014
0002
0002
0002
0017
0019
0010
0026
0014
0022
0014
0014
0014
0014
0014
0014
0027
0207
00FB
0014
0014
0408
0014
0014
0014
0014
0014
0014
0026
0179
0208
0026
0013
002C
0014
0014
0014
0014
0014
0014
0026
0179
0010
0014
0014
002E
0014
0014
0014
0002
0014
0014
0026
00F9
0021
0018
0014
002C
0014
0014
0014
0014
0014
0014
0457
0111
0468
0035
0014
0014
0037
044E
0469
046A
014B
003C
046B
00BF
0002
0014
00B1
01B5
01B6
03A4
004C
00B5
00B6
046C
01E8
0111
022C
0049
046D
0454
046E
010F
004E
046F
0050
0014
0216
0456
0470
0471
0457
0057
0472
0059
0097
0014
0119
0159
0473
01F0
004C
015A
0474
0096
0036
0014
015B
018D
03F5
0183
011E
0414
0069
0415
027A
0014
017C
02D7
0475
0476
0124
0072
0352
0074
0075
0014
0076
0077
0477
0280
01CA
006C
03D5
0478
0014
0014
0164
0080
0479
03AB
0083
0084
0228
047A
0087
0051
021B
02DE
047B
047C
01C5
0047
022B
025E
0014
0014
022A
019D
047D
01D7
03CF
0147
0230
0096
0097
0014
00E8
02A6
0232
013B
0001
0002
0311
038A
047E
0006
0007
0008
02E8
01DC
000B
01AA
000D
000E
000F
0010
0011
001D
0013
0014
0012
0014
0002
0014
0014
0014
0014
00A7
047F
0017
0018
0014
0480
0002
0002
0014
0014
0002
0002
001A
0023
001C
001D
0018
0015
0002
0002
0014
0002
0002
0014
001A
001D
001F
001E
0020
001A
0002
0014
0002
0014
0014
0014
0021
001F
0025
001E
0014
0021
0014
0002
0002
0014
0002
0014
0021
001B
0021
0022
0014
0015
0014
0002
0014
0002
0014
0014
0023
0019
0015
0022
0024
0015
0014
0014
0002
0014
0002
0002
0014
0207
00A8
0027
0014
00A6
0002
0014
0002
0014
0014
0002
0027
00A8
0029
0027
0014
00A9
0002
0014
0014
0014
0014
0014
0026
002B
0025
0027
0014
002E
0014
0002
0014
0014
0014
0002
0018
002B
002D
0027
0014
002E
0014
0014
0014
0014
0014
0002
0022
002F
0030
0027
0014
017B
0002
0014
0002
0014
0014
0002
0032
0033
0034
0481
0036
0014
01F1
017E
00AD
003A
00AE
015A
0482
0035
0157
0014
01B4
020F
0246
0041
01B8
0043
0044
0045
0046
0047
0048
01EA
004A
004B
0186
004D
00BB
004F
0075
0051
01BF
0053
0054
0055
0056
024D
0058
036D
0050
0014
00C0
018C
01C0
0483
005E
005F
0060
0061
0062
0014
0063
0484
0065
0066
0067
0068
0253
006A
006B
006C
03BC
006E
006F
02C1
00CD
0014
0485
0486
007E
0014
0487
0127
01C9
0079
0223
007B
01FB
007D
007E
0014
0195
0488
0081
0082
012E
0111
01FD
0086
0130
0014
02A2
02C6
008A
008B
008C
0111
0489
008E
0036
0014
02A4
0421
0091
0092
0093
0094
048A
00E7
0130
0014
048B
0231
016E
016F
048C
0002
02E6
0004
048D
0006
0007
009F
02E8
000A
000B
044A
000D
000E
03CC
0010
001A
0019
0014
0014
0012
0014
0002
0002
0014
0014
0014
0015
00FA
0017
0018
0014
0019
0002
0014
0014
0014
0002
0002
001A
00A7
001C
001D
001E
0015
0014
0014
0014
0002
0002
0014
001A
001D
0015
001E
0014
0010
0002
0014
0014
0014
0014
0014
001E
001A
0019
001E
0014
0021
0014
0002
0002
0014
0002
0014
001C
001B
0021
0022
0014
0015
0014
0002
0014
0014
0002
0014
0023
0019
0010
0020
0014
0017
0014
0014
0002
0014
0002
0002
0025
0025
0010
0027
0014
0019
0002
0014
0014
0014
0014
0002
0027
00FB
00FB
0027
0014
00FD
0002
0014
0014
0014
0014
0014
0026
00FE
0021
0026
0013
02EE
0014
0014
0014
0014
0014
0002
0018
00FF
002D
0027
0014
002E
0014
0014
0014
0002
0014
0002
0022
002F
0030
0018
0014
017B
0014
0014
0014
0014
0014
0002
017C
0033
0034
020B
0014
0014
0103
0038
00AD
003A
003B
003C
0108
0035
0002
0014
048E
014D
0040
0041
0042
0043
0352
0045
0046
0047
01E9
0049
048F
0490
046E
004D
00BB
0248
0050
0014
0052
02F7
0054
0055
01BF
00C3
0058
0109
0050
0014
005A
005B
0491
0492
00DA
005F
0278
0061
0062
0014
015B
00C6
0493
0494
03BB
01C4
0069
006A
027A
0014
017C
02FF
01F5
0495
0071
0072
0073
018E
00D0
0014
0126
0496
0497
0129
0223
007B
007C
007D
007E
0014
0126
0498
0081
03D7
0083
0111
01CE
0086
0130
0051
02A4
0306
00DE
0499
008C
0111
0309
008E
0036
0014
02B1
016A
03C9
02E1
0093
0094
030D
0096
0097
0014
030E
030F
02E4
00EB
0310
0002
0311
049A
0237
0006
00F0
0313
0009
049B
0315
0443
049C
049D
01AC
0026
023E
0012
0013
0014
02EE
0014
0002
0014
0014
0014
0014
0026
049E
001E
0014
0014
002E
0014
0002
0014
0014
0014
0014
00A7
049F
0021
0013
0014
00FB
0002
0002
0002
0002
0014
0014
0023
001E
001F
00A7
0020
001A
0014
0014
0002
0014
0014
0014
001C
0015
0017
0014
0014
001D
0014
0002
0014
0014
0002
0014
0026
04A0
0019
0018
0014
0031
0014
0002
0014
0002
0014
0014
0010
001E
0015
0022
0024
0015
0014
0014
0002
0002
0002
0002
0017
001D
0017
0026
0014
0022
0014
0014
0002
0014
0014
0002
0013
00A8
0029
0014
0014
00A9
0002
0014
0014
0014
0014
0014
0026
0146
0021
0024
0014
002E
0014
0002
0014
0014
0014
0014
0026
0146
0010
0014
0014
002E
0014
0014
0014
0014
0014
0014
0026
00F9
0015
0014
0014
002C
0002
0014
0002
0014
0014
0002
04A1
0169
04A2
0035
0036
0014
031B
031C
04A3
04A4
04A5
0111
031F
02B0
0014
0014
003E
020F
04A6
04A7
0107
0323
0324
04A8
0036
0014
0048
0325
04A9
04AA
01C5
0187
004E
004F
0062
0051
0189
032A
04AB
02BC
0385
0057
04AC
0059
0014
0014
032F
04AD
04AE
04AF
0032
0084
0102
02B0
0130
0014
0063
0064
04B0
04B1
0088
0068
0069
018E
006B
006C
01C5
0336
00CB
0070
0337
01F7
00B6
0074
0075
0014
00E0
0077
0338
01F9
04B2
00D4
0258
029E
0014
0014
007F
0080
03FA
02A0
012E
0084
02A1
018E
0087
0014
0088
04B3
0132
0168
0209
0047
04B4
01D4
0014
0014
022C
03FF
02C9
0137
017C
0111
04B5
039F
0014
0014
0098
02A6
033E
033F
0261
0002
0262
0004
0204
0006
0007
0466
0009
01A8
000B
000C
04B6
000E
0293
0018
00F9
0019
0013
0014
023F
0014
0002
0002
0014
0014
0014
0015
00FA
0017
0018
0014
0019
0002
0014
0014
0014
0014
0014
001F
001B
0015
001D
001E
0017
0002
0002
0014
0002
0002
0014
001A
001D
0015
00A7
0014
0010
0002
0014
0014
0014
0014
0014
001C
001A
0014
0014
0014
0025
0014
0002
0002
0014
0014
0014
001C
001A
0017
0027
0014
0015
0014
0002
0014
0014
0014
0014
0015
00A7
0010
0020
0014
0017
0014
0014
0014
0014
0014
0002
0017
0025
0017
0026
0014
0019
0002
0014
0014
0014
0014
0014
0027
0028
00FC
0027
0014
002A
0002
0014
0014
0014
0014
0014
0026
00FE
0021
0026
0013
002C
0014
0014
0014
0014
0014
0014
0026
0268
002D
0014
0014
00AA
0014
0014
0014
0014
0014
0014
0022
02AE
0030
0018
0014
017B
0002
0014
0002
0014
0014
0002
017C
0101
0148
0094
0036
0014
0037
0038
04B7
02F1
003B
003C
003D
00BF
0002
0014
00B1
01B5
0040
0041
0042
0043
026E
0045
0046
0047
00B7
0049
0212
01BA
046E
004D
01BB
0188
0062
0014
0052
02F7
0155
0055
01BF
0057
0058
0014
0014
0014
005A
005B
0219
021A
01C2
005F
00C4
0061
0097
0014
00C5
039D
0065
01C3
03BB
02C0
0253
006A
027A
0014
03CF
04B8
0220
04B9
0351
0072
0352
0074
0075
0014
0076
04BA
04BB
0129
01CA
007B
0355
0478
007E
0014
00BA
00D7
01CC
0304
0083
0111
0085
03AC
0087
0051
0088
0089
04BC
02C7
01D2
00AF
008D
0134
0014
0014
008F
019D
04BD
016C
0093
0084
0095
0096
0097
0014
00E8
0099
009A
009B
0001
0002
0311
02A9
04BE
0006
00F0
0008
04BF
04C0
038C
0174
04C1
04C2
01DF
0010
0011
0012
0014
0014
001E
0014
0002
0014
0014
0014
0014
0026
0294
001D
0013
0014
002C
0002
0002
0014
0014
0002
0002
001A
0023
001C
001D
0018
0015
0014
0002
0002
0002
0002
0014
0023
001D
001F
001E
0020
001A
0002
0014
0002
0014
0014
0014
001E
0207
04C3
001E
0014
04C4
0014
0014
0014
0014
0002
0014
0017
001B
0021
0022
0014
0017
0014
0002
0014
0002
0002
0014
0023
0019
0015
0022
0024
0015
0014
0014
0002
0002
0002
0002
0017
001D
0010
0027
0014
0022
0014
0014
0002
0014
0014
0002
0014
04C5
0029
0014
0014
02CE
0014
0014
0014
0014
0014
0014
0026
002B
0021
0027
0014
002E
0014
0002
0014
0014
0014
0002
0018
002B
0010
0027
0014
002E
0014
0014
0014
0002
0014
0002
0018
02CF
0015
0027
0014
002C
0014
0014
0014
0014
0014
0002
04A1
0033
04C6
0035
0014
0014
017D
031C
04A3
04C7
0191
0111
04C8
0035
0157
0014
01B4
020F
0320
0321
044C
02B5
0044
03ED
0110
0147
0037
04C9
04CA
04CB
01C5
0187
004E
004F
0050
0051
04CC
0396
018A
04CD
0385
0410
04CE
04CF
0050
0014
0158
04AD
04AE
04D0
0250
0084
0060
00BF
0062
0014
02B6
04D1
04D2
0438
0088
0068
0069
018E
006B
006C
027B
006E
006F
0070
039D
01F7
0073
0125
00D0
0014
0319
0373
04D3
01F9
0223
0014
01FB
007D
0014
0014
007F
029F
01FC
0082
012E
0084
04D4
0086
0130
0014
02A2
04D5
041E
019B
0186
0047
04D6
008E
0036
0014
01D5
0421
019E
022F
0100
0094
04D7
033C
0130
0014
048B
04D8
04D9
04DA
0170
0002
0311
02A9
0005
0006
0007
0008
0266
01A8
01A9
0174
01AB
000E
01AC
0026
023E
0012
0014
0014
002C
0014
0002
0002
0014
0014
0014
0015
0016
0019
0014
0014
0019
0002
0002
0014
0014
0002
0002
001F
001B
0015
001D
0018
0021
0002
0002
0002
0002
0002
0014
0023
0019
001F
0020
0020
0010
0014
0014
0002
0014
0014
0014
001C
0023
0025
0018
0014
0019
0014
0014
0014
0014
0002
0014
001C
001B
0014
0014
0014
001D
0014
0002
0014
0002
0014
0014
0010
00A7
0015
0018
0024
0025
0014
0014
0002
0014
0002
0002
0017
001D
0017
0027
0014
0022
0014
0014
0002
0014
0014
0002
0027
0207
0029
0014
0014
0408
0014
0014
0014
0014
0014
0014
0026
0146
0021
0026
0013
002C
0014
0002
0014
0014
0014
0002
0026
0146
0010
0014
0014
002E
0014
0014
0014
0002
0014
0002
0022
00F9
0015
0014
0014
017B
0002
0014
0002
0014
0014
0002
03C6
0101
01B1
00AB
0014
0014
02B1
0363
04DB
04A4
0243
003C
003D
04DC
0014
0014
010E
003F
01B6
010D
0042
0043
0044
010F
0046
0147
0185
0049
004A
004B
004C
0187
0075
004F
007E
0051
04DD
036A
01BD
02BC
0056
0057
0118
036D
0157
0014
0158
018C
01C0
01C1
005E
005F
0060
0014
0014
0014
0063
018D
0065
0066
0088
0068
0069
018E
027A
006C
006D
006E
00CB
02C1
027F
0072
0073
0074
027A
0014
00E0
0077
0078
01F9
007A
007B
007C
012A
0014
0014
007F
039E
03FA
012D
0083
0111
04DE
018E
0087
0051
0088
01CF
04DF
01D1
00E0
00AF
01D3
025E
0014
0014
022A
0090
04E0
0401
01A0
0084
01D8
033C
0014
0014
0098
0099
04D9
04E1
048C
0002
02E6
0004
04E2
0006
00F0
03CB
0238
01DC
028F
000C
01DE
03B1
04E3
0010
001C
0012
0013
0014
0012
0014
0002
0002
0014
0014
0014
0026
03E0
0017
0018
0014
00A6
0002
0014
0014
0014
0014
0014
001A
001C
001C
0022
001E
0015
0014
0002
0014
0002
0002
0014
001A
001D
0015
001E
0014
001A
0002
0014
0014
0014
0014
0014
0012
001A
0017
001E
0014
0021
0014
0002
0002
0014
0014
0014
0020
02CD
0409
0022
0014
04E4
0014
0002
0014
0014
0002
0014
0023
0019
0010
0022
0014
0015
0014
0014
0014
0002
0002
0002
0025
0025
0010
0026
0014
0019
0002
0014
0014
0014
0014
0014
0027
03B4
00FB
0027
0014
03B5
0002
0014
0014
0014
0014
0014
0026
00FE
0021
0027
0014
002E
0014
0014
0014
0014
0014
0014
0018
00FF
002D
0027
0014
002E
0014
0014
0014
0014
0014
0014
0018
002F
0030
0018
0014
002C
0014
0014
0014
0014
0014
0014
0209
0033
0034
0035
0036
0014
0037
0038
0039
003A
003B
0111
044F
0035
0002
0014
003E
04E5
01E6
01E7
0107
00B5
014E
0045
0050
0047
0037
0056
04E6
04E7
0214
004D
004E
0188
0050
0014
0052
02F7
0054
0055
00BE
0458
0058
0059
0050
0014
005A
005B
01EF
01F0
046E
04E8
04E9
04EA
0062
0014
045A
015C
045B
04EB
03BB
02C0
00BB
006A
006B
0014
00BE
01C6
01F5
045D
01F6
0190
04EC
0300
0075
0014
045E
0127
0192
0460
04ED
006C
0461
00D6
007E
0014
00BA
0080
0081
03D7
012E
0084
043F
0086
0130
0014
02A4
0131
008A
008B
0186
0047
0489
008E
0036
0014
02B1
030A
0091
0092
01C2
0094
048A
0096
0097
0014
03D8
02E3
009A
016F
0001
0002
0003
0236
04BE
04EE
00F0
0008
03B0
000A
0141
04EF
01DE
0175
000F
0010
001C
001D
0014
0014
001D
0014
0002
0002
0014
0014
0014
0015
001A
0025
0027
0014
0019
0002
0002
0014
0014
0014
0002
001A
001B
0015
001D
0018
0021
0002
0002
0014
0002
0002
0014
0023
001D
001F
001E
0020
001A
0014
0014
0002
0014
0014
0014
001C
001C
0025
001E
0014
0021
0014
0002
0014
0014
0002
0014
0021
001B
0025
0022
0014
0015
0014
0002
0014
0002
0014
0014
0015
00A7
0010
0020
0014
0025
0014
0014
0002
0002
0014
0014
0025
001D
0017
0026
0014
0022
0014
0014
0014
0014
0014
0002
0027
0207
00FC
0014
0014
0408
0014
0014
0014
0014
0014
0014
0026
04F0
0409
0013
0014
02EE
0014
0014
0014
0014
0014
0014
0018
04F1
002D
0014
0014
002E
0014
0014
0014
0002
0014
0014
0022
02CF
0030
0014
0014
0031
0014
0014
0014
0014
0014
0014
0209
0033
020A
00AB
0014
0014
03D8
017E
020C
031E
04F2
003C
04F3
0035
0002
0014
04F4
01E5
0210
04F5
04F6
02B5
04F7
010F
0046
0047
031B
0056
04F8
04F9
0112
0248
00BB
04FA
0075
0051
0189
02BA
032B
032C
01EE
0117
0058
0061
0050
0014
04FB
03A8
0435
011B
0250
0251
00CF
0061
0062
0014
011C
018D
04FC
04FD
011E
014F
0069
021F
027A
0014
017C
0336
0220
02C1
04FE
0072
04FF
029C
0075
0014
0126
0417
0500
0501
01CA
007B
03D5
03C1
0014
0014
0195
025A
041A
0502
012E
0111
04DE
0503
0130
0014
0088
0504
0505
0506
008C
0111
01D3
008E
0014
0014
01D5
019D
0507
019F
0093
0094
01D8
0096
0014
0014
0139
033D
0403
009B
0261
0002
0341
0508
0204
0006
0007
03CB
0009
0509
000B
000C
050A
0143
0144
0026
023E
0012
0013
0014
023F
0014
0002
0014
0014
0014
0014
00A7
047F
0017
0018
0014
002E
0002
0014
0014
0014
0002
0014
001F
001C
001C
001D
001E
0015
0014
0002
0002
0002
0002
0014
001A
0019
0015
0022
0014
0010
0002
0014
0014
0014
0014
0014
0017
001A
0017
0022
0014
0025
0014
0002
0002
0014
0014
0014
001C
001C
0021
0027
0014
001D
0014
0002
0014
0014
0002
0014
0023
0019
0015
0022
0024
0015
0014
0014
0002
0014
0002
0002
0017
0025
0010
0027
0014
0019
0002
0014
0002
0014
0014
0002
0014
00A8
0029
0027
0014
00A9
0002
0014
0014
0014
0014
0014
0026
050B
0025
0026
0013
042E
0014
0002
0014
0014
0014
0002
0026
050C
0010
0027
0014
042E
0014
0014
0014
0014
0014
0002
0026
050D
0021
0018
0014
042E
0002
0014
0002
0014
0014
0002
0032
0101
02EF
0035
0036
0014
0037
0038
0039
02F1
00AE
015A
0482
00BF
0157
0014
003E
03A3
00B2
0041
0042
0043
0044
0045
0110
0111
0048
050E
004A
004B
046E
004D
004E
004F
0050
0014
0052
050F
0510
0055
0275
0057
0118
0059
0157
0014
00C0
005B
005C
01F0
00DA
005F
0060
039F
0130
0014
00C5
02D6
0065
0066
0067
0068
0253
006A
006B
006C
03BC
02FF
006F
0255
0071
01F7
0073
0074
00D0
0014
00E0
0511
0078
0257
0159
0014
01FB
0512
007E
0014
0164
0225
0513
0514
0112
0084
043F
0515
0087
0051
008F
0089
0516
0517
0371
0047
0374
01D4
0036
0014
008F
03AD
04BD
0518
0138
0147
0376
039F
0097
0014
00E8
0519
009A
051A
0001
0002
0003
02A9
051B
0006
0007
0008
051C
01DC
03A1
0290
01DE
000E
01DF
0010
001C
0012
0014
0014
001E
0014
0002
0002
0014
0014
0014
0026
051D
0017
0014
0014
00A6
0002
0002
0014
0014
0014
0002
001A
001B
001C
00A7
0018
0021
0014
0002
0002
0002
0002
0014
0023
001D
0015
001E
0014
001A
0014
0014
0014
0014
0014
0014
001C
001C
0025
001E
0014
0021
0014
0002
0002
0014
0002
0014
001C
001B
0021
0022
0014
0017
0014
0002
0014
0014
0014
0014
0015
00A7
0010
0020
0014
0015
0014
0014
0014
0002
0014
0002
0017
0019
0017
0026
0014
0022
0014
0014
0014
0014
0014
0002
0013
03E1
00FC
0027
0014
051E
0014
0014
0014
0014
0014
0014
0013
00FE
0021
0024
0014
051F
0014
0014
0014
0014
0014
0014
0014
00FF
0010
0014
0014
0520
0014
0014
0014
0002
0014
0014
0026
03B6
0015
0014
0014
02EE
0014
0014
0014
0014
0014
0002
0319
0033
04C6
00AB
0014
0014
0164
031C
0521
0522
04F2
007B
0523
0035
0014
0014
003E
020F
0368
0524
0322
02B5
014E
046C
01E8
0147
0048
0325
0525
04F9
0319
0187
00BB
046F
0050
0014
027B
036A
018A
04CD
0526
0117
0527
00BF
0050
0014
04FB
03A8
0528
0529
046E
00C3
0060
0096
0062
0014
00C5
0064
052A
052B
052C
01C4
0069
018E
027A
0014
006D
0336
01C7
02C1
0124
01F7
0352
029C
0075
0014
0126
0417
052D
0501
01CA
00D4
052E
00D6
007E
0014
0283
0080
052F
0227
012E
00D4
01FD
0086
0130
0014
0283
0131
008A
008B
0186
0014
0374
008E
0014
0014
0530
019D
0091
0092
006D
0094
0376
0096
0014
0014
03D8
0531
013A
009B
00EC
0002
02E6
0004
0005
0006
00F0
03CB
0009
00F3
000B
00F5
050A
0175
01AC
0018
023E
0012
0013
0014
03B5
0014
0002
0014
0014
0014
0014
0015
0016
0012
0018
0014
0019
0002
0002
0014
0014
0002
0014
001F
0023
0015
001D
001E
0015
0002
0002
0014
0002
0002
0014
001A
0019
001F
0022
0020
0010
0002
0014
0002
0014
0014
0014
0021
001A
0017
0018
0014
0025
0014
0002
0014
0014
0002
0014
0021
0023
0017
0027
0014
0015
0014
0002
0014
0002
0002
0014
0023
0019
0015
0022
0024
0015
0014
0014
0002
0014
0002
0002
0025
0025
0010
0027
0014
0019
0002
0014
0002
0014
0014
0002
0027
0028
0029
0014
0014
002A
0002
0014
0014
0014
0014
0014
0026
002B
0021
0026
0013
002C
0014
0002
0014
0014
0014
0002
0018
002B
002D
0027
0014
0480
0014
0014
0014
0014
0014
0002
0022
02AE
0030
0018
0014
0532
0002
0014
0002
0014
0014
0002
0032
0101
02EF
0035
0036
0014
0103
0038
0039
02F1
00AE
003C
003D
00BF
0002
0014
0184
0349
0040
0041
0042
0043
0044
0045
0046
0047
031B
050E
004A
004B
004C
004D
004E
004F
0062
0051
034D
02D2
034E
0055
0056
0057
0058
0059
0157
0014
00C0
005B
005C
005D
005E
005F
0060
0061
0097
0014
011C
0533
0065
0066
0067
0068
0253
006A
006B
006C
00BE
0534
01F5
0123
00CD
0072
0073
0074
00D0
0014
00D1
0511
0078
0129
0223
007B
007C
012A
0014
0014
0195
0535
0358
0514
0083
0084
0228
018E
0087
0051
008F
02DE
0536
0537
01BF
0047
01D3
01D4
0036
0014
008F
03AD
01D6
035B
0093
0084
01D8
00E7
0097
0014
0098
0519
02E4
0538
0539
0002
0262
053A
0005
0006
00F0
0313
0009
000A
053B
000C
053C
053D
000F
0010
00FA
0012
0013
0014
001E
0014
0002
0014
0014
0014
0014
0015
0023
001D
0027
0014
0019
0014
0002
0014
0014
0014
0014
001F
001B
0021
0027
001E
0025
0002
0002
0014
0002
0014
0014
0023
001D
001F
0022
0020
001A
0014
0014
0002
0014
0014
0014
001C
001A
0017
001E
0014
0021
0014
0002
0014
0014
0002
0014
0021
001B
001D
0018
0014
0019
0014
0014
0014
0002
0002
0014
0023
0019
0010
0027
0014
0020
0014
0014
0014
0002
0002
0002
0017
001D
0010
0026
0014
0022
0014
0014
0014
0014
0014
0014
0013
0207
00FB
0014
0014
053E
0014
0014
0014
0014
0014
0014
0026
002B
0021
0026
0013
002C
0014
0002
0014
0014
0014
0014
0018
002B
0010
0014
0014
002E
0014
0014
0014
0014
0014
0014
0018
002F
0021
0014
0014
002C
0002
0014
0002
0014
0014
0002
0119
0033
053F
0035
0036
0014
0107
0540
0541
0542
04F2
003C
020E
0035
0097
0014
003E
010B
01B6
0543
00B4
04A8
014E
0245
0157
0111
0048
0325
0544
0545
00BE
0546
004E
0547
00D0
0051
0548
0549
054A
032C
0385
0057
0110
0059
0050
0014
032F
04AD
054B
0331
0250
015A
0060
00BF
00C9
0014
0063
0064
054C
054D
0348
0068
0069
0305
0130
0014
01C5
015E
054E
0123
039D
0072
04EC
0074
0075
0014
01D2
02DA
01F8
0280
01CA
00D4
03D5
00D6
0014
0014
0195
00D7
054F
0282
0550
0084
0228
0086
0087
0051
0088
0551
0285
019B
0032
0047
01D3
008E
0014
0014
022C
03FF
00E4
019F
027B
0094
01D8
039F
0014
0014
0098
02A6
0552
033F
0001
0002
0003
0004
0264
0006
0007
0553
02E8
0554
000B
0379
01AB
000E
02EC
0018
0145
0019
0014
0014
023F
0014
0002
0002
0014
0014
0014
00A7
047F
0017
0018
0014
00A6
0002
0002
0014
0014
0002
0002
001A
0023
001C
001D
0018
0015
0014
0002
0002
0002
0002
0014
001A
001D
0015
001E
0014
0010
0002
0014
0014
0014
0014
0014
0012
0023
0012
0022
0014
0025
0014
0002
0002
0014
0002
0014
001C
001B
0021
0022
0014
0015
0014
0002
0014
0014
0014
0014
0021
00A7
0015
0022
0024
0015
0014
0014
0002
0014
0002
0002
0025
0025
0017
0027
0014
0019
0002
0014
0002
0014
0014
0002
0027
03B4
0029
0027
0014
03B5
0002
0014
0014
0014
0014
0014
0026
00FE
0021
0027
0014
00AA
0014
0002
0014
0014
0014
0002
0026
00FE
002D
0027
0014
002E
0014
0014
0014
0002
0014
0002
0022
002B
0030
0018
0014
017B
0014
0014
0014
0014
0014
0002
0032
0101
0555
00AB
0014
0014
021C
0038
0556
014A
00AE
015A
0482
00BF
0002
0014
02F3
003F
01E6
0041
01B8
0043
0044
0045
0046
0047
01E9
0049
004A
004B
00BA
004D
01BB
004F
0050
0014
0052
0053
0510
0055
0275
0557
0058
036D
0157
0014
005A
005B
0558
03B9
00DA
005F
0060
0061
0062
0014
0150
00C6
0065
0066
0067
01C4
0069
006A
006B
006C
017C
006E
01C7
03BE
00CD
0190
0073
0125
027A
0014
0126
0127
04D3
0079
0223
007B
01FB
0446
007E
0014
0283
029F
0559
012D
0083
0111
043F
0167
0130
0014
02A2
0089
02A3
0168
00E0
00AF
0489
025E
0036
0014
02A4
0421
04BD
016C
0093
0084
048A
0096
0097
0014
030E
0231
009A
016F
0001
0002
0311
02A9
051B
0006
00F0
0008
0266
000A
0315
000C
00A3
055A
000F
0010
0015
0012
0013
0014
001E
0014
0014
0014
0014
0014
0014
0015
001A
001D
0014
0014
0019
0002
0002
0014
0014
0002
0002
001A
001B
001C
001D
001E
0021
0002
0002
0014
0002
0002
0014
0023
001D
001F
001E
0020
0010
0014
0014
0002
0014
0014
0014
001C
001A
0017
001E
0014
0021
0014
0002
0014
0014
0002
0014
001C
001B
0021
0022
0014
0017
0014
0002
0014
0002
0002
0014
0023
0019
0010
0022
0014
0015
0014
0014
0014
0002
0002
0002
0017
001D
0010
0026
0014
0022
0014
0014
0002
0014
0014
0002
0014
0207
00FB
0014
0014
053E
0014
0014
0014
0014
0014
0014
0026
0268
055B
0024
0014
002C
0014
0014
0014
0014
0014
0014
0018
0268
0010
0014
0014
00AA
0014
0014
0014
0002
0014
0014
0018
02CF
0015
0014
0014
002C
0002
0014
0002
0014
0014
0014
03E3
0033
055C
0035
0036
0014
01E9
031C
055D
055E
04F2
003C
055F
0035
0014
0014
003E
020F
01B6
0560
045E
02B5
0044
0561
0110
0111
0037
0325
0562
03EF
01C5
0188
004E
01ED
0050
0051
0189
032A
054A
032C
0385
0057
0398
0059
0050
0014
032F
04AD
0563
04D0
0250
015A
0060
00BF
0062
0014
011C
0064
0564
0565
03F6
02C0
0069
0305
006B
0014
0566
0336
03F7
0070
039D
0072
00B6
0074
0075
0014
00D1
0077
01F8
01F9
01CA
0014
0567
00D6
0014
0014
0195
029F
01FC
0082
012E
0169
0568
0229
0087
0014
0088
0569
0285
056A
0032
0111
01D3
008E
0014
0014
022A
03FF
00E4
019F
0100
0094
01D8
00E7
0014
0014
0098
02A6
056B
01D9
0377
0002
0262
0004
0005
0006
0007
056C
02E8
056D
000B
01AA
056E
000E
02EC
0026
056F
0019
0014
0014
023F
0014
0002
0002
0014
0014
0014
00A7
047F
0017
0018
0014
002C
0002
0014
0014
0014
0014
0014
001F
0023
0015
001D
0026
0015
0014
0002
0002
0002
0002
0014
001A
001D
0015
00A7
0014
001A
0002
0014
0014
0014
0014
0014
001D
0023
0012
0020
0014
0025
0014
0002
0002
0014
0014
0014
0021
0023
0017
0018
0014
0015
0014
0002
0014
0014
0014
0014
0015
00A7
0015
0020
0024
0017
0014
0014
0002
0014
0002
0002
0025
0025
0017
0027
0014
0019
0002
0014
0014
0014
0014
0014
0027
00A8
0029
0027
0014
00A9
0002
0014
0014
0014
0014
0014
0026
002B
0021
0026
0013
002E
0014
0002
0014
0014
0014
0002
0026
002B
002D
0027
0014
002E
0014
0014
0014
0014
0014
0002
0022
02AE
0030
0018
0014
017B
0014
0014
0014
0014
0014
0002
0032
0101
0570
003C
0014
0014
0348
0038
0571
02F1
00AE
015A
0482
00BF
0002
0014
02F3
014D
01E6
0041
0042
0043
0352
0045
0046
0047
00B7
0049
0572
0573
00BA
004D
01BB
004F
007E
0014
0052
02F7
0510
0055
0275
0410
0058
020B
0157
0014
005A
005B
0574
0575
00DA
005F
00C4
0061
0097
0014
00C5
00C6
0065
01C3
0067
0068
0069
006A
027A
006C
006D
0576
01C7
01C8
00CD
0190
0073
0125
027A
0014
0126
0577
01C9
0257
0223
007B
01FB
0578
007E
0014
0164
0302
0303
0304
0083
0084
043F
0305
0130
0051
02A2
0089
04BC
02C7
0275
0047
0200
025E
0036
0014
02A4
016A
04BD
016C
0093
0084
02A5
0096
0097
0014
030E
030F
009A
016F
013C
0002
0235
00EE
0579
0006
00F0
057A
0266
01DC
01DD
00F5
057B
057C
01DF
0010
001C
0012
0014
0014
001E
0014
0014
0014
0014
0014
0014
0026
03E0
001D
0027
0014
00A6
0014
0002
0014
0014
0014
0014
0010
001A
0021
001D
0014
0017
0014
0002
0014
0002
0002
0014
0023
001D
001F
0022
0020
001A
0014
0014
0002
0014
0014
0014
001C
0025
0017
001E
0014
0021
0014
0002
0014
0014
0002
0014
0020
057D
0012
0022
0014
04C3
0014
0014
0014
0002
0014
0014
0023
0019
0010
0018
0014
0015
0014
0014
0014
0002
0002
0002
0017
001D
0010
0026
0014
0022
0014
0014
0014
0014
0014
0014
0027
03E1
04C5
0014
0014
051E
0014
0014
0014
0014
0014
0014
0026
0268
055B
0024
0014
002E
0014
0014
0014
0014
0014
0014
0018
0268
0017
0014
0014
00AA
0014
0014
0014
0014
0014
0014
0022
02CF
0012
0014
0014
0031
0002
0014
0002
0014
0014
0002
0209
0033
057E
0035
0014
0014
057F
0580
0581
0582
003B
0111
0523
0035
0002
0014
0583
0584
0585
0586
045E
0587
014E
00CE
0046
0014
0037
0325
0588
0589
0186
0546
004E
00BC
00D0
0051
0548
02D2
058A
058B
032D
0057
058C
0059
0050
0014
00C0
018C
058D
0331
0250
04E8
04E9
00BF
0062
0014
011C
015C
058E
058F
0590
01C4
0069
0305
0157
0014
0591
0592
0593
0594
039D
01F7
0073
0074
0075
0014
01D2
02DA
01F8
0595
01FA
006C
01FB
03C1
0014
0014
0195
039E
0226
0282
012E
0169
0596
0229
0087
0014
0088
0284
0285
0597
008C
0111
04D6
008E
0014
0014
022C
0598
00E4
0289
04DD
0094
04D7
0599
0014
0014
0098
059A
059B
059C
0404
0002
0003
009D
0005
0006
0007
0553
0238
059D
02AC
00A2
059E
000E
01AC
0026
0145
0019
0013
0014
023F
0014
0002
0002
0014
0014
0014
0015
0016
0017
0018
0014
0019
0002
0002
0014
0014
0002
0002
001A
001B
001C
001D
001E
0015
0002
0002
0002
0002
0002
0014
001A
001D
0015
001E
0014
0010
0002
0014
0014
0014
0014
0014
0012
001A
0012
0022
0014
0025
0014
0002
0002
0014
0002
0014
001C
001B
0021
0027
0014
0015
0014
0002
0014
0014
0002
0014
0015
00A7
0015
0022
0024
0015
0014
0014
0002
0014
0002
0002
0025
0025
0010
0027
0014
0019
0002
0014
0002
0014
0014
0002
0027
0028
0029
0027
0014
002A
0002
0014
0014
0014
0014
0014
0026
0146
0021
0026
0013
002C
0014
0002
0014
0014
0014
0002
0026
0146
002D
0027
0014
002E
0014
0014
0014
0002
0014
0002
0018
02AE
0030
0018
0014
002E
0014
0014
0014
0014
0014
0002
0032
0101
037B
020B
0036
0014
0037
0038
059F
05A0
0243
003C
003D
00BF
0157
0014
00B1
003F
0040
0041
0042
0043
0044
0045
0110
0047
00B7
0049
004A
004B
00BA
004D
01BB
004F
0050
0014
0052
02BA
034E
05A1
0275
02F9
0058
036D
0157
0014
0119
005B
0558
03B9
01C2
005F
0060
0061
0097
0014
00C5
018D
0065
0066
0067
0068
0069
006A
006B
006C
006D
03BD
01C7
03BE
00CD
0072
00B6
0125
027A
0014
0126
0127
01C9
0079
01CA
007B
03D5
012A
007E
0014
0164
0080
01CC
012D
0083
0084
0085
018E
0130
0051
02A2
0089
05A2
02C7
0209
0047
008D
025E
0036
0014
02A4
0090
04BD
016C
0093
0147
0095
0096
0097
0014
03D8
0099
009A
013B
03A0
0002
0426
0447
048D
0006
0007
009F
0009
000A
028F
05A3
00A3
000E
000F
0010
001A
0012
0013
0014
001D
0014
0014
0002
0014
0014
0014
0015
001C
0017
0027
0014
0019
0002
0014
0014
0014
0014
0002
001A
0023
0015
001D
0018
0010
0002
0002
0014
0002
0002
0014
0023
001D
0015
001E
0014
0010
0002
0014
0014
0014
0014
0014
0021
0023
0025
001E
0014
0021
0014
0002
0002
0014
0002
0014
001C
001B
0017
0027
0014
0015
0014
0002
0014
0014
0002
0014
0023
0019
0010
0022
0014
0015
0014
0014
0002
0014
0002
0002
0017
001D
0010
0026
0014
0022
0014
0014
0014
0014
0014
0014
0027
0207
01E0
0027
0014
0408
0014
0014
0014
0014
0014
0014
0026
00FE
0017
0026
0013
002C
0014
0014
0014
0014
0014
0002
0018
0268
0010
0014
0014
002E
0014
0014
0014
0002
0014
0002
0022
01AD
0021
0014
0014
017B
0002
0014
0002
0014
0014
0002
04CC
0033
020A
00AB
0036
0014
015B
0430
020C
05A4
05A5
003C
003D
0035
0097
0014
0583
014D
010C
05A6
00B4
00B5
014E
014F
0046
0147
0037
0049
05A7
05A8
05A9
0329
00BB
004F
0075
0014
0052
02F7
0397
05AA
00BE
0057
0058
0061
0050
0014
05AB
0276
0435
01C1
0459
015A
0060
00BF
0097
0014
011C
015C
00C7
05AC
0590
01C4
0253
021F
006B
0014
027B
05AD
01F5
05AE
027F
0072
00CF
0074
0075
0014
00D1
043C
0078
0280
00D3
007B
0162
007D
007E
0014
00BA
039E
0281
0282
00B4
0084
0228
0086
0087
0051
022A
02DE
0285
019B
0275
0047
01D3
008E
0014
0014
022A
016A
00E4
02E1
0138
0094
035C
00E7
0014
0014
0098
05AF
05B0
05B1
0001
0002
0003
0236
0237
0006
00F0
00F1
0238
028E
05B2
000C
00F6
05B3
0144
0026
023E
0012
0014
0014
03B5
0014
0002
0002
0014
0014
0014
00A7
047F
0025
0018
0014
00A6
0002
0002
0014
0014
0002
0014
001F
001B
001C
001D
001E
0015
0014
0002
0002
0002
0014
0014
001A
001D
001F
0022
0020
001A
0002
0014
0002
0014
0014
0014
001C
001A
0017
0022
0014
0025
0014
0002
0014
0014
0002
0014
0021
001B
0021
0022
0014
0017
0014
0002
0014
0002
0014
0014
0015
001E
0015
0020
0024
0017
0014
0014
0002
0002
0002
0002
0017
0025
0017
0027
0014
0019
0002
0014
0002
0014
0014
0002
0027
00A8
0029
0014
0014
00A9
0002
0014
0014
0014
0014
0014
0026
002B
0021
0027
0014
002E
0014
0002
0014
0014
0014
0014
0026
002B
002D
0027
0014
002E
0014
0014
0014
0014
0014
0014
0026
002F
0030
0018
0014
002C
0014
0014
0014
0014
0014
0002
03C6
0101
0295
0035
0014
0014
01E9
05B4
0039
02B3
05B5
015A
0181
0109
0002
0014
01E4
05B6
01E6
0041
026D
0043
0044
0045
0110
0047
00B7
026F
004A
004B
01C5
004D
004E
0188
0050
0051
0189
036A
0155
0156
0056
05B7
0118
0059
0002
0014
0119
005B
005C
01F0
005E
005F
0060
0061
0062
0014
02BE
018D
011D
0066
0067
0068
0069
006A
0002
006C
01C5
006E
01C7
0070
0351
01F7
0073
029C
007E
0014
0126
0127
05B8
0079
007A
007B
01FB
029E
0014
0014
007F
0080
012C
05B9
012E
0147
01FD
012F
0130
0014
0088
0131
0132
0133
03C6
00AF
0489
0134
0036
0014
025F
019D
0136
0137
0093
0111
048A
0096
0097
0014
03D8
0099
013A
009B
02E5
0002
0235
0004
0264
0006
00F0
0008
02E8
0140
000B
0267
01AB
0175
05BA
0018
05BB
0012
0014
0014
023F
0014
0002
0002
0014
0014
0014
0015
00FA
0025
0018
0014
0019
0002
0014
0014
0014
0002
0002
001A
0023
001C
001D
001E
0015
0014
0002
0014
0002
0002
0014
001A
001D
0015
001E
0014
0010
0002
0014
0014
0014
0014
0014
0018
001A
0025
0022
0014
0025
0014
0014
0014
0014
0002
0014
001C
001B
0021
0022
0014
0017
0014
0002
0014
0014
0002
0014
0023
0019
0010
0020
0014
0017
0014
0014
0014
0014
0014
0002
0017
001D
0010
0027
0014
00A7
0014
0014
0014
0014
0014
0002
0027
0207
01E0
0014
0014
0408
0014
0014
0014
0014
0014
0014
0026
0179
01E0
0027
0014
002C
0014
0014
0014
0014
0014
0014
0018
00FF
0021
0027
0014
002E
0014
0014
0014
0002
0014
0014
0018
02AE
0021
0018
0014
002E
0014
0014
0014
0014
0014
0014
017C
0101
05BC
00AB
0014
0014
0103
05BD
05BE
05BF
003B
003C
05C0
00BF
0002
0014
048E
05C1
05C2
05C3
010E
0043
05C4
0045
0110
0111
01E9
0325
05C5
05C6
005A
00BC
01BB
04FA
0050
0014
03B8
02F7
05C7
040F
0189
0101
0118
05C8
0097
0014
005A
011A
05C9
05CA
01D5
005F
05CB
0061
0062
0014
021C
05CC
05CD
05CE
011E
0414
0069
0415
027A
0014
0100
02FF
0416
027E
0124
0072
0073
05CF
027A
0014
0126
0417
05D0
05D1
0223
007B
007C
05D2
0014
0014
0126
0080
05D3
03AB
012E
0084
0228
05D4
0130
0014
02C8
03C5
05D5
047C
0100
0047
05D6
0134
0036
0014
05D7
030A
05D8
05D9
0138
0111
05DA
0096
0097
0014
030E
030F
05DB
0425
0170
0002
0311
049A
0005
0006
0007
05DC
0009
05DD
05DE
00A2
05DF
000E
000F
0010
0011
0012
0013
0014
001D
0014
0002
0014
0014
0014
0014
0026
0294
0017
0027
0014
002C
0014
0002
0014
0014
0014
0014
001F
001B
0010
001D
0026
0021
0002
0002
0002
0002
0014
0014
0023
001D
001F
00A7
0020
001A
0014
0014
0002
0014
0014
0014
001C
0023
0017
001E
0014
0021
0014
0002
0002
0014
0002
0014
0026
05E0
0019
0018
0014
05E1
0014
0002
0014
0002
0014
0014
0021
001E
0015
0022
0024
0015
0014
0014
0002
0002
0002
0002
0014
0207
0178
0026
0014
00A6
0002
0014
0002
0014
0014
0002
0014
00A8
0029
0027
0014
00A9
0002
0014
0014
0014
0014
0014
0026
002B
0021
0026
0013
002E
0014
0002
0014
0014
0014
0002
0026
002B
002D
0014
0014
002E
0014
0014
0014
0014
0014
0002
0022
01E2
0030
0014
0014
0031
0002
0014
0002
0014
0014
0002
0032
0033
0034
0035
0036
0014
031B
0038
0039
003A
0243
0111
05E2
0035
0097
0014
003E
003F
05E3
00B3
00B4
0057
0044
014F
0046
0047
0048
0049
05E4
01EC
004C
004D
004E
004F
0062
0051
01BF
02BA
0054
05E5
01EE
0057
0058
0059
0050
0014
032F
0159
01EF
005D
0032
0084
05E6
00BF
0097
0014
0063
0064
05E7
05E8
0067
0068
0069
006A
006B
006C
006D
03BD
00CB
0070
00CD
0014
05E9
05EA
0075
0014
00E0
0077
0078
0079
01CA
0014
0258
007D
007E
0014
007F
0535
0081
0082
0083
0147
02A1
0086
0087
0051
0088
0089
008A
008B
008C
00AF
033A
008E
0014
0014
008F
0090
0091
0092
0093
0094
05EB
039F
0014
0014
0098
033D
033E
0442
00EC
0002
02E6
0004
04E2
0006
00F0
009F
0238
01DC
05DE
000C
01DE
044B
000F
0010
001C
0012
0013
0014
0012
0014
0002
0002
0014
0014
0014
0026
02CD
05EC
0018
0014
00A6
0002
0014
0014
0014
0002
0002
001A
001B
001C
001D
001E
0015
0002
0002
0014
0002
0002
0014
001A
001D
0015
001E
0014
001A
0002
0014
0014
0014
0014
0014
0012
001A
0017
001E
0014
0021
0014
0002
0002
0014
0002
0014
001C
001B
0021
0018
0014
0015
0014
0002
0014
0014
0002
0014
0023
0019
0010
0022
0014
0015
0014
0014
0014
0002
0002
0002
0017
0025
0010
0026
0014
0019
0002
0014
0014
0014
0014
0002
0027
03B4
00FB
0027
0014
03B5
0002
0014
0014
0014
0014
0014
0027
00FE
0021
0027
0014
00AA
0014
0014
0014
0014
0014
0014
0026
00FF
002D
0027
0014
00AA
0014
0014
0014
0002
0014
0014
0026
0177
0030
0018
0014
002C
0014
0014
0014
0014
0014
0014
0209
0033
020A
0035
0036
0014
00AC
0038
05ED
0180
0191
0147
044F
05EE
0002
0014
003E
010B
0452
05EF
0107
00B5
014E
0045
0110
0047
0037
01EA
04E6
0454
0319
0215
004E
0188
0050
0014
01BF
0154
0217
05F0
00BE
0458
0058
0059
0050
0014
0119
05F1
01EF
01F0
0459
00C3
0060
0061
0097
0014
045A
0064
045B
045C
011E
02C0
0046
021F
006B
0014
00BE
01C6
01F5
045D
018F
01F7
0352
0300
0075
0014
045E
0127
0192
0460
0339
006C
0461
00D6
007E
0014
00BA
0080
0081
03D7
012E
0169
0462
0086
0130
0014
0283
041D
0463
041F
0032
00AF
019C
008E
0036
0014
0530
019D
0464
019F
01C2
0094
0402
0096
0097
0014
03D8
02A6
05F2
009B
0001
0002
0311
02A9
0005
0006
0007
0313
0009
01A8
000B
0174
01AB
000E
02EC
0026
0145
0012
0014
0014
002C
0014
0002
0002
0014
0014
0014
0015
0016
0020
0014
0014
0019
0002
0002
0014
0014
0014
0014
001F
001A
0015
001D
0014
0021
0014
0002
0002
0002
0002
0014
0023
001E
001F
0022
0020
0010
0014
0014
0002
0014
0014
0014
001C
0023
0025
0018
0014
001D
0014
0014
0014
0014
0002
0014
0021
001B
001D
0022
0014
0017
0014
0002
0014
0002
0014
0014
0010
00A7
0015
0018
0024
0025
0014
0014
0002
0014
0002
0002
0017
001D
0017
0027
0014
0022
0014
0014
0002
0014
0014
0002
0027
00FB
0029
0014
0014
00A6
0002
0014
0014
0014
0014
0014
0026
0146
0021
0026
0013
002C
0014
0002
0014
0014
0014
0002
0018
0146
0010
0014
0014
002E
0014
0014
0014
0014
0014
0002
0022
02AE
0015
0014
0014
017B
0002
0014
0002
0014
0014
0002
0032
0101
0148
00AB
0014
0014
015B
017E
02B2
014A
003B
003C
003D
00E1
0014
0014
010E
003F
0040
0041
0042
0043
0044
010F
0046
0014
0185
0049
004A
004B
004C
004D
007E
004F
007E
0051
034D
0053
034E
0055
0056
0057
0118
036D
0157
0014
00C0
018C
01C0
01C1
005E
005F
0060
0381
0062
0014
0063
00C6
0065
0066
0067
0068
0069
006A
027A
006C
006D
006E
0439
02C1
0071
0072
0073
0074
027A
0014
00E0
0077
0078
01F9
01FA
007B
007C
0446
0014
0014
007F
039E
03FA
012D
00DA
0084
0085
0167
0087
0051
008F
0089
0132
0168
00E0
0047
008D
025E
0014
0014
008F
0421
02C9
0137
01A0
0084
0095
033C
0014
0014
0098
0231
033E
051A
05F3
0002
0235
05F4
0264
0006
0007
0008
02E8
0173
000B
05F5
000D
000E
01DF
0010
001A
0012
0014
0014
0012
0014
0002
0002
0014
0014
0014
00A7
03B3
0025
0018
0014
002E
0002
0014
0014
0014
0014
0002
001A
001C
0015
001D
0018
0015
0014
0014
0002
0002
0002
0014
001A
001D
001F
001E
0014
001A
0002
0014
0014
0014
0014
0014
0021
0023
0025
001E
0014
0021
0014
0002
0014
0014
0002
0014
0021
001B
0017
0018
0014
0015
0014
0002
0014
0014
0002
0014
0023
00A7
0010
0026
0014
0025
0014
0014
0002
0014
0002
0002
0017
001D
0010
0027
0014
00A7
0014
0014
0014
0014
0014
0014
0027
03E1
017A
0014
0014
02EE
0014
0014
0014
0014
0014
0014
0026
0268
01E0
0027
0014
002E
0014
0014
0014
0014
0014
0014
0018
0268
0021
0027
0014
00AA
0014
0014
0014
0002
0014
0014
0022
00FE
0021
0027
0014
017B
0002
0014
0002
0014
0014
0014
0209
0033
020A
00AB
0014
0014
015B
05F6
020C
05A4
00AE
015A
05F7
0035
0002
0014
0583
05F8
05F9
05FA
01B8
0043
014E
0045
0046
0147
0037
05FB
0572
0573
00BA
0215
00BB
0059
0075
0014
00C3
05FC
036B
040F
01BF
024D
0058
0109
0050
0014
005A
05FD
05FE
05FF
00DA
005F
0060
0096
0097
0014
015B
0600
0601
0602
0590
01C4
0069
021F
027A
0014
027B
0603
0604
0605
0606
01F7
0073
0125
00D0
0014
0607
0608
0609
060A
0159
007B
01FB
060B
0014
0014
0195
060C
0226
060D
0112
0111
060E
060F
0130
0014
02A4
0610
0285
0597
0189
0111
0611
008E
0036
0014
0139
0612
00E4
0613
0138
0094
0614
0096
0130
0014
030E
0615
0616
0617
0001
0002
0003
009D
0005
0006
00F0
0618
0009
00F3
0619
000C
061A
03B1
01AC
0026
023E
0012
0013
0014
002C
0014
0002
0002
0014
0014
0014
0015
0016
0017
0014
0014
0019
0014
0002
0014
0014
0002
0014
001F
001B
001C
001D
001E
0021
0002
0002
0014
0002
0014
0014
0023
0019
0015
00A7
0020
0010
0002
0014
0002
0014
0014
0014
001C
001A
0017
0022
0014
001D
0014
0002
0002
0014
0002
0014
001C
001B
0021
0022
0014
0017
0014
0002
0014
0002
0014
0014
0015
0019
0015
0022
0024
0015
0014
0014
0002
0002
0002
0002
0025
0025
0017
0026
0014
0019
0002
0014
0002
0014
0014
0002
0013
0028
0029
0027
0014
002A
0002
0014
0014
0014
0014
0014
0026
0146
0021
0026
0013
002C
0014
0002
0014
0014
0014
0002
0026
0146
002D
0014
0014
002E
0014
0014
0014
0014
0014
0002
0026
002F
0030
0018
0014
002C
0014
0014
0014
0014
0014
0002
0214
0101
0295
0035
0036
0014
031B
061B
0039
061C
02B4
003C
003D
00BF
0014
0014
00B1
061D
0040
061E
00B4
0057
0044
010F
0110
0047
0185
0056
0299
029A
0186
004D
004E
004F
0050
0051
01BF
061F
0155
0380
02D3
0057
00B6
0059
0002
0014
032F
0159
024F
005D
0250
0251
0060
0061
0062
0014
0063
0620
0252
0621
0067
0068
0069
006A
006B
006C
01C5
03BD
006F
0070
0071
0072
00B6
0074
0075
0014
0076
0077
0078
0079
01CA
007B
03D5
012A
007E
0014
0164
0080
012C
05B9
012E
0084
0085
012F
0087
0051
0088
0131
0622
0623
0032
0047
008D
040C
0014
0014
008F
0090
0136
0624
005E
00AF
0095
005F
0097
0014
0098
0260
009A
0625
0626
0002
02E6
0004
0204
0006
00F0
0008
0238
000A
000B
0267
000D
0175
01DF
0010
001F
0019
0014
0014
0019
0014
0002
0002
0014
0014
0014
0015
0021
0025
0027
0014
001E
0002
0014
0014
0014
0002
0002
001A
0010
001C
001D
001E
0015
0014
0002
0014
0002
0002
0014
0015
001D
0015
001E
0014
0010
0002
0014
0014
0014
0014
0014
001D
001A
001D
001E
0014
0021
0014
0002
0014
0014
0002
0014
001C
001B
0021
0027
0014
0019
0014
0002
0014
0014
0002
0014
0023
0019
0010
0020
0014
0017
0014
0014
0014
0002
0014
0002
0017
001D
0010
0027
0014
00A7
0014
0014
0014
0014
0014
0002
0027
0207
01E0
0014
0014
0408
0014
0014
0014
0014
0014
0014
0026
0179
01E0
0026
0013
02EE
0014
0014
0014
0014
0014
0014
0018
00FF
0010
0027
0014
00AA
0014
0014
0014
0002
0014
0014
0018
002F
0021
0018
0014
002C
0014
0014
0014
0014
0014
0014
017C
0033
0060
020B
0014
0014
0103
0038
0364
020D
003B
003C
04EC
0035
0002
0014
048E
0627
0628
0629
0042
0043
062A
010F
0110
0111
01E9
0056
062B
062C
005A
062D
00BB
04FA
0050
0014
03B8
02F7
062E
040F
01BF
0410
0118
0109
0050
0014
005A
005B
062F
0492
021B
005F
055C
0061
00C9
0014
021C
05CC
0630
0631
011E
0414
00BB
0415
027A
0014
00BE
027C
0416
027E
0124
0072
0352
0300
00D0
0014
00BA
0417
0192
05D1
0354
007B
0419
0632
0014
0014
00BA
0080
0633
0227
012E
0111
041B
060F
0130
0051
0283
041D
0463
041F
03C6
0111
0634
008E
0036
0014
0135
030A
0635
02E1
0138
0094
05DA
0096
0097
0014
03D8
030F
05DB
0425
0001
0002
0311
049A
0237
0006
0007
05DC
0009
0636
042A
00A2
042B
000E
01AC
0026
023E
0012
0013
0014
03B5
0014
0002
0014
0014
0014
0014
0026
049E
0017
0018
0014
002C
0002
0002
0014
0014
0014
0014
0021
001B
0010
001D
0026
0021
0002
0002
0002
0002
0014
0014
001A
001E
001F
0022
0020
001A
0002
0014
0002
0014
0014
0014
001C
0023
0017
0018
0014
0025
0014
0002
0002
0014
0002
0014
0026
04A0
0019
0022
0014
05E1
0014
0002
0014
0002
0014
0014
0010
001E
0015
0022
0024
0015
0014
0014
0002
0014
0002
0002
0014
0207
0178
0026
0014
00A6
0002
0014
0002
0014
0014
0002
0014
00A8
0029
0027
0014
00A9
0002
0014
0014
0014
0014
0014
0026
0146
0021
0013
0014
042E
0014
0002
0014
0014
0014
0002
0026
0146
002D
0014
0014
002E
0014
0014
0014
0014
0014
0002
0022
002B
0030
0014
0014
017B
0002
0014
0002
0014
0014
0002
0032
0101
0148
0035
0036
0014
031B
017E
0039
014A
0243
0111
031F
02B0
0036
0014
003E
003F
0637
00B3
0107
0057
0044
0045
0046
0047
0048
0049
01EB
0247
004C
004D
004E
004F
0062
0051
01BF
02BA
0638
0639
01EE
0057
0058
0059
0157
0014
032F
024E
01EF
01C1
0032
0084
05E6
00AB
0062
0014
0063
0064
05E7
05E8
0067
0068
0069
006A
006B
006C
006D
006E
00CB
0070
00CD
0014
043A
05EA
0075
0014
00E0
0077
0078
0079
007A
0014
01FB
012A
007E
0014
007F
039E
012C
02A0
0083
0084
02A1
018E
0087
0014
008F
0089
02A3
0168
00E0
0047
063A
025E
0014
0014
008F
0090
0441
016C
0093
0084
05EB
033C
0014
0014
0098
033D
033E
0442
0377
0002
0235
0004
0204
0006
0007
0008
051C
000A
000B
0267
000D
000E
01DF
0010
001F
0012
0014
0014
0012
0014
0002
0002
0014
0014
0014
0015
00FA
0025
0018
0014
0019
0002
0014
0014
0014
0014
0002
001A
0010
001C
0018
0018
0015
0014
0014
0014
0002
0002
0014
001A
001D
0021
001E
0014
0010
0002
0014
0014
0014
0014
0014
001D
0023
001D
001E
0014
0021
0014
0002
0014
0014
0002
0014
001C
001B
0021
0027
0014
0015
0014
0002
0014
0014
0002
0014
0023
00A7
0010
0020
0014
0017
0014
0014
0014
0014
0014
0002
0017
001D
0010
0027
0014
00A7
0014
0014
0014
0014
0014
0014
0027
0207
01E0
0014
0014
0408
0014
0014
0014
0014
0014
0014
0026
0179
01E0
0026
0013
02EE
0014
0014
0014
0014
0014
0014
0018
00FF
0010
0027
0014
00AA
0014
0014
0014
0002
0014
0014
0018
00FE
0021
0018
0014
002E
0014
0014
0014
0014
0014
0014
017C
0033
020A
00AB
0014
0014
0103
05F6
020C
063B
00AE
003C
020E
0035
0002
0014
063C
063D
063E
063F
0042
0043
014E
0045
0002
0147
0037
037D
0640
0641
046E
0215
00BB
04FA
0075
0014
03B8
0642
0217
040F
01BF
04DC
0058
0109
0050
0014
005A
05FD
03CE
0643
00DA
005F
0060
0061
0097
0014
021C
0644
0645
0631
052C
0414
0646
021F
027A
0014
0371
027C
0220
027E
0124
0072
0352
018E
00D0
0014
0191
0647
0648
05D1
0354
007B
0419
0632
0014
0014
0195
0649
0633
064A
0083
0111
041B
060F
0130
0051
0375
0306
0463
041F
0100
0111
0634
008E
0036
0014
03D8
064B
064C
064D
0138
0094
05DA
0096
0097
0014
064E
0104
064F
0650
0001
0002
0003
02A9
0237
0006
00F0
05DC
0009
0651
0652
00A2
0653
023C
01AC
0026
023E
0012
0013
0014
02EE
0014
0002
0014
0014
0014
0014
0026
0294
0017
0014
0014
002C
0014
0002
0014
0014
0002
0014
001F
001B
0010
001D
001E
0021
0002
0002
0002
0002
0014
0014
0023
0019
001F
00A7
0020
001A
0014
0014
0002
0014
0014
0014
001C
001A
0017
0022
0014
001D
0014
0002
0002
0014
0002
0014
0026
0318
0019
0022
0014
05EC
0014
0002
0014
0002
0014
0014
0015
0019
0015
0022
0024
0015
0014
0014
0002
0002
0002
0002
0014
0207
0178
0026
0014
00A6
0002
0014
0002
0014
0014
0002
0014
00A8
0029
0027
0014
00A9
0002
0014
0014
0014
0014
0014
0026
0146
0021
0013
0014
002E
0014
0002
0014
0014
0014
0002
0026
0146
002D
0014
0014
002E
0014
0014
0014
0014
0014
0002
0022
002F
0030
0014
0014
0031
0002
0014
0002
0014
0014
0002
0214
0101
0295
0035
0036
0014
031B
044E
0039
061C
02B4
0111
0654
0057
0014
0014
00B1
0655
0656
0657
0107
0057
0044
0658
0046
0047
0185
0056
0659
01EC
0186
004D
004E
004F
0050
0051
01BF
0396
065A
065B
032D
0057
02D4
0059
0002
0014
032F
0159
024F
005D
0250
0084
05E6
0323
0062
0014
0063
018D
065C
065D
0067
0068
0069
006A
006B
006C
006D
006E
006F
0070
00CD
0014
043A
05EA
0075
0014
0076
0077
0078
0079
007A
0014
01FB
012A
007E
0014
0164
0225
012C
05B9
012E
0084
02A1
012F
0087
0014
0088
02C6
0622
065E
008C
0047
033A
025E
0014
0014
008F
0090
0136
065F
0093
0084
033B
039F
0014
0014
0098
033D
033E
033F
02E5
0002
02E6
0004
0660
0006
0007
02E7
02E8
0378
000B
0661
056E
000E
0144
0018
05BB
0019
0014
0014
023F
0014
0002
0002
0014
0014
0014
0015
00FA
0017
0018
0014
0019
0002
0014
0014
0014
0002
0002
001A
0023
001C
001D
001E
0015
0014
0002
0014
0002
0002
0014
001A
001D
0015
001E
0014
0010
0002
0014
0014
0014
0014
0014
0018
001A
0019
0022
0014
0025
0014
0002
0002
0014
0002
0014
001C
001B
0021
0022
0014
0015
0014
0002
0014
0014
0002
0014
0023
0019
0010
0020
0014
0017
0014
0014
0014
0014
0014
0002
0017
0025
0010
0027
0014
0019
0002
0014
0014
0014
0014
0002
0027
0028
00FB
0027
0014
002A
0002
0014
0014
0014
0014
0014
0026
00FE
0021
0027
0014
002C
0014
0014
0014
0014
0014
0014
0026
00FF
002D
0027
0014
002E
0014
0014
0014
0002
0014
0014
0022
02AE
0030
0018
0014
017B
0014
0014
0014
0014
0014
0014
017C
0101
037B
020B
0014
0014
021C
0038
02F0
02F1
00AE
003C
02F2
00BF
0002
0014
048E
014D
0040
0041
010E
0043
0662
0045
0046
0047
01E9
0049
0663
0664
00BA
004D
01BB
0188
0050
0014
0052
02F7
0155
0055
0189
0101
0058
0381
0097
0014
005A
005B
0665
0666
00DA
005F
02FC
0061
0062
0014
015B
00C6
0667
0631
03BB
0059
0069
006A
027A
0014
017C
02FF
01F5
0495
0071
0072
0073
018E
027A
0014
045E
0127
0497
0129
0223
007B
007C
0668
007E
0014
00BA
0649
0303
0304
0083
0084
0228
0305
0130
0014
02A4
02DE
0307
0537
0275
0047
0309
025E
0036
0014
02B1
030A
030B
030C
0093
0084
030D
0096
0097
0014
030E
030F
02E4
00EB
0310
0002
0311
049A
0005
0006
00F0
0313
0009
0669
0315
000C
066A
066B
000F
0010
0011
0012
0013
0014
001E
0014
0002
0014
0014
0014
0014
0026
0294
001D
0027
0014
002E
0014
0002
0014
0014
0014
0014
001E
04A0
0021
0027
0014
0207
0002
0002
0002
0002
0014
0014
0023
001D
001F
0022
0020
001A
0014
0014
0002
0014
0014
0014
001C
0015
0017
001E
0014
0021
0014
0002
0014
0014
0002
0014
0020
0318
0019
0018
0014
0031
0014
0002
0014
0002
0014
0014
0010
001E
0015
0022
0024
0015
0014
0014
0002
0002
0002
0002
0025
001D
0017
0026
0014
0022
0014
0014
0002
0014
0014
0002
0014
04C5
0029
0014
0014
066C
0014
0014
0014
0014
0014
0014
0026
002B
0021
0026
0013
002E
0014
0002
0014
0014
0014
0002
0018
002B
0010
0014
0014
002E
0014
0014
0014
0014
0014
0002
0018
02CF
0015
0014
0014
002C
0002
0014
0002
0014
0014
0002
0214
0033
04C6
0035
0036
0014
031B
031C
04A3
04C7
02B4
0111
031F
0035
0097
0014
003E
020F
0320
0321
00B4
0323
066D
0061
00C9
0014
0048
0325
066E
066F
0186
0187
004E
004F
0062
0051
0189
032A
018A
04CD
0385
0057
04AC
0059
0050
0014
032F
04AD
04AE
04AF
0250
0084
0670
00BF
00C9
0014
0063
0064
0671
0334
00C5
0068
0069
018E
006B
006C
03BC
0336
00CB
0070
0337
00CE
00B6
0074
0075
0014
00E0
0077
0338
01F9
04B2
0014
0258
007D
0014
0014
007F
029F
01FC
0082
012E
0147
02A1
0086
0087
0051
0088
04B3
008A
008B
0032
0111
033A
008E
0014
0014
022C
0090
0091
0092
017C
0094
0672
039F
0014
0014
0098
0260
033E
033F
02E5
0002
02E6
0004
0660
0006
0007
02E7
02E8
0378
000B
0267
0673
000E
02EC
0018
05BB
0019
0014
0014
023F
0014
0002
0002
0014
0014
0014
0015
00FA
0017
0018
0014
0019
0002
0014
0014
0014
0014
0002
001A
0021
001C
00A7
001E
0015
0014
0014
0014
0002
0002
0014
001A
001D
0015
001E
0014
0010
0002
0014
0014
0014
0014
0014
0018
05E0
00A7
0022
0014
02AD
0014
0002
0002
0014
0002
0014
001C
001B
0021
0022
0014
0015
0014
0002
0014
0014
0002
0014
0023
0019
0010
0020
0014
0017
0014
0014
0014
0014
0014
0002
0017
0025
0010
0027
0014
0019
0002
0014
0014
0014
0014
0014
0027
00FB
00FB
0027
0014
00FD
0002
0014
0014
0014
0014
0014
0026
00FE
0021
0027
0014
02EE
0014
0014
0014
0014
0014
0014
0026
00FF
002D
0027
0014
00AA
0014
0014
0014
0002
0014
0014
0018
02AE
0030
0018
0014
002E
0014
0014
0014
0014
0014
0014
017C
0101
02EF
003C
0014
0014
0103
0038
0674
02F1
00AE
003C
02F2
00BF
0002
0014
048E
014D
0040
0041
01B8
0043
02F4
0045
01E8
0047
01E9
0049
0675
02F6
00BA
004D
01BB
0188
0050
0014
0052
02F7
0155
0055
0189
00C3
0676
02F9
0097
0014
005A
005B
0677
0666
00DA
005F
02FC
0061
0062
0014
015B
00C6
0678
0631
03BB
0059
0069
006A
027A
0014
017C
02FF
01F5
0495
0071
0072
0073
0300
027A
0014
0126
0127
01C9
0129
0223
007B
007C
0301
007E
0014
00BA
0302
0303
0304
0083
0111
01CE
0305
0130
0014
02A4
0306
0307
0308
0100
00AF
0309
025E
0036
0014
02B1
030A
030B
030C
0093
0111
030D
0096
0097
0014
030E
030F
02E4
00EB
0310
0002
0311
049A
0005
0006
00F0
0313
0266
0679
0315
00A2
0316
023C
000F
0010
0011
0012
0013
0014
001E
0014
0002
0014
0014
0014
0014
0026
0294
001D
0014
0014
002C
0014
0002
0014
0014
0002
0014
00A7
0317
0021
001D
0014
00FB
0002
0002
0002
0002
0014
0014
0023
001D
001F
0022
0020
001A
0014
0014
0002
0014
0014
0014
001C
0015
0017
001E
0014
0021
0014
0002
0014
0014
0002
0014
0020
0318
0019
0018
0014
017B
0014
0002
0014
0002
0014
0014
0010
001E
0015
0022
0024
0015
0014
0014
0002
0002
0002
0002
0017
001D
0017
0026
0014
0022
0014
0014
0002
0014
0014
0002
0014
00A8
0029
0014
0014
00A9
0002
0014
0014
0014
0014
0014
0026
002B
0021
0026
0013
002E
0014
0002
0014
0014
0014
0002
0018
002B
0010
0014
0014
002E
0014
0014
0014
0014
0014
0002
0022
02CF
0015
0014
0014
0031
0002
0014
0002
0014
0014
0002
0214
0033
04C6
0035
0036
0014
031B
031C
04A3
04C7
02B4
0111
031F
0035
0014
0014
003E
020F
0320
0321
00B4
0323
0324
0245
0046
0014
0048
0325
067A
067B
0328
0187
004E
004F
0062
0051
0189
032A
018A
04CD
032D
0057
04AC
0059
0050
0014
032F
024E
04AE
04AF
0250
0084
0332
00BF
0130
0014
0063
0064
0333
0334
0088
0068
0069
018E
006B
006C
01C5
0336
00CB
0070
0337
01F7
00B6
0074
0075
0014
00E0
0077
0338
01F9
04B2
0014
0258
007D
0014
0014
007F
029F
01FC
0082
012E
0084
02A1
0086
0087
0051
0088
02C6
008A
008B
008C
0047
033A
008E
0014
0014
022C
0090
0091
0092
01A0
0094
067C
033C
0014
0014
0098
033D
033E
033F
0377
0002
02E6
0004
0660
0006
0007
02E7
02E8
067D
000B
0661
067E
000E
05BA
0018
067F
0012
0014
0014
023F
0014
0002
0002
0014
0014
0014
0015
00FA
0017
0018
0014
0019
0002
0014
0014
0014
0002
0002
001A
0010
001C
001D
001E
0015
0014
0014
0002
0002
0002
0014
001A
001D
0015
001E
0014
0010
0002
0014
0014
0014
0014
0014
0018
001A
001D
0022
0014
0025
0014
0002
0002
0014
0002
0014
001C
001B
0021
0027
0014
0015
0014
0002
0014
0014
0002
0014
0023
00A7
0010
0020
0014
0017
0014
0014
0002
0014
0002
0002
0017
0025
0010
0027
0014
0019
0002
0014
0014
0014
0014
0002
0027
00FB
01E0
0027
0014
00FD
0002
0014
0014
0014
0014
0014
0026
00FE
0021
0027
0014
02EE
0014
0014
0014
0014
0014
0014
0018
00FF
0021
0027
0014
00AA
0014
0014
0014
0002
0014
0014
0018
02AE
0021
0018
0014
002E
0014
0014
0014
0014
0014
0014
017C
0101
0680
020B
0014
0014
021C
0038
0674
02F1
00AE
003C
02F2
00BF
0002
0014
048E
014D
0040
0041
01B8
0043
02F4
0045
0110
0111
01E9
037D
0681
0682
046E
004D
01BB
004F
0050
0014
0052
02F7
0155
0055
0189
00C3
0058
0381
0097
0014
005A
005B
0683
0684
00DA
005F
0685
0061
0097
0014
015B
0385
0686
0631
03BB
01C4
0069
006A
027A
0014
017C
01C6
0220
0495
0351
0072
0352
018E
00D0
0014
0126
0127
0687
0129
0354
007B
0355
0688
007E
0014
0195
0649
0358
0304
0083
0111
01CE
0305
0130
0014
02A4
0389
0307
0308
0100
0111
022B
025E
0036
0014
02B1
030A
030B
030C
0138
0111
030D
0096
0097
0014
030E
030F
02E4
00EB
0001
0002
0311
038A
0005
0006
00F0
0313
0266
038B
038C
000C
009D
023C
000F
0010
0011
0012
0013
0014
001E
0014
0002
0014
0014
0014
0014
0026
0294
001D
0014
0014
002C
0014
0002
0014
0014
0014
0014
00A7
0317
0021
001D
0026
0409
0002
0002
0014
0002
0014
0014
0023
001D
001F
0022
0020
001A
0014
0014
0002
0014
0014
0014
001C
0015
0017
001E
0014
0021
0014
0002
0014
0014
0002
0014
0026
0318
0019
0022
0014
00FC
0014
0002
0014
0002
0014
0014
0017
0019
0015
0022
0024
0015
0014
0014
0002
0002
0002
0002
0025
001D
0017
0026
0014
0022
0014
0014
0002
0014
0014
0002
0014
00A8
0029
0014
0014
00A9
0002
0014
0014
0014
0014
0014
0026
002B
0021
0026
0013
002E
0014
0002
0014
0014
0014
0002
0026
002B
002D
0014
0014
002E
0014
0014
0014
0014
0014
0002
0022
02CF
0030
0014
0014
0031
0002
0014
0002
0014
0014
0002
0214
0033
04C6
0035
0036
0014
031B
031C
04A3
04C7
02B4
0111
0392
0035
0014
0014
003E
020F
0320
0321
00B4
0323
0393
0061
0046
0047
0048
0325
0394
0689
0328
0187
004E
0248
0062
0051
0189
0396
018A
04CD
032D
0057
04AC
0059
0050
0014
032F
024E
04AE
04AF
0250
0084
039A
00BF
0062
0014
0063
0064
039B
068A
0088
0068
0069
018E
006B
006C
01C5
006E
006F
0070
039D
00CE
0073
0074
0075
0014
00E0
0077
0078
01F9
007A
0014
01FB
007D
0014
0014
0164
029F
01FC
0082
012E
0084
02A1
0086
0087
0051
0088
02C6
008A
008B
008C
0047
0374
008E
0014
0014
022C
0090
0091
0092
0093
0094
0376
039F
0014
0014
0098
033D
033E
033F
0170
0002
0311
068B
0005
0006
0007
009F
0009
068C
000B
00A2
01AB
000E
01AC
0026
0145
0019
0013
0014
023F
0014
0002
0002
0014
0014
0014
00A7
047F
0017
0018
0014
002C
0002
0002
0014
0014
0002
0002
001F
001B
001C
001D
0018
0015
0002
0002
0002
0002
0002
0014
068D
001E
0020
0014
0014
001A
0002
0014
0002
0014
0014
0014
001C
0023
0025
0022
0014
0025
0014
0002
0002
0014
0002
0014
0021
001B
0021
0018
0014
0015
0014
0002
0014
0002
0014
0014
0021
00A7
0015
0022
0024
0015
0014
0014
0002
0002
0002
0002
0014
03B5
042D
0027
0014
053E
0002
0014
0002
0014
0014
0002
0013
00A8
0029
0027
0014
00A9
0002
0014
0014
0014
0014
0014
0026
0146
0021
0026
0013
042E
0014
0002
0014
0014
0014
0014
0026
050B
002D
0027
0014
002E
0014
0014
0014
0014
0014
0014
0026
002B
0030
0027
0014
002C
0002
0014
0002
0014
0014
0002
0032
0101
042F
00AB
0036
0014
0037
0038
02B2
014A
00AE
015A
0482
02B5
0157
0014
003E
003F
068E
0041
0042
0043
0044
0045
0110
0047
0048
0049
004A
004B
004C
068F
01E8
00E1
0014
0014
0052
0053
0690
0055
0056
0057
0058
036D
0087
0014
00C0
005B
01C0
005D
005E
005F
0060
005F
0097
0014
0063
0064
0065
0066
0067
0068
0069
006A
006B
006C
006D
006E
00CB
03BE
00CD
0014
043A
05EA
027A
0014
0076
0077
0078
0079
007A
00D4
01FB
029E
007E
0014
0164
0080
0691
012D
0083
0147
043F
018E
0087
0051
008F
0089
02A3
0168
0209
00AF
0489
025E
0036
0014
008F
019D
0441
016C
0093
00AF
048A
039F
0130
0014
0098
0099
033E
0442
048C
0002
02E6
0004
0692
0006
00F0
0406
02E8
000A
0693
00F5
01DE
0175
01DF
0010
001F
0012
0014
0014
0019
0014
0002
0002
0014
0014
0014
0015
001A
0025
0027
0014
0019
0014
0002
0014
0014
0014
0002
001A
0023
0015
001D
001E
0021
0014
0002
0014
0002
0002
0014
001C
001D
001F
001E
0020
0010
0002
0014
0014
0014
0014
0014
0025
001A
0017
001E
0014
0021
0014
0002
0014
0014
0002
0014
001C
001B
0025
0022
0014
0017
0014
0002
0014
0014
0002
0014
0023
0019
0010
0020
0014
0020
0014
0014
0014
0014
0002
0002
0017
0025
0010
0026
0014
0019
0014
0014
0014
0014
0014
0014
0027
00FB
00FB
0014
0014
00FD
0002
0014
0014
0014
0014
0014
0026
0179
01E0
0013
0014
002C
0014
0014
0014
0014
0014
0002
0018
0179
0021
0014
0014
002E
0014
0014
0014
0002
0014
0002
0022
002F
0021
0018
0014
017B
0014
0014
0014
0014
0014
0002
0457
0033
0060
0035
0014
0014
057F
0694
0695
0180
0107
003C
0108
0035
0002
0014
048E
0696
040A
0697
046E
0057
026E
010F
0046
0111
01E9
0056
034B
0698
04FB
039F
004E
004F
0050
0051
0699
069A
069B
069C
0526
0458
00B6
0059
0050
0014
04FB
012E
069D
069E
0126
0251
0278
0061
0062
0014
015B
05CC
069F
06A0
0348
0414
0069
06A1
0002
0014
0591
0254
06A2
0123
039D
0072
0352
06A3
0075
0014
0191
06A4
05D0
05D1
02DC
007B
06A5
007D
0014
0014
0195
06A6
0081
064A
012E
0084
0228
06A7
0130
0014
0088
0199
041E
019B
008C
0047
06A8
008E
0014
0014
0135
016A
0422
02E1
0138
0094
01D8
0096
0097
0014
03D8
05AF
05DB
0425
0001
0002
0003
0263
0428
0006
0007
05DC
0009
068C
000B
01AA
06A9
000E
01AC
0026
0145
0019
0013
0014
03B5
0014
0002
0002
0014
0014
0014
00A7
047F
0017
0018
0014
002C
0002
0002
0014
0014
0014
0014
001F
001B
0015
001D
0014
0017
0002
0002
0002
0002
0002
0014
001A
001E
001F
00A7
0014
001A
0002
0014
0002
0014
0014
0014
001C
0023
0025
0018
0014
0025
0014
0002
0002
0014
0002
0014
0021
001A
0017
0022
0014
0015
0014
0002
0014
0002
0014
0014
0021
00A7
0015
0022
0024
0015
0014
0014
0002
0014
0002
0002
0025
0025
0017
0027
0014
0019
0002
0014
0002
0014
0014
0002
0027
00A8
0029
0027
0014
00A9
0002
0014
0014
0014
0014
0014
0026
002B
0021
0013
0014
042E
0014
0002
0014
0014
0014
0002
0026
002B
0010
0014
0014
002E
0014
0014
0014
0014
0014
0002
0022
02AE
0015
0014
0014
017B
0002
0014
0002
0014
0014
0002
0032
0101
042F
0481
0036
0014
015B
0038
02B2
02F1
00AE
015A
0482
02B0
0002
0014
01B4
003F
068E
0041
01B8
0043
0044
0045
0046
0014
0048
0049
004A
004B
004C
004D
006B
004F
0002
0014
0052
0053
06AA
0055
0056
0057
0058
036D
0157
0014
00C0
005B
01C0
005D
005E
005F
0060
00AB
0062
0014
0063
0064
0065
0066
0067
0068
0069
006A
006B
006C
006D
006E
00CB
03BE
00CD
0190
0073
0074
027A
0014
0076
0077
0078
0079
007A
007B
01FB
012A
007E
0014
0164
06AB
01CC
012D
0083
0111
043F
018E
0087
0014
008F
0089
05A2
02C7
00E0
00AF
0200
025E
0014
0014
008F
0090
0441
016C
0138
0084
06AC
033C
0014
0014
0098
0099
033E
0442
0626
0002
0235
0447
0204
0006
00F0
0008
0407
000A
06AD
000C
01DE
06AE
01DF
0010
001F
0012
0014
0014
001E
0014
0002
0002
0014
0014
0014
0015
001C
0025
0013
0014
0019
0002
0002
0014
0014
0002
0002
001A
0023
001C
001D
001E
0015
0014
0002
0014
0002
0002
0014
0015
001D
0019
001E
0020
0010
0002
0014
0014
0014
0014
0014
0025
001A
0017
001E
0014
0021
0014
0002
0014
0014
0002
0014
001C
001B
0021
0013
0014
0019
0014
0002
0014
0014
0002
0014
0023
0019
0010
0020
0014
0025
0014
0014
0014
0002
0002
0002
0017
001D
0010
0026
0014
0022
0014
0014
0014
0014
0014
0002
0013
0207
00FB
0014
0014
0408
0014
0014
0014
0014
0014
0014
0026
0179
0409
0026
0013
002C
0014
0014
0014
0014
0014
0014
0018
0179
002D
0027
0014
002E
0014
0014
0014
0002
0014
0014
0018
03B6
0030
0018
0014
002C
0014
0014
0014
0014
0014
0014
03E3
0033
06AF
0035
0014
0014
00AC
0242
06B0
06B1
0322
003C
0058
0035
0157
0014
00B1
0696
06B2
0697
004C
0057
026E
03ED
0110
0047
01E9
06B3
034B
0698
06B4
0658
004E
01ED
0050
0051
040D
069A
06B5
06B6
0526
0458
03F1
0059
0050
0014
0119
0063
0473
06B7
0126
015A
06B8
0061
0130
0014
0348
05CC
06B9
06A0
011E
0414
0069
06BA
0002
0014
0566
027C
06BB
045D
0124
0072
0352
0300
0075
0014
0191
0647
0192
05D1
0354
00D4
0419
00D6
0014
0014
0195
0080
054F
0227
012E
0084
0228
041C
0130
0051
0283
03C5
019A
019B
01FF
0047
05D6
008E
0036
0014
0135
030A
06BC
02E1
01C2
0094
06BD
0096
0097
0014
03D8
02E3
06BE
0425
0001
0002
0003
02A9
0005
0006
00F0
0553
0009
06BF
06C0
00A2
06C1
023C
01AC
0026
0145
0019
0013
0014
03B5
0014
0002
0002
0014
0014
0014
0026
0294
0017
0018
0014
002C
0002
0002
0014
0014
0002
0002
001F
001B
001C
001D
0018
0010
0002
0002
0002
0002
0014
0014
001A
001E
001F
00A7
0014
001A
0002
0014
0002
0014
0014
0014
001C
0023
0025
0022
0014
0025
0014
0002
0002
0014
0002
0014
0020
001B
0021
0022
0014
0017
0014
0002
0014
0002
0014
0014
0015
00A7
0015
0022
0024
0015
0014
0014
0002
0014
0002
0002
0014
0207
042D
0027
0014
00A6
0002
0014
0002
0014
0014
0002
0027
00A8
0029
0027
0014
00A9
0002
0014
0014
0014
0014
0014
0026
0146
0021
0026
0013
042E
0014
0002
0014
0014
0014
0002
0026
0146
002D
0014
0014
002E
0014
0014
0014
0014
0014
0002
0022
02AE
0030
0014
0014
017B
0002
0014
0002
0014
0014
0002
0214
0101
0148
0481
0036
0014
0037
044E
02B2
037C
0243
0111
06C2
02B5
0097
0014
003E
003F
06C3
00B3
00B4
00B5
0044
0045
0046
0047
0048
0049
01EB
029A
004C
004D
01E8
004F
0050
0014
0052
06C4
06C5
06C6
032D
0057
00B6
036D
0157
0014
0158
0159
06C7
005D
0250
0251
0060
005F
0062
0014
0063
0064
0350
0438
0067
0068
0069
006A
006B
006C
006D
03BD
00CB
03BE
00CD
0014
05E9
05EA
027A
0014
0076
0077
0078
0079
01CA
007B
0258
012A
007E
0014
0164
0357
01CC
06C8
0083
0111
043F
018E
0087
0051
008F
0089
05A2
0623
00E0
00AF
0489
025E
0014
0014
008F
0090
0441
0624
0093
0084
048A
039F
0014
0014
0098
033D
033E
06C9
0626
0002
0235
0004
0264
0006
0007
00F1
051C
000A
000B
0267
000D
000E
01DF
0010
001F
0012
0014
0014
001D
0014
0002
0002
0014
0014
0014
0015
001C
0025
0027
0014
0019
0014
0002
0014
0014
0014
0002
001A
0023
0021
0013
001E
0015
0014
0002
0014
0002
0002
0014
0015
001D
0021
001E
0020
0010
0014
0014
0014
0014
0014
0014
001D
001A
0017
001E
0014
0021
0014
0014
0014
0014
0002
0014
001C
001B
0025
0027
0014
0015
0014
0014
0014
0014
0002
0014
0023
0019
0010
0020
0014
0025
0014
0014
0014
0002
0002
0002
0017
001D
0010
0026
0014
0022
0014
0014
0014
0014
0014
0014
0027
0207
01E0
0014
0014
0408
0014
0014
0014
0014
0014
0014
0026
04F0
01E0
0027
0014
002C
0014
0014
0014
0014
0014
0014
0018
0179
0021
0027
0014
002E
0014
0014
0014
0002
0014
0014
0018
03B6
0021
0018
0014
002C
0014
0014
0014
0014
0014
0014
017C
0033
020A
0035
0014
0014
057F
06CA
05ED
063B
003B
003C
06CB
0035
0002
0014
06CC
06CD
06CE
06CF
010E
0043
026E
014F
0002
0111
01E9
04C9
040B
05C6
005A
0215
004E
0547
0075
0051
06D0
06D1
0217
06D2
01BF
0458
0058
0059
0050
0014
005A
05FD
005C
06D3
01D5
005F
06B8
0061
0097
0014
017D
06D4
05CD
05CE
0411
0414
0069
021F
027A
0014
0566
0603
01F5
0594
039D
0072
0073
06A3
0075
0014
0191
06D5
05D0
05D1
01FA
006C
007C
0632
0014
0014
0195
06D6
0226
06D7
012E
0084
0228
060F
0130
0014
0283
03C5
019A
019B
03C6
0047
05D6
008E
0036
0014
0135
0598
06BC
06D8
0249
0094
05DA
0096
0097
0014
06D9
06DA
064F
06DB
0310
0002
0003
038A
0005
0006
00F0
06DC
0009
06DD
053B
000C
06DE
06DF
000F
0010
001C
0012
0013
0014
001E
0014
0002
0014
0014
0014
0014
0026
02AE
001D
0014
0014
002C
0014
0002
0014
0014
0014
0014
0010
001B
0021
0013
001E
0025
0002
0002
0002
0002
0014
0014
0023
001D
001F
0022
0020
001A
0014
0014
0014
0014
0014
0014
001C
001A
0017
001E
0014
0021
0014
0002
0014
0014
0014
0014
0020
04A0
0019
0018
0014
0240
0014
0002
0014
0014
0002
0014
0023
0019
0010
0022
0014
0015
0014
0014
0014
0002
0002
0002
0017
001D
0010
0026
0014
0022
0014
0014
0002
0014
0014
0002
0014
03B4
00FB
0014
0014
03B5
0002
0014
0014
0014
0014
0014
0026
0268
0208
0026
0013
002E
0014
0014
0014
0014
0014
0002
0018
0268
002D
0014
0014
002E
0014
0014
0014
0014
0014
0002
0018
002F
0030
0014
0014
002C
0002
0014
0002
0014
0014
0002
0158
0033
0398
0035
0036
0014
031B
06E0
06E1
06E2
02B4
0111
0392
0035
0014
0014
003E
020F
0320
0321
00B4
020B
0044
0245
0157
0047
0048
0325
06E3
06E4
0457
0329
004E
0248
0062
0051
040D
032A
0397
06E5
03E3
0057
06E6
0059
0050
0014
032F
02BE
06E7
06E8
0459
00AF
06E9
00BF
0130
0014
0063
0064
065C
06EA
03F6
01C4
0069
0305
006B
0014
01C5
0336
06EB
0070
039D
00B5
00B6
0074
0075
0014
00D1
0077
01F8
01F9
01CA
0014
06EC
007D
0014
0014
0195
0535
01FC
0082
012E
0084
06ED
0229
0087
0051
0088
0551
0285
019B
0032
0047
06EE
008E
0014
0014
022C
0090
00E4
019F
005E
0094
04D7
039F
0014
0014
0098
0260
06EF
033F
02E5
0002
0235
0004
0264
0006
0007
0553
06F0
06F1
000B
0379
01AB
000E
0144
0018
0145
0019
0014
0014
023F
0014
0002
0002
0014
0014
0014
0015
0016
0017
0018
0014
0019
0002
0002
0014
0014
0002
0002
001A
0023
001C
001D
0018
0015
0014
0002
0014
0002
0002
0014
001A
001D
0021
001E
0014
0010
0002
0014
0002
0014
0014
0014
0018
002F
0012
0022
0014
0207
0014
0002
0002
0014
0002
0014
001C
001B
0021
0022
0014
0015
0014
0002
0014
0002
0014
0014
0021
00A7
0015
0020
0024
0017
0014
0014
0002
0014
0002
0002
0017
0025
0017
0027
0014
0019
0002
0014
0014
0014
0014
0002
0027
00FB
0029
0027
0014
00FD
0002
0014
0014
0014
0014
0014
0026
002B
0021
0027
0014
002C
0014
0002
0014
0014
0014
0014
0026
002B
0021
0027
0014
00AA
0014
0014
0014
0002
0014
0014
0022
002B
0021
0018
0014
017B
0014
0014
0014
0014
0014
0014
0032
0101
037B
00AB
0014
0014
021C
0038
06F2
014A
00AE
003C
02F2
00BF
0002
0014
02F3
014D
0040
0041
026D
0043
06F3
0045
0046
0147
01E9
0049
0572
0573
004C
004D
01BB
004F
0050
0014
0052
02D2
0155
0055
0056
00C3
06F4
05C8
0097
0014
005A
005B
06F5
06F6
005E
005F
0352
0061
0062
0014
0150
00C6
0601
06F7
0067
0068
0069
006A
027A
006C
017C
02FF
01C7
01C8
00CD
0072
0073
0125
027A
0014
0126
0127
04D3
0129
0223
007B
007C
0668
007E
0014
0283
0080
0303
0304
0083
0111
0085
0305
0130
0014
02A4
0089
02A3
0168
0275
00AF
008D
025E
0036
0014
02B1
030A
04BD
016C
0138
0084
0095
0096
0097
0014
030E
030F
009A
016F
048C
0002
0235
0004
0237
0006
0007
0008
035F
01DC
000B
000C
000D
000E
00A4
0010
001C
001D
0014
0014
001D
0014
0002
0002
0014
0014
0014
00A7
03B3
0017
0027
0014
00A6
0002
0002
0014
0014
0014
0002
0010
001B
0010
001D
0018
0015
0014
0002
0014
0002
0002
0014
0023
001D
001F
0022
0020
001A
0014
0014
0014
0014
0014
0014
0021
001F
0025
001E
0014
0021
0014
0002
0002
0014
0014
0014
0021
001B
0025
0022
0014
0015
0014
0002
0014
0014
0014
0014
0015
0019
0010
0018
0014
0015
0014
0014
0014
0002
0014
0002
0017
001D
0017
0026
0014
00A7
0014
0014
0002
0014
0014
0014
0027
03E1
00FC
0027
0014
02EE
0014
0014
0014
0014
0014
0014
0026
00FE
0021
0027
0014
00AA
0014
0014
0014
0014
0014
0002
0026
00FF
002D
0027
0014
002E
0014
0014
0014
0014
0014
0002
0022
03B6
0030
0018
0014
0031
0014
0014
0014
0014
0014
0002
0209
0033
020A
00AB
0014
0014
0107
06F8
020C
06E2
003B
015A
0366
0035
0002
0014
01B8
06F9
05F9
010D
0184
0043
0044
014F
0046
0047
031B
024C
004A
004B
0214
0215
00BB
0248
00D0
0051
027B
06FA
036B
06FB
0275
0117
0058
036D
0050
0014
005A
04CC
01C0
06FC
01D5
005F
0060
0096
0062
0014
011C
03F8
0601
0066
0590
02C0
0069
021F
027A
0014
0566
0592
01F5
06FD
0372
00B5
0073
0125
0075
0014
0319
06FE
01C9
02DB
007A
006C
0193
007D
007E
0014
0375
025A
01FC
0082
012E
0147
06FF
0086
0130
0014
0088
0284
041E
0700
008C
00AF
04D6
008E
0036
0014
0530
0090
019E
019F
0093
0094
04D7
0096
0097
0014
0139
0099
05B0
013B
0170
0002
0311
02A9
0204
0006
00F0
0618
0009
00F3
0701
01AA
0345
0702
01AC
0026
023E
0012
0013
0014
03B5
0014
0002
0002
0014
0014
0014
0015
0016
0012
0018
0014
0019
0002
0002
0014
0014
0002
0002
001A
001A
001C
001D
001E
0010
0002
0002
0002
0002
0002
0014
001A
0019
0025
001E
0014
0010
0002
0014
0002
0014
0014
0014
001C
001A
0017
0022
0014
0025
0014
0002
0014
0014
0002
0014
001C
001A
0021
0014
0014
001D
0014
0002
0014
0002
0002
0014
0023
001E
0015
0022
0024
0015
0014
0014
0002
0014
0002
0002
0017
0025
0010
0027
0014
0019
0002
0014
0014
0014
0014
0002
0027
0028
0029
0014
0014
002A
0002
0014
0014
0014
0014
0014
0026
002B
0025
0026
0013
002C
0014
0002
0014
0014
0014
0014
0018
0146
0010
0014
0014
002E
0014
0014
0014
0002
0014
0014
0018
02AE
0015
0014
0014
002E
0002
0014
0002
0014
0014
0014
0703
0101
042F
0035
0036
0014
0348
0704
0039
0705
0243
003C
003D
0245
0036
0014
01B4
003F
0040
00B3
00B4
0057
014E
0045
0110
0111
0048
0706
0707
0708
004C
004D
004E
004F
0050
0014
034D
06C4
034E
0709
0385
0057
00B6
0059
0097
0014
0158
070A
024F
01F0
0032
0251
0060
0061
0014
0014
00C5
04D1
0252
00C8
0067
0068
0069
006A
006B
006C
006D
03BD
01C7
0070
0351
0072
0352
0074
00D0
0014
0076
0077
0353
0079
0354
007B
0355
0356
0014
0014
0195
0357
0358
02C4
0083
0084
0085
018E
0087
0051
008F
0089
04BC
0517
0209
0047
008D
025E
0014
0014
008F
022D
016B
070B
006D
00AF
0095
00E7
0014
0014
00E8
0203
016E
016F
0001
0002
0311
070C
0237
0006
00F0
0008
0266
06DD
0315
000C
06DE
070D
000F
0010
00FA
0012
0013
0014
001E
0014
0002
0014
0014
0014
0014
0026
038E
001D
0014
0014
002C
0002
0002
0014
0014
0002
0002
0010
001B
0021
001D
0018
0021
0002
0002
0002
0002
0014
0014
0023
001D
001F
0022
0020
001A
0014
0014
0002
0014
0014
0014
001C
0025
0017
001E
0014
0021
0014
0014
0014
0014
0002
0014
0020
04A0
0019
0022
0014
05EC
0014
0002
0014
0002
0002
0014
0023
001E
0010
0022
0014
0015
0014
0014
0014
0002
0002
0002
0017
001D
0010
0026
0014
0022
0014
0014
0002
0014
0014
0002
0014
00A8
00FB
0014
0014
00A9
0002
0014
0014
0014
0014
0014
0026
002B
0021
0024
0014
002E
0014
0002
0014
0014
0014
0002
0018
002B
0010
0014
0014
002E
0014
0014
0014
0014
0014
0002
0018
02CF
0015
0014
0014
002C
0002
0014
0002
0014
0014
0002
0256
0033
03F1
0035
0036
0014
031B
031C
0390
070E
02B4
0111
0392
0035
0014
0014
003E
020F
0320
0321
045E
0323
0044
0245
0110
0147
0150
0325
070F
0710
00BE
0329
004E
0248
0062
0051
0189
032A
0397
032C
0385
0057
032E
0059
0050
0014
032F
04AD
0711
0331
0250
0084
06E9
00BF
0062
0014
011C
0064
0712
06EA
0335
0068
0069
0120
006B
0014
0566
0336
027D
0070
039D
01F7
00B6
0074
0075
0014
00E0
0077
0338
01F9
01CA
0014
0258
007D
0014
0014
007F
029F
01FC
0082
012E
0084
04D4
0086
0087
0014
0088
04D5
0285
019B
0032
0047
06EE
008E
0014
0014
022C
0090
00E4
019F
017C
0094
04D7
033C
0014
0014
0098
0260
0713
033F
0377
0002
02E6
0004
0204
0006
0007
056C
0238
0714
000B
0379
056E
000E
02EC
0018
0145
0019
0014
0014
023F
0014
0002
0002
0014
0014
0014
0015
0016
0017
0018
0014
0019
0002
0014
0014
0014
0014
0002
001A
001F
001C
001D
001E
0015
0014
0002
0014
0002
0002
0014
001A
001D
0015
001E
0014
0010
0002
0014
0014
0014
0014
0014
0018
02ED
00A7
0022
0014
02AD
0014
0002
0002
0014
0002
0014
001C
001C
0021
0027
0014
0015
0014
0002
0014
0014
0014
0014
0015
0019
0015
0020
0024
0017
0014
0014
0002
0014
0002
0002
0025
0025
0017
0027
0014
0019
0002
0014
0014
0014
0014
0014
0027
00FB
0029
0027
0014
00FD
0002
0014
0014
0014
0014
0014
0026
00FE
0021
0026
0013
02EE
0014
0002
0014
0014
0014
0014
0026
00FE
002D
0027
0014
00AA
0014
0014
0014
0002
0014
0014
0022
02AE
0030
0018
0014
017B
0014
0014
0014
0014
0014
0014
0032
0101
037B
003C
0014
0014
021C
0038
0715
02F1
00AE
003C
02F2
00BF
0002
0014
02F3
014D
0040
0041
0042
0043
02F4
0045
0046
0047
00B7
0049
037E
0664
00BA
004D
01BB
004F
0050
0014
0052
02F7
0155
0055
0275
00C3
0716
02F9
0097
0014
005A
005B
0717
0718
00DA
005F
0384
0061
0097
0014
00C5
00C6
0386
0719
0067
01C4
0253
006A
027A
006C
006D
02FF
006F
01C8
00CD
0072
0073
0300
027A
0014
0126
0127
01C9
0129
0223
007B
007C
0668
007E
0014
00BA
0302
0303
0304
0083
0111
0085
0305
0130
0051
02A4
0089
04BC
02C7
0275
00AF
008D
025E
0036
0014
02B1
030A
04BD
016C
0093
0084
0095
0096
0097
0014
030E
030F
009A
016F
0001
0002
0311
038A
0237
0006
00F0
0008
0266
071A
01DD
000C
0316
057C
000F
0010
00FA
0012
0013
0014
001E
0014
0002
0014
0014
0014
0014
0026
038E
001D
0014
0014
002E
0002
0002
0014
0014
0014
0002
00A7
001B
0021
001D
0018
0021
0002
0002
0014
0002
0002
0014
0023
001D
001F
0022
0020
001A
0014
0014
0014
0014
0014
0014
001C
0025
0017
001E
0014
0021
0014
0014
0014
0014
0014
0014
0020
04A0
0019
0022
0014
00FC
0014
0002
0014
0014
0014
0014
0010
0019
0010
0022
0014
0015
0014
0014
0014
0002
0002
0002
0017
001D
0017
0026
0014
0022
0014
0014
0002
0014
0014
0002
0014
04C5
00FC
0014
0014
02CE
0014
0014
0014
0014
0014
0014
0026
002B
0021
0024
0014
002E
0014
0002
0014
0014
0014
0002
0018
002B
002D
0014
0014
002E
0014
0014
0014
0014
0014
0002
0022
02CF
0030
0014
0014
0031
0002
0014
0002
0014
0014
0002
0209
0033
038F
0035
0036
0014
031B
017E
0390
071B
003B
0111
0392
0035
0014
0014
003E
020F
0320
071C
045E
0587
0044
0245
0046
0047
0037
0325
071D
0710
0214
0329
004E
0248
0062
0051
040D
0053
0397
05AA
0487
0057
058C
0059
0050
0014
00C0
071E
058D
071F
0459
0084
039A
00BF
0062
0014
011C
0064
0720
0721
0590
0068
0069
0120
006B
0014
0566
006E
0122
0070
039D
00B5
0073
0074
0075
0014
00E0
0077
0078
01F9
007A
0014
01FB
007D
0014
0014
0164
039E
01FC
0082
012E
0084
04D4
0086
0087
0014
0088
0199
0285
019B
008C
0047
06EE
008E
0014
0014
022C
0090
00E4
019F
0093
0094
04D7
039F
0014
0014
0098
033D
0713
0722
0377
0002
0262
0004
0204
0006
0007
0723
0238
06F1
02AC
01AA
0724
000E
0144
0026
0145
0019
0014
0014
023F
0014
0002
0002
0014
0014
0014
0015
0016
0017
0018
0014
0019
0002
0002
0014
0014
0002
0002
001A
001F
001C
001D
001E
0015
0014
0002
0002
0002
0002
0014
001A
001D
0015
001E
0014
0010
0002
0014
0002
0014
0014
0014
0018
02ED
001D
0022
0014
02AD
0014
0002
0002
0014
0002
0014
001C
001C
0021
0027
0014
0015
0014
0002
0014
0002
0002
0014
0023
00A7
0015
0020
0024
0017
0014
0014
0002
0014
0002
0002
0017
0025
0010
0027
0014
0019
0002
0014
0014
0014
0014
0002
0027
0028
0029
0027
0014
002A
0002
0014
0014
0014
0014
0014
0026
00FE
0021
0026
0013
02EE
0014
0002
0014
0014
0014
0014
0026
00FE
0010
0027
0014
00AA
0014
0014
0014
0002
0014
0014
0018
02AE
0021
0018
0014
002E
0014
0014
0014
0014
0014
0014
0032
0101
037B
0481
0014
0014
0348
0038
06F2
0725
0243
003C
02F2
00BF
0002
0014
02F3
014D
0040
0041
0042
0043
04AC
0045
0110
0111
00B7
0049
0726
0727
004C
004D
01BB
004F
0050
0014
0052
0432
0155
0380
0056
00C3
02F8
05C8
0097
0014
0119
005B
06F5
0728
005E
005F
0729
0061
0097
0014
00C5
00C6
0386
0719
0067
01C4
0069
006A
027A
006C
006D
01C6
01C7
01C8
0351
0072
0352
018E
027A
0014
0126
0127
0388
0129
0354
007B
0355
0301
007E
0014
0195
0080
0358
0304
0083
0111
0085
0305
0130
0051
02A4
0089
04BC
02C7
0100
00AF
008D
025E
0036
0014
02B1
030A
04BD
016C
0138
00AF
0095
0096
0097
0014
030E
030F
009A
016F
048C
0002
02E6
0004
04E2
0006
00F0
03CB
0238
01DC
028F
000C
01DE
03B1
04E3
0010
001C
0012
0013
0014
0012
0014
0002
0002
0014
0014
0014
0026
03E0
0017
0018
0014
00A6
0002
0014
0014
0014
0014
0014
001A
001C
001C
0022
001E
0015
0014
0002
0014
0002
0002
0014
001A
001D
0015
001E
0014
001A
0002
0014
0014
0014
0014
0014
0012
001A
0017
001E
0014
0021
0014
0002
0002
0014
0014
0014
0020
02CD
0409
0022
0014
04E4
0014
0002
0014
0014
0002
0014
0023
0019
0010
0022
0014
0015
0014
0014
0014
0002
0002
0002
0025
0025
0010
0026
0014
0019
0002
0014
0014
0014
0014
0014
0027
03B4
00FB
0027
0014
03B5
0002
0014
0014
0014
0014
0014
0026
00FE
0021
0027
0014
002E
0014
0014
0014
0014
0014
0014
0018
00FF
002D
0027
0014
002E
0014
0014
0014
0014
0014
0014
0018
002F
0030
0018
0014
002C
0014
0014
0014
0014
0014
0014
0209
0033
0034
0035
0036
0014
0037
0038
0039
003A
003B
0111
044F
0035
0002
0014
003E
04E5
01E6
01E7
0107
00B5
014E
0045
0050
0047
0037
0056
04E6
04E7
0214
004D
004E
0188
0050
0014
0052
02F7
0054
0055
00BE
0458
0058
0059
0050
0014
005A
005B
01EF
01F0
046E
04E8
04E9
04EA
0062
0014
045A
015C
045B
04EB
03BB
02C0
00BB
006A
006B
0014
00BE
01C6
01F5
045D
01F6
0190
04EC
0300
0075
0014
045E
0127
0192
0460
04ED
006C
0461
00D6
007E
0014
00BA
0080
0081
03D7
012E
0084
043F
0086
0130
0014
02A4
0131
008A
008B
0186
0047
0489
008E
0036
0014
02B1
030A
0091
0092
01C2
0094
048A
0096
0097
0014
03D8
02E3
009A
016F
0170
0002
0311
02A9
0005
0006
0007
0008
0266
01A8
01A9
0174
01AB
000E
01AC
0026
023E
0012
0014
0014
002C
0014
0002
0002
0014
0014
0014
0015
0016
0019
0014
0014
0019
0002
0002
0014
0014
0002
0002
001F
001B
0015
001D
0018
0021
0002
0002
0002
0002
0002
0014
0023
0019
001F
0020
0020
0010
0014
0014
0002
0014
0014
0014
001C
0023
0025
0018
0014
0019
0014
0014
0014
0014
0002
0014
001C
001B
0014
0014
0014
001D
0014
0002
0014
0002
0014
0014
0010
00A7
0015
0018
0024
0025
0014
0014
0002
0014
0002
0002
0017
001D
0017
0027
0014
0022
0014
0014
0002
0014
0014
0002
0027
0207
0029
0014
0014
0408
0014
0014
0014
0014
0014
0014
0026
0146
0021
0026
0013
002C
0014
0002
0014
0014
0014
0002
0026
0146
0010
0014
0014
002E
0014
0014
0014
0002
0014
0002
0022
00F9
0015
0014
0014
017B
0002
0014
0002
0014
0014
0002
03C6
0101
01B1
00AB
0014
0014
02B1
0363
04DB
04A4
0243
003C
003D
04DC
0014
0014
010E
003F
01B6
010D
0042
0043
0044
010F
0046
0147
0185
0049
004A
004B
004C
0187
0075
004F
007E
0051
04DD
036A
01BD
02BC
0056
0057
0118
036D
0157
0014
0158
018C
01C0
01C1
005E
005F
0060
0014
0014
0014
0063
018D
0065
0066
0088
0068
0069
018E
027A
006C
006D
006E
00CB
02C1
027F
0072
0073
0074
027A
0014
00E0
0077
0078
01F9
007A
007B
007C
012A
0014
0014
007F
039E
03FA
012D
0083
0111
04DE
018E
0087
0051
0088
01CF
04DF
01D1
00E0
00AF
01D3
025E
0014
0014
022A
0090
04E0
0401
01A0
0084
01D8
033C
0014
0014
0098
0099
04D9
04E1
048C
0002
02E6
0004
0660
0006
00F0
02E7
02E8
000A
000B
0267
000D
0175
03CC
0010
001F
0019
0014
0014
0012
0014
0002
0002
0014
0014
0014
0015
00FA
0017
0018
0014
0019
0002
0014
0014
0014
0014
0002
001A
001C
001C
00A7
001E
0015
0014
0002
0014
0002
0002
0014
001A
001D
0021
001E
0014
0010
0002
0014
0014
0014
0014
0014
0022
001A
0019
001E
0014
0021
0014
0002
0002
0014
0002
0014
001C
001B
0021
0022
0014
0015
0014
0002
0014
0014
0002
0014
0023
0019
0010
0020
0014
0017
0014
0014
0014
0002
0014
0002
0017
0025
0010
0027
0014
0019
0002
0014
0014
0014
0014
0014
0027
00FB
00FB
0027
0014
00FD
0002
0014
0014
0014
0014
0014
0026
00FE
0021
0027
0014
002C
0014
0014
0014
0014
0014
0014
0018
00FF
002D
0027
0014
002E
0014
0014
0014
0002
0014
0014
0018
002F
0030
0018
0014
002C
0014
0014
0014
0014
0014
0014
017C
0033
020A
0381
0014
0014
0103
0038
00AD
003A
003B
003C
00CF
0035
0002
0014
048E
072A
072B
072C
010E
0043
062A
0045
01E8
0047
01E9
0056
072D
062C
005A
0271
00BB
0188
0050
0014
0052
02F7
0273
072E
0189
00C3
0058
0109
0050
0014
005A
005B
0491
0492
021B
005F
055C
0061
0062
0014
015B
00C6
072F
0631
011E
0059
0069
021F
027A
0014
017C
01C6
01F5
0495
0124
0072
0352
0300
027A
0014
045E
0127
0192
0129
0354
007B
0355
0224
007E
0014
00BA
0080
0081
03D7
012E
0084
0228
0086
0130
0014
0375
03C5
0463
019B
03C6
0047
05D6
008E
0036
0014
03D8
030A
06BC
02E1
0093
0094
05DA
0096
0097
0014
030E
030F
05DB
0425
02A7
0002
0311
049A
0005
0006
0007
0313
0009
0730
0731
00A2
0732
000E
01AC
0026
023E
0012
0013
0014
02EE
0014
0002
0014
0014
0014
0014
0026
049E
001E
0014
0014
002C
0002
0002
0014
0014
0002
0014
001E
001B
0021
001D
0014
0021
0002
0002
0002
0002
0014
0014
0023
001E
001F
0022
0020
001A
0014
0014
0002
0014
0014
0014
001C
0023
0017
0020
0014
001D
0014
0002
0014
0014
0002
0014
0026
0733
0022
0018
0014
0031
0014
0002
0014
0002
0014
0014
0010
001E
0015
0022
0024
0015
0014
0014
0002
0014
0002
0002
0017
001D
0017
0026
0014
0022
0014
0014
0002
0014
0014
0002
0014
00A8
0029
0014
0014
00A9
0002
0014
0014
0014
0014
0014
0026
0146
0021
0026
0013
042E
0014
0002
0014
0014
0014
0002
0026
0146
0010
0014
0014
002E
0014
0014
0014
0014
0014
0002
0022
00F9
0015
0014
0014
017B
0002
0014
0002
0014
0014
0002
0214
0101
0148
0035
0036
0014
031B
031C
0296
0297
0243
0111
031F
02B0
0014
0014
003E
003F
0734
00B3
00B4
0323
0044
0658
0046
0014
0048
0049
0735
0736
004C
004D
004E
004F
0062
0051
0189
036A
0737
0156
02D3
0057
02D4
0059
0157
0014
032F
024E
0738
01C1
0032
0084
0739
02B0
0130
0014
0063
0064
073A
073B
0067
0068
0069
006A
006B
006C
03BC
006E
00CB
0070
00CD
01F7
0073
0074
0075
0014
00E0
0077
0078
01F9
007A
0014
01FB
012A
0014
0014
007F
039E
03FA
02A0
0083
0147
02A1
018E
0087
0051
0088
0089
0132
0168
00E0
00AF
063A
0561
0014
0014
008F
0090
02C9
0137
01A0
0084
073C
033C
0014
0014
0098
033D
033E
033F
0377
0002
02E6
0004
0204
0006
0007
056C
051C
000A
000B
0267
000D
000E
03CC
0010
001F
0012
0014
0014
0012
0014
0002
0002
0014
0014
0014
0015
00FA
0025
0018
0014
0019
0002
0014
0014
0014
0002
0002
001A
001C
001C
001D
0026
0015
0014
0014
0014
0002
0002
0014
001A
001D
0021
001E
0014
0010
0002
0014
0014
0014
0014
0014
0022
0023
0019
001E
0014
0021
0014
0002
0014
0014
0002
0014
001C
0015
0021
0027
0014
0015
0014
0002
0014
0014
0002
0014
0023
00A7
0010
0020
0014
0017
0014
0014
0014
0014
0014
0002
0017
0025
0010
0027
0014
0019
0002
0014
0014
0014
0014
0002
0027
00FB
01E0
0014
0014
00FD
0002
0014
0014
0014
0014
0014
0026
0179
01E0
0026
0013
002C
0014
0014
0014
0014
0014
0014
0018
00FF
0010
0027
0014
002E
0014
0014
0014
0002
0014
0014
0018
002B
0021
0018
0014
002E
0014
0014
0014
0014
0014
0014
017C
0033
020A
020B
0014
0014
0103
0038
00AD
003A
00AE
003C
020E
0035
0002
0014
063C
063D
063E
072C
0042
0043
014E
0045
0110
006C
0037
037D
0640
073D
046E
0271
00BB
0188
0050
0014
03B8
073E
0273
072E
01BF
00C3
0058
0109
0050
0014
005A
005B
03CE
073F
00DA
005F
0060
0061
0097
0014
015B
0644
0645
0740
052C
0414
0069
021F
027A
0014
017C
01C6
0220
0495
0124
0072
0352
018E
00D0
0014
0126
0127
0687
0129
0354
007B
0355
0632
0014
0014
0195
0649
0081
03D7
0083
0084
0228
060F
0130
0051
0375
02DE
0463
019B
0100
0047
05D6
008E
0036
0014
03D8
064B
06BC
06D8
0138
0094
05DA
0096
0097
0014
064E
0519
0465
0741
0001
0002
0311
038A
0237
0006
00F0
0008
0009
0651
03DC
00A2
05E0
023C
01AC
0026
023E
0012
0013
0014
02EE
0014
0002
0014
0014
0014
0014
0026
0294
0017
0014
0014
002C
0002
0002
0014
0014
0014
0002
001E
0317
0010
001D
001E
04C4
0002
0002
0002
0002
0014
0014
0023
0019
001F
0022
0020
001A
0014
0014
0002
0014
0014
0014
001C
001A
0017
0022
0014
001D
0014
0002
0002
0014
0002
0014
0026
0318
0019
0022
0014
00FC
0014
0002
0014
0002
0014
0014
0021
0019
0015
0022
0024
0015
0014
0014
0002
0002
0002
0002
0017
001D
0017
0026
0014
0022
0014
0014
0002
0014
0014
0002
0014
00A8
0029
0027
0014
00A9
0002
0014
0014
0014
0014
0014
0026
0146
0021
0013
0014
002E
0014
0002
0014
0014
0014
0002
0026
0146
002D
0014
0014
002E
0014
0014
0014
0014
0014
0002
0022
002F
0030
0014
0014
0031
0002
0014
0002
0014
0014
0002
0214
0101
0295
0035
0036
0014
031B
031C
0296
0297
02B4
0111
031F
0057
0014
0014
00B1
0655
0742
0743
0107
0323
0393
0658
0046
0047
0185
06DA
0744
0710
0328
004D
004E
004F
0062
0051
01BF
0396
065A
0156
032D
0057
02D4
0059
0002
0014
032F
024E
0738
0745
0250
0084
039A
0323
0062
0014
0063
018D
039B
0746
0067
0068
0069
006A
006B
006C
03BC
006E
006F
0070
00CD
01F7
0073
0074
0075
0014
00E0
0077
0078
01F9
007A
0014
01FB
012A
007E
0014
0164
029F
03FA
02A0
012E
0147
02A1
012F
0087
0014
0088
02C6
0132
0168
008C
00AF
033A
040C
0014
0014
008F
0090
0136
0137
0093
0084
033B
039F
0014
0014
0098
033D
033E
033F
0747
0002
0235
0004
0005
0006
00F0
009F
0238
0748
0749
000C
01AB
074A
074B
0026
023E
0019
0013
0014
00AA
0014
0002
0002
0014
0014
0014
00A7
047F
0012
0027
0014
00A6
0002
0002
0014
0014
0014
0002
001F
001A
001C
00A7
001E
0021
0014
0002
0014
0002
0014
0014
001C
0019
001F
00A7
0014
001A
0002
0014
0002
0014
0014
0014
001C
001A
0025
0022
0014
001D
0014
0002
0014
0014
0002
0014
001C
001B
0021
0022
0014
0017
0014
0002
0014
0002
0002
0014
0023
0019
0015
0020
0024
0015
0014
0014
0014
0014
0002
0002
0017
001D
0010
0027
0014
0022
0014
0014
0014
0014
0014
0014
0027
03B4
0029
0014
0014
03B5
0002
0014
0014
0014
0014
0014
0026
0268
0021
0026
0013
002E
0014
0002
0014
0014
0014
0002
0018
00FE
0010
0014
0014
002E
0014
0014
0014
0014
0014
0002
0018
002F
0015
0014
0014
002E
0002
0014
0002
0014
0014
0002
03C6
0101
074C
00AB
0036
0014
0107
0104
074D
04A4
0107
015A
0366
00BF
0002
0014
01B8
074E
074F
01B7
0042
0043
00B6
0750
0050
0111
031B
01EE
02B7
02B8
01C5
0751
0752
004F
0050
0014
0189
0114
03F0
0753
0056
0117
0118
0061
0002
0014
0158
011A
01C0
06FC
005E
005F
0474
039F
0062
0014
011C
05CC
011D
0754
0755
02C0
0069
06A1
0002
006C
00BE
0756
06A2
0757
0103
00B5
00CF
0758
00D0
0014
00BA
0417
0759
075A
0354
007B
075B
012A
0014
0014
00BA
0649
075C
075D
012E
0084
075E
012F
0130
0051
0088
03C5
01D0
047C
03C6
0047
04D6
040C
0014
0014
0530
03AD
075F
0760
0138
0111
04D7
033C
0014
0014
0139
0761
0232
0762
0404
0002
0311
068B
01A5
0006
0007
00F1
0009
000A
028F
0174
01DE
000E
000F
0010
00FA
0012
0014
0014
0012
0014
0002
0002
0014
0014
0014
0015
0023
0017
0018
0014
0019
0002
0002
0014
0014
0002
0002
001A
001B
0015
001D
0026
0015
0002
0002
0002
0002
0002
0014
001A
001D
0017
001E
0020
0010
0002
0014
0014
0014
0014
0014
0017
0023
0017
001E
0014
0021
0014
0002
0002
0014
0002
0014
0021
001B
0017
0027
0014
0015
0014
0002
0014
0014
0014
0014
0010
001E
0021
0022
0014
0015
0014
0014
0002
0002
0002
0002
0017
0025
0017
0026
0014
0019
0002
0014
0002
0014
0014
0002
0013
00FB
04C5
0027
0014
00FD
0002
0014
0014
0014
0014
0014
0027
002B
0021
0027
0014
002C
0014
0002
0014
0014
0014
0014
0026
002B
002D
0027
0014
00AA
0014
0014
0014
0002
0014
0014
0022
002B
0030
0018
0014
0031
0014
0014
0014
0014
0014
0014
04CC
0033
0034
0035
0014
0014
021C
0038
0039
003A
00AE
003C
003D
0035
0157
0014
01B4
003F
0040
00B3
0107
00B5
0044
0045
0046
0047
0048
050E
01EB
029A
046E
004D
004E
0188
0075
0051
0052
0053
0054
0055
0566
0057
0058
0059
0050
0014
005A
005B
01EF
01F0
03C6
0251
0060
0061
0097
0014
00C5
0064
0252
01F4
0763
0068
0069
006A
006B
0014
006D
006E
0764
0070
0046
0072
0073
0074
0075
0014
00E0
0077
0338
0079
007A
007B
007C
0765
007E
0014
007F
012B
0081
0082
0083
0147
0085
0086
0087
0014
008F
0089
008A
008B
00E0
00AF
008D
008E
0036
0014
008F
019D
0091
0092
0093
0094
0095
0096
0097
0014
00E8
033D
013A
009B
0170
0002
0003
0263
0005
0006
00F0
0008
0009
0766
000B
00A2
00F6
0175
01AC
0018
0145
001D
0013
0014
023F
0014
0002
0002
0014
0014
0014
00A7
047F
0025
0018
0014
002C
0002
0014
0014
0014
0014
0002
001A
001B
001C
001D
0018
0015
0002
0002
0002
0002
0002
0014
001A
001D
001F
001E
0014
001A
0002
0014
0014
0014
0014
0014
001C
0023
0025
0022
0014
0025
0014
0002
0014
0014
0014
0014
0021
001B
0021
0018
0014
0015
0014
0002
0014
0014
0014
0014
0014
066C
01AD
0022
0024
0767
0014
0014
0002
0014
0002
0014
0025
0025
0017
0027
0014
0019
0002
0014
0002
0014
0014
0002
0027
03B4
0029
0014
0014
03B5
0002
0014
0014
0014
0014
0014
0026
0268
0021
0026
0013
002E
0014
0002
0014
0014
0014
0002
0018
00FE
002D
0027
0014
002E
0014
0014
0014
0014
0014
0002
0022
02AE
0030
0027
0014
017B
0002
0014
0002
0014
0014
0002
0032
0101
0241
05B7
0036
0014
0037
0038
02B2
02B3
00AE
015A
0482
0109
0002
0014
003E
003F
01E6
0041
0042
0043
0044
0045
0046
0047
0048
0049
004A
004B
00BA
004D
0662
004F
0075
0014
0216
0053
0768
0055
0275
0057
0058
036D
0157
0014
005A
005B
01C0
005D
01C2
005F
0060
0096
0097
0014
0063
0064
0065
0066
0067
0014
0769
076A
006B
006C
006D
006E
076B
02C1
0351
0190
0073
0074
007E
0014
0076
0077
0338
0079
007A
007B
0193
012A
0014
0014
007F
012B
012C
012D
0083
0147
043F
018E
0087
0051
008F
0089
0132
02C7
00E0
0111
0489
025E
0036
0014
008F
0090
076C
016C
0093
0084
048A
0096
0130
0014
0098
0099
013A
013B
048C
0002
0235
0447
076D
0006
0007
076E
051C
000A
076F
0267
00A3
0770
01DF
0010
00FA
0012
0014
0014
001E
0014
0002
0014
0014
0014
0014
0015
00FA
0017
0014
0014
0019
0002
0002
0014
0014
0002
0002
001F
001C
0015
001D
001E
0010
0014
0002
0014
0002
0002
0014
001C
001D
0012
0022
0020
0010
0002
0014
0002
0014
0014
0014
0025
001A
0017
001E
0014
0021
0014
0002
0002
0014
0002
0014
001C
0023
0017
0022
0014
0017
0014
0002
0014
0002
0002
0014
0023
0019
0010
0020
0014
0017
0014
0014
0002
0002
0002
0002
0017
001D
0010
0026
0014
00A7
0014
0014
0014
0014
0014
0002
0027
03B5
00FB
0027
0014
0408
0014
0014
0014
0014
0014
0014
0026
002B
0025
0014
0014
002C
0014
0002
0014
0014
0014
0014
0026
002B
0010
0014
0014
002E
0014
0014
0014
0002
0014
0014
0018
02CF
0015
0018
0014
002C
0014
0014
0014
0014
0014
0014
0457
0033
0771
0035
0014
0014
044D
0694
031D
05A4
0322
003C
0772
0035
0014
0014
0773
05C1
0774
0775
046E
0298
026E
03ED
0110
0111
022C
026F
034B
0698
0328
010F
004E
0059
0050
0051
027B
0114
0776
032C
02D3
0458
03F1
0059
0050
0014
0158
04AD
0473
06B7
0250
015A
0777
0061
0062
0014
015B
00C6
0778
06A0
03F6
0068
0046
0779
0002
0014
0566
02D7
054E
077A
039D
0072
00CF
06A3
0075
0014
0191
06A4
077B
05D1
00D3
007B
0162
03C1
007E
0014
0126
06D6
0281
064A
012E
0084
0228
0086
0014
0014
0283
077C
0463
019B
01FF
0047
05D6
008E
0014
0014
0135
077D
077E
02E1
0371
0094
05BC
00E7
0097
0014
03D8
02E3
077F
0425
00EC
0002
0235
0780
0005
0006
00F0
0781
0782
01DC
0783
02EA
000D
00F7
000F
0010
00FA
0012
0014
0014
0012
0014
0002
0002
0014
0014
0014
00A7
03B3
0025
0018
0014
00A6
0002
0002
0014
0014
0014
0002
001F
001B
0015
001D
001E
0010
0002
0002
0014
0002
0002
0014
001A
001D
001F
00A7
0020
001A
0002
0014
0014
0014
0014
0014
0017
001A
0017
001E
0014
0021
0014
0014
0014
0014
0002
0014
0021
0023
0017
0018
0014
001D
0014
0002
0014
0014
0014
0014
0023
001E
0010
0022
0014
0015
0014
0014
0002
0002
0002
0002
0019
0012
0010
0026
0014
00A7
0002
0014
0002
0014
0014
0014
0013
01E0
00FC
0014
0014
01E1
0002
0014
0014
0014
0014
0014
0026
002B
0021
0026
0013
002E
0014
0002
0014
0014
0014
0014
0018
002B
0010
0014
0014
002E
0014
0014
0014
0002
0014
0014
0022
0146
0015
0018
0014
0031
0014
0014
0014
0014
0014
0014
01B0
0033
00C4
0035
0014
0014
044D
05B4
0039
003A
014B
015A
0482
0035
0036
0014
02F3
01B5
0183
010D
0042
0043
0044
0045
0046
0111
031B
0049
004A
004B
00BA
0187
004E
01ED
0050
0051
0699
01BC
018A
04CD
01BF
0057
0118
0059
0050
0014
0119
005B
005C
005D
01C2
005F
0060
0061
0130
0014
02B6
018D
0065
0066
011E
0068
0370
018E
006B
0014
0784
0121
01C7
0255
04FE
0084
0073
0074
0075
0014
00D1
0077
0338
0460
007A
00D4
01FB
03C1
0014
0014
0195
0080
01FC
0082
0083
0084
04D4
0086
0087
0051
008F
02DE
0463
019B
01D2
0047
0785
008E
0014
0014
022C
019D
019E
019F
0249
0094
0786
0096
0097
0014
0098
0099
0787
013B
0001
0002
0003
0004
0788
0006
0007
0008
0238
0789
028F
00A2
078A
0143
0144
0026
023E
0012
0013
0014
017B
0014
0002
0002
0014
0014
0014
0015
0016
0017
0027
0014
0019
0002
0002
0014
0014
0002
0002
001A
001A
001C
001D
0018
0015
0014
0002
0002
0002
0002
0014
0023
0019
0015
001E
0014
0017
0014
0014
0002
0014
0014
0014
001C
001C
0025
0022
0014
001D
0014
0002
0002
0014
0002
0014
001C
001B
0021
0022
0014
0015
0014
0002
0014
0002
0002
0014
0015
0019
0015
0024
0024
0018
0014
0014
0014
0014
0002
0002
0017
0025
0010
0027
0014
0019
0014
0014
0014
0014
0014
0002
0027
0028
0029
0027
0014
002A
0002
0014
0014
0014
0014
0014
0026
00FE
0025
0027
0014
002C
0014
0002
0014
0014
0014
0002
0026
00FE
002D
0027
0014
002E
0014
0014
0014
0014
0014
0002
0018
002F
0030
0027
0014
002E
0002
0014
0002
0014
0014
0002
0032
0101
0295
0481
0036
0014
0037
017E
078B
078C
00AE
003C
0108
00BF
0002
0014
003E
020F
0040
01E7
0107
0298
014E
010F
0110
0047
0048
0056
05A7
05A8
0186
004D
0752
004F
0075
0014
0052
0053
034E
0055
01EE
024D
0058
005F
0002
0014
00C0
011A
0435
078D
0250
0251
0060
039F
0062
0014
00C5
015C
078E
052B
0067
0414
0069
006A
00C9
006C
078F
0336
01F5
02C1
0071
0072
00CF
029C
00D0
0014
046E
0790
01C9
00D2
02DC
007B
0162
0446
007E
0014
00E8
0791
012C
0792
012E
0111
0085
012F
0130
0014
0088
0793
0132
02C7
01FF
00AF
008D
040C
0036
0014
02A4
0421
0136
016C
005E
00AF
0095
039F
0130
0014
03D8
04D8
009A
016F
0170
0002
0003
0004
04BE
0006
00F0
009F
0009
01A8
000B
01AA
050A
0175
01AC
0026
0145
0012
0013
0014
023F
0014
0002
0002
0014
0014
0014
0015
0016
0017
0018
0014
0019
0002
0014
0014
0014
0014
0002
001A
001A
001C
0022
0018
0015
0002
0002
0002
0002
0002
0014
001A
001D
001F
001E
0014
0010
0002
0014
0014
0014
0014
0014
001C
001F
0025
0022
0014
0025
0014
0002
0002
0014
0014
0014
0021
001B
0021
0027
0014
0015
0014
0002
0014
0014
0002
0014
0023
00A7
0015
0026
0024
0018
0014
0014
0002
0014
0002
0002
0017
0025
0010
0027
0014
0019
0014
0014
0002
0014
0014
0002
0027
0028
0029
0027
0014
002A
0002
0014
0014
0014
0014
0014
0026
002B
0021
0027
0014
002C
0014
0002
0014
0014
0014
0002
0018
002B
002D
0027
0014
002E
0014
0014
0014
0014
0014
0002
0018
02AE
0030
0027
0014
002E
0002
0014
0002
0014
0014
0002
0032
0101
0241
05B7
0036
0014
015B
0038
02B2
061C
00AE
003C
003D
00BF
0002
0014
01B4
020F
0040
0041
01B8
0043
0044
0045
01E8
0047
0048
0056
004A
004B
005A
004D
01BB
004F
0075
0014
0052
0053
034E
0055
0275
0057
0058
036D
0157
0014
005A
005B
01C0
03B9
01C2
005F
0060
0061
0097
0014
00C5
015C
0065
0066
0067
0068
0069
006A
027A
006C
006D
006E
0794
0795
0351
0072
0073
0074
027A
0014
0076
0077
0338
01F9
0223
007B
007C
012A
007E
0014
007F
012B
012C
012D
012E
0147
0085
018E
0087
0014
008F
0131
04BC
02C7
0209
0111
008D
025E
0036
0014
008F
0421
04BD
016C
0093
0111
0095
0096
0130
0014
00E8
0231
009A
016F
048C
0002
0235
0796
0204
0006
0007
0406
0797
01DC
076F
000C
00A3
000E
00A4
0010
001C
0012
0014
0014
001E
0014
0002
0014
0014
0014
0014
0026
051D
0012
0014
0014
00A6
0002
0002
0014
0014
0002
0002
001F
001B
0015
001D
001E
0010
0014
0002
0014
0002
0002
0014
001C
001D
0012
0022
0020
001A
0002
0014
0002
0014
0014
0014
0017
001A
0017
001E
0014
0021
0014
0014
0014
0014
0002
0014
001C
0023
0017
0022
0014
0017
0014
0002
0014
0002
0014
0014
0015
0019
0010
0022
0014
0015
0014
0014
0014
0002
0002
0002
0017
0012
0017
0026
0014
00A7
0002
0014
0014
0014
0014
0002
0027
03E1
0207
0014
0014
02EE
0014
0014
0014
0014
0014
0014
0026
0179
02AD
0026
0013
002E
0014
0014
0014
0014
0014
0014
0026
00FF
0010
0014
0014
002E
0014
0014
0014
0002
0014
0014
0022
02CF
0015
0018
0014
0031
0014
0014
0014
0014
0014
0014
0319
0033
04F7
0035
0014
0014
00AC
0694
0798
0799
014B
0111
079A
0035
0014
0014
00B1
01B5
079B
079C
004C
0057
04F7
03ED
0046
0111
031B
0049
034B
0454
004C
040C
004E
0059
0050
0051
04DD
0114
040E
032C
02D3
0117
03F1
0059
0050
0014
0158
024E
0473
01C1
0250
00C3
00CF
00BF
0062
0014
0411
039D
079D
079E
0348
079F
0069
07A0
006B
0014
0371
0254
07A1
07A2
039D
00B5
00CF
06A3
0075
0014
0607
0127
07A3
0460
01CA
007B
07A4
00D6
0014
0014
00BA
025A
0281
03D7
0083
0084
07A5
060F
0130
0051
0283
02DE
0463
019B
008C
0047
07A6
008E
0014
0014
0530
0440
06BC
019F
04DD
0094
07A7
00E7
0097
0014
0139
033D
07A8
01D9
0170
0002
07A9
070C
0005
0006
0007
009F
0238
01A8
02AC
01AA
06A9
000E
00F8
0026
0145
0019
0013
0014
023F
0014
0002
0002
0014
0014
0014
0015
0016
0019
0018
0014
0019
0002
0002
0014
0014
0002
0002
001A
001B
001C
001D
0018
0021
0002
0002
0014
0002
0014
0014
001A
001E
001F
001E
0014
001A
0002
0014
0002
0014
0014
0014
0021
001F
0025
0022
0014
0025
0014
0002
0014
0014
0002
0014
0021
001B
0021
0018
0014
0015
0014
0002
0014
0002
0002
0014
0023
00A7
0015
0022
0024
0015
0014
0014
0002
0002
0002
0002
0017
0025
0010
0027
0014
0019
0014
0014
0014
0014
0014
0002
0027
0028
0029
0014
0014
002A
0002
0014
0014
0014
0014
0014
0026
002B
0021
0026
0013
002C
0014
0002
0014
0014
0014
0002
0018
0146
002D
0014
0014
002E
0014
0014
0014
0014
0014
0002
0018
02AE
0030
0014
0014
002C
0002
0014
0002
0014
0014
0002
0032
0101
0148
0481
0036
0014
015B
0038
02B2
07AA
04A5
003C
003D
02B5
0036
0014
01B4
020F
0040
0041
0042
0043
014E
0045
0110
0047
0037
0056
02B7
02B8
0112
004D
0050
004F
0050
0014
034D
02BA
034E
07AB
0056
0117
0058
0061
0157
0014
0158
005B
01C0
005D
005E
005F
0060
005F
0097
0014
02B6
0064
0065
01C3
0067
0068
0253
006A
006B
006C
017C
07AC
03D1
07AD
0351
0072
03D2
0125
027A
0014
00BA
0790
07AE
00D2
01CA
007B
03D5
012A
0014
0014
007F
025A
01CC
07AF
012E
0084
0085
018E
0130
0051
02A2
0131
04BC
02C7
0209
0047
008D
025E
0014
0014
02A4
0090
016B
016C
0093
0111
0095
039F
0014
0014
048B
0099
016E
009B
013C
0002
0235
0004
07B0
0006
00F0
00F1
03DB
01DC
028F
000C
01DE
0175
01DF
0010
001F
0012
0014
0014
0019
0014
0002
0002
0014
0014
0014
0026
051D
0017
0027
0014
00A6
0002
0002
0014
0014
0014
0002
001F
001A
0015
001D
001E
0015
0014
0002
0002
0002
0002
0014
001C
001D
0021
0022
0020
0021
0002
0014
0014
0014
0014
0014
001C
001A
0017
001E
0014
0021
0014
0002
0002
0014
0002
0014
001C
001B
0017
0022
0014
0017
0014
0002
0014
0014
0014
0014
0015
0019
0010
0020
0014
0015
0014
0014
0014
0014
0002
0002
0017
0012
0017
0026
0014
00A7
0002
0014
0002
0014
0014
0014
0027
03E1
0207
0027
0014
02EE
0014
0014
0014
0014
0014
0014
0027
00FE
0021
0027
0014
00AA
0014
0014
0014
0014
0014
0014
0026
00FF
0021
0027
0014
00AA
0014
0014
0014
0002
0014
0014
0022
02CF
0021
0018
0014
017B
0014
0014
0014
0014
0014
0002
017C
0033
0060
0035
0014
0014
00AC
07B1
07B2
07B3
003B
0147
01E3
0035
0002
0014
01B8
07B4
07B5
07B6
04F6
0057
0044
010F
0046
0111
00B7
0049
0299
029A
046E
0188
004E
04FA
00D0
0051
0249
07B7
0776
06FB
0526
0057
00B6
0059
0050
0014
005A
05FD
069D
07B8
004C
0251
0060
0061
0062
0014
02BE
00C6
01F3
0565
0411
011F
0069
0305
0002
0014
03BC
07B9
0593
07BA
039D
01F7
0073
0074
0075
0014
00D1
043C
0078
0460
01FA
007B
07BB
00D6
007E
0014
00BA
029F
01FC
0082
0083
0147
07BC
0086
0087
0014
0283
0306
07BD
056A
008C
00AF
07BE
008E
0036
0014
022A
07BF
022E
07C0
04DD
0094
07C1
0096
0097
0014
046E
059A
07C2
07C3
05F3
0002
0235
0004
000F
07C4
00F0
009F
07C5
000A
028F
00F5
057B
03B1
01DF
0010
0011
0012
0013
0014
001E
0014
0002
0002
0014
0014
0014
0015
0016
0017
0027
0014
0019
0002
0014
0014
0014
0014
0002
001F
001A
001C
0022
0018
0015
0014
0002
0002
0002
0002
0014
0023
001D
001F
0022
0014
0010
0002
0014
0014
0014
0014
0014
001C
001F
0025
001E
0014
0021
0014
0002
0002
0014
0014
0014
0021
001B
0021
0027
0014
001D
0014
0002
0014
0014
0002
0014
0023
0022
0015
0022
0024
0015
0014
0014
0002
0002
0002
0002
0017
0019
0010
0027
0014
0022
0014
0014
0014
0014
0014
0014
0027
0028
07C6
0027
0014
002A
0002
0014
0014
0014
0014
0014
0026
002B
0025
0026
0013
002C
0014
0002
0014
0014
0014
0014
0026
002B
0010
0027
0014
002E
0014
0014
0014
0014
0014
0014
0026
02AE
0021
0027
0014
002C
0014
0014
0014
0014
0014
0014
0032
0033
0118
00AB
0036
0014
0103
0038
07C7
04C7
003B
003C
0044
0035
0002
0014
07C8
07C9
07CA
07CB
004C
00B5
00B6
03ED
01E8
0147
031B
0056
07CC
07CD
005A
040C
00BB
01ED
0062
0014
0052
050F
058A
07CE
0457
05B7
03F1
0061
0050
0014
00C0
005B
07CF
005D
0126
015A
07D0
0061
00C9
0014
011C
00C6
04FC
04FD
03A9
0068
01BB
0415
006B
006C
027B
07D1
07D2
07D3
0124
0072
07D4
07D5
00D0
0014
0191
07D6
07D7
07D8
0354
006C
0419
03C1
007E
0014
0195
06D6
07D9
07DA
012E
0084
0085
0086
0130
0051
0088
0131
008A
008B
00BE
0047
008D
008E
0036
0014
0135
0359
0091
0092
0371
0094
0095
005F
0130
0014
0139
07DB
009A
016F
0001
0002
0311
02A9
0237
0006
0007
0406
03DB
07DC
02AC
0443
00F6
000E
01AC
0026
002B
0012
0014
0014
023F
0014
0002
0002
0014
0014
0014
00A7
03B3
0025
0018
0014
00A6
0002
0002
0014
0014
0002
0002
001A
001B
0015
001D
001E
0021
0002
0002
0014
0002
0002
0014
001A
001D
0025
001E
0020
001A
0002
0014
0002
0014
0014
0014
0021
001A
0017
0022
0014
0025
0014
0002
0014
0014
0002
0014
001C
0023
0017
0022
0014
0015
0014
0002
0014
0002
0014
0014
0025
0019
0010
0020
0014
0017
0014
0014
0002
0014
0002
0002
0014
03E1
02CD
0026
0014
002C
0002
0014
0002
0014
0014
0002
0027
0177
00FC
0014
0014
0031
0002
0014
0014
0014
0014
0014
0026
01AE
0208
0013
0014
002E
0014
0014
0014
0014
0014
0002
0018
01AE
002D
0014
0014
002E
0014
0014
0014
0002
0014
0002
0022
01E2
0030
0018
0014
017B
0002
0014
0002
0014
0014
0002
0209
0101
0295
0035
0014
0014
031B
017E
0039
02B3
0243
015A
0482
0109
0036
0014
003E
003F
01E6
0041
026D
0043
0044
0045
0046
0047
0048
0049
004A
004B
004C
004D
004E
004F
0050
0051
04DD
02BA
07DD
0156
0056
0057
0058
0059
0002
0014
0119
011A
005C
07B8
005E
005F
0060
0096
0062
0014
00C5
0064
0065
0066
03BB
0059
0069
006A
027A
0014
03BC
006E
006F
0070
00CD
0014
07DE
07DF
0075
0014
0076
0077
0078
0079
007A
007B
07E0
012A
0014
0014
0164
012B
01CC
012D
0083
0111
07E1
03FB
0087
0014
008F
01CF
07E2
0308
008C
0111
0785
0134
0014
0014
008F
0090
075F
07E3
0093
0084
031F
0096
0097
0014
00E8
0099
0787
013B
0001
0002
0311
009D
0005
0006
0007
00F1
0009
0173
01DD
01AA
057B
000E
000F
0010
0011
0012
0013
0014
001D
0014
0002
0002
0014
0014
0014
0026
0294
0012
0027
0014
002C
0002
0002
0014
0014
0002
0014
001A
001B
0021
001D
0026
0015
0002
0002
0002
0002
0002
0014
0023
001D
001F
001E
0020
001A
0014
0014
0002
0014
0014
0014
001C
001C
0017
001E
0014
0021
0014
0002
0014
0014
0002
0014
0020
057D
0012
0022
0014
04E4
0014
0002
0014
0002
0002
0014
0023
001E
0015
0026
0024
0020
0014
0014
0002
0014
0002
0002
0014
00A9
03B4
0026
0014
07E4
0002
0014
0002
0014
0014
0002
0014
02CD
07C6
0014
0014
02CE
0014
0014
0014
0014
0014
0014
0026
002B
0021
0026
0013
002E
0014
0002
0014
0014
0014
0002
0018
002B
002D
0027
0014
002E
0014
0014
0014
0014
0014
0002
0022
002F
0030
0018
0014
017B
0002
0014
0002
0014
0014
0002
0032
0033
0034
0035
0036
0014
02B1
017E
0296
02D0
00AE
0111
07E5
0035
0157
0014
01B4
020F
00B2
01E7
00B4
00B5
0044
014F
0046
0047
0048
0325
05E4
07E6
0186
004D
004E
004F
0050
0051
0189
0053
0054
0055
01EE
0057
0058
0059
0050
0014
00C0
011A
01EF
0745
0032
0084
04E9
005F
0062
0014
0063
0064
00C7
01F4
0067
0068
0069
006A
027A
006C
006D
006E
00CB
0070
0351
0014
07E7
07E8
0075
0014
0076
0077
0338
0079
007A
0014
01FB
007D
0014
0014
007F
012B
01FC
0082
012E
0147
01FD
0086
0087
0051
008F
02C6
008A
008B
008C
0111
0200
008E
0036
0014
008F
0090
0091
0092
0093
0094
02A5
039F
0097
0014
0098
033D
009A
009B
07E9
0002
0235
0236
07EA
0006
00F0
02E7
0407
01A8
0783
000C
01AB
07EB
0144
0018
00F9
0019
0014
0014
023F
0014
0014
0002
0014
0014
0014
0015
00FA
0017
0018
0014
0019
0002
0014
0014
0014
0014
0002
001F
001C
001C
00A7
001E
0010
0014
0002
0014
0002
0002
0014
001A
001D
0015
0022
0014
0010
0002
0014
0014
0014
0014
0014
0017
001A
0025
0022
0014
0025
0014
0002
0002
0014
0002
0014
001C
001B
0021
0027
0014
0019
0014
0002
0014
0014
0014
0014
0015
0019
0010
0022
0014
0015
0014
0014
0002
0002
0014
0002
0017
0025
0017
0027
0014
0019
0014
0014
0014
0014
0014
0014
0027
0028
0207
0027
0014
002A
0002
0014
0014
0014
0014
0014
0026
00FE
0021
0013
0014
002C
0014
0014
0014
0014
0014
0014
0026
00FF
0021
0014
0014
002E
0014
0014
0014
0002
0014
0014
0018
002B
0021
0014
0014
002C
0014
0014
0014
0014
0014
0014
0371
0101
01B1
00AB
0014
0014
0037
05B4
04B7
014A
014B
003C
0362
0109
0002
0014
01E4
0349
0774
07EC
026D
0043
057E
0045
027A
0111
01E9
0049
03CD
0270
00BA
0271
01E8
0188
00D0
0014
0052
07ED
07EE
07EF
0275
003C
0118
05C8
0087
0014
0119
005B
07F0
00C2
00DA
005F
0352
0061
0036
0014
0279
027F
07F1
07F2
03F6
0414
0253
06A1
006B
0014
0566
07D1
07F3
0757
0103
0072
00CF
046C
00D0
0014
0191
07F4
0497
07F5
03F2
007B
0162
07F6
007E
0014
0119
06D6
07F7
07F8
0112
0084
0228
07F9
0130
0014
0126
02DE
07FA
047C
0548
0047
05D6
0134
0014
0014
02C8
07BF
07FB
07FC
0249
0111
05DA
0096
0014
0014
02CA
0519
07FD
07FE
07FF
0002
0003
070C
048D
07C4
0007
009F
0800
000A
01A9
0267
000D
000E
00A4
0010
001C
001D
0013
0014
001E
0014
0014
0002
0014
0014
0014
0015
00FA
001D
0014
0014
0019
0002
0002
0014
0014
0002
0002
001F
0023
0010
001D
001E
0010
0014
0002
0014
0002
0014
0014
001C
001D
0015
0022
0014
001A
0002
0014
0014
0014
0014
0014
0021
001A
0025
001E
0014
0021
0014
0014
0014
0014
0014
0014
0021
001B
0017
0018
0014
0019
0014
0002
0014
0014
0002
0014
0023
00A7
0010
0022
0014
0015
0014
0014
0014
0002
0014
0002
0017
001D
0010
0027
0014
00A7
0014
0014
0014
0014
0014
0002
0013
0207
017A
0014
0014
053E
0014
0014
0014
0014
0014
0014
0026
0179
05EC
0026
0013
002C
0014
0014
0014
0014
0014
0002
0018
00FF
0010
0014
0014
002E
0014
0014
0014
0014
0014
0002
0022
00FE
0015
0014
0014
0031
0014
0014
0014
0014
0014
0002
01B0
0033
0058
00AB
0036
0014
0103
0363
0364
0391
0191
003C
0108
0035
0014
0014
0184
05B6
0801
0802
0042
0043
00B6
03ED
0046
0111
031B
0803
02B7
02B8
0319
040C
00BB
0248
0050
0014
03B8
036A
0804
036C
0275
0117
0118
0061
0050
0014
0158
05FD
01C0
06FC
021B
005F
0278
00BF
0130
0014
0590
05CC
03BA
0805
0806
02C0
0069
07F9
006B
0014
0371
00CA
0807
0808
0809
0072
04FF
029C
00D0
0014
0191
080A
080B
080C
0354
00D4
0419
007D
0014
0014
0126
06D6
0633
080D
012E
0084
0085
060F
0130
0051
03D8
02C6
008A
008B
00E0
0047
008D
008E
0014
0014
080E
0421
0091
0092
0138
0094
0095
00E7
0014
0014
080E
0231
016E
016F
013C
0002
0262
0004
0237
0006
00F0
00F1
0009
028E
028F
0290
080F
03B1
01AC
0026
023E
0012
0014
0014
03B5
0014
0002
0002
0014
0014
0014
0026
0294
0017
0018
0014
002C
0002
0002
0014
0014
0014
0002
001A
001B
001C
00A7
0026
0015
0002
0002
0002
0002
0002
0014
001A
001D
001F
001E
0020
0010
0002
0014
0002
0014
0014
0014
001C
0023
0017
0022
0014
0025
0014
0002
0002
0014
0002
0014
001C
001A
0021
0022
0014
0015
0014
0002
0014
0002
0014
0014
0010
0019
0015
0020
0024
0015
0014
0014
0002
0014
0002
0002
0017
0025
0017
0026
0014
0019
0002
0014
0002
0014
0014
0014
0027
00A8
0029
0027
0014
00A9
0002
0014
0014
0014
0014
0014
0026
002B
0021
0027
0014
002E
0014
0002
0014
0014
0014
0014
0026
002B
002D
0027
0014
002E
0014
0014
0014
0002
0014
0014
0018
002F
0030
0018
0014
002E
0002
0014
0002
0014
0014
0002
0032
0101
0295
0035
0014
0014
031B
0038
0039
02B3
003B
0111
0244
00BF
0002
0014
003E
01B5
01E6
00B3
0107
00B5
0044
0045
01E8
0047
0048
0049
01EB
029A
004C
004D
004E
004F
0075
0051
01BF
02D2
0155
0055
01EE
0057
0058
0059
0002
0014
005A
005B
01EF
01F0
0250
0251
0060
0061
0062
0014
00C5
0064
0252
029B
0067
0068
0069
006A
0002
006C
006D
02FF
006F
0255
00CD
01F7
0073
0074
0075
0014
0076
0810
0078
0811
007A
007B
01FB
0478
007E
0014
007F
0812
01CC
0813
0083
0111
0814
012F
0087
0014
0088
00DD
07E2
0308
0032
00AF
019C
025E
0036
0014
008F
019D
075F
07E3
005E
0111
01A1
0096
0097
0014
00E8
02A6
00EA
013B
0170
0002
0003
0004
0005
0006
00F0
00F1
0009
000A
00A1
01AA
057B
0175
000F
0010
0011
0012
0013
0014
001D
0014
0002
0002
0014
0014
0014
0015
0016
0012
0027
0014
0019
0002
0002
0014
0014
0002
0014
001A
001B
0021
001D
0026
0015
0002
0002
0002
0002
0002
0014
0023
001D
001F
001E
0014
0010
0014
0014
0002
0014
0014
0014
001C
001C
0017
001E
0014
0021
0014
0002
0014
0014
0002
0014
0021
001B
0012
0027
0014
0015
0014
0002
0014
0002
0002
0014
0023
001E
0015
0026
0024
0025
0014
0014
0002
0014
0002
0002
0017
001E
0010
0014
0014
0022
0014
0014
0014
0014
0014
0002
0027
00FC
07C6
0014
0014
0408
0014
0014
0014
0014
0014
0014
0026
002B
0021
0026
0013
002C
0014
0002
0014
0014
0014
0014
0018
002B
002D
0027
0014
002E
0014
0014
0014
0014
0014
0014
0022
002F
0030
0027
0014
017B
0002
0014
0002
0014
0014
0014
0032
0033
0034
0035
0036
0014
015B
017E
0296
02D0
00AE
003C
003D
0035
0002
0014
01B4
020F
0040
01E7
00B4
00B5
014E
014F
0046
0047
0048
0325
05A7
05A8
0186
004D
004E
01ED
0075
0014
034D
0053
0054
0055
01EE
0057
0058
0059
0050
0014
00C0
011A
01EF
0745
0032
015A
0060
0061
0097
0014
0063
0064
0252
00C8
0067
0068
0069
006A
027A
006C
006D
0336
0439
0070
0815
0072
04EC
0074
0014
0014
0076
0077
0816
00D2
0817
006C
03D5
060B
0014
0014
007F
029F
00D8
00D9
012E
0147
0085
0086
0087
0051
0088
02C6
008A
008B
008C
0111
008D
008E
0036
0014
008F
019D
0091
0092
0093
0094
0095
005F
0130
0014
0098
033D
009A
009B
0818
0002
0341
0342
07EA
0006
0007
0343
03B0
0819
01A9
000C
04B6
0143
02EC
0018
0146
0019
0014
0014
023F
0014
0002
0002
0014
0014
0014
00A7
03B3
0017
0018
0014
00A6
0002
0002
0014
0014
0014
0002
001F
001C
001C
00A7
001E
0010
0014
0014
0014
0002
0002
0014
001A
001D
0015
00A7
0020
001A
0002
0014
0014
0014
0014
0014
0017
001A
0025
0022
0014
0025
0014
0002
0002
0014
0002
0014
001C
001B
0021
0022
0014
0017
0014
0002
0014
0014
0014
0014
0025
0019
0021
0022
0014
0015
0014
0014
0002
0002
0014
0002
0019
0025
0025
0026
0014
0019
0002
0014
0002
0014
0014
0014
0027
03B4
00FC
0027
0014
03B5
0002
0014
0014
0014
0014
0014
0026
00FE
0021
0013
0014
002E
0014
0014
0014
0014
0014
0002
0026
081A
0021
0014
0014
002E
0014
0014
0014
0002
0014
0002
0018
0146
0021
0018
0014
002C
0014
0014
0014
0014
0014
0002
01B0
0101
05BC
0381
0014
0014
00AC
05B4
081B
081C
014B
015A
0366
0109
0036
0014
01E4
081D
0368
010D
026D
0043
0044
0045
0050
0111
01E9
0049
004A
004B
00BA
0271
01E8
004F
0050
0051
0249
07ED
07EE
07EF
0275
0117
0118
036D
0157
0014
0119
005B
0558
03B9
00DA
005F
0060
0096
0062
0014
0279
027F
011D
0066
0348
00BC
0069
06A1
006B
0014
0371
02FF
07F3
0495
081E
0084
0073
05CF
0075
0014
0607
0127
081F
0820
03A8
007B
07BB
03AA
007E
0014
045E
03D6
0821
0822
00B4
0084
075E
03AC
0130
0014
00E8
02DE
0823
0824
0100
0047
0825
0134
0014
0014
01D5
0288
0826
0827
0138
0111
0828
0096
0097
0014
03D8
0519
0829
07C3
0170
0002
0003
070C
048D
082A
0007
009F
07C5
000A
02AC
02EA
000D
000E
00A4
0010
00FA
001D
0013
0014
001D
0014
0014
0002
0014
0014
0014
0015
0023
001D
0024
0014
0019
0002
0002
0014
0014
0002
0002
001F
001A
0021
001D
0018
0021
0014
0002
0014
0002
0014
0014
0023
001D
0015
0022
0014
001A
0014
0014
0014
0014
0014
0014
001C
0015
0025
001E
0014
0021
0014
0014
0014
0014
0014
0014
0021
001B
0012
0018
0014
0015
0014
0002
0014
0014
0002
0014
0023
0022
0010
0022
0014
0015
0014
0014
0014
0002
0014
0002
0017
001D
0010
0027
0014
00A7
0014
0014
0014
0014
0014
0002
0013
0207
0268
0014
0014
0408
0014
0014
0014
0014
0014
0014
0026
002B
0017
0026
0013
002C
0014
0002
0014
0014
0014
0002
0018
002B
0010
0014
0014
002E
0014
0014
0014
0014
0014
0002
0022
002F
0015
0014
0014
0031
0014
0014
0014
0014
0014
0002
0209
0033
020A
00AB
0036
0014
0103
017E
0521
0522
04A5
003C
003D
0035
0036
0014
01B4
020F
082B
0802
0042
0043
014E
014F
0046
0147
0037
0325
02B7
02B8
0319
0187
00BB
0248
0050
0014
03B8
02BA
018A
04CD
01BF
0117
0058
0061
0050
0014
0158
05FD
01C0
06FC
021B
005F
0060
00BF
0097
0014
02B6
015C
0065
01C3
0335
0068
0253
021F
006B
0014
027B
082C
03D1
082D
082E
0072
057E
029C
027A
0014
0455
082F
0830
0831
0354
00D4
0419
007D
0014
0014
0195
0302
0832
0833
012E
0169
0085
0086
0130
0051
0283
02C6
008A
008B
008C
0111
008D
008E
0014
0014
0530
0421
0091
0092
0138
0094
0095
039F
0014
0014
0139
0231
016E
016F
013C
0002
0262
0004
0237
0006
00F0
00F1
03DB
028E
028F
0290
080F
03B1
01AC
0018
023E
0012
0014
0014
03B5
0014
0002
0002
0014
0014
0014
0026
00A5
0017
0018
0014
00A6
0002
0002
0014
0014
0014
0002
001A
001B
001C
00A7
001E
0015
0002
0002
0002
0002
0002
0014
001A
001D
001F
001E
0020
0010
0002
0014
0002
0014
0014
0014
0017
001A
0017
0022
0014
0025
0014
0002
0002
0014
0002
0014
001C
001C
0021
0022
0014
0017
0014
0002
0014
0002
0014
0014
0010
0019
0015
0020
0024
0015
0014
0014
0002
0014
0002
0002
0017
0025
0017
0026
0014
0019
0002
0014
0002
0014
0014
0014
0027
03B4
0029
0027
0014
03B5
0002
0014
0014
0014
0014
0014
0026
00FE
0021
0027
0014
002E
0014
0002
0014
0014
0014
0014
0026
00FE
002D
0027
0014
002E
0014
0014
0014
0002
0014
0014
0018
002B
0030
0018
0014
002E
0002
0014
0002
0014
0014
0002
0032
0101
042F
0035
0014
0014
00AC
0038
0039
02B3
003B
0111
01E3
00BF
0002
0014
00B1
01B5
01E6
00B3
0322
00B5
0044
0045
0050
0047
00B7
0049
01EB
029A
004C
004D
004E
004F
0075
0051
01BF
02D2
0155
0055
02D3
0057
00B6
0059
0097
0014
005A
005B
024F
01F0
0250
0251
0060
0061
0062
0014
00C5
018D
01F3
0565
0067
01C4
0069
006A
0002
006C
03BC
02FF
02D8
045D
00CD
01F7
0073
0074
0075
0014
0076
0834
0078
0835
007A
007B
07BB
0478
007E
0014
0164
0836
01CC
0837
0083
0084
0197
03AC
0087
0014
008F
02DE
07E2
0838
006D
0047
019C
0134
0036
0014
008F
019D
01D6
0401
005E
0111
01A1
0096
0097
0014
00E8
02A6
02E4
013B
0839
0002
0235
0780
083A
0006
00F0
009F
0009
000A
000B
0267
000D
00F7
01DF
0010
00FA
0012
0013
0014
001E
0014
0014
0002
0014
0014
0014
0015
0023
0017
0027
0014
0019
0002
0014
0014
0014
0014
0002
001A
001B
0010
0022
0018
0015
0014
0002
0014
0002
0002
0014
0023
001D
0015
001E
0014
001A
0002
0014
0014
0014
0014
0014
001C
001C
0025
001E
0014
0021
0014
0002
0002
0014
0014
0014
0021
001B
0017
0018
0014
0019
0014
0002
0014
0014
0002
0014
0023
0022
0010
0022
0014
0015
0014
0014
0002
0002
0002
0002
0017
0019
0010
0027
0014
0022
0014
0014
0014
0014
0014
0014
0014
0207
01E0
0027
0014
053E
0014
0014
0014
0014
0014
0014
0026
002B
0017
0026
0013
002C
0014
0002
0014
0014
0014
0002
0026
002B
002D
0027
0014
002E
0014
0014
0014
0014
0014
0002
0026
01AF
0030
0027
0014
002C
0014
0014
0014
0014
0014
0002
0209
0033
0058
00AB
0036
0014
0103
0038
0364
020D
003B
003C
0108
0035
0157
0014
0583
010B
0210
0802
0042
0043
014E
03ED
007E
0047
0037
0056
02B7
02B8
0214
010F
00BB
0248
0075
0014
0052
02F7
058A
07CE
0275
0057
0118
0061
0050
0014
00C0
005B
01C0
005D
021B
005F
0060
0061
00C9
0014
011C
0064
021D
021E
052C
0068
0646
0415
006B
0014
0566
05AD
083B
083C
0124
0072
032E
0074
00D0
0014
00D1
0077
083D
0280
01CA
0014
083E
007D
007E
0014
0195
039E
083F
0282
012E
0084
0085
0086
0087
0051
0283
0131
008A
008B
03BC
0047
008D
008E
0036
0014
022C
0090
0091
0092
0093
0094
0095
005F
0130
0014
0098
0099
016E
009B
0001
0002
0003
0004
0237
0006
0007
06DC
06F0
07DC
042A
0840
080F
000E
01AC
0026
023E
0012
0014
0014
023F
0014
0002
0002
0014
0014
0014
0026
00A5
0025
0018
0014
00A6
0002
0002
0014
0014
0002
0002
0015
0023
001C
001D
001E
0021
0002
0002
0002
0002
0002
0014
001A
001D
001F
00A7
0020
0010
0002
0014
0002
0014
0014
0014
0017
001A
0017
0022
0014
0025
0014
0014
0014
0014
0002
0014
001C
0023
0021
0022
0014
0015
0014
0002
0014
0002
0014
0014
0025
0019
0015
0020
0024
0015
0014
0014
0002
0014
0002
0002
0025
0025
0017
0026
0014
0019
0002
0014
0002
0014
0014
0002
0027
0841
0029
0014
0014
023F
0002
0014
0014
0014
0014
0014
0026
0268
0021
0013
0014
002E
0014
0002
0014
0014
0014
0014
0018
00FE
0010
0014
0014
002E
0014
0014
0014
0002
0014
0014
0022
01E2
0015
0018
0014
017B
0002
0014
0002
0014
0014
0002
0032
0101
0295
0035
0014
0014
031B
017E
0039
02B3
0243
0111
00B0
00BF
0002
0014
01B8
003F
01E6
00B3
0322
0298
0044
0045
0046
0111
00B7
02D1
01EB
029A
004C
004D
004E
004F
0050
0051
0189
02BA
065A
0156
01EE
0458
0058
0059
0002
0014
04FB
03A8
01EF
07B8
0032
0251
0060
0096
0062
0014
02BE
0533
0842
0565
0067
00BC
0069
006A
0002
006C
006D
006E
006F
0070
00CD
0190
0073
0125
0075
0014
0126
0127
04D3
0079
0223
007B
0843
029E
0014
0014
0164
0080
0559
06C8
0083
0111
0844
012F
0130
0014
02A2
01CF
07E2
0308
008C
0111
019C
025E
0014
0014
02A4
00E3
075F
035B
0138
0084
01A1
0096
0097
0014
03D8
00E9
00EA
0845
0001
0002
0003
009D
0846
0006
0007
00F1
03DB
01DC
042A
0379
01DE
000E
000F
0010
00FA
0012
0014
0014
001D
0014
0002
0002
0014
0014
0014
0026
03E0
0025
0027
0014
00A6
0002
0002
0014
0014
0002
0002
001F
001B
0015
001D
0026
0015
0002
0002
0002
0002
0002
0014
0023
001D
001F
0022
0020
0010
0002
0014
0002
0014
0014
0014
001C
001C
0017
001E
0014
0021
0014
0002
0014
0014
0002
0014
0017
001B
0025
0022
0014
0015
0014
0002
0014
0002
0002
0014
0023
001E
0010
0020
0014
0025
0014
0014
0014
0014
0002
0002
0017
0012
0010
0026
0014
00A7
0002
0014
0014
0014
0014
0002
0013
023F
0177
0014
0014
02CE
0014
0014
0014
0014
0014
0014
0026
002B
0021
0027
0014
002E
0014
0002
0014
0014
0014
0014
0026
002B
002D
0027
0014
002E
0014
0014
0014
0002
0014
0014
0022
02CF
0030
0018
0014
017B
0014
0014
0014
0014
0014
0014
017C
0033
020A
0035
0014
0014
0139
017E
017F
0522
04F2
0111
044F
0035
0157
0014
01B4
020F
0183
0847
04F6
00B5
014E
014F
0046
0047
0037
0325
034B
0848
0112
0187
004E
01ED
0050
0051
0189
02BA
018A
04CD
01EE
0057
0058
0059
0050
0014
0119
024E
01EF
0849
0250
0084
0060
0061
0062
0014
02B6
0064
01F3
058F
052C
0068
0069
021F
027A
0014
027B
006E
01C7
0070
084A
01F7
0073
0074
0075
0014
00E0
0077
084B
0079
007A
00D4
01FB
084C
0014
0014
007F
0080
0226
03D7
012E
0147
01FD
0086
0087
0014
0088
02C6
008A
008B
008C
00AF
025D
008E
0036
0014
022A
019D
0091
0092
0093
0094
0202
0096
0097
0014
0098
033D
009A
009B
084D
0002
0262
00EE
000F
0006
00F0
009F
0238
01A8
000B
000C
084E
07EB
02EC
0026
0145
0019
0013
0014
023F
0014
0002
0002
0014
0014
0014
0015
0016
0017
0018
0014
0019
0002
0014
0014
0014
0014
0002
001A
0023
001C
0018
001E
0010
0014
0002
0014
0002
0002
0014
001A
0019
0015
001E
0014
001A
0002
0014
0014
0014
0014
0014
0017
001A
0025
0022
0014
0025
0014
0002
0002
0014
0014
0014
001C
001B
0021
0018
0014
001D
0014
0002
0014
0014
0014
0014
0021
0019
0015
0022
0024
0015
0014
0014
0002
0002
0002
0002
0017
0025
0017
0027
0014
0019
0014
0014
0002
0014
0014
0014
0027
0028
0029
0027
0014
002A
0002
0014
0014
0014
0014
0014
0026
00FE
0025
0026
0013
002C
0014
0002
0014
0014
0014
0002
0018
00FE
0010
0014
0014
002E
0014
0014
0014
0014
0014
0002
0018
02AE
0021
0014
0014
002C
0002
0014
0002
0014
0014
0002
0032
0101
0148
0381
0036
0014
0037
0038
02B2
02F1
00AE
003C
003D
014C
0002
0014
00B1
014D
0040
0041
0042
0043
0044
0045
027A
0111
00B7
0049
004A
004B
00BA
004D
01E8
004F
0075
0014
0052
02F7
034E
0055
0275
02F9
0118
036D
0157
0014
00C0
005B
01C0
03B9
00DA
005F
0060
00BF
0130
0014
00C5
00C6
0065
0066
0067
01C4
0253
006A
006B
006C
03BC
07D1
02D8
0757
0071
0072
00B6
084F
00D0
0014
0126
0850
0497
0851
080A
007B
0162
0852
007E
0014
046E
0853
0854
0855
0112
0084
0228
0856
0130
0051
02A2
02DE
0857
0824
0100
0047
0309
00CE
0014
0014
02A4
016A
0858
0859
0249
00AF
035C
00E7
0014
0014
03D8
030F
085A
0538
0170
0002
0003
0236
0264
07C4
0007
0008
085B
085C
000B
05A3
000D
000E
00A4
0010
001A
001D
0013
0014
001D
0014
0014
0002
0014
0014
0014
00A7
03B3
001D
0027
0014
00A6
0002
0002
0014
0014
0002
0002
001A
0023
001C
001D
0018
0010
0014
0002
0014
0002
0002
0014
0023
001D
0021
001E
0014
001A
0002
0014
0014
0014
0014
0014
0021
0015
0025
001E
0014
0021
0014
0014
0014
0014
0014
0014
001C
001B
0021
0018
0014
0015
0014
0002
0014
0014
0002
0014
0023
00A7
0010
0026
0014
0025
0014
0014
0002
0002
0002
0002
0017
001D
0010
0027
0014
00A7
0014
0014
0014
0014
0014
0002
0027
03E1
01E0
0014
0014
051E
0014
0014
0014
0014
0014
0014
0026
0179
05EC
0014
0014
00AA
0014
0014
0014
0014
0014
0002
0018
0179
0010
0014
0014
002E
0014
0014
0014
0014
0014
0002
0022
00FE
0015
0014
0014
0031
0014
0014
0014
0014
0014
0002
0209
0033
020A
00AB
0036
0014
015B
017E
020C
031E
00AE
015A
0366
0035
0002
0014
0184
01E5
085D
0211
010E
0043
04F7
014F
0046
0147
031B
085E
085F
0213
0214
0248
00BB
0248
0050
0014
0216
0053
032B
0860
0275
024D
0058
0061
0050
0014
05AB
05FD
01C0
06FC
01D5
005F
0278
00BF
0097
0014
0590
00C6
0861
0413
0590
01C4
0069
021F
027A
0014
027B
006E
015F
02C1
0809
00B5
0073
029C
00D0
0014
0191
0862
03BF
0863
01FA
006C
01FB
007D
0014
0014
0126
0864
0226
0865
00B7
0169
0866
060F
0014
0014
030E
0867
041E
0868
00E0
0111
0825
008E
0014
0014
080E
0421
0422
00E5
0138
0094
0828
00E7
0014
0014
048B
0231
0869
028C
0747
0002
0341
01A4
0005
0006
00F0
0172
0009
00F3
0449
000C
086A
03B1
01AC
0026
023E
0012
0014
0014
03B5
0014
0002
0002
0014
0014
0014
0015
0016
0017
0018
0014
0019
0002
0002
0014
0014
0014
0002
001F
001B
0015
0022
001E
0015
0002
0002
0002
0002
0002
0014
001A
001D
001F
00A7
0020
0010
0002
0014
0002
0014
0014
0014
001C
001A
0017
0022
0014
0025
0014
0002
0002
0014
0002
0014
0021
001A
0017
0022
0014
0017
0014
0002
0014
0002
0014
0014
0010
0019
0015
0022
0024
0015
0014
0014
0014
0014
0002
0002
0017
0025
0017
0026
0014
0019
0002
0014
0002
0014
0014
0014
0027
0028
0029
0027
0014
002A
0002
0014
0014
0014
0014
0014
0026
0146
0021
0026
0013
002C
0014
0002
0014
0014
0014
0014
0026
0146
002D
0027
0014
002E
0014
0014
0014
0002
0014
0014
0018
002F
0030
0018
0014
002E
0002
0014
0002
0014
0014
0002
0214
0101
0295
0035
0014
0014
031B
086B
0039
0705
014B
003C
003D
00BF
0157
0014
003E
01B5
0040
00B3
00B4
00B5
0044
0045
0050
0047
0048
0049
01EB
029A
004C
004D
004E
004F
0062
0051
01BF
086C
0155
0380
02D3
0057
00B6
0059
0002
0014
0119
0159
024F
01F0
0250
0251
0060
0061
0062
0014
00C5
0064
0252
029B
0067
0068
0069
006A
006B
006C
01C5
04B8
006F
0255
01F6
0072
00B6
0074
0075
0014
0076
086D
01F8
0129
01CA
007B
03D5
029E
007E
0014
007F
086E
01CC
086F
0083
0084
0085
012F
0087
0051
0088
0089
0622
0870
0032
0047
008D
0134
0036
0014
008F
019D
0136
0871
005E
0111
0095
0096
0097
0014
00E8
02A6
009A
013B
0170
0002
0003
009D
0872
0006
00F0
00F1
0009
000A
000B
00F5
000D
0175
000F
0010
00FA
0012
0014
0014
001D
0014
0002
0002
0014
0014
0014
0015
0023
0025
0027
0014
0019
0002
0002
0014
0014
0002
0014
001A
001B
0021
001D
0026
0015
0002
0002
0014
0002
0002
0014
0023
001D
001F
001E
0014
001A
0014
0014
0002
0014
0014
0014
001C
001C
0017
001E
0014
0021
0014
0002
0014
0014
0002
0014
0021
001B
0025
0018
0014
0015
0014
0014
0014
0002
0002
0014
0023
001E
0010
0026
0014
0025
0014
0014
0014
0014
0002
0002
0017
0019
0010
0026
0014
0022
0014
0014
0014
0014
0014
0002
0014
0031
0268
0014
0014
053E
0014
0014
0014
0014
0014
0014
0026
002B
0021
0027
0014
002C
0014
0002
0014
0014
0014
0014
0026
002B
002D
0027
0014
002E
0014
0014
0014
0014
0014
0014
0022
002F
0030
0027
0014
017B
0014
0014
0014
0014
0014
0014
0209
0033
020A
0035
0014
0014
025F
017E
05ED
063B
003B
003C
003D
0035
0157
0014
0583
020F
0210
0802
01B8
0043
014E
014F
0046
0047
0037
0325
02B7
02B8
0186
0329
004E
00BC
0075
0014
04CC
0053
0397
058B
0056
0057
0058
0059
0050
0014
005A
018C
005C
06FC
005E
005F
0060
0061
0097
0014
011C
0064
0065
01C3
052C
0068
0069
021F
027A
0014
027B
0336
0873
0070
04FE
0072
04EC
0074
0075
0014
00E0
0077
083D
0222
0817
0014
03D5
0874
0014
0014
007F
029F
0875
0227
012E
0147
0085
0086
0087
0014
0088
02C6
008A
008B
008C
00AF
008D
008E
0036
0014
022C
019D
0091
0092
0093
0094
0095
0096
0130
0014
0098
0099
009A
009B
0818
0002
0262
0236
0876
0006
0007
009F
03B0
0877
03A1
0443
0878
0143
02EC
0026
0145
0019
0013
0014
023F
0014
0002
0014
0014
0014
0014
0026
00A5
0017
0018
0014
00A6
0002
0002
0014
0014
0014
0002
001F
0023
001C
00A7
001E
0010
0014
0002
0002
0002
0002
0014
001A
0019
0015
00A7
0020
0010
0002
0014
0014
0014
0014
0014
0017
001A
0012
0022
0014
0025
0014
0002
0002
0014
0002
0014
001C
001B
0021
0022
0014
0017
0014
0002
0014
0014
0014
0014
0021
0019
0015
0022
0024
0015
0014
0014
0002
0002
0002
0002
0025
0025
0017
0027
0014
0019
0002
0014
0002
0014
0014
0014
0027
0841
0029
0027
0014
03B5
0002
0014
0014
0014
0014
0014
0026
00FE
0012
0026
0013
042E
0014
0002
0014
0014
0014
0002
0018
00FE
0010
0014
0014
002E
0014
0014
0014
0002
0014
0002
0018
002B
0015
0018
0014
002C
0002
0014
0002
0014
0014
0002
0214
0101
0148
02B0
0036
0014
0037
044E
0674
081C
0243
0111
0879
02B5
0002
0014
01E4
081D
06C3
00B3
00B4
0298
0044
0045
0050
0111
00B7
0049
01EB
029A
00BA
004D
01E8
004F
0050
0051
0052
07ED
087A
07AB
0457
02F9
00B6
036D
0157
0014
0158
0159
087B
03B9
004C
0251
0060
00BF
0062
0014
02BE
00C6
087C
0565
0067
01C4
0069
006A
006B
006C
03BC
02FF
006F
01C8
0071
0190
0073
0125
00D0
0014
0126
045F
04D3
087D
087E
007B
087F
0163
007E
0014
0126
03D6
0880
0881
00DA
0084
02DD
0167
0130
0051
02A2
02DE
0882
0883
00BE
0047
0884
0885
0014
0014
02A4
0886
0858
0887
027B
00AF
03CA
00E7
0097
0014
03D8
0888
0889
0538
0170
0002
0003
05F4
088A
07C4
0007
0008
0800
000A
000B
0267
000D
000E
00A4
0010
00FA
001D
0014
0014
001D
0014
0014
0002
0014
0014
0014
0015
0023
001D
0027
0014
0019
0002
0014
0014
0014
0002
0002
001A
0023
0021
001D
0018
0021
0014
0002
0014
0002
0002
0014
0023
001D
0021
001E
0014
001A
0014
0014
0014
0014
0014
0014
0021
0015
0025
001E
0014
0021
0014
0014
0014
0014
0014
0014
0021
001B
0012
0018
0014
0015
0014
0002
0014
0014
0002
0014
0023
00A7
0010
0026
0014
0025
0014
0014
0014
0002
0014
0002
0017
001D
0010
0027
0014
00A7
0014
0014
0014
0014
0014
0002
0027
03B5
017A
0014
0014
053E
0014
0014
0014
0014
0014
0014
0026
002B
0017
0014
0014
002C
0014
0002
0014
0014
0014
0002
0018
002B
0017
0014
0014
002E
0014
0014
0014
0014
0014
0002
0022
02CF
0025
0014
0014
0031
0014
0014
0014
0014
0014
0002
0209
0033
020A
00AB
0014
0014
0103
017E
020C
063B
00AE
003C
0108
0035
0002
0014
0184
01E5
0774
0211
010E
0043
00B6
014F
0046
0147
031B
01EE
02B7
02B8
0214
0215
00BB
0248
0050
0014
03B8
0053
0217
088B
0189
0117
0058
0061
0050
0014
00C0
05FD
01C0
06FC
01D5
005F
0278
00BF
0097
0014
0590
00C6
03BA
0805
0590
0068
0069
021F
027A
0014
04CC
0336
0604
02C1
082E
0072
04FF
029C
007E
0014
0455
088C
088D
088E
0354
006C
0419
007D
0014
0014
0195
088F
0890
0891
012E
0169
0892
0086
0014
0014
0283
0284
041E
0506
008C
0111
0420
008E
0014
0014
0530
0421
0422
022F
0138
0094
0423
00E7
0014
0014
0139
0231
0893
0894
013C
0002
0341
01A4
0005
0006
00F0
0172
0009
028E
0449
0290
086A
03B1
01AC
0026
023E
0012
0013
0014
03B5
0014
0002
0002
0014
0014
0014
0026
0294
0017
0018
0014
002C
0002
0002
0014
0014
0014
0002
001F
001B
001C
00A7
001E
0015
0002
0002
0002
0002
0002
0014
001A
001D
001F
00A7
0020
0010
0002
0014
0002
0014
0014
0014
001C
001A
0017
0022
0014
0025
0014
0002
0002
0014
0002
0014
001C
001A
0021
0022
0014
0017
0014
0002
0014
0002
0014
0014
0010
0019
0015
0022
0024
0015
0014
0014
0002
0014
0002
0002
0017
0025
0017
0026
0014
0019
0002
0014
0002
0014
0014
0014
0027
03B4
0029
0027
0014
03B5
0002
0014
0014
0014
0014
0014
0026
01AD
0021
0026
0013
002E
0014
0002
0014
0014
0014
0014
0026
01AD
002D
0027
0014
002E
0014
0014
0014
0002
0014
0014
0018
01AF
0030
0018
0014
002E
0002
0014
0002
0014
0014
0002
0214
0101
042F
0035
0036
0014
00AC
044E
0039
0705
014B
0111
0244
00BF
0157
0014
003E
01B5
01E6
00B3
00B4
0057
0044
0045
0050
0047
0048
0049
01EB
029A
004C
004D
004E
004F
0062
0051
01BF
0895
0155
0380
02D3
0057
00B6
0059
0097
0014
0119
0159
024F
01F0
0250
0251
0060
0061
0062
0014
00C5
0064
0252
029B
0067
01C4
0069
006A
006B
006C
01C5
02FF
006F
0255
00CD
01F7
0073
0074
0075
0014
0076
0511
0078
0896
007A
007B
0193
0478
007E
0014
0164
0897
01CC
0898
0083
0084
0899
0167
0087
0051
008F
0089
05A2
0870
006D
0047
0489
0134
0036
0014
008F
019D
04BD
0871
005E
0111
048A
0096
0097
0014
00E8
02A6
009A
013B
0626
0002
0235
0004
089A
0006
00F0
02E7
051C
000A
000B
0661
000D
0175
04E3
0010
00FA
0012
0014
0014
0012
0014
0002
0002
0014
0014
0014
0015
001C
0017
0018
0014
0019
0002
0014
0014
0014
0014
0002
001A
001B
001C
00A7
0018
0015
0014
0002
0014
0002
0002
0014
001A
001D
0015
001E
0014
001A
0002
0014
0014
0014
0014
0014
0021
001C
0025
001E
0014
0021
0014
0002
0002
0014
0002
0014
0021
001B
0021
0018
0014
0015
0014
0002
0014
0014
0002
0014
0023
00A7
0010
0026
0014
0025
0014
0014
0002
0002
0002
0002
0017
0019
0010
0027
0014
0022
0014
0014
0014
0014
0014
0014
0027
00FB
01E0
0027
0014
00A6
0002
0014
0014
0014
0014
0014
0026
002B
0017
0027
0014
002C
0014
0002
0014
0014
0014
0014
0018
002B
002D
0027
0014
00AA
0014
0014
0014
0002
0014
0014
0018
01E2
0030
0018
0014
002C
0014
0014
0014
0014
0014
0014
0209
0033
020A
00AB
0014
0014
015B
0038
00AD
003A
003B
003C
02D4
0035
0002
0014
04F4
06F9
0774
089B
010E
0043
04F7
0045
007E
0047
031B
0056
089C
01BA
0214
0271
00BB
089D
0075
0014
0052
02F7
0273
072E
0275
0117
0058
0061
0050
0014
00C0
005B
01C0
005D
01D5
005F
00CF
0061
0097
0014
011C
018D
0861
089E
052C
0068
0069
021F
027A
0014
0371
07D1
015F
07D3
0124
0072
04EC
0300
00D0
0014
0607
0647
089F
05D1
01CA
006C
08A0
0632
007E
0014
0195
01CB
08A1
0502
0550
0169
08A2
0086
0130
0014
0283
08A3
08A4
08A5
03C6
0111
08A6
008E
0036
0014
0530
019D
077E
019F
0093
0094
05DA
00E7
0097
0014
0139
0099
077F
009B
0001
0002
0311
038A
0005
0006
0007
06DC
0009
028E
03A1
000C
080F
000E
01AC
0026
023E
0012
0013
0014
002C
0014
0002
0002
0014
0014
0014
0026
0294
0025
0014
0014
002C
0002
0002
0014
0014
0002
0014
0015
001A
0015
001D
001E
0021
0002
0002
0002
0002
0014
0014
0023
001D
001F
00A7
0020
0010
0002
0014
0002
0014
0014
0014
001C
001A
0017
0018
0014
001D
0014
0002
0014
0014
0002
0014
001C
001A
0017
0022
0014
0017
0014
0002
0014
0002
0014
0014
0017
0019
0015
0022
0024
0015
0014
0014
0002
0014
0002
0002
0017
0025
0017
0026
0014
0019
0002
0014
0002
0014
0014
0002
0027
03B4
0029
0014
0014
03B5
0002
0014
0014
0014
0014
0014
0026
01AE
0021
0026
0013
002E
0014
0002
0014
0014
0014
0002
0026
01AD
0010
0014
0014
002E
0014
0014
0014
0014
0014
0002
0022
02AE
0015
0014
0014
017B
0002
0014
0002
0014
0014
0002
0214
0101
0148
0035
0036
0014
031B
031C
0296
078C
0243
0111
08A7
0109
0014
0014
003E
003F
01E6
00B3
00B4
0298
0044
010F
0046
0111
0048
08A8
0299
029A
004C
004D
004E
004F
0050
0051
0189
036A
0155
0156
02D3
0057
00B6
0059
0157
0014
04FB
03A8
069D
07B8
0032
0251
0060
0096
0062
0014
00C5
015C
0842
029B
0067
01C4
0069
006A
006B
006C
006D
006E
006F
0070
00CD
01F7
0073
0074
0075
0014
0076
0077
0078
0079
0223
007B
07BB
012A
0014
0014
0164
0080
0559
06C8
0083
0084
08A9
018E
0087
0051
008F
0089
0132
0133
00E0
0047
08AA
025E
0014
0014
008F
0421
076C
0137
01A0
0084
08AB
0096
0014
0014
00E8
00E9
013A
08AC
0001
0002
0003
0004
04BE
04EE
0007
00F1
06F0
01DC
02AC
02EA
000D
000E
000F
0010
001F
0012
0014
0014
0012
0014
0002
0002
0014
0014
0014
00A7
0361
0025
0018
0014
00A6
0002
0002
0014
0014
0002
0002
001F
001B
0015
001D
0014
0015
0002
0002
0002
0002
0002
0014
001A
001D
001F
0022
0020
0021
0002
0014
0002
0014
0014
0014
001C
001C
0017
001E
0014
0021
0014
0014
0014
0014
0002
0014
0021
001B
0017
0022
0014
0015
0014
0002
0014
0002
0002
0014
0023
001E
0010
0020
0014
0025
0014
0014
0014
0014
0002
0002
0017
0012
0010
0026
0014
00A7
0002
0014
0014
0014
0014
0002
0027
03E1
017A
0014
0014
02EE
0014
0014
0014
0014
0014
0014
0026
0179
017A
0027
0014
00AA
0014
0014
0014
0014
0014
0014
0026
04F0
0010
0027
0014
002E
0014
0014
0014
0002
0014
0014
0022
03B6
0015
0018
0014
017B
0014
0014
0014
0014
0014
0014
017C
0033
020A
0035
0014
0014
044D
017E
017F
0522
04F2
015A
08AD
0035
0002
0014
02F3
01E5
0183
0211
0184
0043
04F7
0045
0046
0014
0185
0325
040B
0213
0112
0187
004E
01ED
0062
0051
0189
02BA
018A
04CD
0056
0117
0058
0059
0050
0014
0119
018C
005C
0849
005E
005F
00CF
0061
0062
0014
0063
018D
011D
08AE
052C
01C4
0069
021F
027A
0014
006D
0336
01C7
0070
08AF
01F7
00CF
029C
0075
0014
0319
0127
01C9
0079
01CA
006C
0258
08B0
0014
0014
007F
0080
0281
03D7
012E
0147
08B1
08B2
0130
0014
0088
0284
08B3
041F
008C
00AF
08B4
008E
0036
0014
0135
019D
0507
019F
01A0
0094
08B5
0096
0097
0014
0139
0099
00EA
009B
0029
0002
0341
013E
000F
0006
00F0
009F
0009
01A8
028F
00A2
08B6
08B7
08B8
0026
0145
0019
0013
0014
002C
0014
0002
0002
0014
0014
0014
0015
0016
0017
0027
0014
0019
0002
0014
0014
0014
0014
0002
001A
0023
001C
00A7
001E
0021
0014
0002
0014
0002
0002
0014
0023
0019
0015
001E
0014
001A
0002
0014
0014
0014
0014
0014
0017
001A
0025
0022
0014
001D
0014
0002
0002
0014
0014
0014
001C
001B
0021
0018
0014
001D
0014
0002
0014
0014
0014
0014
0021
0019
0015
0022
0024
0015
0014
0014
0002
0002
0002
0002
0017
0025
0017
0027
0014
0019
0014
0014
0002
0014
0014
0014
0027
0028
0029
0027
0014
002A
0002
0014
0014
0014
0014
0014
0026
0146
0012
0026
0013
002C
0014
0002
0014
0014
0014
0002
0018
0146
002D
0014
0014
002E
0014
0014
0014
0014
0014
0002
0018
01AF
0030
0014
0014
002C
0002
0014
0002
0014
0014
0002
0032
0101
0148
0381
0036
0014
0037
0038
02B2
02F1
00AE
003C
003D
014C
0097
0014
003E
03A3
0040
00B3
0328
0057
0044
010F
0153
0047
0150
0049
08B9
01EC
00BA
004D
0153
004F
0050
0014
0052
050F
034E
0055
03E3
0057
00B6
036D
0157
0014
00C0
005B
06C7
03B9
004C
0251
0060
00BF
00C9
0014
045A
015C
08BA
0565
0067
0068
0069
006A
006B
006C
0100
02FF
02D8
0757
0071
0072
0073
0074
00D0
0014
0076
0077
01F8
0851
0159
007B
007C
08BB
007E
0014
00BA
08BC
08BD
0855
004C
0084
0085
08BE
0087
0051
008F
0089
08BF
0623
0100
0047
008D
00CE
0014
0014
008F
03AD
08C0
0518
005E
00AF
0095
00E7
0014
0014
00E8
0888
02CB
08C1
05F3
0002
0235
0780
0264
07C4
0007
0008
085B
085C
000B
01AA
000D
000E
00A4
0010
0011
0012
0014
0014
0012
0014
0002
0002
0014
0014
0014
00A7
047F
001D
0018
0014
00A6
0002
0002
0014
0014
0002
0002
001A
0023
001C
001D
0018
0010
0014
0002
0014
0002
0002
0014
001A
001D
0017
001E
0020
001A
0002
0014
0014
0014
0014
0014
001D
0023
0017
001E
0014
0021
0014
0002
0014
0014
0014
0014
001C
001B
0021
0018
0014
0015
0014
0002
0014
0014
0002
0014
0023
001E
0015
0026
0024
0025
0014
0014
0002
0002
0002
0002
0017
001D
0010
0027
0014
00A7
0014
0014
0014
0014
0014
0002
0013
0177
07C6
0014
0014
002C
0002
0014
0014
0014
0014
0014
0026
00FF
0017
0014
0014
00AA
0014
0002
0014
0014
0014
0002
0018
00FE
0017
0014
0014
002E
0014
0014
0014
0014
0014
0002
0022
0146
0025
0014
0014
0031
0014
0014
0014
0014
0014
0002
0032
0033
020A
0035
0014
0014
0348
0430
0039
003A
00AE
015A
0366
0035
0097
0014
010E
08C2
08C3
08C4
026D
0043
04F7
0045
0046
0147
031B
05FB
040B
08C5
00BA
0187
004E
004F
0050
0051
0216
08C6
018A
018B
0275
0410
0058
0059
0050
0014
05AB
0276
005C
01C1
00DA
005F
0278
005F
0097
0014
02B6
08C7
0601
06F7
03A9
01C4
0069
021F
027A
006C
027B
02FF
00CB
0255
0124
00B5
0073
0125
007E
0014
0607
0647
04D3
08C8
0223
00D4
01FB
007D
0014
0014
0126
08C9
0226
06D7
0083
0169
0866
0086
0014
0014
030E
06CA
041E
0868
0189
0111
0825
008E
0014
0014
080E
08CA
019E
08CB
0138
0094
07C1
00E7
0014
0014
048B
08CC
035E
08CD
0001
0002
0003
0004
0005
0006
00F0
08CE
0009
0789
0449
000C
08CF
03B1
01AC
0026
08D0
0012
0013
0014
002C
0014
0002
0002
0014
0014
0014
0015
00FA
0017
0027
0014
0019
0002
0002
0014
0014
0014
0002
001F
001B
0015
00A7
001E
0015
0002
0002
0002
0002
0002
0014
001C
001D
001F
00A7
0014
0010
0002
0014
0002
0014
0014
0014
001C
001A
0025
0022
0014
001D
0014
0002
0002
0014
0002
0014
0021
001A
0017
0022
0014
0017
0014
0002
0014
0002
0014
0014
0010
0019
0010
0022
0014
0015
0014
0014
0014
0014
0014
0002
0017
0025
0017
0026
0014
0019
0002
0014
0002
0014
0014
0002
0027
0028
00FC
0027
0014
002A
0002
0014
0014
0014
0014
0014
0026
002B
0021
0026
0013
002C
0014
0002
0014
0014
0014
0014
0026
002B
002D
0027
0014
002E
0014
0014
0014
0002
0014
0014
0018
002F
0030
0018
0014
002E
0002
0014
0002
0014
0014
0002
0457
0101
0295
0481
0036
0014
031B
08D1
078B
08D2
02B4
003C
003D
00BF
0002
0014
003E
020F
0040
08D3
00B4
0057
0044
010F
0050
0047
0048
0056
0299
029A
0186
004D
0752
0188
0062
0014
01BF
08D4
0155
0380
02D3
0057
00B6
036D
0002
0014
0119
0159
08D5
03B9
0250
0251
0060
0061
0062
0014
00C5
0064
0252
029B
03BB
0068
0370
006A
006B
0014
01C5
03BD
02D8
03BE
01F6
0072
00B6
0074
0075
0014
0076
0077
01F8
0079
01CA
007B
03D5
029E
007E
0014
007F
08D6
01CC
06C8
012E
0084
0085
012F
0087
0051
0088
08D7
0622
08D8
0032
0047
008D
0134
0036
0014
008F
08D9
0136
0871
005E
0111
0095
0096
0097
0014
00E8
08DA
009A
013B
0404
0002
0003
0004
04BE
0006
00F0
0008
06F0
000A
000B
02EA
000D
0175
00A4
0010
001F
0012
0014
0014
0012
0014
0002
0002
0014
0014
0014
0015
001C
0025
0018
0014
0019
0002
0002
0014
0014
0002
0002
001A
001B
001C
001D
0018
0015
0014
0002
0014
0002
0002
0014
001A
001D
001F
001E
0014
0021
0002
0014
0002
0014
0014
0014
0021
001C
0025
001E
0014
0021
0014
0002
0014
0014
0002
0014
0021
001B
0021
0027
0014
0015
0014
0002
0014
0002
0002
0014
0023
00A7
0010
0026
0014
0025
0014
0014
0014
0014
0014
0002
0017
001D
0010
0026
0014
00A7
0014
0014
0014
0014
0014
0002
0027
0207
017A
0014
0014
053E
0014
0014
0014
0014
0014
0014
0026
04F0
0177
0027
0014
02EE
0014
0014
0014
0014
0014
0014
0026
0179
0010
0027
0014
002E
0014
0014
0014
0002
0014
0014
0022
03B6
0015
0018
0014
017B
0014
0014
0014
0014
0014
0014
017C
0033
020A
00AB
0014
0014
0103
017E
0521
0522
003B
003C
04F3
0035
0002
0014
010E
01E5
082B
0211
010E
0043
04F7
0045
0046
0147
031B
0325
085F
0213
0186
0187
00BB
00BC
0075
0014
034D
0053
018A
018B
0056
0117
0058
0061
0050
0014
005A
011A
01C0
036E
005E
005F
00CF
0061
0097
0014
02B6
018D
0861
089E
052C
011F
0069
021F
027A
0014
017C
0336
0764
02C1
0124
0072
04FF
029C
0075
0014
00BA
0417
089F
0418
01CA
006C
03D5
08DB
0014
0014
0195
01CB
08DC
08DD
012E
0147
04DE
03C3
0130
0014
0088
0284
08DE
08DF
008C
00AF
06A8
008E
0036
0014
0135
019D
08E0
019F
0138
0094
01D8
0096
0097
0014
0139
0099
00EA
009B
0747
0002
0341
08E1
0204
0006
0007
05DC
0009
08E2
03A1
00A2
061A
0143
01AC
0026
023E
0012
0013
0014
002C
0014
0002
0014
0014
0014
0014
0026
0294
0017
0014
0014
002C
0002
0002
0014
0014
0014
0014
001F
001A
0015
0022
001E
0021
0002
0002
0002
0002
0014
0014
001C
0019
0015
00A7
0020
001A
0002
0014
0014
0014
0014
0014
001C
001A
0017
0018
0014
001D
0014
0002
0002
0014
0014
0014
001C
001A
0017
0022
0014
0017
0014
0014
0014
0014
0014
0014
0021
0019
0015
0022
0024
0015
0014
0014
0002
0002
0002
0002
0017
0025
0017
0027
0014
0019
0002
0014
0002
0014
0014
0014
0027
00A8
0029
0027
0014
00A9
0002
0014
0014
0014
0014
0014
0026
0146
0012
0026
0013
042E
0014
0002
0014
0014
0014
0002
0018
0146
002D
0014
0014
002E
0014
0014
0014
0014
0014
0002
0018
01AF
0030
0014
0014
002C
0002
0014
0002
0014
0014
0002
0214
0101
0148
0035
0036
0014
031B
044E
0039
0705
0243
0111
06C2
02B5
0014
0014
003E
014D
06C3
00B3
00B4
0057
0044
010F
0050
0047
0048
08A8
0299
029A
00BA
004D
004E
004F
0050
0051
01BF
01BC
087A
05A1
0457
0057
00B6
0059
0157
0014
032F
00D3
024F
01F0
03C6
0251
0060
00AB
0062
0014
00C5
015C
0350
0621
0067
0068
0253
006A
006B
006C
03BC
0121
02D8
0123
00CD
01F7
0073
0074
00D0
0014
00E0
02DA
0078
0257
0223
007B
01FB
012A
007E
0014
0164
0080
08E3
0881
0083
0084
02A1
018E
0087
0051
008F
0089
08E4
08E5
017C
0047
08AA
0885
0014
0014
008F
016A
08E6
08E7
005E
00AF
08AB
04A8
0014
0014
00E8
016D
08E8
08E9
0377
0002
0235
0004
0264
0006
0007
0008
051C
000A
000B
0174
000D
000E
00A4
0010
001A
0012
0014
0014
0012
0014
0002
0002
0014
0014
0014
0015
001C
0025
0018
0014
0019
0002
0014
0014
0014
0002
0002
001A
0023
001C
001D
0018
0015
0014
0002
0014
0002
0002
0014
001A
001D
0021
001E
0014
001A
0002
0014
0014
0014
0014
0014
0021
0023
0017
001E
0014
0021
0014
0002
0014
0014
0002
0014
001C
001B
0021
0018
0014
0015
0014
0002
0014
0014
0002
0014
0023
001E
0010
0026
0014
0025
0014
0014
0002
0014
0002
0002
0017
001D
0010
0026
0014
00A7
0014
0014
0014
0014
0014
0002
0027
0207
017A
0014
0014
053E
0014
0014
0014
0014
0014
0014
0026
04F0
017A
0027
0014
02EE
0014
0014
0014
0014
0014
0014
0018
0179
0021
0027
0014
00AA
0014
0014
0014
0002
0014
0014
0022
00FE
0021
0018
0014
017B
0014
0014
0014
0014
0014
0014
0209
0033
020A
0035
0014
0014
015B
07B1
017F
0522
00AE
003C
08EA
0035
0002
0014
010E
063D
082B
08C4
010E
0043
04F7
0045
0046
0147
031B
037D
040B
08C5
00BA
0187
004E
00BC
0075
0014
0216
08EB
018A
018B
0275
024D
0058
0059
0050
0014
005A
05FD
005C
01C1
00DA
005F
00CF
0061
0097
0014
02B6
010E
0861
0602
052C
01C4
0069
021F
027A
0014
027B
027C
00CB
0255
0124
0072
0352
06A3
0075
0014
0607
0647
052D
05D1
0354
006C
0419
0632
0014
0014
0195
08EC
08ED
08EE
0083
0169
08EF
060F
0130
0014
0283
04E5
08F0
08F1
0275
0111
08F2
008E
0036
0014
0530
028A
08F3
08F4
0138
0094
0230
0096
0097
0014
0139
08F5
00EA
08CD
0001
0002
0311
038A
0005
0006
00F0
05DC
0009
0748
0449
000C
08F6
066B
01AC
0026
023E
0019
0013
0014
002C
0014
0002
0014
0014
0014
0014
0026
0294
0017
0014
0014
002C
0002
0002
0014
0014
0014
0014
001F
001B
0015
0022
001E
0021
0002
0002
0002
0002
0014
0014
001C
0019
001F
00A7
0020
0010
0002
0014
0002
0014
0014
0014
001C
001A
0025
0022
0014
001D
0014
0002
0002
0014
0002
0014
0020
001A
0017
0022
0014
0017
0014
0002
0014
0002
0014
0014
0017
0019
0015
0022
0024
0015
0014
0014
0002
0002
0002
0014
0017
0025
0017
0027
0014
0019
0002
0014
0002
0014
0014
0002
0027
00A8
0029
0027
0014
00A9
0002
0014
0014
0014
0014
0014
0026
0146
0021
0026
0013
002E
0014
0002
0014
0014
0014
0002
0026
0146
002D
0014
0014
002E
0014
0014
0014
0014
0014
0002
0018
002F
0030
0014
0014
002C
0002
0014
0002
0014
0014
0002
0214
0101
0295
0481
0036
0014
031B
044E
08F7
081C
02B4
0111
08A7
0057
0014
0014
003E
020F
06C3
061E
00B4
0057
0044
010F
0050
0047
0048
0056
0299
029A
0186
004D
0752
004F
0050
0051
01BF
0396
0155
0380
0385
0057
00B6
036D
0002
0014
032F
0159
06C7
03B9
0250
0251
0060
00AB
0062
0014
00C5
0064
0350
0621
0067
0068
0253
006A
006B
006C
01C5
006E
02D8
03BE
00CD
01F7
0073
0074
00D0
0014
0076
0077
0078
0079
007A
007B
01FB
012A
007E
0014
0164
0897
01CC
06C8
012E
0084
02A1
012F
0087
0051
008F
08F8
0622
08F9
0032
0047
033A
040C
0014
0014
008F
0090
0136
08FA
005E
0111
08AB
039F
0014
0014
00E8
0260
08FB
08FC
0626
0002
0235
0004
0264
0006
00F0
00F1
051C
0789
00A1
0661
0142
0175
08FD
0018
08D0
0012
0014
0014
03B5
0014
0002
0002
0014
0014
0014
0015
001C
0012
0018
0014
0019
0002
0014
0014
0014
0014
0002
001A
001F
001C
00A7
0014
0015
0014
0002
0014
0002
0002
0014
001A
0019
0015
001E
0014
0010
0002
0014
0014
0014
0014
0014
0021
001C
0025
0022
0014
0025
0014
0002
0014
0014
0002
0014
001C
001C
0021
0027
0014
0015
0014
0002
0014
0014
0002
0014
0023
00A7
0010
0020
0014
0017
0014
0014
0014
0002
0014
0002
0017
001D
0010
0027
0014
00A7
0014
0014
0014
0014
0014
0014
0027
0028
01E0
0014
0014
002A
0002
0014
0014
0014
0014
0014
0026
002B
0017
0027
0014
002C
0014
0002
0014
0014
0014
0014
0018
002B
0017
0027
0014
00AA
0014
0014
0014
0002
0014
0014
0018
01E2
0017
0018
0014
002C
0014
0014
0014
0014
0014
0014
017C
04E8
08FE
00AB
0014
0014
015B
0038
08F7
014A
003B
003C
08FF
00BF
0002
0014
0184
0900
0774
0901
0322
00B5
0472
0045
007E
0014
01E9
0056
0902
0152
005A
0271
0752
089D
0075
0014
0216
073E
0903
072E
00BE
0117
0058
0109
0002
0014
00C0
005B
0904
021A
02C8
015A
0352
0061
0097
0014
017D
05CC
0905
0906
052C
0068
0069
021F
027A
0014
0100
027C
0220
027E
0124
0072
0352
018E
027A
0014
0126
0417
0907
05D1
0354
007B
0419
0908
0014
0014
0126
0080
0909
03AB
0550
0111
090A
012F
0130
0014
0126
090B
05D5
090C
0703
0111
090D
040C
0036
0014
05AB
090E
090F
0910
03E8
0111
0911
00E7
0097
0014
02CA
07DB
077F
0741
0001
0002
0003
038A
0005
0006
0007
009F
0009
01DC
01A9
000C
000D
000E
000F
0010
0011
0012
0013
0014
0019
0014
0002
0002
0014
0014
0014
00A7
047F
0017
0014
0014
002E
0002
0002
0014
0014
0002
0002
0010
001B
0015
001D
001E
0021
0002
0002
0002
0002
0014
0014
0023
001D
001F
00A7
0020
001A
0002
0014
0002
0014
0014
0014
001C
001A
0017
001E
0014
0021
0014
0002
0002
0014
0002
0014
0021
001B
0025
0022
0014
0017
0014
0002
0014
0002
0014
0014
0015
0019
0015
0022
0024
0015
0014
0014
0002
0014
0002
0002
0017
0025
0017
0026
0014
0019
0002
0014
0002
0014
0014
0002
0013
0177
0029
0027
0014
0031
0002
0014
0014
0014
0014
0014
0026
00FE
0021
0026
0013
002E
0014
0002
0014
0014
0014
0002
0026
00FE
002D
0014
0014
002E
0014
0014
0014
0014
0014
0002
0022
02AE
0030
0014
0014
017B
0002
0014
0002
0014
0014
0002
03C6
0033
0034
0035
0036
0014
031B
0363
0296
02D0
0243
015A
0482
0035
0014
0014
003E
003F
01E6
0041
0042
0043
0044
010F
0046
0047
0048
050E
004A
004B
004C
004D
004E
004F
0050
0051
01BF
036A
0054
05E5
0056
0057
0118
0059
0050
0014
0119
018C
005C
01C1
005E
005F
0060
0096
0062
0014
0063
0064
0065
0066
0067
01C4
0253
006A
006B
006C
006D
006E
006F
0070
00CD
01F7
0073
0074
0075
0014
00E0
0077
0078
0079
007A
007B
07BB
007D
007E
0014
007F
0535
0081
0082
0083
0084
0912
0086
0087
0051
008F
0089
008A
008B
00E0
0047
0913
008E
0014
0014
008F
0090
0091
0092
0093
0094
0914
0096
0014
0014
0098
0099
013A
013B
0001
0002
0003
0004
0915
04EE
0007
00F1
04BF
000A
02AC
02EA
000D
000E
000F
0010
001F
0012
0013
0014
0012
0014
0002
0002
0014
0014
0014
0015
001A
0025
0018
0014
0019
0002
0002
0014
0014
0002
0002
001F
001B
0015
001D
0026
0015
0002
0002
0014
0002
0002
0014
001A
001D
001F
0022
0020
0010
0002
0014
0002
0014
0014
0014
0012
001C
0017
001E
0014
0021
0014
0014
0014
0014
0002
0014
001C
001B
0017
0022
0014
0015
0014
0002
0014
0002
0002
0014
0023
0019
0010
0020
0014
0015
0014
0014
0014
0014
0002
0002
0017
0012
0010
0026
0014
00A7
0002
0014
0014
0014
0014
0002
0027
0207
01E0
0014
0014
0408
0014
0014
0014
0014
0014
0014
0027
0179
01E0
0027
0014
02EE
0014
0014
0014
0014
0014
0014
0026
04F0
0916
0027
0014
00AA
0014
0014
0014
0002
0014
0014
0022
0178
0030
0018
0014
017B
0014
0014
0014
0014
0014
0014
017C
0033
020A
0035
0036
0014
044D
017E
017F
0522
04F2
003C
04F3
0035
0002
0014
02F3
01E5
082B
0211
0184
0043
04F7
0045
0046
0047
0185
0325
040B
0213
0112
0187
004E
00BC
0050
0051
04CC
02BA
018A
04CD
0056
0117
0058
0059
0050
0014
0119
018C
005C
0849
005E
005F
00CF
0061
0062
0014
0063
018D
0412
089E
052C
0059
0069
021F
027A
0014
006D
0336
006F
0070
018F
0072
0352
029C
0075
0014
0191
0127
0192
0079
0339
006C
0355
0917
0014
0014
0195
01CB
054F
03D7
012E
00E1
0568
0918
0130
0014
0088
0284
0919
041F
008C
00AF
01D3
091A
0036
0014
0135
019D
091B
019F
0093
0094
01D8
0096
0097
0014
0139
0099
00EA
009B
091C
0002
0341
091D
0005
0006
00F0
009F
0009
091E
01DD
00A2
091F
08B7
08B8
0018
0145
0012
0014
0014
002C
0014
0002
0002
0014
0014
0014
0026
0294
0017
0027
0014
002C
0002
0014
0014
0014
0014
0002
001A
001A
001C
0022
001E
0021
0014
0002
0002
0002
0002
0014
0023
0019
0015
001E
0014
001A
0002
0014
0014
0014
0014
0014
001C
001A
0025
0022
0014
001D
0014
0002
0002
0014
0014
0014
0020
001B
0021
0018
0014
001D
0014
0002
0014
0014
0014
0014
0010
00A7
0015
0022
0024
0015
0014
0014
0002
0002
0002
0002
0017
0025
0017
0027
0014
0019
0014
0014
0002
0014
0014
0014
0027
00A8
0029
0027
0014
00A9
0002
0014
0014
0014
0014
0014
0026
002B
0021
0026
0013
002E
0014
0002
0014
0014
0014
0002
0018
0146
0010
0014
0014
002E
0014
0014
0014
0014
0014
0002
0018
01AF
0021
0014
0014
002C
0002
0014
0002
0014
0014
0002
0032
0101
0148
0381
0014
0014
0037
0038
02B2
02F1
00AE
0111
0392
02B0
0097
0014
003E
03A3
0920
00B3
0328
0057
0044
010F
007E
0111
0037
0049
08B9
01EC
00BA
004D
0153
004F
0075
0014
0052
050F
0921
0055
03E3
0057
00B6
036D
0157
0014
00C0
005B
06C7
03B9
004C
0251
0060
0117
00C9
0014
045A
015C
0922
0923
0067
0068
0069
006A
006B
006C
0100
02FF
0924
07D3
0071
00B5
0073
0074
007E
0014
0076
02DA
0078
0925
0159
007B
01FB
0926
007E
0014
0164
0080
0513
0855
0112
0084
043F
0045
0087
0051
008F
0089
0927
0928
0100
0047
0374
02F9
0014
0014
008F
03AD
0929
0518
027B
0111
0376
0094
0014
0014
00E8
0888
092A
051A
05F3
0002
0235
0780
0264
0006
0007
0008
051C
0173
000B
0379
000D
000E
00A4
0010
00FA
0012
0014
0014
0012
0014
0014
0002
0014
0014
0014
00A7
03B3
0025
0018
0014
00A6
0002
0002
0014
0014
0014
0002
001A
0023
001C
001D
0018
0015
0014
0002
0002
0002
0002
0014
001A
001D
0017
001E
0020
001A
0002
0014
0014
0014
0014
0014
001D
0023
0017
001E
0014
0021
0014
0002
0014
0014
0014
0014
0021
001B
0021
0018
0014
0015
0014
0002
0014
0014
0002
0014
0023
001E
0010
0026
0014
0025
0014
0014
0002
0014
0002
0002
0017
001D
0010
0026
0014
00A7
0014
0014
0014
0014
0014
0014
0013
04C5
01E0
0014
0014
066C
0014
0014
0014
0014
0014
0014
0026
002B
0021
0027
0014
002E
0014
0002
0014
0014
0014
0002
0018
002B
0021
0027
0014
002E
0014
0014
0014
0014
0014
0002
0022
05BB
0021
0027
0014
017B
0014
0014
0014
0014
0014
0002
0209
0033
020A
0035
0014
0014
021C
0430
017F
0522
00AE
015A
0366
0035
0157
0014
01B4
092B
0183
08C4
010E
0043
014E
0045
0046
0147
0037
05FB
040B
05C6
00BA
0187
004E
0248
0050
0051
03B8
08EB
018A
018B
01BF
0458
0058
0059
0050
0014
005A
05FD
005C
07B8
00DA
005F
0060
0096
0097
0014
0150
034F
0601
06F7
052C
0068
0069
021F
027A
0014
027B
02FF
0764
0255
0124
00B5
0073
0125
0075
0014
0191
0647
04D3
08C8
0223
00D4
01FB
007D
0014
0014
0195
08EC
0226
06D7
0083
0169
0866
0086
0130
0014
0375
092C
041E
0868
0189
0111
0825
008E
0036
0014
0139
092D
019E
092E
0138
0094
07C1
0096
0130
0014
030E
092F
0787
08CD
0001
0002
0003
0004
0005
0006
00F0
0930
0009
0789
0931
000C
06C1
03B1
01AC
0026
023E
0019
0013
0014
002C
0014
0002
0014
0014
0014
0014
0015
0016
0017
0027
0014
0019
0014
0002
0014
0014
0002
0002
001F
001B
0015
001D
001E
0021
0002
0002
0014
0002
0002
0014
0023
0019
001F
00A7
0014
0010
0002
0014
0002
0014
0014
0014
001C
001A
0025
0022
0014
001D
0014
0002
0002
0014
0002
0014
001C
001A
0017
0022
0014
0017
0014
0002
0014
0002
0014
0014
0021
0019
0015
0022
0024
0015
0014
0014
0002
0002
0002
0002
0017
0025
0017
0027
0014
0019
0002
0014
0002
0014
0014
0002
0027
0028
0029
0027
0014
002A
0002
0014
0014
0014
0014
0014
0026
00FE
0021
0026
0013
002C
0014
0002
0014
0014
0014
0014
0026
00FE
002D
0014
0014
002E
0014
0014
0014
0002
0014
0014
0018
002F
0030
0018
0014
002C
0002
0014
0002
0014
0014
0014
0214
0101
0295
0481
0036
0014
031B
0932
08F7
07AA
02B4
003C
003D
00BF
0002
0014
00B1
0933
0040
061E
00B4
0057
0044
010F
0110
0047
0185
0056
0299
029A
0186
004D
0752
004F
0062
0014
01BF
032A
0155
0380
02D3
0057
00B6
036D
0002
0014
032F
0159
06C7
005D
0250
0251
0060
0061
0062
0014
0063
0934
0252
0621
0067
02C0
0069
006A
006B
006C
01C5
03BD
02D8
03BE
01F6
0072
00B6
0074
00D0
0014
0076
0077
01F8
0079
01CA
007B
03D5
029E
007E
0014
0164
0897
01CC
06C8
012E
0084
0085
012F
0087
0051
0088
0935
0622
0936
0032
0047
008D
040C
0014
0014
008F
0937
0136
0938
005E
0111
0095
005F
0097
0014
0098
0939
009A
0625
0626
0002
0235
0004
093A
0006
00F0
00F1
0800
000A
00A1
0267
01DE
0175
00A4
0010
001F
0012
0014
0014
0012
0014
0002
0002
0014
0014
0014
0015
001C
0025
0018
0014
0019
0002
0002
0014
0014
0002
0002
001A
0023
001C
001D
0026
0015
0014
0002
0014
0002
0002
0014
001A
001D
0021
001E
0014
0010
0002
0014
0002
0014
0014
0014
001D
001C
0017
001E
0014
0021
0014
0002
0014
0014
0002
0014
001C
001B
0021
0027
0014
0015
0014
0002
0014
0002
0002
0014
0023
001E
0010
0020
0014
0025
0014
0014
0014
0002
0002
0002
0017
001D
0010
0026
0014
00A7
0014
0014
0014
0014
0014
0002
0027
0207
01E0
0014
0014
053E
0014
0014
0014
0014
0014
0014
0026
04F0
01E0
0027
0014
02EE
0014
0014
0014
0014
0014
0014
0018
0179
002D
0027
0014
00AA
0014
0014
0014
0002
0014
0014
0022
02CF
0030
0018
0014
0031
0014
0014
0014
0014
0014
0014
017C
0033
020A
0035
0014
0014
0103
05BD
05ED
063B
003B
003C
093B
0035
0002
0014
0773
072A
093C
093D
04F6
00B5
04F7
0045
0046
0047
031B
0325
04E6
093E
0186
0215
004E
00BC
0075
0014
034D
02D2
0217
058B
01EE
0117
0058
0059
0050
0014
005A
011A
01EF
0849
0250
015A
00CF
0061
0097
0014
011C
00C6
093F
0906
052C
0414
0069
021F
027A
0014
017C
027C
0220
045D
0124
0072
0352
0300
0075
0014
0126
0417
0940
05D1
0354
006C
0419
08DB
0014
0014
0195
0302
0941
064A
012E
0169
041B
03C3
0130
0014
0283
0284
0942
0943
008C
0111
0634
008E
0036
0014
0135
030A
0944
02E1
0093
0094
0945
0096
0097
0014
0139
05AF
06BE
0425
0001
0002
0311
038A
0005
0006
0007
009F
0009
068C
01A9
00A2
084E
0143
01AC
0026
0145
0019
0013
0014
002E
0014
0002
0014
0014
0014
0014
00A7
047F
0017
0014
0014
002E
0002
0002
0014
0014
0014
0002
001F
001B
0015
0022
001E
0021
0002
0002
0002
0002
0014
0014
0023
0019
001F
00A7
0020
001A
0002
0014
0014
0014
0014
0014
001C
001A
0025
0018
0014
001D
0014
0002
0002
0014
0014
0014
0021
001B
0017
0022
0014
0017
0014
0002
0014
0014
0014
0014
0021
0019
0015
0022
0024
0015
0014
0014
0002
0014
0002
0002
0017
0025
0017
0027
0014
0019
0002
0014
0002
0014
0014
0002
0027
00A8
0029
0027
0014
00A9
0002
0014
0014
0014
0014
0014
0026
0146
0021
0026
0013
042E
0014
0002
0014
0014
0014
0002
0026
0146
0010
0014
0014
002E
0014
0014
0014
0014
0014
0002
0018
02AE
0021
0014
0014
002E
0002
0014
0002
0014
0014
0002
03C6
0101
0148
05B7
0036
0014
031B
05B4
02B2
081C
0243
015A
0482
02B0
0014
0014
003E
003F
068E
0041
0042
0043
0044
010F
0050
0111
0048
08A8
004A
004B
00BA
004D
0050
004F
0050
0051
01BF
036A
0946
05A1
0275
0057
0118
036D
0157
0014
0158
005B
01C0
03B9
01C2
005F
0060
0117
0062
0014
00C5
0064
0065
0066
0067
0068
0253
006A
006B
006C
01C5
006E
006F
03BE
00CD
01F7
0073
0074
00D0
0014
00E0
0077
0078
0079
007A
007B
01FB
012A
007E
0014
0164
0225
01CC
06C8
0083
0084
02A1
018E
0087
0051
008F
0089
0947
0948
0209
0047
0949
094A
0014
0014
008F
0090
094B
094C
01A0
0111
094D
0458
0014
0014
00E8
0099
094E
094F
0626
0002
0235
0004
0264
07C4
0007
0008
0800
000A
000B
0661
000D
000E
00A4
0010
001C
0012
0014
0014
0012
0014
0002
0002
0014
0014
0014
0015
001C
0025
0018
0014
0019
0002
0002
0014
0014
0002
0002
001A
0023
001C
001D
0018
0015
0014
0002
0014
0002
0002
0014
001A
001D
0021
001E
0020
001A
0002
0014
0014
0014
0014
0014
001D
0023
0017
001E
0014
0021
0014
0002
0014
0014
0002
0014
001C
001B
0021
0018
0014
0015
0014
0002
0014
0014
0002
0014
0023
001E
0010
0026
0014
0025
0014
0014
0014
0014
0002
0002
0017
001D
0010
0026
0014
00A7
0014
0014
0014
0014
0014
0002
0027
0207
01E0
0014
0014
053E
0014
0014
0014
0014
0014
0014
0026
0179
01E0
0027
0014
02EE
0014
0014
0014
0014
0014
0002
0018
0179
0010
0027
0014
002E
0014
0014
0014
0002
0014
0002
0022
03B6
0015
0018
0014
017B
0014
0014
0014
0014
0014
0002
0209
0033
020A
0035
0014
0014
021C
0430
05ED
063B
00AE
003C
0108
0035
0002
0014
06CC
0950
040A
0951
010E
0043
026E
0045
0046
0147
0164
02D1
040B
05C6
00BA
0215
004E
0248
0050
0051
03B8
0642
0217
040F
01BF
0458
0058
0059
0050
0014
005A
05FD
005C
07B8
00DA
005F
0278
0061
0097
0014
017D
0952
0493
0494
052C
0414
0069
021F
027A
0014
027B
027C
0604
045D
0124
0072
0352
06A3
0075
0014
0607
0647
052D
05D1
0354
006C
0419
007D
0014
0014
0195
08EC
08ED
06D7
0083
0169
0568
060F
0130
0014
0283
0953
041E
0868
008C
0111
0287
008E
0036
0014
0530
0954
0422
0955
0138
0094
0423
0096
0097
0014
03D8
0956
0424
0957
0001
0002
0311
038A
0005
0006
00F0
05DC
0009
0958
0449
000C
06C1
066B
01AC
0026
0145
0019
0013
0014
002C
0014
0002
0014
0014
0014
0014
0026
0959
0017
0014
0014
002C
0002
0002
0014
0014
0014
0014
001F
001B
0015
0022
001E
0021
0002
0002
0002
0002
0014
0014
0023
0019
001F
00A7
0014
0010
0002
0014
0002
0014
0014
0014
001C
001A
0025
0014
0014
001D
0014
0002
0002
0014
0002
0014
0020
001A
0017
0022
0014
0017
0014
0014
0014
0002
0014
0014
0021
0019
0015
0022
0024
0015
0014
0014
0002
0002
0002
0014
0017
0025
0017
0027
0014
0019
0002
0014
0002
0014
0014
0002
0027
00A8
0029
0027
0014
00A9
0002
0014
0014
0014
0014
0014
0026
0146
0021
0026
0013
002E
0014
0002
0014
0014
0014
0014
0026
0146
002D
0014
0014
002E
0014
0014
0014
0014
0014
0014
0018
02AE
0030
0014
0014
002C
0002
0014
0002
0014
0014
0002
0214
0101
0148
0481
0036
0014
031B
044E
02B2
037C
02B4
0111
08A7
02B5
0014
0014
003E
020F
06C3
061E
00B4
0057
0044
010F
0050
0047
0048
0056
0299
029A
0186
004D
0050
004F
0062
0014
01BF
0396
0155
0380
0385
0057
00B6
036D
0014
0014
032F
0159
06C7
005D
0250
0251
0060
00AB
0062
0014
0063
0064
0350
0621
0067
0068
0253
006A
006B
006C
01C5
006E
006F
03BE
00CD
01F7
0073
0074
00D0
0014
0076
0077
0078
0079
007A
007B
01FB
029E
007E
0014
0164
0225
01CC
06C8
012E
0084
02A1
018E
0087
0051
008F
08F8
095A
095B
0209
0047
095C
01D4
0014
0014
008F
095D
095E
095F
005E
0111
0960
039F
0014
0014
0098
0961
0962
0963
0626
0002
0262
0004
048D
07C4
00F0
00F1
0964
0789
0965
0267
080F
0175
08FD
0018
023E
0012
0014
0014
03B5
0014
0002
0002
0014
0014
0014
0015
0016
0025
0018
0014
0019
0002
0002
0014
0014
0014
0002
001A
0023
001C
00A7
001E
0015
0014
0002
0014
0002
0002
0014
001A
001D
0015
001E
0020
0010
0002
0014
0014
0014
0014
0014
0025
001A
0025
0022
0014
0025
0014
0002
0014
0014
0002
0014
0021
0023
0021
0027
0014
0015
0014
0002
0014
0014
0002
0014
0023
00A7
0015
0020
0024
0017
0014
0014
0014
0002
0002
0002
0017
001D
0010
0026
0014
00A7
0014
0014
0014
0014
0014
0014
0027
0028
07C6
0014
0014
002A
0002
0014
0014
0014
0014
0014
0026
00FF
0021
0026
0013
02EE
0014
0002
0014
0014
0014
0014
0018
00FE
0010
0027
0014
00AA
0014
0014
0014
0002
0014
0014
0018
02CF
0021
0018
0014
002C
0014
0014
0014
0014
0014
0014
0032
04E8
08FE
0381
0014
0014
0103
05BD
074D
0966
003B
003C
06B8
00BF
0002
0014
06CC
0967
07CA
0968
00B4
00B5
0472
0045
007E
0111
01E9
0325
0969
096A
005A
0215
0752
046F
0075
0051
03B8
096B
096C
096D
00BE
0117
0058
0109
0002
0014
005A
011A
096E
096F
0126
015A
0527
0061
0097
0014
017D
05CC
0970
0906
0063
0414
0069
021F
027A
006C
0100
027C
0220
027E
0971
0072
04FF
018E
0075
0014
00BA
0417
0648
05D1
00D3
007B
0419
0972
0014
0014
046E
0080
0973
03AB
012E
0111
0568
012F
0130
0051
0283
0974
05D5
0975
0703
0111
0976
0134
0036
0014
0977
0978
0979
097A
03E8
0111
097B
0096
0097
0014
02CA
097C
097D
097E
0001
0002
0003
038A
0237
0006
0007
0553
0009
097F
01A9
00A2
000D
000E
000F
0010
00FA
0012
0013
0014
0019
0014
0014
0002
0014
0014
0014
00A7
03B3
0017
0014
0014
002E
0002
0002
0014
0014
0002
0002
001F
001B
0015
001D
0018
0021
0002
0002
0002
0002
0014
0014
0023
001D
001F
0022
0014
001A
0002
0014
0002
0014
0014
0014
001C
0023
0017
001E
0014
0021
0014
0002
0002
0014
0002
0014
001C
001B
0012
0022
0014
0017
0014
0002
0014
0002
0014
0014
0015
0019
0010
0022
0014
0015
0014
0014
0002
0014
0002
0002
0017
0025
0017
0027
0014
0019
0002
0014
0002
0014
0014
0002
0013
01E0
00FC
0027
0014
0240
0002
0014
0014
0014
0014
0014
0026
002B
0021
0013
0014
002E
0014
0002
0014
0014
0014
0002
0026
002B
002D
0014
0014
002E
0014
0014
0014
0014
0014
0002
0022
02AE
0030
0014
0014
0532
0002
0014
0002
0014
0014
0002
01B0
0033
0034
0035
0036
0014
031B
05B4
0039
003A
0243
015A
0482
0035
0014
0014
003E
003F
06C3
0041
01B8
0043
0044
010F
0046
0047
0048
0049
004A
004B
004C
004D
004E
004F
0050
0014
01BF
036A
0054
05E5
0056
0057
0118
0059
0050
0014
0158
005B
005C
005D
005E
005F
0060
005F
0062
0014
0063
0064
0065
0066
03BB
0068
0253
006A
006B
0014
006D
006E
006F
0070
00CD
01F7
0073
0074
00D0
0014
00E0
0077
0078
0079
007A
007B
01FB
007D
007E
0014
007F
039E
0081
0082
0083
0084
02A1
0086
0087
0014
008F
0089
008A
008B
00E0
0047
0980
008E
0014
0014
008F
0090
0091
0092
0093
0094
0981
039F
0014
0014
0098
0099
033E
033F
0001
0002
0003
0004
0915
0006
00F0
0008
03B0
000A
02AC
0982
000D
0175
000F
0010
001C
0012
0013
0014
0012
0014
0002
0002
0014
0014
0014
0015
001A
0025
0018
0014
0019
0002
0002
0014
0014
0002
0002
001A
001B
001C
001D
001E
0015
0002
0002
0014
0002
0002
0014
001A
001D
0021
001E
0014
001A
0002
0014
0002
0014
0014
0014
0012
001A
0017
001E
0014
0021
0014
0002
0014
0014
0002
0014
001C
001B
0021
0022
0014
0015
0014
0002
0014
0002
0002
0014
0023
0019
0010
0022
0014
0015
0014
0014
0014
0002
0002
0002
0017
001D
0010
0026
0014
00A7
0014
0014
0014
0014
0014
0002
0027
0207
01E0
0014
0014
053E
0014
0014
0014
0014
0014
0014
0027
0179
01E0
0027
0014
02EE
0014
0014
0014
0014
0014
0014
0026
0179
0983
0027
0014
00AA
0014
0014
0014
0002
0014
0014
0026
0178
0984
0018
0014
02EE
0014
0014
0014
0014
0014
0014
0209
0033
020A
0035
0036
0014
0985
017E
05ED
063B
04F2
003C
020E
0035
0002
0014
063C
020F
0986
0211
010E
0043
014E
0045
0110
0047
0037
0325
040B
0213
0112
0215
004E
0987
0050
0014
04CC
02BA
0217
032C
0056
0117
0058
0059
0050
0014
0119
018C
005C
0849
005E
005F
0060
0061
0062
0014
011C
0064
0412
089E
03F6
02C0
0069
021F
006B
0014
027B
0336
01F5
0070
03F8
0072
00CF
029C
0075
0014
0191
0988
01C9
0418
01CA
006C
0162
0194
0014
0014
00BA
01CB
0281
064A
012E
0169
01CE
0198
0130
0014
0283
0989
098A
041F
0032
00AF
01D3
098B
0036
0014
0530
03C8
091B
019F
0093
0094
098C
098D
0097
0014
0139
0099
098E
009B
0029
0002
0341
091D
0005
0006
0007
05DC
0009
098F
01DD
000C
091F
000E
0990
0026
0145
0012
0014
0014
002C
0014
0002
0002
0014
0014
0014
0026
00A5
0017
0027
0014
00A6
0002
0002
0014
0014
0014
0014
001F
001A
0015
001D
0014
0021
0014
0002
0002
0002
0002
0014
0023
00A7
001F
00A7
0020
0010
0002
0014
0014
0014
0014
0014
001C
0023
0025
0018
0014
001D
0014
0002
0002
0014
0014
0014
0020
001A
0017
0027
0014
001D
0014
0014
0014
0014
0014
0014
0010
00A7
0015
0018
0024
0017
0014
0014
0002
0014
0002
0002
0017
0025
0017
0027
0014
0019
0002
0014
0002
0014
0014
0014
0027
00A8
0029
0027
0014
00A9
0002
0014
0014
0014
0014
0014
0026
0146
0021
0026
0013
002E
0014
0002
0014
0014
0014
0002
0018
0146
0010
0014
0014
002E
0014
0014
0014
0014
0014
0002
0022
01AF
0021
0014
0014
017B
0002
0014
0002
0014
0014
0002
0032
0101
0148
0557
0014
0014
0037
0038
02B2
02F1
00AE
0111
00B0
02B5
0097
0014
01E4
03A3
0991
00B3
00B4
0057
0044
010F
0046
0014
00B7
0049
08B9
01EC
00BA
004D
0062
004F
0062
0051
0052
050F
0992
0055
0457
0057
00B6
036D
0157
0014
00C0
005B
06C7
03B9
0186
0251
0060
005F
00C9
0014
02BE
00C6
0993
0994
0067
0068
0069
006A
00C9
006C
03BC
0592
00CB
01C8
0071
00B5
0073
0074
027A
0014
0076
04BA
0338
0257
0223
007B
01FB
0578
007E
0014
007F
0080
0358
0855
0083
0084
043F
0515
0087
0051
008F
0089
0927
0995
0275
0047
0374
094A
0014
0014
008F
03AD
0996
0518
0138
0084
0376
0147
0014
0014
00E8
074E
0997
051A
0377
0002
0426
0780
0264
0006
0007
0008
051C
0173
000B
0661
000D
000E
00A4
0010
0011
0012
0014
0014
0012
0014
0002
0002
0014
0014
0014
00A7
047F
0025
0018
0014
002C
0002
0002
0014
0014
0014
0002
001A
001A
0021
001D
0018
0015
0014
0002
0002
0002
0002
0014
001A
001D
0017
001E
0020
001A
0002
0014
0014
0014
0014
0014
001C
0023
0017
001E
0014
0021
0014
0002
0014
0014
0014
0014
0021
001B
0025
0018
0014
0015
0014
0002
0014
0014
0002
0014
0023
001E
0015
0026
0024
0025
0014
0014
0002
0014
0002
0002
0017
001D
0010
0026
0014
00A7
0014
0014
0014
0014
0014
0014
0013
04C5
07C6
0014
0014
066C
0014
0014
0014
0014
0014
0014
0026
002B
0021
0027
0014
002E
0014
0002
0014
0014
0014
0002
0018
002B
0021
0027
0014
002E
0014
0014
0014
0014
0014
0002
0022
05BB
0021
0018
0014
017B
0014
0014
0014
0014
0014
0002
0032
0033
020A
0035
0014
0014
021C
0998
04A3
04C7
00AE
015A
0366
0035
0157
0014
063C
092B
05F9
026C
026D
0043
014E
0045
0046
0147
0037
05FB
040B
0999
00BA
0215
004E
0248
0075
0051
00C3
05FB
036B
096D
0275
0458
0058
0059
0050
0014
005A
099A
005C
07B8
00DA
005F
0060
0061
0097
0014
015B
034F
011D
08AE
03A9
0068
0069
021F
027A
006C
027B
099B
0604
02D9
04FE
00B5
0073
0125
0075
0014
0191
099C
0609
099D
0223
00D4
01FB
007D
0014
0014
0195
08EC
0226
06D7
0083
0169
099E
0086
0130
0014
0283
0610
041E
0868
0189
0111
099F
008E
0036
0014
0530
06CD
019E
092E
0138
0094
09A0
0096
0097
0014
03D8
09A1
0616
09A2
0001
0002
0003
0004
0005
0006
00F0
09A3
0009
0789
09A4
000C
06C1
03B1
01AC
0026
00F9
0019
0013
0014
002C
0014
0002
0002
0014
0014
0014
0015
001A
0017
0027
0014
0019
0014
0002
0014
0014
0002
0002
001F
001B
001C
001D
001E
0010
0002
0002
0014
0002
0002
0014
0023
0019
001F
00A7
0014
0010
0002
0014
0002
0014
0014
0014
0021
001A
0025
0022
0014
001D
0014
0002
0002
0014
0002
0014
001C
0023
0021
0022
0014
0017
0014
0002
0014
0002
0014
0014
0015
0019
0010
0022
0014
0015
0014
0014
0002
0002
0014
0002
0017
0025
0017
0027
0014
0019
0002
0014
0002
0014
0014
0002
0027
0028
00FC
0027
0014
002A
0002
0014
0014
0014
0014
0014
0026
00FE
0021
0026
0013
002C
0014
0014
0014
0014
0014
0014
0026
0268
002D
0014
0014
002E
0014
0014
0014
0002
0014
0014
0018
002F
0030
0014
0014
002C
0002
0014
0002
0014
0014
0014
0457
0101
0295
0481
0036
0014
00AC
09A5
08F7
07AA
02B4
003C
003D
00BF
0002
0014
00B1
09A6
0040
061E
00B4
0057
0044
010F
0110
0047
0185
0056
0299
029A
0186
004D
0752
004F
0050
0014
01BF
09A7
0155
0380
02D3
0057
00B6
036D
0002
0014
0158
0159
06C7
005D
0250
0251
0060
039F
0062
0014
0063
039D
00C7
0438
03BB
02C0
0069
006A
006B
0014
01C5
03BD
006F
03BE
0071
0072
00B6
0074
00D0
0014
0076
0077
0078
0079
01CA
007B
03D5
029E
007E
0014
0164
0357
01CC
06C8
012E
0084
0085
012F
0087
0051
008F
09A8
0622
0623
0032
0047
008D
040C
0014
0014
008F
09A9
0136
09AA
005E
0111
0095
039F
0014
0014
0098
09AB
009A
0625
0404
0002
0003
0004
03DA
0006
00F0
00F1
0407
000A
00A1
0267
01DE
0175
04E3
0010
001C
0012
0014
0014
001D
0014
0002
0002
0014
0014
0014
0015
001C
0025
0027
0014
0019
0002
0002
0014
0014
0002
0002
001A
0023
001C
001D
001E
0015
0014
0002
0014
0002
0002
0014
001C
001D
0021
001E
0020
001A
0002
0014
0002
0014
0014
0014
001D
001A
0017
001E
0014
0021
0014
0002
0014
0014
0002
0014
001C
0023
0021
0018
0014
0015
0014
0002
0014
0002
0002
0014
0023
001E
0010
0020
0014
0025
0014
0014
0014
0002
0002
0002
0017
001D
0010
0026
0014
00A7
0014
0014
0014
0014
0014
0002
0027
0028
01E0
0014
0014
002A
0002
0014
0014
0014
0014
0014
0026
0179
01E0
0027
0014
02EE
0014
0014
0014
0014
0014
0014
0018
0179
002D
0027
0014
00AA
0014
0014
0014
0002
0014
0014
0018
0177
0030
0018
0014
002C
0014
0014
0014
0014
0014
0014
0209
0033
020A
0035
0014
0014
044D
017E
05ED
06B1
003B
003C
04F3
0035
0002
0014
0773
01E5
093C
04F5
04F6
00B5
026E
014F
0110
0047
01E9
0325
034B
0848
0186
0215
004E
046F
0050
0051
04CC
0053
0217
058B
01EE
0117
0058
0059
0050
0014
005A
011A
01EF
06B7
0250
015A
06B8
0061
0097
0014
021C
05CC
0970
0906
0411
0414
0069
021F
027A
0014
00BE
0336
0220
0070
039D
0072
0352
029C
0075
0014
00BA
0417
0940
0418
00D3
007B
0419
0874
0014
0014
00BA
0302
0941
064A
012E
0111
0568
09AC
0130
0014
0283
0974
098A
041F
01FF
0111
09AD
008E
0036
0014
0530
0201
09AE
00E5
01C2
0094
09AF
0096
0097
0014
03D8
0203
09B0
0425
0747
0002
0341
09B1
0005
0006
0007
009F
0009
068C
01A9
00A2
050A
000E
01AC
0026
0145
0012
0013
0014
03B5
0014
0002
0002
0014
0014
0014
00A7
047F
0017
0018
0014
002E
0002
0014
0014
0014
0014
0002
001F
001B
0010
001D
0018
0017
0002
0002
0002
0002
0014
0014
001A
00A7
001F
0022
0014
0010
0002
0014
0014
0014
0014
0014
001C
0023
0025
0018
0014
0025
0014
0002
0002
0014
0014
0014
0021
001B
0017
0022
0014
0017
0014
0002
0014
0014
0014
0014
0010
0019
0015
0022
0024
0015
0014
0014
0002
0014
0002
0002
0017
0025
0017
0027
0014
0019
0002
0014
0002
0014
0014
0014
0013
01E0
0029
0027
0014
0240
0002
0014
0014
0014
0014
0014
0026
0146
0021
0026
0013
042E
0014
0002
0014
0014
0014
0002
0026
0146
0010
0014
0014
002E
0014
0014
0014
0014
0014
0002
0022
09B2
0021
0014
0014
017B
0002
0014
0002
0014
0014
0002
03C6
0101
0148
05B7
0036
0014
0037
05B4
02B2
061C
0243
015A
0482
02B5
0097
0014
003E
01B5
068E
0041
0042
0043
0044
0045
0046
0147
0048
0049
004A
004B
00BA
004D
0062
004F
0062
0014
0052
09B3
0946
05A1
0275
0057
0118
036D
0157
0014
0158
005B
01C0
005D
01C2
005F
0060
005F
0062
0014
0063
0064
0065
0066
0067
0068
0253
006A
006B
006C
006D
0534
006F
01C8
00CD
01F7
0073
0074
00D0
0014
00E0
04BA
0078
043D
007A
007B
01FB
012A
007E
0014
007F
0225
012C
05B9
0083
0084
043F
018E
0087
0051
008F
0089
05A2
0948
01D2
0047
04B4
025E
0014
0014
008F
0090
09B4
0624
0138
0084
09B5
0458
0014
0014
0098
0099
09B6
09B7
0626
0002
0235
0004
0264
07C4
0007
00F1
085B
000A
000B
0661
000D
000E
00A4
0010
001C
0012
0014
0014
001D
0014
0002
0002
0014
0014
0014
0015
001C
0025
0027
0014
001E
0002
0002
0014
0014
0002
0002
001A
0023
001C
001D
0026
0015
0014
0002
0014
0002
0002
0014
001C
001D
0021
001E
0020
001A
0014
0014
0014
0014
0014
0014
001D
0023
0017
001E
0014
0021
0014
0002
0014
0014
0002
0014
0021
0023
0021
0018
0014
0015
0014
0002
0014
0014
0002
0014
0023
001E
0010
0026
0014
0025
0014
0014
0014
0014
0002
0002
0017
001D
0010
0026
0014
00A7
0014
0014
0014
0014
0014
0002
0027
0207
01E0
0014
0014
0408
0014
0014
0014
0014
0014
0014
0026
0179
01E0
0027
0014
02EE
0014
0014
0014
0014
0014
0002
0018
0179
002D
0027
0014
002E
0014
0014
0014
0002
0014
0002
0022
03B4
0030
0018
0014
017B
0014
0014
0014
0014
0014
0002
0209
0033
020A
0035
0014
0014
021C
05F6
05ED
063B
00AE
003C
0108
0035
0002
0014
06CC
0349
040A
0951
010E
0043
026E
014F
0046
0047
0164
0049
040B
09B8
00BA
0215
004E
0248
0075
0051
0216
07B7
0217
09B9
01BF
0117
0058
0059
0050
0014
005A
05FD
005C
07B8
00DA
005F
0278
0061
0097
0014
017D
05CC
0493
09BA
052C
0414
0069
021F
027A
0014
0566
027C
015F
045D
0124
0072
04FF
06A3
0075
0014
0191
0647
09BB
05D1
0354
006C
0419
007D
0014
0014
0195
09BC
08ED
06D7
0083
0169
0568
060F
0130
0014
0283
09BD
041E
0868
008C
0111
0287
008E
0036
0014
0530
09BE
0422
09BF
0093
0094
0423
0096
0097
0014
03D8
0956
0424
09C0
0001
0002
0311
02A9
0005
0006
00F0
0553
0009
0958
0449
000C
061A
066B
01AC
0026
0145
001D
0013
0014
03B5
0014
0002
0014
0014
0014
0014
0026
0959
0017
0018
0014
002C
0002
0002
0014
0014
0014
0002
001F
001B
0015
00A7
001E
0010
0002
0002
0002
0002
0014
0014
001A
0019
001F
00A7
0014
0010
0002
0014
0002
0014
0014
0014
001C
001A
0025
0014
0014
0025
0014
0002
0002
0014
0002
0014
001C
001B
0017
0022
0014
0017
0014
0002
0014
0002
0014
0014
0021
0019
0015
0022
0024
0015
0014
0014
0002
0002
0002
0002
0017
0025
0017
0027
0014
0019
0002
0014
0002
0014
0014
0002
0027
00A8
0029
0027
0014
00A9
0002
0014
0014
0014
0014
0014
0026
0146
0021
0026
0013
002E
0014
0002
0014
0014
0014
0014
0026
0146
0010
0014
0014
002E
0014
0014
0014
0014
0014
0014
0018
02AE
0021
0014
0014
002C
0002
0014
0002
0014
0014
0002
0214
0101
0148
0481
0036
0014
00AC
044E
02B2
061C
02B4
0111
08A7
02B5
0036
0014
003E
020F
06C3
061E
00B4
0057
0044
0045
01E8
0111
0048
0056
01EB
029A
0186
004D
01E8
004F
0050
0014
01BF
0396
0155
0380
0385
0057
00B6
036D
0014
0014
0158
0159
06C7
005D
0250
0251
0060
00AB
0062
0014
0063
0064
0350
0438
0067
0068
0253
006A
006B
006C
006D
006E
006F
03BE
00CD
01F7
0073
0074
00D0
0014
0076
0077
0078
0079
007A
007B
01FB
029E
007E
0014
0164
0225
012C
05B9
012E
0084
02A1
018E
0087
0051
008F
09C1
05A2
065E
0209
0047
09C2
025E
0014
0014
008F
095D
095E
09C3
006D
0111
09C4
039F
0014
0014
0098
0961
09C5
09C6
