// Healthy Ranges — Index Table (level 1 of two-level lookup)
// Addr = node_idx * 279 + feature_idx  (15 bits)
// Data = pair_id (12 bits, stored as 16-bit)
// Depth: 27621 (99 nodes x 279 features)
// Populated: 27621, Unique pairs: 2134 (incl. sentinel at id=0)
//
0001
0002
0003
0004
0005
0006
0007
0008
0009
000A
000B
000C
000D
000E
000F
0010
0011
0012
0013
0014
0015
0014
0002
0002
0014
0014
0014
0016
0017
0018
0019
0014
001A
0002
0002
0014
0002
0002
0002
001B
001C
001D
001E
001F
0016
0002
0002
0002
0002
0002
0014
001B
001E
0020
001F
0021
001B
0002
0014
0002
0014
0014
0014
001D
001B
0022
001F
0014
0022
0014
0002
0002
0014
0002
0014
001D
001C
0022
0023
0014
0016
0014
0002
0014
0002
0002
0014
0024
001A
0016
0023
0025
0016
0014
0014
0002
0002
0002
0002
0018
0012
0010
0026
0014
001A
0002
0014
0002
0014
0014
0002
0027
0028
0016
0027
0014
0029
0002
0014
0014
0014
0014
0014
0026
002A
0022
0027
0014
002B
0014
0002
0014
0014
0014
0002
0019
002C
002D
0027
0014
002E
0014
0014
0014
0002
0014
0002
0023
002F
0030
0027
0014
002B
0014
0014
0014
0014
0014
0002
0031
0032
0033
0034
0035
0014
0036
0037
0038
0039
003A
003B
003C
0034
0002
0014
003D
003E
003F
0040
0041
0042
0043
0044
0045
0046
0047
0048
0049
004A
004B
004C
004D
004E
004F
0050
0051
0052
0053
0054
0055
0056
0057
0058
004F
0014
0059
005A
005B
005C
005D
005E
005F
0060
0061
0014
0062
0063
0064
0065
0066
0067
0068
0069
006A
006B
006C
006D
006E
006F
0070
0071
0072
0073
0074
0014
0075
0076
0077
0078
0079
007A
007B
007C
007D
0014
007E
007F
0080
0081
0082
0083
0084
0085
0086
0014
0087
0088
0089
008A
008B
008C
008D
008E
0035
0014
008F
0090
0091
0092
0093
0094
0095
0096
0097
0014
0098
0099
009A
009B
0001
0002
009C
009D
009E
0006
0007
009F
0009
00A0
00A1
00A2
00A3
000E
00A4
0010
0011
001A
0013
0014
0015
0014
0002
0002
0014
0014
0014
0026
00A5
0015
0019
0014
00A6
0002
0014
0014
0002
0014
0002
001B
0024
001D
001E
0019
0010
0014
0002
0014
0002
0002
0014
001B
001E
0016
001F
0014
001B
0002
0014
0014
0014
0014
0014
0022
0024
0012
001F
0014
0022
0014
0002
0014
0014
0014
0014
001D
001C
0022
0023
0014
0016
0014
0002
0014
0014
0002
0014
0024
00A7
0016
0019
0025
0012
0014
0014
0002
0002
0002
0002
0012
001E
0010
0027
0014
00A7
0014
0014
0014
0014
0014
0002
0013
00A8
0016
0014
0014
00A9
0002
0014
0014
0014
0014
0014
0026
002A
0012
0013
0014
00AA
0014
0002
0014
0014
0014
0014
0019
002C
002D
0014
0014
002E
0014
0014
0014
0014
0014
0014
0023
00AB
0030
0014
0014
002B
0014
0014
0014
0014
0014
0002
0031
0032
0033
00AC
0035
0014
00AD
0037
00AE
0039
00AF
00B0
00B1
0034
0035
0014
00B2
003E
00B3
00B4
00B5
00B6
00B7
0044
0045
0046
00B8
0048
00B9
00BA
00BB
004C
00BC
00BD
0074
0014
00BE
0052
0053
0054
00BF
0056
0057
00C0
004F
0014
00C1
005A
00C2
00C3
004B
008C
00C4
00C0
0061
0014
0062
00C5
00C6
00C7
0066
0067
0068
0069
00C8
006B
006C
00C9
00CA
00CB
00CC
00CD
00CE
0073
00CF
0014
00D0
0076
0077
00D1
00D2
00D3
00D4
007C
0014
0014
00BB
007F
00D5
00D6
004B
00D7
00D8
0085
0086
0014
008F
00D9
0089
00DA
00DB
008C
00DC
008E
0014
0014
008F
00DD
00DE
00DF
0093
0094
00E0
00E1
0014
0014
0098
00E2
00E3
00E4
00E5
0002
00E6
00E7
00E8
0006
00E9
00EA
00EB
00EC
00ED
00EE
00EF
00F0
00F1
0019
002C
0012
0014
0014
00F2
0014
0014
0002
0014
0014
0014
0016
00F3
0018
0027
0014
001A
0002
0002
0014
0014
0002
0002
0024
001C
0016
001E
001F
0016
0002
0002
0002
0002
0002
0014
001D
001E
0020
0023
0021
0010
0002
0014
0002
0014
0014
0014
001D
001B
0022
0023
0014
0015
0014
0002
0002
0014
0002
0014
0022
001C
0018
0027
0014
001E
0014
0014
0014
0002
0014
0014
0016
001A
0010
0023
0014
0016
0014
0014
0014
0014
0002
0002
0018
0012
0018
0026
0014
001A
0002
0014
0002
0014
0014
0002
0027
00F4
00F5
0027
0014
00F6
0002
0014
0014
0014
0014
0014
0026
00F7
0022
0027
0014
00F2
0014
0014
0014
0014
0014
0002
0019
00F8
0022
0027
0014
002E
0014
0014
0014
0002
0014
0002
0019
002F
0022
0027
0014
002E
0014
0014
0014
0014
0014
0002
00F9
00FA
00FB
0034
0014
0014
00FC
00FD
00FE
00FF
0100
003B
0101
0102
0002
0014
0103
0104
0105
0106
0107
0042
0043
0108
0109
00B0
0047
0055
0049
004A
010A
010B
004D
004E
004F
0050
0051
010C
010D
010E
0055
010F
0110
0058
0002
0014
0111
0112
005B
0113
005D
005E
005F
0060
00C8
0014
0114
0063
0115
0065
0116
0117
0118
0119
006A
0014
011A
011B
011C
011D
011E
0071
0072
011F
0074
0014
0120
0121
0122
0123
0079
007A
007B
0124
007D
0014
007E
0125
0126
0127
0128
0083
0084
0129
0097
0014
0087
012A
012B
012C
0031
0046
008D
012D
0035
0014
012E
0090
012F
0130
0131
00B0
0095
0096
0097
0014
0132
0099
0133
0134
0001
0002
0003
009D
0135
0006
0007
0136
0009
000A
000B
0137
000D
000E
00A4
0010
00F3
001E
0013
0014
001E
0014
0002
0002
0014
0014
0014
0016
00F3
0012
0027
0014
001A
0002
0002
0014
0002
0002
0002
001B
001B
001D
001E
001F
0022
0014
0002
0002
0002
0002
0014
001D
001E
0018
001F
0021
001B
0002
0014
0014
0014
0014
0014
001D
001B
0012
001F
0014
0022
0014
0002
0014
0014
0002
0014
001D
001C
0022
0023
0014
0016
0014
0002
0014
0014
0014
0014
0016
00A7
0010
0021
0014
0016
0014
0014
0002
0014
0002
0002
0012
001E
0018
0026
0014
0023
0014
0014
0014
0014
0014
0002
0014
0138
0139
0014
0014
0029
0002
0014
0014
0014
0014
0014
0026
002C
0022
0013
0014
00F2
0014
0002
0014
0014
0014
0014
0026
002C
0022
0014
0014
002E
0014
0014
0014
0002
0014
0014
0023
002F
0022
0014
0014
00AA
0014
0014
0014
0014
0014
0014
013A
0032
013B
013C
0035
0014
00FC
0037
013D
013E
003A
003B
013F
0034
0140
0014
0141
0142
0143
0144
0041
0042
0145
0146
0045
00B0
0047
0055
0147
0148
0149
014A
00BC
014B
0074
0050
014C
0052
014D
014E
0051
0056
0057
0102
004F
0014
0059
005A
014F
0150
0151
005E
005F
0096
0061
0014
0152
0153
0154
0155
0116
0067
0068
0156
0002
0014
011A
006D
0157
0158
011E
0071
0072
0073
0074
0014
0075
0076
0077
0159
015A
0014
007B
015B
0014
0014
00BB
015C
015D
015E
0128
0083
015F
0085
0086
0014
0160
0161
0162
0163
008B
0046
0164
008E
0014
0014
0165
0166
0167
00DF
0168
0094
0169
0096
0014
0014
0098
016A
016B
016C
016D
0002
016E
016F
0005
0006
00E9
0008
0170
0171
0172
0173
0174
0175
0176
0019
0177
0012
0014
0014
0178
0014
0002
0002
0014
0014
0014
0026
00A5
0018
0019
0014
00A6
0002
0002
0014
0014
0014
0002
0022
001C
0016
00A7
0019
0016
0002
0002
0014
0002
0014
0014
001B
001F
0020
00A7
0014
0010
0002
0014
0002
0014
0014
0014
0022
0024
0022
0019
0014
0012
0014
0002
0002
0014
0002
0014
0021
001C
0018
0013
0014
001E
0014
0002
0014
0002
0002
0014
0024
001A
0016
0023
0025
0016
0014
0014
0002
0002
0002
0002
0018
0012
0010
0027
0014
001A
0002
0014
0002
0014
0014
0014
0027
0179
0016
0027
0014
002B
0002
0014
0014
0014
0014
0014
0026
002A
0022
0027
0014
00AA
0014
0002
0014
0014
0014
0002
0019
00F7
002D
0027
0014
002E
0014
0014
0014
0014
0014
0002
0019
00AB
0030
0027
0014
00F2
0014
0014
0014
0014
0014
0002
0149
00FA
017A
0034
0014
0014
00AD
017B
0038
017C
017D
00B0
017E
017F
0002
0014
0180
0181
0182
00B4
0183
00B6
0043
0044
0184
0046
00B8
0048
0185
0186
004B
004C
004D
004E
004F
0014
0187
0188
0189
018A
018B
018C
00B7
0058
018D
0014
018E
018F
0190
0191
0192
0193
005F
0060
0097
0014
0194
0195
0196
0197
0066
0198
0199
0069
006A
006B
006C
019A
006E
019B
019C
019D
00B7
019E
00CF
0014
019F
0121
01A0
01A1
01A2
007A
01A3
01A4
007D
0014
007E
01A5
01A6
0127
01A7
00D7
01A8
01A9
0097
0014
0087
0088
01AA
01AB
01AC
008C
01AD
00BD
0035
0014
01AE
0090
01AF
0130
005D
0046
01B0
005E
0097
0014
01B1
01B2
01B3
009B
01B4
0002
01B5
0004
01B6
0006
0007
01B7
01B8
01B9
000B
000C
01BA
000E
01BB
0019
01BC
001A
0014
0014
0178
0014
0002
0002
0014
0014
0014
0016
0017
0018
0019
0014
001A
0002
0014
0014
0014
0014
0002
001B
0020
001D
00A7
001F
0016
0014
0014
0014
0002
0002
0014
001B
001E
0016
001F
0014
0010
0002
0014
0014
0014
0014
0014
0019
01BD
00A7
0023
0014
0139
0014
0002
0002
0014
0002
0014
001D
001C
0022
0023
0014
0016
0014
0002
0014
0014
0002
0014
0024
001A
0016
0021
0025
0018
0014
0014
0014
0014
0002
0002
0018
0012
0010
0027
0014
001A
0002
0014
0014
0014
0014
0014
0027
00F4
01BE
0027
0014
00F6
0002
0014
0014
0014
0014
0014
0026
00F7
0022
0027
0014
01BF
0014
0002
0014
0014
0014
0014
0026
00F7
002D
0027
0014
01C0
0014
0014
0014
0002
0014
0014
0019
00AB
0030
0027
0014
002E
0014
0014
0014
0014
0014
0014
0031
00FA
01C1
003B
0014
0014
0036
0037
01C2
01C3
01C4
003B
01C5
00C0
0002
0014
00B2
01C6
003F
0040
0041
0042
01C7
0044
0184
0046
00B8
0048
01C8
01C9
00BB
004C
01CA
010B
004F
0014
0187
01CB
01CC
0054
00DB
008C
01CD
01CE
0140
0014
0059
005A
01CF
01D0
01D1
005E
01D2
0060
0061
0014
0062
00C5
01D3
01D4
0066
0058
0068
0069
01D5
006B
006C
01D6
006E
01D7
0070
0071
0072
01D8
01D5
0014
0120
0121
01D9
0123
015A
007A
007B
01DA
007D
0014
00BB
01DB
01DC
01DD
0082
00B0
01DE
0119
0097
0014
01DF
01E0
01E1
01E2
011A
01E3
01E4
00BD
0035
0014
01E5
01E6
01E7
01E8
0093
00B0
01E9
0096
0097
0014
01EA
01EB
00E3
00E4
01EC
0002
01ED
01EE
01EF
0006
00E9
01F0
0009
01F1
01F2
01F3
01F4
01F5
000F
0010
00F3
0012
0013
0014
001F
0014
0014
0014
0014
0014
0014
0026
002A
001E
0014
0014
002E
0014
0002
0014
0002
0002
0014
0023
01F6
0022
001E
0014
00F4
0002
0002
0002
0002
0014
0014
0024
001E
0020
0023
0021
001B
0014
0014
0002
0014
0014
0014
001D
0016
0022
001F
0014
0022
0014
0002
0014
0014
0002
0014
0021
01F7
001A
0019
0014
002B
0014
0002
0014
0002
0014
0014
0010
001F
0010
0023
0014
0016
0014
0014
0002
0002
0002
0002
0018
001E
0018
0026
0014
0023
0014
0014
0002
0014
0014
0002
0014
00A8
0018
0014
0014
00A9
0002
0014
0014
0014
0014
0014
0026
002A
0022
0013
0014
00AA
0014
0002
0014
0014
0014
0002
0019
002C
0012
0013
0014
002E
0014
0014
0014
0014
0014
0002
0023
002F
0015
0014
0014
002B
0014
0014
0014
0014
0014
0002
01F8
0032
01F9
0034
0035
0014
01E5
01FA
01FB
01FC
01FD
00B0
01FE
0034
0014
0014
01FF
0142
0200
0201
0202
0203
0204
017F
0045
0014
0062
0205
0206
0207
0208
0209
004D
004E
0061
0050
020A
020B
020C
020D
020E
0056
020F
0058
004F
0014
0210
018F
0211
0212
0192
0083
0213
00C0
0097
0014
0114
0063
0214
0215
0216
0067
0068
0217
006A
0014
0218
0219
021A
006F
021B
019D
00B7
0073
0074
0014
00DB
0076
021C
021D
021E
0014
01A3
007C
0014
0014
007E
021F
0220
0081
0128
0083
0221
0085
0086
0014
0087
0222
0089
008A
008B
008C
0223
008E
0035
0014
0165
0090
0091
0092
0168
0094
0224
0056
0014
0014
0098
0225
0226
0227
0228
0002
01B5
0004
01B6
0006
0007
01B7
01B8
0229
022A
022B
022C
000E
022D
0019
01BC
001A
0014
0014
0178
0014
0002
0002
0014
0014
0014
0016
0017
0018
0019
0014
001A
0002
0014
0014
0014
0002
0002
001B
0020
001D
001E
001F
0016
0014
0002
0002
0002
0002
0014
001B
001E
0016
001F
0014
0010
0002
0014
0014
0014
0014
0014
0019
001B
001E
0023
0014
0012
0014
0002
0002
0014
0002
0014
001D
001C
0022
0027
0014
0016
0014
0002
0014
0014
0002
0014
0024
00A7
0016
0021
0025
0018
0014
0014
0002
0014
0002
0002
0018
0012
0010
0027
0014
001A
0002
0014
0014
0014
0014
0002
0027
00F4
01BE
0027
0014
00F6
0002
0014
0014
0014
0014
0014
0026
00F7
0022
0027
0014
01BF
0014
0002
0014
0014
0014
0014
0019
00F7
0022
0027
0014
01C0
0014
0014
0014
0002
0014
0014
0019
00AB
0022
0027
0014
002E
0014
0014
0014
0014
0014
0014
0031
00FA
022E
013C
0014
0014
022F
0037
01C2
0230
017D
003B
01C5
00C0
0002
0014
00B2
01C6
003F
0040
0041
0042
01C7
0044
0109
00B0
00B8
0231
0232
0233
00BB
004C
01CA
010B
004F
0014
0187
0234
01CC
0235
00DB
008C
0057
0236
0140
0014
0111
005A
0237
0238
01D1
005E
0239
0060
0140
0014
0062
023A
023B
023C
0066
0117
0068
0069
01D5
006B
006C
023D
023E
01D7
023F
0071
0240
0241
00CF
0014
0120
0121
0242
0123
0243
007A
0244
01DA
007D
0014
0245
007F
0246
01DD
0082
00B0
01DE
0119
0097
0014
01DF
0247
01E1
01E2
011A
00B0
0164
00BD
0035
0014
01E5
01E6
01E7
01E8
0131
00B0
01E9
0096
0097
0014
01EA
01EB
00E3
00E4
0001
0002
01ED
0248
01EF
0006
00E9
01F0
0009
0249
024A
00EE
024B
01F5
000F
0010
00F3
0012
0013
0014
001F
0014
0014
0014
0014
0014
0014
0026
002A
001E
0014
0014
002E
0014
0002
0014
0002
0014
0014
00A7
01F6
0022
001E
0026
00F4
0002
0002
0014
0002
0014
0014
0024
001E
0020
0023
0021
001B
0014
0014
0002
0014
0014
0014
001D
0016
0022
001F
0014
0022
0014
0002
0014
0014
0002
0014
0026
01F7
001A
0023
0014
00F5
0014
0002
0014
0002
0014
0014
0010
001A
0010
0023
0014
0016
0014
0014
0014
0002
0002
0002
0012
001E
0018
0026
0014
0023
0014
0014
0002
0014
0014
0002
0014
00A8
0018
0014
0014
00A9
0002
0014
0014
0014
0014
0014
0026
002A
0022
0013
0014
00AA
0014
0002
0014
0014
0014
0002
0019
002C
002D
0013
0014
002E
0014
0014
0014
0014
0014
0002
0023
002F
0030
0014
0014
002B
0014
0014
0014
0014
0014
0002
01F8
0032
024C
0034
0035
0014
01AE
01FA
024D
024E
01FD
00B0
024F
0034
0014
0014
01FF
0142
0200
0201
0202
0203
0250
0060
0045
0046
0062
0205
0251
0252
0208
0209
004D
004E
0061
0050
020A
0253
0254
020D
020E
0056
0255
0058
004F
0014
0210
018F
0256
0212
0192
0083
0257
00C0
0061
0014
0114
0063
0258
0259
0216
0067
0068
0217
006A
0014
0218
006D
025A
006F
025B
00CD
0072
0073
0074
0014
00DB
0076
0077
021D
0079
0014
025C
007C
0014
0014
025D
025E
0220
0081
0128
0083
0221
0085
0086
0014
0087
0222
0089
008A
008B
008C
025F
008E
0035
0014
0165
0090
0091
0092
0093
0094
0260
0261
0014
0014
0098
0225
0226
0227
0262
0002
016E
00E7
0005
0006
0007
01F0
0009
00EC
0263
01F3
0264
000E
0265
0026
0177
0012
0013
0014
00F2
0014
0002
0002
0014
0014
0014
0016
0017
0018
0027
0014
001A
0002
0002
0014
0014
0002
0014
0024
001B
0016
001E
001F
0010
0002
0002
0014
0002
0014
0014
0024
001A
0020
00A7
0014
0010
0002
0014
0002
0014
0014
0014
001D
001B
0022
0019
0014
0015
0014
0002
0002
0014
0002
0014
001D
001B
0018
0027
0014
001E
0014
0014
0014
0002
0002
0014
0024
001A
0016
0023
0025
0016
0014
0014
0002
0014
0002
0002
0018
0012
0010
0026
0014
001A
0014
0014
0014
0014
0014
0002
0027
0028
0016
0027
0014
00F6
0002
0014
0014
0014
0014
0014
0026
002A
0022
0013
0014
002B
0014
0002
0014
0014
0014
0002
0019
002C
0018
0013
0014
002E
0014
0014
0014
0014
0014
0002
0023
00AB
0012
0014
0014
00AA
0014
0014
0014
0014
0014
0002
0149
00FA
0266
0034
0035
0014
00AD
017B
0267
0268
0269
003B
003C
017F
0002
0014
026A
026B
026C
026D
0202
026E
00B7
0108
0045
00B0
00B8
0048
026F
0270
004B
0209
004D
004E
004F
0014
0187
010C
0271
010E
0272
0056
00B7
0058
018D
0014
018E
0273
0274
0191
0192
0193
00C4
0060
0035
0014
00AD
00C5
0196
00C7
0275
0067
0199
0217
006A
006B
006C
011B
025A
011D
0276
0071
0072
0073
0074
0014
0075
0076
0277
0278
015A
007A
007B
0069
007D
0014
007E
007F
0246
0279
0082
00D7
0084
027A
0086
0014
0087
0088
01AA
01AB
020A
008C
008D
00BD
0035
0014
0160
027B
01AF
0130
0131
0083
0095
00E1
0014
0014
0059
027C
01B3
027D
0001
0002
01ED
009D
0135
027E
00E9
027F
0170
0280
000B
000C
000D
0281
0282
0010
001B
001E
0014
0014
0015
0014
0002
0002
0014
0014
0014
00A7
0283
0012
0019
0014
00F2
0002
0002
0014
0002
0014
0002
001B
001C
001D
00A7
0019
0016
0014
0002
0002
0002
0002
0014
001B
001E
0016
001F
0021
001B
0002
0014
0014
0014
0014
0014
0022
001D
0012
001F
0014
0022
0014
0002
0014
0014
0002
0014
0022
001C
0022
0023
0014
0016
0014
0002
0014
0014
0014
0014
0022
00A7
0010
0021
0014
0016
0014
0014
0002
0002
0002
0002
0015
0015
0018
0013
0014
00A7
0002
0014
0002
0014
0014
0002
0014
0284
0139
0014
0014
0285
0002
0014
0014
0014
0014
0014
0026
0286
00F4
0027
0014
002E
0014
0014
0014
0014
0014
0014
0026
0286
0287
0027
0014
002E
0014
0014
0014
0002
0014
0014
0026
002F
0030
0027
0014
00F2
0014
0014
0014
0014
0014
0014
013A
0032
0033
0236
0014
0014
012E
0037
00AE
0039
00AF
0288
0289
0034
018D
0014
003D
0142
028A
0040
0041
0042
0043
0044
004F
0046
0047
028B
0049
004A
0149
004C
00BC
014B
0074
0050
028C
0052
0053
0054
0051
0032
0057
028D
004F
0014
0059
005A
028E
028F
0151
005E
005F
0096
0061
0014
0062
0063
0290
0065
0291
0117
0068
0069
0002
0014
011A
0292
023E
0293
0070
0294
00B7
011F
007D
0014
0295
0121
0296
0078
01A2
0014
0297
0298
0014
0014
00BB
0299
0220
0081
0128
0083
029A
029B
0097
0014
029C
029D
029E
0163
029F
0046
02A0
02A1
0035
0014
0216
02A2
02A3
02A4
0093
0094
02A5
0096
0097
0014
01EA
0099
00E3
0134
0001
0002
0003
016F
0005
0006
0007
00EA
0009
02A6
000B
02A7
02A8
000E
01BB
0026
0177
0012
0014
0014
0285
0014
0002
0002
0014
0014
0014
0016
0017
0027
0019
0014
001A
0002
0002
0014
0002
0014
0014
0020
001B
0018
001E
0026
0016
0014
0002
0002
0002
0002
0014
001B
001F
0020
0023
0021
0010
0002
0014
0002
0014
0014
0014
001D
0024
0022
0019
0014
0012
0014
0002
0014
0014
0002
0014
0022
001C
001A
0023
0014
0016
0014
0002
0014
0002
0014
0014
0010
00A7
0016
0019
0025
0012
0014
0014
0002
0014
0002
0002
0018
001E
0018
0027
0014
0023
0014
0014
0002
0014
0014
0002
0027
0028
0016
0014
0014
02A9
0014
0014
0014
0014
0014
0014
0026
002A
0022
0027
0014
002B
0014
0002
0014
0014
0014
0002
0019
002C
002D
0027
0014
002E
0014
0014
0014
0014
0014
0002
0023
00AB
0030
0027
0014
00AA
0014
0014
0014
0014
0014
0002
0031
00FA
02AA
00AC
0014
0014
01E5
02AB
02AC
017C
003A
003B
003C
02AD
0002
0014
02AE
003E
003F
0040
0041
0042
0043
0044
0045
0046
00B8
0048
0049
004A
004B
004C
0061
004E
007D
0050
02AF
0052
02B0
0054
0055
0056
0057
028D
018D
0014
00C1
02B1
028E
02B2
005D
005E
005F
00AC
0061
0014
02B3
00C5
0064
0065
0066
0067
0068
0069
01D5
006B
006C
006D
02B4
02B5
0070
0071
0072
0073
007D
0014
00DB
0076
0077
021D
02B6
007A
007B
02B7
0014
0014
007E
021F
02B8
0127
02B9
0083
0084
01A9
0086
0014
0087
0088
01AA
01AB
00DB
008C
008D
00BD
0035
0014
008F
02BA
02BB
02BC
0093
0083
0095
02BD
0097
0014
0098
016A
02BE
02BF
02C0
0002
01B5
02C1
02C2
0006
00E9
02C3
02C4
0280
02C5
02C6
02C7
02C8
000F
0010
001D
0015
0013
0014
001A
0014
0002
0002
0014
0014
0014
0026
02C9
02CA
0014
0014
00A6
0002
0014
0014
0014
0002
0002
001B
001C
001D
001E
001F
0010
0002
0002
0014
0002
0002
0014
001D
001E
0016
001F
0014
001B
0002
0014
0014
0014
0014
0014
0015
001B
0018
001F
0014
0022
0014
0002
0002
0014
0002
0014
001D
001C
0022
0019
0014
001A
0014
0002
0014
0014
0002
0014
0024
001A
0010
0023
0014
0016
0014
0014
0014
0002
0002
0002
0018
0012
0010
0026
0014
001A
0002
0014
0014
0014
0014
0002
0027
0284
00F4
0027
0014
0285
0002
0014
0014
0014
0014
0014
0026
00F7
0022
0013
0014
01C0
0014
0014
0014
0014
0014
0014
0026
00F8
0022
0014
0014
01C0
0014
0014
0014
0002
0014
0014
0019
02CB
0022
0014
0014
00F2
0014
0014
0014
0014
0014
0014
0183
0032
02CC
0034
0035
0014
0036
02CD
02CE
02CF
02D0
02D1
02D2
02D3
0014
0014
02D4
0104
02D5
02D6
02D7
00B6
0145
02D8
0109
00B0
0047
028B
02D9
02DA
02DB
02DC
004D
010B
004F
0014
0051
02DD
02DE
02DF
01F8
02E0
02E1
0058
004F
0014
0111
00D2
02E2
005C
02E3
008C
005F
0060
0097
0014
02E4
0063
02E5
02E6
0116
0198
0045
02E7
006A
0014
00BF
023D
02E8
02E9
0276
019D
0240
01D8
0074
0014
0202
02EA
01A0
02EB
01A2
007A
02EC
015B
007D
0014
00BB
01A5
0080
02ED
0128
00B0
02EE
0085
0097
0014
02EF
02F0
02F1
02F2
0031
01E3
02F3
008E
0014
0014
02F4
02F5
02F6
02A4
02F7
0094
02F8
0096
0014
0014
01EA
02F9
02FA
009B
02FB
0002
01B5
0004
02FC
0006
0007
009F
01B8
000A
000B
02FD
000D
000E
02FE
0010
001B
001A
0014
0014
0015
0014
0002
0002
0014
0014
0014
0016
00F3
0018
0019
0014
001A
0002
0014
0014
0014
0002
0002
001B
00A7
001D
001E
001F
0016
0014
0014
0014
0002
0002
0014
001B
001E
0016
001F
0014
0010
0002
0014
0014
0014
0014
0014
001F
001B
001A
001F
0014
0022
0014
0002
0002
0014
0002
0014
001D
001C
0022
0023
0014
0016
0014
0002
0014
0014
0002
0014
0024
001A
0010
0021
0014
0018
0014
0014
0002
0014
0002
0002
0012
0012
0010
0027
0014
001A
0002
0014
0014
0014
0014
0002
0027
00F4
00F4
0027
0014
00F6
0002
0014
0014
0014
0014
0014
0026
00F7
0022
0027
0014
01BF
0014
0014
0014
0014
0014
0002
0019
00F8
002D
0027
0014
002E
0014
0014
0014
0002
0014
0002
0023
02FF
0030
0027
0014
00AA
0014
0014
0014
0014
0014
0002
006C
0032
0033
013C
0014
0014
0036
0037
00AE
0039
003A
003B
0101
0034
0002
0014
0300
01C6
003F
0040
0041
0042
0240
0044
0045
0046
00B8
0048
0301
0302
0303
004C
00BC
004E
004F
0014
0187
01CB
0053
0054
020A
008C
0057
0102
004F
0014
0059
005A
0304
0305
01D1
005E
0306
0060
0061
0014
0114
00C5
0307
0308
0291
0117
0068
0069
01D5
0014
006C
01D6
0309
030A
0070
0071
0072
0241
00CF
0014
0120
030B
030C
0123
015A
007A
007B
030D
007D
0014
0120
030E
0080
02ED
0082
00B0
01DE
0085
0097
0014
01DF
01E0
029E
030F
008B
00B0
01E4
008E
0035
0014
01E5
0310
02A3
0311
0093
0094
01E9
0096
0097
0014
01EA
01EB
0312
00E4
01EC
0002
01ED
01EE
01EF
0006
00E9
01F0
0009
0313
01F2
02A7
0314
0315
0316
0026
0177
0012
0013
0014
00F2
0014
0002
0014
0014
0014
0014
0026
0317
001F
0014
0014
002E
0014
0002
0014
0002
0014
0014
00A7
0318
0022
0013
0014
00F4
0002
0002
0002
0002
0014
0014
0024
001F
0020
00A7
0021
001B
0014
0014
0002
0014
0014
0014
001D
0016
0022
0014
0014
001E
0014
0002
0014
0014
0002
0014
0026
0319
001A
0019
0014
002B
0014
0002
0014
0002
0014
0014
0010
001F
0016
0023
0025
0016
0014
0014
0002
0002
0002
0002
0018
001E
0018
0026
0014
0023
0014
0014
0002
0014
0014
0002
0013
00A8
0016
0014
0014
00A9
0002
0014
0014
0014
0014
0014
0026
031A
0022
0013
0014
00AA
0014
0002
0014
0014
0014
0014
0019
031B
0012
0013
0014
002E
0014
0014
0014
0014
0014
0014
0026
00AB
0015
0014
0014
00F2
0014
0014
0014
0014
0014
0002
031C
031D
031E
0034
0035
0014
01E5
01FA
0267
0268
00F9
00B0
01FE
031F
0014
0014
003D
0142
0320
0321
0183
0203
0204
0322
0035
0014
0047
0205
0323
0324
00BF
0325
004D
00BD
0061
0050
020A
020B
0326
0327
023A
0056
0328
0058
0014
0014
0210
0329
032A
032B
0031
0083
00FB
031F
0097
0014
0062
0063
032C
032D
032E
0067
0068
0241
006A
006B
0218
0219
00CA
006F
021B
019D
00B7
0073
0074
0014
00DB
0076
021C
021D
021E
00D3
01A3
01A4
0014
0014
007E
007F
02B8
032F
0330
0083
0221
027A
0086
0014
0087
0331
01AA
01AB
013A
008C
0332
0333
0035
0014
0165
0334
02BB
0130
006C
0046
0335
0261
0014
0014
0098
02F9
0336
0227
0337
0002
01B5
016F
0005
0006
0007
0338
0339
000A
000B
02A7
000D
000E
02FE
0010
0011
0012
0014
0014
0015
0014
0002
0002
0014
0014
0014
0016
0017
001E
0019
0014
001A
0002
0002
0014
0014
0014
0014
0024
001B
0016
001E
0014
0018
0014
0002
0002
0002
0002
0014
001B
001E
0020
0026
0014
001F
0002
0014
0002
0014
0014
0014
001D
0024
0022
001F
0014
0022
0014
0002
0014
0014
0002
0014
0022
001B
0015
0023
0014
0016
0014
0002
0014
0002
0014
0014
0010
00A7
0016
0019
0025
0019
0014
0014
0002
0014
0002
0014
0018
0012
0018
0027
0014
001A
0014
0014
0002
0014
0014
0014
0027
0028
0016
0014
0014
00F6
0002
0014
0014
0014
0014
0014
0026
002A
0022
0013
0014
002B
0014
0002
0014
0014
0014
0002
0019
002C
0012
0013
0014
002E
0014
0014
0014
0014
0014
0002
0023
002F
0015
0014
0014
00AA
0014
0014
0014
0014
0014
0002
0031
0032
0033
033A
0014
0014
01E5
033B
00AE
0039
003A
003B
003C
0034
0002
0014
00B2
01C6
003F
0040
0041
0042
0043
0044
0045
0014
00B8
0048
0049
004A
004B
004C
00BC
004E
0086
0014
02AF
033C
0053
0054
0055
0056
0057
028D
004F
0014
00C1
02B1
014F
02B2
005D
005E
005F
0060
0061
0014
0062
00C5
0064
0065
0066
0067
0068
0069
01D5
006B
006C
033D
033E
033F
0070
0071
0072
0073
01D5
0014
00DB
0340
021C
0341
015A
007A
007B
007C
0014
0014
025D
0342
0080
0081
0082
00D7
0084
0085
0086
0014
0087
0088
0089
008A
008B
008C
008D
008E
0035
0014
008F
0310
0091
0092
0131
0094
0095
005E
0014
0014
0098
01EB
0343
02BF
0344
0002
0003
009D
0135
0006
00E9
0008
0345
0346
02C5
0347
0348
02C8
0316
0019
002C
0015
0013
0014
002E
0014
0014
0002
0014
0014
0014
0026
002C
0018
0013
0014
002E
0002
0002
0014
0002
0002
0002
001B
001C
001D
001E
001F
0016
0002
0002
0014
0002
0002
0014
001D
0349
001A
001F
0021
034A
0002
0014
0014
0014
0014
0014
0012
001B
0018
0023
0014
0015
0014
0002
0002
0014
0002
0014
001D
001C
0022
0019
0014
001A
0014
0002
0014
0014
0002
0014
0024
001A
0010
0023
0014
0016
0014
0014
0014
0002
0002
0002
0018
0015
0010
0026
0014
00A7
0002
0014
0014
0014
0014
0002
0014
0284
034B
0027
0014
0285
0002
0014
0014
0014
0014
0014
0026
00F7
0022
0027
0014
002E
0014
0014
0014
0014
0014
0014
0026
034C
002D
0027
0014
002E
0014
0014
0014
0002
0014
0014
0026
00F7
0030
0027
0014
00F2
0014
0014
0014
0014
0014
0014
0183
034D
034E
0034
0035
0014
0036
02CD
034F
0350
019F
02D1
0351
00C0
018D
0014
0103
0142
0352
0353
0111
00B6
0145
02D8
0109
0046
0047
0354
0355
0356
02DB
0357
0358
014B
004F
0050
0051
0359
035A
035B
01F8
02E0
02E1
0058
0140
0014
0111
00D2
02E2
005C
02E3
008C
005F
0096
0097
0014
02E4
0063
035C
02E6
035D
0198
0045
02E7
006A
0014
00BF
0219
02E8
006F
035E
019D
00CE
035F
0074
0014
0120
0121
01D9
0078
01A2
0014
00D4
0360
007D
0014
0245
021F
0361
0362
0330
0083
0363
027A
0097
0014
01B1
0364
0365
0366
013A
0046
02F3
012D
0035
0014
0367
0334
0368
0369
00B8
00B0
02F8
0096
0097
0014
01EA
02F9
02FA
009B
01BE
0002
01B5
0004
01B6
0006
0007
036A
0009
036B
000B
036C
036D
000E
036E
0019
002C
001A
0013
0014
0178
0014
0014
0002
0014
0014
0014
0016
00F3
0018
0019
0014
001A
0002
0014
0014
0014
0014
0014
0024
001C
0016
001E
001F
0018
0002
0002
0014
0002
0002
0014
001B
001E
0016
00A7
0014
0010
0002
0014
0014
0014
0014
0014
001D
001B
0014
0014
0014
0012
0014
0002
0002
0014
0014
0014
001D
001B
0018
0027
0014
0016
0014
0002
0014
0014
0014
0014
0016
00A7
0010
0021
0014
0018
0014
0014
0014
0014
0014
0002
0018
0012
0018
0026
0014
001A
0002
0014
0014
0014
0014
0014
0027
0138
00F5
0027
0014
0029
0002
0014
0014
0014
0014
0014
0026
00F7
0022
0013
0014
01BF
0014
0014
0014
0014
0014
0014
0026
00F8
002D
0014
0014
01C0
0014
0014
0014
0014
0014
0014
0023
00F7
0030
0014
0014
00AA
0014
0014
0014
0014
0014
0002
006C
00FA
02AA
0094
0035
0014
01AE
0037
036F
01C3
003A
003B
003C
00C0
0002
0014
0370
0181
003F
0040
0041
0042
0371
0044
0045
0046
00B8
0048
0147
0372
0303
004C
01CA
010B
0061
0014
0051
01CB
01CC
0054
0051
0056
0057
0014
0014
0014
0059
005A
014F
0150
0373
005E
00C4
0060
0140
0014
02E4
025B
0064
0374
0291
0117
0199
0069
01D5
0014
0375
0376
0157
0377
023F
0071
0240
0073
0074
0014
0075
0378
0379
0123
01A2
007A
0244
037A
007D
0014
00BB
0342
01A6
01DD
0082
00B0
0084
027A
0086
0014
0087
0088
037B
037C
037D
01E3
008D
012D
0014
0014
008F
02F5
037E
02BC
0093
0083
0095
0096
0014
0014
0098
0099
009A
009B
0001
0002
01ED
037F
0380
0006
00E9
0008
0381
0382
024A
02A7
0383
0384
0385
0010
0011
0012
0014
0014
001A
0014
0002
0014
0014
0014
0014
0026
0386
001E
0013
0014
002E
0002
0002
0014
0002
0002
0002
001B
0024
001D
001E
0019
0016
0014
0002
0002
0002
0002
0014
0024
001E
0020
001F
0021
001B
0002
0014
0002
0014
0014
0014
001F
0139
0387
001F
0014
0387
0014
0014
0014
0014
0002
0014
0018
001C
0022
0023
0014
0018
0014
0002
0014
0002
0002
0014
0024
001A
0016
0023
0025
0016
0014
0014
0002
0002
0002
0002
0018
001E
0010
0027
0014
0023
0014
0014
0002
0014
0014
0002
0014
00A8
0016
0014
0014
0388
0014
0014
0014
0014
0014
0014
0026
002A
0022
0027
0014
00AA
0014
0002
0014
0014
0014
0002
0019
002C
0018
0027
0014
002E
0014
0014
0014
0002
0014
0002
0019
002F
0012
0027
0014
00F2
0014
0014
0014
0014
0014
0002
031C
0032
0389
0034
0014
0014
038A
01FA
0267
038B
019F
00B0
038C
0034
018D
0014
003D
0142
0200
0201
0183
02BD
0043
02D8
0109
02D1
0047
038D
038E
038F
0390
0325
004D
004E
004F
0050
0391
0253
0392
0393
023A
0394
0395
0396
004F
0014
018E
0329
032A
0397
0192
0083
005F
00C0
0061
0014
0062
0398
0399
039A
032E
0067
0068
0241
006A
006B
039B
006D
006E
006F
025B
019D
0072
019E
00CF
0014
01F8
039C
039D
021D
02B6
0014
025C
007C
0014
0014
007E
021F
0220
0081
0128
0083
039E
0085
0097
0014
0194
0364
0089
0163
039F
008C
03A0
008E
0035
0014
03A1
02BA
00DE
00DF
011A
0094
03A2
0056
0097
0014
01EA
03A3
03A4
03A5
0001
0002
0003
037F
03A6
0006
0007
0008
03A7
0280
0263
022B
02C7
000E
0385
0010
001D
0012
0014
0014
001F
0014
0002
0002
0014
0014
0014
0026
03A8
0018
0014
0014
00A6
0002
0014
0014
0002
0014
0002
001B
001C
001D
00A7
0019
0022
0014
0002
0002
0002
0002
0014
0024
001E
0016
001F
0014
001B
0014
0014
0014
0014
0014
0014
001D
0020
0022
001F
0014
0022
0014
0002
0002
0014
0002
0014
001D
001C
0022
0023
0014
0018
0014
0002
0014
0014
0014
0014
0016
00A7
0010
0021
0014
0016
0014
0014
0014
0002
0014
0002
0018
001A
0018
0026
0014
0023
0014
0014
0014
0014
0014
0002
0013
03A9
02C9
0027
0014
03AA
0014
0014
0014
0014
0014
0014
0013
00F7
0022
0025
0014
03AB
0014
0014
0014
0014
0014
0014
0014
00F8
0022
0014
0014
03AC
0014
0014
0014
0002
0014
0014
0026
02FF
0022
0014
0014
01BF
0014
0014
0014
0014
0014
0002
01F8
0032
0389
00AC
0014
0014
03AD
01FA
03AE
03AF
0100
007A
03B0
0034
0014
0014
003D
0142
03B1
03B2
0202
02BD
0145
03B3
0184
02D1
0047
0205
03B4
03B5
01F8
0325
00BC
03B6
004F
0014
039B
03B7
0392
0393
03B8
010F
03B9
00C0
004F
0014
02D7
0273
03BA
03BB
0303
008C
005F
0096
0061
0014
0062
0063
03BC
03BD
03BE
03BF
0068
0241
01D5
0014
006C
0219
023E
02B5
011E
019D
0240
035F
0074
0014
0120
03C0
03C1
03C2
01A2
00D3
03C3
0298
007D
0014
03C4
007F
03C5
015E
0128
00D3
01A8
0085
0097
0014
03C4
012A
03C6
008A
039F
0014
025F
008E
0014
0014
00FC
02F5
0091
0092
01AC
0094
0260
0096
0014
0014
01B1
03C7
0133
009B
03C8
0002
03C9
0004
03CA
0006
00E9
03CB
0339
00EC
000B
00EE
03CC
03CD
0316
0019
0177
0015
0013
0014
0285
0014
0002
0014
0014
0014
0014
0016
0017
0015
0019
0014
001A
0002
0002
0014
0014
0002
0014
0020
0024
0016
001E
001F
0016
0002
0002
0014
0002
0002
0014
001B
001A
0020
0023
0021
0010
0002
0014
0002
0014
0014
0014
0022
001B
0018
0019
0014
0012
0014
0002
0014
0014
0002
0014
0022
0024
0018
0027
0014
0016
0014
0002
0014
0002
0002
0014
0024
001A
0016
0023
0025
0016
0014
0014
0002
0014
0002
0002
0012
0012
0010
0027
0014
001A
0002
0014
0002
0014
0014
0002
0027
0028
0016
0014
0014
0029
0002
0014
0014
0014
0014
0014
0026
002A
0022
0027
0014
002B
0014
0002
0014
0014
0014
0002
0019
002C
002D
0027
0014
03CE
0014
0014
0014
0014
0014
0002
0023
00AB
0030
0027
0014
03CF
0014
0014
0014
0014
0014
0002
0031
00FA
01C1
0034
0035
0014
0036
0037
0038
01C3
01C4
003B
003C
00C0
0002
0014
03D0
03D1
003F
0040
0041
0042
0043
0044
0045
0046
03D2
03D3
0049
004A
004B
004C
004D
004E
0061
0050
020A
033C
02B0
0054
0055
0056
0057
0058
018D
0014
00C1
005A
005B
005C
005D
005E
005F
0060
0140
0014
00AD
03D4
0064
0065
0066
0067
0199
0069
006A
006B
00BF
03D5
0309
03D6
00CC
0071
0072
0073
00CF
0014
00D0
0340
0077
0123
03D7
007A
007B
03D8
0014
0014
0245
03D9
0246
03DA
004B
0083
015F
03DB
0086
0014
008F
03DC
03DD
03DE
0051
008C
03DF
0333
0035
0014
008F
03E0
03E1
03E2
0093
0083
03E3
00E1
0097
0014
0098
03E4
0312
03E5
01BE
0002
01B5
03E6
01EF
0006
00E9
01F0
0009
000A
03E7
00EE
03E8
03E9
000F
0010
00F3
0012
0013
0014
001F
0014
0002
0014
0014
0014
0014
0016
001B
001E
0027
0014
001A
0014
0002
0014
0002
0014
0014
0024
001C
0010
0027
001F
0012
0002
0002
0014
0002
0014
0014
0024
001E
0020
0023
0021
001B
0014
0014
0002
0014
0014
0014
001D
001B
0022
001F
0014
0022
0014
0002
0014
0014
0002
0014
0022
001C
001E
0019
0014
001A
0014
0002
0014
0002
0002
0014
0024
001A
0010
0027
0014
0021
0014
0014
0014
0002
0002
0002
0018
001E
0010
0026
0014
0023
0014
0014
0014
0014
0014
0014
0014
0285
034B
0014
0014
03EA
0014
0014
0014
0014
0014
0014
0026
002C
0022
0025
0014
00F2
0014
0002
0014
0014
0014
0014
0019
002C
0018
0014
0014
002E
0014
0014
0014
0014
0014
0014
0019
002F
0012
0014
0014
00F2
0014
0014
0014
0014
0014
0002
0111
0032
03EB
0034
0035
0014
03EC
03ED
03EE
03EF
0100
003B
013F
0034
0140
0014
01FF
0104
026C
03F0
0202
0322
0145
017F
018D
00B0
03F1
0205
03F2
03F3
00BF
02DC
004D
03F4
00CF
0050
03F5
03F6
03F7
020D
023A
0056
0109
0058
004F
0014
0210
0329
03F8
0212
0192
0288
005F
00C0
00C8
0014
0114
0063
03F9
03FA
035D
0067
0068
0119
0097
0014
0218
03FB
03FC
03FD
025B
0071
03FE
0073
0074
0014
037D
03FF
0277
0278
01A2
0014
0400
0298
0014
0014
0245
0401
0402
0403
0404
0083
015F
0085
0086
0014
0087
0405
0162
0163
0031
0046
03DF
008E
0014
0014
0165
0334
0167
02A4
039B
0094
03E3
0261
0014
0014
0098
02F9
0406
0227
0001
0002
0003
0004
02FC
0006
0007
0407
01B8
0408
000B
022B
02A8
000E
01BB
0019
01BC
001A
0014
0014
0178
0014
0002
0002
0014
0014
0014
00A7
0409
0018
0019
0014
00A6
0002
0014
0014
0014
0002
0002
001B
0024
001D
001E
0019
0016
0014
0002
0002
0002
0002
0014
001B
001E
0016
001F
0014
0010
0002
0014
0014
0014
0014
0014
0015
0024
0012
0023
0014
0012
0014
0002
0002
0014
0002
0014
001D
001C
0022
0023
0014
0016
0014
0002
0014
0014
0014
0014
0022
00A7
0016
0023
0025
0016
0014
0014
0002
0014
0002
0002
0012
0012
0018
0027
0014
001A
0002
0014
0002
0014
0014
0002
0027
0179
0016
0027
0014
0285
0002
0014
0014
0014
0014
0014
0026
002A
0022
0027
0014
00AA
0014
0002
0014
0014
0014
0002
0019
00F7
002D
0027
0014
002E
0014
0014
0014
0002
0014
0002
0023
00AB
0030
0027
0014
00AA
0014
0014
0014
0014
0014
0002
0031
00FA
040A
00AC
0014
0014
022F
0037
040B
017C
01C4
0288
040C
00C0
0002
0014
00B2
003E
028A
0040
0041
0042
0043
0044
0045
0046
00B8
0048
0049
004A
00BB
004C
01CA
004E
004F
0014
0051
0052
040D
0054
00DB
040E
0057
028D
018D
0014
0059
005A
040F
028F
01D1
005E
005F
0060
0061
0014
0062
00C5
0064
0065
0066
0117
0068
0069
006A
006B
006C
006D
023E
0293
00CC
0410
0072
019E
01D5
0014
0120
0121
039D
0078
015A
007A
025C
02B7
007D
0014
03C4
007F
0411
0127
0082
00D7
01A8
0119
0097
0014
0194
0088
0412
01AB
00DB
008C
0413
00BD
0035
0014
01DF
02BA
037E
02BC
0093
0083
0414
0096
0097
0014
01EA
016A
009A
027D
0001
0002
01ED
037F
02C2
0006
00E9
0008
0339
0415
0416
01F3
0348
0384
022D
0026
002C
0139
0014
0014
00F2
0014
0014
0002
0014
0014
0014
0026
0417
0012
0014
0014
00A6
0002
0002
0014
0002
0002
0002
001B
001C
001D
001E
001F
0010
0014
0002
0014
0002
0002
0014
0024
001E
001F
001F
0021
001B
0002
0014
0002
0014
0014
0014
001D
001B
0022
0023
0014
001A
0014
0002
0014
0014
0002
0014
001D
001C
0022
0023
0014
0018
0014
0002
0014
0002
0002
0014
0024
001A
0010
0023
0014
0016
0014
0014
0014
0002
0002
0002
0018
001E
0010
0026
0014
00A7
0014
0014
0002
0014
0014
0002
0014
03A9
034B
0014
0014
01BF
0014
0014
0014
0014
0014
0014
0027
0418
0387
0013
0014
01C0
0014
0014
0014
0014
0014
0014
0026
0286
002D
0013
0014
01C0
0014
0014
0014
0002
0014
0014
0026
002F
0030
0014
0014
00F2
0014
0014
0014
0014
0014
0014
0111
007A
0419
041A
0014
0014
00AD
02CD
041B
0350
0183
00B0
041C
0102
0014
0014
041D
041E
03B1
041F
0420
0421
0043
02D8
0109
0046
025D
0055
0422
0423
0390
010B
004D
014B
004F
0050
020A
020B
010D
010E
018B
0056
02E1
0058
0002
0014
0111
00D2
0424
005C
0192
008C
005F
0096
0061
0014
0425
0195
0426
0427
0425
0428
0068
0119
006A
0014
006C
0219
0429
006F
035E
019D
00B7
0073
0074
0014
0075
0076
0077
021D
01A2
0014
042A
042B
0014
0014
0245
021F
02B8
032F
0128
031D
042C
042D
0086
0014
03C4
042E
042F
0430
039F
01E3
0431
00BD
0035
0014
0165
0334
0432
0369
00B8
00B0
0433
0096
0014
0014
0098
02F9
0434
0134
0435
0002
01B5
0004
0005
0006
0007
03CB
03A7
000A
000B
000C
000D
000E
000F
0010
0011
0023
0013
0014
0015
0014
0002
0002
0014
0014
0014
0016
0017
0018
0019
0014
001A
0002
0014
0014
0014
0014
0014
0024
001D
0016
001E
0014
0016
0002
0014
0002
0002
0002
0014
001B
001E
0020
00A7
0014
0010
0002
0014
0014
0014
0014
0014
0022
0024
0012
001F
0014
0022
0014
0002
0002
0014
0014
0014
0022
001D
0018
0027
0014
0016
0014
0002
0014
0014
0014
0014
0016
00A7
0016
0021
0025
0018
0014
0014
0002
0014
0002
0002
0012
0012
0018
0027
0014
001A
0002
0014
0014
0014
0014
0014
0027
0028
0016
0027
0014
0029
0002
0014
0014
0014
0014
0014
0026
002A
0022
0027
0014
002B
0014
0002
0014
0014
0014
0002
0019
002C
0012
0027
0014
002E
0014
0014
0014
0014
0014
0002
0023
00AB
0018
0027
0014
00AA
0014
0014
0014
0014
0014
0002
0031
0032
0033
0436
0035
0014
01AE
033B
00AE
0039
003A
003B
003C
0034
0002
0014
003D
01C6
003F
0040
0041
0042
0145
0044
0045
0014
0047
0048
0437
0438
00BB
004C
00BC
004E
0002
0014
0187
01CB
0053
0054
0439
01CE
0057
0102
004F
0014
00C1
043A
043B
043C
0373
005E
005F
0060
0140
0014
0062
0153
0064
0374
0066
0067
0068
0069
01D5
006B
0375
043D
023E
01D7
0070
0071
0072
019E
007D
0014
019F
043E
043F
0123
015A
007A
007B
007C
007D
0014
03C4
01DB
0080
02ED
0082
0083
0084
0085
0097
0014
01DF
0088
0089
008A
0439
008C
008D
008E
0035
0014
01E5
0310
0091
0092
0131
0094
0095
005E
0097
0014
01EA
01EB
009A
027D
01BE
0002
016E
00E7
0440
0006
00E9
0441
0009
0280
0442
00EE
0443
01F5
0385
0010
001D
0012
0014
0014
001F
0014
0014
0014
0014
0014
0014
0026
0417
001E
0027
0014
00A6
0014
0002
0014
0002
0014
0014
0010
001B
0022
001E
0014
0012
0014
0002
0014
0002
0002
0014
0024
001E
0020
0023
0021
001B
0014
0014
0002
0014
0014
0014
001D
0022
0022
001F
0014
0022
0014
0002
0014
0014
0002
0014
0021
0444
0015
0019
0014
00A6
0014
0002
0014
0002
0014
0014
0024
001A
0010
0019
0014
0016
0014
0014
0014
0002
0002
0002
0018
001E
0010
0026
0014
0023
0014
0014
0014
0014
0014
0014
0027
0179
0012
0014
0014
03AA
0014
0014
0014
0014
0014
0014
0026
002A
0012
0013
0014
00AA
0014
0014
0014
0014
0014
0014
0019
0445
0018
0013
0014
002E
0014
0014
0014
0014
0014
0014
0023
002F
0015
0014
0014
002B
0014
0014
0014
0014
0014
0002
013A
0032
0446
0034
0014
0014
03EC
0447
0448
0449
003A
00B0
044A
0034
0002
0014
01FF
044B
044C
044D
0202
044E
0145
044F
0045
0014
0047
0205
0450
0451
039F
010B
004D
00BD
00CF
0050
03F5
033C
0254
0452
020E
0056
0453
0058
004F
0014
00C1
02B1
0454
0212
0192
034D
0455
00C0
00C8
0014
0114
0153
03F9
0456
0457
0117
0068
0119
018D
0014
0458
043D
0459
03FD
025B
019D
0072
0073
0074
0014
037D
03FF
0277
0278
02B6
006B
045A
007C
0014
0014
0245
025E
015D
0403
0128
00D7
045B
0085
0086
0014
0087
045C
0089
045D
008B
008C
03A0
008E
0035
0014
0165
045E
00DE
045F
02AF
0094
03A2
02BD
0014
0014
0098
0460
0461
0462
0001
0002
0003
009D
0005
0006
0007
0463
0170
0464
022A
02A7
0465
000E
0316
0026
01BC
001A
0013
0014
0178
0014
0002
0002
0014
0014
0014
0016
0017
0018
0019
0014
001A
0002
0014
0014
0014
0002
0002
001B
001C
001D
001E
001F
0016
0002
0002
0002
0002
0002
0014
001B
001E
0016
001F
0014
0010
0002
0014
0014
0014
0014
0014
0015
001B
0012
0023
0014
0012
0014
0002
0002
0014
0002
0014
001D
001C
0022
0023
0014
0016
0014
0002
0014
0014
0002
0014
0016
00A7
0016
0023
0025
0016
0014
0014
0002
0014
0002
0002
0012
0012
0010
0027
0014
001A
0002
0014
0002
0014
0014
0002
0027
0138
01BE
0027
0014
0029
0002
0014
0014
0014
0014
0014
0026
002C
0022
0027
0014
00F2
0014
0002
0014
0014
0014
0002
0026
031B
002D
0027
0014
002E
0014
0014
0014
0002
0014
0002
0019
00AB
0030
0027
0014
002E
0014
0014
0014
0014
0014
0002
0031
00FA
022E
013C
0035
0014
038A
0037
0466
0467
017D
003B
003C
00C0
018D
0014
00B2
003E
003F
0040
0041
0042
0043
0044
0109
0046
00B8
0048
0049
004A
00BB
004C
01CA
004E
004F
0014
0051
0468
02B0
0469
00DB
01CE
0057
028D
018D
0014
0111
005A
040F
028F
0373
005E
005F
0060
0061
0014
0062
0195
0064
0065
0066
0067
0068
0069
006A
006B
006C
0292
023E
0293
00CC
0071
00B7
019E
01D5
0014
0120
0121
01D9
0078
01A2
007A
0400
0124
007D
0014
025D
007F
01A6
0127
0082
0083
0084
0119
0097
0014
0194
0088
037B
037C
013A
0046
008D
00BD
0035
0014
01DF
0090
037E
02BC
0093
02D1
0095
0096
0097
0014
01EA
0099
009A
009B
0262
0002
046A
02C1
046B
0006
0007
009F
0339
000A
046C
046D
00A3
000E
000F
0010
001B
0012
0013
0014
001E
0014
0014
0002
0014
0014
0014
0016
001B
0018
0027
0014
001A
0002
0014
0014
0014
0014
0002
001B
0024
0016
001E
0019
0010
0002
0002
0014
0002
0002
0014
0024
001E
0016
001F
0014
0010
0002
0014
0014
0014
0014
0014
0022
0024
0022
001F
0014
0022
0014
0002
0002
0014
0002
0014
001D
001C
0018
0027
0014
0016
0014
0002
0014
0014
0002
0014
0024
001A
0010
0023
0014
0016
0014
0014
0002
0014
0002
0002
0018
001E
0010
0026
0014
0023
0014
0014
0014
0014
0014
0014
0027
0028
0022
0027
0014
02A9
0014
0014
0014
0014
0014
0014
0026
002A
0018
0025
0014
002B
0014
0014
0014
0014
0014
0002
0019
0445
0018
0014
0014
002E
0014
0014
0014
0002
0014
0002
0023
046E
0018
0014
0014
00AA
0014
0014
0014
0014
0014
0002
0391
0032
013B
00AC
0035
0014
00AD
033B
013D
046F
0470
003B
003C
0034
0140
0014
01FF
01C6
0471
0472
00B5
00B6
0145
0146
0045
02D1
0047
0048
0473
0474
0475
0209
00BC
004E
0074
0014
0187
01CB
0476
0477
00BF
0056
0057
005E
004F
0014
0478
043A
0479
047A
02E3
0288
005F
00C0
0140
0014
0114
0153
00C6
047B
0457
0117
0199
0156
006A
0014
039B
047C
0309
047D
047E
0071
00CE
0073
0074
0014
00D0
047F
0077
0278
00D2
007A
0480
007C
007D
0014
00BB
025E
0481
0403
02B9
0083
015F
0085
0086
0014
0160
03DC
0089
0163
0439
008C
03DF
008E
0014
0014
0160
0310
00DE
0311
0131
0094
0482
00E1
0014
0014
0098
0483
0484
0485
0001
0002
0003
016F
0005
0006
00E9
00EA
0345
0415
0486
000C
00EF
0487
022D
0026
0177
0015
0014
0014
0285
0014
0002
0002
0014
0014
0014
00A7
0409
0012
0019
0014
00A6
0002
0002
0014
0002
0002
0014
0024
001C
001D
001E
001F
0016
0014
0002
0002
0002
0014
0014
001B
001E
0020
0023
0021
001B
0002
0014
0002
0014
0014
0014
001D
001B
0018
0023
0014
0012
0014
0002
0014
0014
0002
0014
0022
001C
0022
0023
0014
0018
0014
0002
0014
0002
0014
0014
0016
001F
0016
0021
0025
0018
0014
0014
0002
0002
0002
0002
0018
0012
0018
0027
0014
001A
0002
0014
0002
0014
0014
0002
0027
0488
01BE
0014
0014
00A9
0002
0014
0014
0014
0014
0014
0026
002C
0022
0027
0014
002E
0014
0002
0014
0014
0014
0014
0026
002C
002D
0027
0014
002E
0014
0014
0014
0014
0014
0014
0026
002F
0030
0027
0014
00F2
0014
0014
0014
0014
0014
0002
029F
00FA
0489
0034
0014
0014
00FC
048A
0038
048B
048C
0288
0289
0102
0002
0014
02AE
048D
028A
0040
0041
0042
0043
0044
0109
0046
00B8
0354
0049
004A
0390
004C
004D
010B
004F
0050
020A
03B7
01CC
018A
0055
048E
0110
0058
0002
0014
0111
005A
005B
005C
005D
005E
005F
0060
0061
0014
02B3
0195
0115
0065
0066
0067
0068
0069
0002
006B
00BF
006D
023E
006F
023F
019D
0072
035F
007D
0014
0120
0121
048F
0078
0079
007A
025C
037A
0014
0014
007E
007F
0126
0490
0128
02D1
01A8
0129
0097
0014
0087
012A
012B
012C
029F
01E3
0413
012D
0035
0014
01AE
02F5
012F
0130
0093
00B0
0414
0096
0097
0014
01B1
0099
0133
009B
01B4
0002
016E
0004
02FC
0006
00E9
0008
03A7
0491
000B
036C
02A8
03CD
0492
0019
031B
0015
0014
0014
0178
0014
0002
0002
0014
0014
0014
0016
00F3
0012
0019
0014
001A
0002
0014
0014
0014
0002
0002
001B
0024
001D
001E
001F
0016
0014
0002
0014
0002
0002
0014
001B
001E
0016
001F
0014
0010
0002
0014
0014
0014
0014
0014
0019
001B
0012
0023
0014
0012
0014
0014
0014
0014
0002
0014
001D
001C
0022
0023
0014
0018
0014
0002
0014
0014
0002
0014
0024
001A
0010
0021
0014
0018
0014
0014
0014
0014
0014
0002
0018
001E
0010
0027
0014
00A7
0014
0014
0014
0014
0014
0002
0027
0139
034B
0014
0014
02A9
0014
0014
0014
0014
0014
0014
0026
0286
034B
0027
0014
00F2
0014
0014
0014
0014
0014
0014
0019
00F8
0022
0027
0014
002E
0014
0014
0014
0002
0014
0014
0019
00F7
0022
0027
0014
002E
0014
0014
0014
0014
0014
0014
006C
00FA
0493
00AC
0014
0014
0036
0494
0495
0496
003A
003B
0497
00C0
0002
0014
0498
0499
049A
049B
0107
0042
049C
0044
0109
00B0
00B8
0205
049D
049E
0059
049F
01CA
04A0
004F
0014
04A1
01CB
04A2
04A3
020A
00FA
0110
0294
0140
0014
0059
0112
04A4
04A5
03A1
005E
04A6
0060
0061
0014
0152
04A7
04A8
04A9
0116
03BF
0068
02E7
01D5
0014
011A
01D6
02E8
04AA
011E
0071
0072
04AB
01D5
0014
0120
03C0
04AC
04AD
015A
007A
007B
04AE
0014
0014
0120
007F
04AF
0279
0128
0083
015F
04B0
0097
0014
04B1
029D
0365
0366
011A
0046
04B2
012D
0035
0014
04B3
01E6
0368
04B4
0131
00B0
04B5
0096
0097
0014
01EA
01EB
04B6
04B7
04B8
0002
01ED
01EE
0380
0006
0007
04B9
0339
04BA
04BB
02A7
04BC
000E
000F
0010
0011
0012
0013
0014
001E
0014
0002
0014
0014
0014
0014
0026
0386
0018
0027
0014
002E
0014
0002
0014
0002
0014
0014
0020
001C
0010
001E
0026
0022
0002
0002
0002
0002
0014
0014
0024
001E
0020
00A7
0021
001B
0014
0014
0002
0014
0014
0014
001D
0024
0022
001F
0014
0022
0014
0002
0002
0014
0002
0014
0026
04BD
001A
0019
0014
04BE
0014
0002
0014
0002
0014
0014
0022
001F
0016
0023
0025
0016
0014
0014
0002
0002
0002
0002
0014
0139
04BF
0026
0014
00A6
0002
0014
0002
0014
0014
0002
0014
00A8
0016
0027
0014
00A9
0002
0014
0014
0014
0014
0014
0026
002A
0022
0013
0014
00AA
0014
0002
0014
0014
0014
0002
0019
002C
002D
0013
0014
002E
0014
0014
0014
0014
0014
0002
0023
002F
0030
0014
0014
002B
0014
0014
0014
0014
0014
0002
0031
0032
0033
0034
0035
0014
01E5
0037
0038
0039
013A
00B0
04C0
0034
0140
0014
003D
003E
04C1
00B4
00B5
02BD
0043
0146
0045
0046
0047
0048
04C2
0423
004B
004C
004D
004E
0061
0050
0051
0468
0053
04C3
04C4
0056
0057
0058
004F
0014
0210
03D7
04C5
005C
0031
0083
04C6
00C0
0140
0014
0062
0063
04C7
04C8
0066
0067
0068
0069
006A
006B
006C
0292
00CA
006F
00CC
0014
04C9
04CA
0074
0014
00DB
0076
0077
0078
01A2
0014
01A3
007C
007D
0014
007E
03D9
0080
0081
0082
00D7
0221
0085
0086
0014
0087
0088
0089
008A
008B
008C
0223
008E
0035
0014
008F
0090
0091
0092
0093
0094
04CB
0261
0014
0014
0098
0225
0226
04CC
02C0
0002
01B5
0004
0135
0006
00E9
02C3
0170
0280
04BB
02C6
02C7
02C8
000F
0010
001D
0015
0013
0014
0015
0014
0002
0002
0014
0014
0014
0026
02C9
04CD
0019
0014
00A6
0002
0014
0014
0014
0002
0002
001B
0010
001D
001E
001F
0016
0002
0002
0014
0002
0002
0014
001B
001E
0016
001F
0014
001B
0002
0014
0014
0014
0014
0014
0015
001B
0018
001F
0014
0022
0014
0002
0002
0014
0002
0014
001D
001C
0022
0019
0014
0016
0014
0002
0014
0014
0002
0014
0024
001A
0010
0023
0014
0016
0014
0014
0014
0002
0002
0002
0018
0012
0010
0026
0014
001A
0014
0014
0014
0014
0014
0002
0027
02CB
034B
0027
0014
002B
0002
0014
0014
0014
0014
0014
0027
00F7
0022
0027
0014
01C0
0014
0014
0014
0014
0014
0014
0026
00F8
002D
0027
0014
01C0
0014
0014
0014
0002
0014
0014
0026
02CB
0030
0027
0014
00F2
0014
0014
0014
0014
0014
0014
013A
0032
013B
0034
0035
0014
0036
0037
04CE
02CF
02D0
02D1
02D2
04CF
0002
0014
02D4
04D0
02D5
04D1
04D2
00B6
0145
0044
0109
0046
0047
028B
04D3
04D4
01F8
014A
004D
010B
004F
0014
0051
0234
014D
02DF
010A
02E0
0057
0058
004F
0014
0111
04D5
04C5
005C
02E3
008C
005F
0060
0140
0014
02E4
04D6
02E5
04D7
0116
0198
00BC
0156
006A
0014
00BF
04D8
0309
02E9
0276
019D
0240
01D8
0074
0014
0202
03C0
01A0
04D9
04DA
006B
03C3
04DB
007D
0014
00BB
01DB
0080
04DC
0128
031D
02EE
0085
0097
0014
03C4
02F0
02F1
02F2
0031
01E3
02F3
008E
0035
0014
00FC
01E6
02F6
0311
0373
0094
02F8
0096
0097
0014
01B1
04DD
02FA
04B7
0001
0002
01ED
037F
0005
0006
0007
01F0
0009
02A6
000B
02A7
02A8
000E
01BB
0026
01BC
0012
0014
0014
00F2
0014
0002
0002
0014
0014
0014
0016
0017
0023
0014
0014
001A
0002
0002
0014
0002
0014
0014
0020
001C
0016
001E
0014
0022
0014
0002
0002
0002
0002
0014
0024
001F
0020
0023
0021
0010
0014
0014
0002
0014
0014
0014
001D
0024
0022
0019
0014
001E
0014
0014
0014
0014
0002
0014
0022
001C
001A
0023
0014
0018
0014
0002
0014
0002
0014
0014
0010
00A7
0016
0019
0025
0012
0014
0014
0002
0014
0002
0002
0018
0015
0018
0027
0014
00A7
0002
0014
0002
0014
0014
0002
0027
0028
0016
0014
0014
0029
0002
0014
0014
0014
0014
0014
0026
031A
0022
0013
0014
002B
0014
0002
0014
0014
0014
0002
0019
002C
0012
0013
0014
002E
0014
0014
0014
0014
0014
0002
0023
00AB
0015
0014
0014
00AA
0014
0014
0014
0014
0014
0002
0031
00FA
02AA
00AC
0014
0014
01E5
02AB
02AC
017C
003A
003B
003C
031D
0014
0014
02AE
003E
003F
0040
0041
0042
0043
0108
0045
0014
00B8
0048
0049
004A
004B
004C
0061
004E
007D
0050
02AF
0052
02B0
0054
0055
0056
0110
028D
018D
0014
00C1
02B1
028E
02B2
005D
005E
005F
0236
0061
0014
02B3
0195
0064
0065
0066
0067
0068
0069
01D5
006B
006C
006D
00CA
02B5
0070
0071
0072
0073
01D5
0014
00DB
0076
0077
0078
0079
007A
007B
01A4
0014
0014
007E
021F
02B8
0127
01A7
0083
0084
01A9
0086
0014
008F
0088
01AA
01AB
00DB
008C
008D
00BD
0035
0014
008F
0090
02BB
0130
0168
0083
0095
02BD
0014
0014
0098
0099
02BE
04DE
02C0
0002
01B5
0004
01B6
04DF
00E9
0008
0345
000A
000B
036C
000D
03CD
0385
0010
001D
001A
0014
0014
001A
0014
0002
0002
0014
0014
0014
0016
0010
0012
0027
0014
001F
0002
0014
0014
0014
0002
0002
001B
0010
001D
001E
001F
0016
0014
0002
0014
0002
0002
0014
0016
001E
0016
001F
0014
0010
0002
0014
0014
0014
0014
0014
001E
001B
001E
001F
0014
0022
0014
0002
0014
0014
0002
0014
001D
001C
0022
0027
0014
001A
0014
0002
0014
0014
0002
0014
0024
001A
0010
0021
0014
0018
0014
0014
0014
0002
0014
0002
0018
001E
0010
0027
0014
00A7
0014
0014
0014
0014
0014
0002
0027
0139
034B
0014
0014
02A9
0014
0014
0014
0014
0014
0014
0026
0286
034B
0027
0014
01BF
0014
0014
0014
0014
0014
0014
0019
00F8
0022
0027
0014
01C0
0014
0014
0014
0002
0014
0014
0019
0284
0022
0027
0014
00F2
0014
0014
0014
0014
0014
0014
006C
0032
005F
013C
0014
0014
0036
0037
04E0
013E
003A
003B
03FE
0034
0002
0014
0498
04E1
04E2
04E3
0107
0042
04E4
0108
0109
00B0
00B8
0055
04E5
04E6
0059
04E7
00BC
04A0
004F
0014
04A1
01CB
04E8
04A3
020A
0394
0110
0102
004F
0014
0059
005A
04E9
0305
03A1
005E
04EA
0060
00C8
0014
0152
04A7
04EB
04EC
0116
03BF
00BC
02E7
01D5
0014
00BF
04ED
02E8
04AA
011E
0071
0240
01D8
00CF
0014
00BB
03C0
01A0
04AD
0243
007A
04EE
04EF
0014
0014
00BB
007F
04F0
015E
0128
00B0
04F1
04F2
0097
0014
03C4
02F0
02F1
02F2
029F
00B0
04F3
008E
0035
0014
012E
01E6
04F4
0311
0131
0094
04B5
0096
0097
0014
01B1
01EB
04B6
04B7
0001
0002
01ED
01EE
0380
0006
0007
04B9
0339
04F5
04F6
02A7
04F7
000E
0316
0026
0177
0012
0013
0014
0285
0014
0002
0014
0014
0014
0014
0026
0317
0018
0019
0014
002E
0002
0002
0014
0002
0014
0014
001A
001C
0010
001E
0026
0022
0002
0002
0002
0002
0014
0014
001B
001F
0020
00A7
0021
001B
0002
0014
0002
0014
0014
0014
001D
0024
0022
0019
0014
0012
0014
0002
0002
0014
0002
0014
0026
0319
001A
0023
0014
04BE
0014
0002
0014
0002
0014
0014
0010
001F
0016
0023
0025
0016
0014
0014
0002
0014
0002
0002
0014
0139
04BF
0026
0014
00A6
0002
0014
0002
0014
0014
0002
0014
00A8
0016
0027
0014
00A9
0002
0014
0014
0014
0014
0014
0026
031A
0022
0013
0014
03CF
0014
0002
0014
0014
0014
0002
0019
031B
002D
0013
0014
002E
0014
0014
0014
0014
0014
0002
0023
00AB
0030
0014
0014
00AA
0014
0014
0014
0014
0014
0002
0031
00FA
02AA
0034
0035
0014
01E5
02AB
0038
017C
013A
00B0
01FE
031F
0035
0014
003D
003E
04F8
00B4
00B5
0203
0043
0044
0045
0046
0047
0048
0185
0186
004B
004C
004D
004E
0061
0050
0051
0468
04F9
04FA
04C4
0056
0057
0058
018D
0014
0210
018F
04C5
0191
0031
0083
04C6
00AC
0061
0014
0062
0063
04C7
04C8
0066
0067
0068
0069
006A
006B
006C
006D
00CA
006F
00CC
0014
04FB
04CA
0074
0014
00DB
0076
0077
0078
0079
0014
025C
01A4
007D
0014
007E
025E
0126
032F
01A7
0083
0221
027A
0086
0014
008F
0088
0412
01AB
00DB
008C
04FC
00BD
0035
0014
008F
0090
04FD
02BC
0093
0083
04CB
02BD
0014
0014
0098
0225
04FE
04CC
04FF
0002
016E
0004
01B6
0006
0007
0008
03A7
000A
000B
036C
000D
000E
0385
0010
001D
0015
0014
0014
0015
0014
0002
0002
0014
0014
0014
0016
00F3
0012
0019
0014
001A
0002
0014
0014
0014
0014
0002
001B
0010
001D
0019
0019
0016
0014
0014
0014
0002
0002
0014
001B
001E
0022
001F
0014
0010
0002
0014
0014
0014
0014
0014
001E
0024
001E
001F
0014
0022
0014
0002
0014
0014
0002
0014
001D
001C
0022
0027
0014
0016
0014
0002
0014
0014
0002
0014
0024
00A7
0010
0021
0014
0018
0014
0014
0014
0014
0014
0002
0018
001E
0010
0027
0014
00A7
0014
0014
0014
0014
0014
0014
0027
0139
034B
0014
0014
02A9
0014
0014
0014
0014
0014
0014
0026
0286
034B
0027
0014
01BF
0014
0014
0014
0014
0014
0014
0019
00F8
0022
0027
0014
01C0
0014
0014
0014
0002
0014
0014
0019
0445
0022
0027
0014
002E
0014
0014
0014
0014
0014
0014
006C
0032
013B
00AC
0014
0014
0036
0500
013D
0501
0131
003B
013F
0034
0002
0014
0141
0502
0503
0504
0107
0042
0145
0044
0002
02D1
0047
0231
0505
0506
0507
014A
00BC
04A0
0074
0014
0508
0509
014D
04A3
0051
050A
0057
0102
004F
0014
0059
043A
050B
050C
01D1
005E
005F
0060
0140
0014
0152
050D
050E
04EC
03BE
03BF
0118
0156
01D5
0014
0218
04ED
0157
04AA
011E
0071
0240
0241
00CF
0014
0295
050F
0510
04AD
0243
007A
04EE
04EF
0014
0014
0245
0511
04F0
04DC
0082
00B0
04F1
04F2
0097
0014
02EF
01E0
02F1
02F2
011A
00B0
04F3
008E
0035
0014
01B1
0512
04F4
0513
0131
0094
04B5
0096
0097
0014
0514
00FD
04B6
0515
0001
0002
0003
037F
0380
0006
00E9
04B9
0339
0516
0517
02A7
0518
01F5
0316
0026
0177
0012
0013
0014
00F2
0014
0002
0014
0014
0014
0014
0026
0386
0018
0014
0014
002E
0014
0002
0014
0002
0002
0014
0020
001C
0010
001E
001F
0022
0002
0002
0002
0002
0014
0014
0024
001A
0020
00A7
0021
001B
0014
0014
0002
0014
0014
0014
001D
001B
0022
0023
0014
001E
0014
0002
0002
0014
0002
0014
0026
0444
001A
0023
0014
0519
0014
0002
0014
0002
0014
0014
0016
001A
0016
0023
0025
0016
0014
0014
0002
0002
0002
0002
0014
0139
04BF
0026
0014
00A6
0002
0014
0002
0014
0014
0002
0014
00A8
0016
0027
0014
00A9
0002
0014
0014
0014
0014
0014
0026
031A
0022
0013
0014
00AA
0014
0002
0014
0014
0014
0002
0019
031B
002D
0013
0014
002E
0014
0014
0014
0014
0014
0002
0023
002F
0030
0014
0014
002B
0014
0014
0014
0014
0014
0002
0149
00FA
0489
0034
0035
0014
01E5
02CD
0038
051A
01FD
00B0
051B
0056
0014
0014
00B2
051C
051D
051E
0202
02BD
0043
051F
0045
0046
00B8
0055
0520
0423
039F
004C
004D
004E
004F
0050
0051
0253
0521
0522
020E
0056
0523
0058
0002
0014
0210
03D7
0524
005C
0192
0083
0455
0203
0061
0014
0062
0195
0525
0526
0066
0067
0068
0069
006A
006B
006C
006D
006E
006F
00CC
0014
04FB
04CA
0074
0014
0075
0076
0077
0078
0079
0014
025C
01A4
007D
0014
025D
0527
0126
0490
0128
0083
0221
0129
0086
0014
0087
0222
0528
0529
008B
008C
0223
00BD
0035
0014
008F
0090
012F
052A
0093
0083
0224
0261
0014
0014
0098
0225
0226
0227
01B4
0002
01B5
0004
01B6
0006
0007
01B7
01B8
0229
000B
036C
052B
000E
01BB
0019
031B
001A
0014
0014
0178
0014
0002
0002
0014
0014
0014
0016
00F3
0018
0019
0014
001A
0002
0014
0014
0014
0014
0002
001B
0022
001D
00A7
001F
0016
0014
0014
0014
0002
0002
0014
001B
001E
0016
001F
0014
0010
0002
0014
0014
0014
0014
0014
0019
04BD
00A7
0023
0014
052C
0014
0002
0002
0014
0002
0014
001D
001C
0022
0023
0014
0016
0014
0002
0014
0014
0002
0014
0024
001A
0010
0021
0014
0018
0014
0014
0014
0014
0014
0002
0018
0012
0010
0027
0014
001A
0002
0014
0014
0014
0014
0014
0027
00F4
00F4
0027
0014
00F6
0002
0014
0014
0014
0014
0014
0026
00F7
0022
0027
0014
01BF
0014
0014
0014
0014
0014
0014
0026
00F8
002D
0027
0014
01C0
0014
0014
0014
0002
0014
0014
0019
00F7
0030
0027
0014
002E
0014
0014
0014
0014
0014
0014
013A
00FA
01C1
003B
0014
0014
0036
0037
052D
01C3
01C4
003B
01C5
00C0
0002
0014
0300
01C6
003F
0040
0107
0042
01C7
0044
0184
0046
00B8
0048
052E
01C9
00BB
004C
01CA
010B
004F
0014
0187
01CB
01CC
0054
00DB
008C
052F
01CE
0140
0014
0059
005A
0530
0531
01D1
005E
01D2
0060
0061
0014
0114
00C5
0532
04EC
0291
0058
0068
0069
01D5
0014
006C
01D6
0309
030A
0070
0071
0072
01D8
01D5
0014
0120
0121
01D9
0123
015A
007A
007B
01DA
007D
0014
00BB
01DB
01DC
01DD
0082
00B0
01DE
0119
0097
0014
01DF
01E0
01E1
01E2
011A
01E3
01E4
00BD
0035
0014
01E5
01E6
01E7
01E8
0093
00B0
01E9
0096
0097
0014
01EA
01EB
0312
00E4
01EC
0002
01ED
01EE
01EF
0006
00E9
01F0
0009
0533
01F2
02A7
01F4
01F5
000F
0010
0011
0012
0013
0014
001F
0014
0002
0014
0014
0014
0014
0026
0386
001E
0014
0014
002E
0014
0002
0014
0002
0002
0014
00A7
01F6
0022
001E
0014
00F4
0002
0002
0002
0002
0014
0014
0024
001E
0020
0023
0021
001B
0014
0014
0002
0014
0014
0014
001D
0016
0022
001F
0014
0022
0014
0002
0014
0014
0002
0014
0021
01F7
001A
0019
0014
00AA
0014
0002
0014
0002
0014
0014
0010
001F
0016
0023
0025
0016
0014
0014
0002
0002
0002
0002
0018
001E
0018
0026
0014
0023
0014
0014
0002
0014
0014
0002
0014
00A8
0016
0014
0014
00A9
0002
0014
0014
0014
0014
0014
0026
002A
0022
0013
0014
00AA
0014
0002
0014
0014
0014
0002
0019
002C
0012
0013
0014
002E
0014
0014
0014
0014
0014
0002
0023
002F
0015
0014
0014
002B
0014
0014
0014
0014
0014
0002
0149
0032
0389
0034
0035
0014
01E5
01FA
0267
038B
01FD
00B0
01FE
0034
0014
0014
003D
0142
0200
0201
0202
0203
0204
017F
0045
0014
0047
0205
0534
0207
0208
0325
004D
004E
0061
0050
020A
020B
0392
0393
020E
0056
0328
0058
004F
0014
0210
018F
032A
032B
0192
0083
0213
00C0
0097
0014
0062
0063
0214
0215
0087
0067
0068
0241
006A
006B
0218
0219
00CA
006F
021B
019D
00B7
0073
0074
0014
00DB
0076
021C
021D
021E
0014
01A3
007C
0014
0014
007E
021F
0220
0081
0128
0083
0221
0085
0086
0014
0087
0222
0089
008A
008B
008C
0223
008E
0035
0014
0165
0090
0091
0092
0168
0094
0535
0056
0014
0014
0098
0225
0226
0227
0228
0002
0536
0004
01B6
0006
0007
01B7
0537
0538
000B
0539
053A
000E
0492
0019
031A
0015
0014
0014
0178
0014
0002
0002
0014
0014
0014
0016
00F3
0018
0019
0014
001A
0002
0014
0014
0014
0002
0002
001B
0010
001D
001E
001F
0016
0014
0014
0002
0002
0002
0014
001B
001E
0016
001F
0014
0010
0002
0014
0014
0014
0014
0014
0019
001B
001E
0023
0014
0012
0014
0002
0002
0014
0002
0014
001D
001C
0022
0027
0014
0016
0014
0002
0014
0014
0002
0014
0024
00A7
0010
0021
0014
0018
0014
0014
0002
0014
0002
0002
0018
0012
0010
0027
0014
001A
0002
0014
0014
0014
0014
0002
0027
0138
034B
0027
0014
0029
0002
0014
0014
0014
0014
0014
0026
00F7
0022
0027
0014
01BF
0014
0014
0014
0014
0014
0014
0019
00F8
0022
0027
0014
01C0
0014
0014
0014
0002
0014
0014
0019
00F7
0022
0027
0014
002E
0014
0014
0014
0014
0014
0014
013A
00FA
053B
013C
0014
0014
022F
0037
052D
01C3
01C4
003B
01C5
00C0
0002
0014
0300
01C6
003F
0040
0107
0042
01C7
0044
0109
00B0
00B8
0231
053C
053D
0507
004C
01CA
010B
004F
0014
0187
01CB
01CC
0054
00DB
008C
0057
0236
0140
0014
0059
005A
053E
053F
01D1
005E
0540
0060
0140
0014
0114
023A
0541
04EC
0291
0117
0068
0069
01D5
0014
006C
023D
0157
030A
023F
0071
0240
0241
00CF
0014
0120
0121
0542
0123
0243
007A
0244
0543
007D
0014
0245
0511
0246
01DD
0082
00B0
01DE
0119
0097
0014
01DF
0247
01E1
01E2
011A
00B0
0164
00BD
0035
0014
01E5
01E6
01E7
01E8
0131
00B0
01E9
0096
0097
0014
01EA
01EB
0312
00E4
0001
0002
01ED
0248
0380
0006
00E9
01F0
0009
0249
024A
000C
009D
01F5
000F
0010
0011
0012
0013
0014
001F
0014
0002
0014
0014
0014
0014
0026
0386
001E
0014
0014
002E
0014
0002
0014
0002
0014
0014
00A7
01F6
0022
001E
0026
0544
0002
0002
0014
0002
0014
0014
0024
001E
0020
0023
0021
001B
0014
0014
0002
0014
0014
0014
001D
0016
0022
001F
0014
0022
0014
0002
0014
0014
0002
0014
0026
01F7
001A
0023
0014
00F5
0014
0002
0014
0002
0014
0014
0018
001A
0016
0023
0025
0016
0014
0014
0002
0002
0002
0002
0012
001E
0018
0026
0014
0023
0014
0014
0002
0014
0014
0002
0014
00A8
0016
0014
0014
0388
0014
0014
0014
0014
0014
0014
0026
002A
0022
0013
0014
00AA
0014
0002
0014
0014
0014
0002
0019
002C
002D
0013
0014
002E
0014
0014
0014
0014
0014
0002
0023
002F
0030
0014
0014
002B
0014
0014
0014
0014
0014
0002
0149
0032
0389
0034
0035
0014
01AE
01FA
0267
038B
01FD
00B0
024F
0034
0014
0014
003D
0142
0200
0201
0202
0203
0250
0060
0045
0046
0047
0205
0251
0545
0208
0325
004D
004E
0061
0050
020A
0253
0392
0393
020E
0056
0328
0058
004F
0014
0210
018F
032A
032B
0192
0083
0257
00C0
0061
0014
0062
0063
0258
0546
0087
0067
0068
0241
006A
006B
0218
006D
006E
006F
025B
00CD
0072
0073
0074
0014
00DB
0076
0077
021D
0079
0014
025C
007C
0014
0014
025D
021F
0220
0081
0128
0083
0221
0085
0086
0014
0087
0222
0089
008A
008B
008C
025F
008E
0035
0014
0165
0090
0091
0092
0093
0094
0260
0261
0014
0014
0098
0225
0226
0227
04B8
0002
01ED
0547
0005
0006
0007
009F
0339
0548
000B
02A7
02A8
000E
0316
0026
01BC
001A
0013
0014
0178
0014
0002
0002
0014
0014
0014
00A7
0409
0018
0019
0014
002E
0002
0002
0014
0002
0002
0002
0020
001C
001D
001E
0019
0016
0002
0002
0002
0002
0002
0014
0549
001F
0014
0014
0014
001B
0002
0014
0002
0014
0014
0014
001D
0024
0012
0023
0014
0012
0014
0002
0002
0014
0002
0014
0022
001C
0022
0019
0014
0016
0014
0002
0014
0002
0014
0014
0022
00A7
0016
0023
0025
0016
0014
0014
0002
0002
0002
0002
0014
0285
02CA
0027
0014
03EA
0002
0014
0002
0014
0014
0002
0013
0488
01BE
0027
0014
00A9
0002
0014
0014
0014
0014
0014
0026
031B
0022
0027
0014
054A
0014
0002
0014
0014
0014
0014
0026
031B
002D
0027
0014
002E
0014
0014
0014
0014
0014
0014
0026
00AB
0030
0027
0014
00F2
0014
0014
0014
0014
0014
0002
0031
00FA
054B
00AC
0035
0014
00AD
0037
054C
017C
00AF
0288
040C
02BD
018D
0014
003D
003E
054D
0040
0041
0042
0043
0044
0109
0046
0047
0048
0049
004A
004B
054E
0184
0014
0014
0014
0187
0052
054F
0054
0055
0056
0057
028D
0086
0014
00C1
005A
028E
028F
005D
005E
005F
005E
0140
0014
0062
0063
0064
0065
0066
0067
0068
0069
006A
006B
006C
006D
00CA
0293
00CC
0014
04FB
04CA
01D5
0014
0075
0076
0077
0078
0079
00D3
025C
037A
007D
0014
025D
007F
0550
0127
0082
02D1
0221
0119
0086
0014
008F
0088
0551
01AB
013A
01E3
0413
00BD
0035
0014
008F
02F5
0552
02BC
0093
00B0
0414
0261
0097
0014
0098
0099
0553
04CC
02FB
0002
0536
0004
0554
0006
00E9
0555
03A7
000A
0556
00EE
02C7
03CD
0385
0010
001D
0012
0014
0014
001A
0014
0002
0002
0014
0014
0014
0016
001B
0012
0027
0014
001A
0014
0002
0014
0014
0014
0002
001B
0024
0016
001E
001F
0022
0014
0002
0014
0002
0002
0014
001D
001E
0020
001F
0021
0010
0002
0014
0014
0014
0014
0014
0012
001B
0022
001F
0014
0022
0014
0002
0014
0014
0002
0014
001D
001C
0012
0023
0014
0018
0014
0002
0014
0014
0002
0014
0024
001A
0010
0021
0014
0021
0014
0014
0014
0014
0002
0002
0018
0012
0010
0026
0014
001A
0014
0014
0014
0014
0014
0014
0027
0028
0022
0014
0014
00F6
0002
0014
0014
0014
0014
0014
0026
002A
0022
0013
0014
002B
0014
0014
0014
0014
0014
0002
0019
0445
0022
0014
0014
002E
0014
0014
0014
0002
0014
0002
0023
002F
0022
0014
0014
00AA
0014
0014
0014
0014
0014
0002
0557
0032
005F
0034
0014
0014
03EC
0558
02CE
02CF
00B5
003B
0101
0034
0002
0014
0498
0559
0471
055A
0303
02BD
0371
0108
0045
00B0
00B8
0055
02D9
055B
02D7
0261
004D
004E
004F
0050
028C
055C
055D
02DF
03B8
02E0
00B7
0058
004F
0014
02D7
0330
0274
0113
0120
0193
0306
0060
0061
0014
0114
04A7
055E
055F
035D
03BF
0068
0560
0002
0014
0561
019A
0562
03FD
025B
0071
0240
0563
0074
0014
0295
0564
04AC
0565
0566
007A
0567
007C
0014
0014
0245
0568
0080
04DC
0128
0083
015F
0085
0097
0014
0087
0161
0089
0163
008B
008C
0569
008E
0014
0014
012E
0310
00DE
0311
0131
0094
03E3
0096
0014
0014
01B1
0483
0484
04B7
0001
0002
0003
056A
0005
0006
0007
04B9
0339
056B
000B
02A7
056C
000E
0316
0026
01BC
0012
0013
0014
0285
0014
0002
0002
0014
0014
0014
00A7
0409
0018
0019
0014
002E
0002
0002
0014
0014
0014
0014
0020
001C
0016
001E
0014
0018
0002
0014
0002
0002
0002
0014
001B
001F
0020
00A7
0014
001B
0002
0014
0002
0014
0014
0014
001D
0024
0022
0019
0014
0012
0014
0002
0002
0014
0002
0014
0022
001B
0018
0023
0014
0016
0014
0002
0014
0002
0014
0014
0022
00A7
0016
0023
0025
0016
0014
0014
0002
0014
0002
0002
0012
0012
0018
0027
0014
001A
0002
0014
0002
0014
0014
0002
0027
00A8
0016
0027
0014
00A9
0002
0014
0014
0014
0014
0014
0026
002A
0022
0013
0014
03CF
0014
0002
0014
0014
0014
0002
0019
002C
0012
0013
0014
002E
0014
0014
0014
0014
0014
0002
0023
00AB
001E
0014
0014
00AA
0014
0014
0014
0014
0014
0002
0031
00FA
054B
033A
0035
0014
01E5
0037
02AC
01C3
01C4
0288
040C
031F
0002
0014
003D
003E
054D
0040
0041
0042
0043
0044
0045
0014
0047
0048
0049
004A
004B
004C
006A
004E
0061
0014
0051
0052
056D
0054
0055
0056
0057
028D
018D
0014
00C1
005A
028E
028F
005D
005E
005F
00AC
0061
0014
0062
0063
0064
0065
0066
0067
0068
0069
006A
006B
006C
006D
00CA
0293
00CC
0410
0072
0073
01D5
0014
0075
0076
0077
0078
0079
007A
025C
01A4
007D
0014
025D
056E
01A6
0127
01A7
00D7
0221
0119
0086
0014
008F
0088
056F
037C
00DB
008C
0570
00BD
0035
0014
008F
0090
0552
02BC
0131
0083
0571
0261
0014
0014
0098
0099
04FE
04CC
02C0
0002
016E
02C1
02C2
0006
00E9
0008
03A7
000A
0416
036C
02C7
0572
0385
0010
001D
0015
0014
0014
001F
0014
0002
0002
0014
0014
0014
0016
001D
0012
0013
0014
001A
0002
0002
0014
0002
0002
0002
001B
0024
001D
001E
001F
0016
0014
0002
0014
0002
0002
0014
0016
001E
001A
001F
0021
0010
0002
0014
0014
0014
0014
0014
0012
001B
0018
001F
0014
0022
0014
0014
0014
0014
0002
0014
001D
001C
0022
0013
0014
001A
0014
0002
0014
0014
0002
0014
0024
001A
0010
0021
0014
0012
0014
0014
0014
0002
0002
0002
0018
001E
0010
0026
0014
0023
0014
0014
0014
0014
0014
0002
0013
0139
034B
0014
0014
02A9
0014
0014
0014
0014
0014
0014
0026
0286
0544
0027
0014
00F2
0014
0014
0014
0014
0014
0014
0019
0286
002D
0027
0014
002E
0014
0014
0014
0002
0014
0014
0019
02FF
0030
0027
0014
00F2
0014
0014
0014
0014
0014
0014
0573
0032
0574
0034
0014
0014
0036
0558
0575
0576
00B5
003B
0577
0034
018D
0014
0498
0559
0578
0579
0303
02BD
0371
02D8
0109
0046
00B8
057A
02D9
055B
057B
051F
004D
057C
004F
0050
04A1
055C
057D
057E
03B8
02E0
02E1
0058
004F
0014
0111
057F
02E2
0580
04B1
0288
0581
0060
0097
0014
0152
04A7
0582
0583
0116
03BF
0068
0584
0002
0014
0218
04ED
011C
02E9
011E
0071
0240
0563
0074
0014
0295
050F
04AC
04AD
0243
00D3
04EE
0585
0014
0014
0245
007F
0402
015E
0128
0083
015F
0586
0097
0014
03C4
029D
0162
0163
0587
0046
04B2
008E
0035
0014
012E
01E6
0588
0311
0373
0094
0589
0096
0097
0014
01B1
04DD
058A
04B7
0001
0002
0003
037F
0380
0006
00E9
0407
0339
058B
058C
02A7
058D
01F5
0316
0026
01BC
001A
0013
0014
0285
0014
0002
0002
0014
0014
0014
0026
0386
0018
0019
0014
002E
0002
0002
0014
0002
0002
0002
0020
001C
001D
001E
0019
0010
0002
0002
0002
0002
0014
0014
001B
001F
0020
00A7
0014
001B
0002
0014
0002
0014
0014
0014
001D
0024
0012
0023
0014
0012
0014
0002
0002
0014
0002
0014
0021
001C
0022
0023
0014
0018
0014
0002
0014
0002
0014
0014
0016
00A7
0016
0023
0025
0016
0014
0014
0002
0014
0002
0002
0014
0139
02CA
0027
0014
00A6
0002
0014
0002
0014
0014
0002
0027
00A8
0016
0027
0014
00A9
0002
0014
0014
0014
0014
0014
0026
031A
0022
0013
0014
03CF
0014
0002
0014
0014
0014
0002
0019
031B
002D
0013
0014
002E
0014
0014
0014
0014
0014
0002
0023
00AB
0030
0014
0014
00AA
0014
0014
0014
0014
0014
0002
0149
00FA
02AA
033A
0035
0014
00AD
02CD
054C
0230
013A
00B0
058E
02BD
0140
0014
003D
003E
058F
00B4
0590
00B6
0043
0044
0045
0046
0047
0048
0185
0591
004B
004C
0184
004E
004F
0014
0051
0592
0593
0594
020E
0056
00B7
028D
018D
0014
018E
03D7
0595
028F
0192
0193
005F
005E
0061
0014
0062
0063
0596
039A
0066
0067
0068
0069
006A
006B
006C
0292
00CA
0293
00CC
0014
04C9
04CA
01D5
0014
0075
0076
0077
0078
01A2
007A
01A3
01A4
007D
0014
025D
0597
01A6
0598
0082
00D7
0221
0119
0086
0014
008F
0088
056F
0529
00DB
008C
0413
00BD
0035
0014
008F
0090
0552
0599
0093
0083
0414
0261
0014
0014
0098
0225
0553
059A
02C0
0002
016E
0004
02FC
0006
0007
00EA
03A7
000A
000B
036C
000D
000E
0385
0010
0020
0012
0014
0014
001E
0014
0014
0002
0014
0014
0014
0016
001B
0012
0027
0014
001A
0014
0002
0014
0014
0014
0002
001B
0024
0022
0013
001F
0016
0014
0002
0014
0002
0002
0014
0016
001E
0022
001F
0021
0010
0014
0014
0014
0014
0014
0014
001E
001B
0022
001F
0014
0022
0014
0014
0014
0014
0002
0014
001D
001C
0012
0027
0014
0016
0014
0014
0014
0014
0002
0014
0024
001A
0010
0021
0014
0012
0014
0014
0014
0002
0002
0002
0018
001E
0010
0026
0014
0023
0014
0014
0014
0014
0014
0014
0027
0139
034B
0014
0014
02A9
0014
0014
0014
0014
0014
0014
0026
059B
034B
0027
0014
00F2
0014
0014
0014
0014
0014
0014
0019
0286
0022
0027
0014
002E
0014
0014
0014
0002
0014
0014
0019
02FF
0022
0027
0014
00F2
0014
0014
0014
0014
0014
0014
006C
0032
013B
0034
0014
0014
03EC
059C
04CE
0501
003A
003B
059D
0034
0002
0014
059E
059F
05A0
05A1
0107
0042
0371
0146
0002
00B0
00B8
038D
05A2
049E
0059
014A
004D
03F4
0074
0050
05A3
05A4
014D
05A5
0051
02E0
0057
0058
004F
0014
0059
043A
005B
05A6
03A1
005E
0581
0060
0140
0014
022F
05A7
05A8
04A9
05A9
03BF
0068
0156
01D5
0014
0218
05AA
0309
03FD
025B
0071
0072
0563
0074
0014
0295
05AB
04AC
05AC
02B6
006B
007B
04EF
0014
0014
0245
05AD
015D
05AE
0128
0083
015F
04F2
0097
0014
03C4
029D
0162
0163
029F
0046
04B2
008E
0035
0014
012E
045E
0588
05AF
0187
0094
04B5
0096
0097
0014
05B0
05B1
04B6
05B2
02FB
0002
016E
024B
0380
0006
00E9
0008
05B3
00EC
02C5
05B4
0348
03CD
0316
0026
002C
0012
0013
0014
01BF
0014
0002
0002
0014
0014
0014
0016
00F3
0018
0014
0014
001A
0002
0002
0014
0002
0014
0002
001B
001B
0016
001E
0019
0022
0002
0002
0014
0002
0002
0014
001D
001E
0016
001F
0021
001B
0002
0014
0002
0014
0014
0014
001D
001D
0022
0023
0014
001E
0014
0002
0002
0014
0002
0014
001D
001C
0018
0023
0014
0018
0014
0002
0014
0002
0014
0014
0016
001F
0010
0023
0014
0016
0014
0014
0014
0002
0002
0002
0012
001E
0018
0026
0014
00A7
0014
0014
0014
0014
0014
0014
0013
0138
00F5
0027
0014
0029
0002
0014
0014
0014
0014
0014
0026
05B5
0022
0013
0014
01BF
0014
0014
0014
0014
0014
0002
0019
034C
002D
0014
0014
002E
0014
0014
0014
0002
0014
0002
0023
002F
0030
0014
0014
002B
0014
0014
0014
0014
0014
0002
01F8
00FA
05B6
0034
0035
0014
012E
0558
05B7
05B8
03D2
003B
0101
00C0
0014
0014
05B9
04D0
05BA
05BB
0202
00B6
0145
05BC
0045
0046
041D
0205
0355
0356
039F
05BD
004D
004E
004F
0050
0051
05BE
05BF
010E
0272
02E0
05C0
0058
0002
0014
05C1
018F
02E2
0580
0192
0288
005F
0060
0061
0014
02E4
0153
05C2
05C3
03BE
0117
0199
0217
006A
0014
0218
019A
05C4
011D
05C5
0071
0240
019E
0074
0014
0295
05C6
05C7
04AD
04DA
00D3
0400
05C8
007D
0014
00BB
007F
05C9
05CA
0128
02D1
0084
0129
0097
0014
02F4
0222
012B
01AB
008B
00B0
008D
012D
0014
0014
0367
0310
012F
0130
0093
0083
0095
0096
0014
0014
01EA
0483
009A
05CB
04B8
0002
0003
016F
03A6
0006
0007
05CC
0009
0280
000B
02A7
000D
000E
0385
0010
0011
001F
0014
0014
0015
0014
0002
0002
0014
0014
0014
00A7
0409
001E
0019
0014
002E
0002
0014
0014
0014
0002
0014
0020
001C
001D
001E
001F
0016
0014
0002
0002
0002
0002
0014
001B
001E
0020
0023
0014
0010
0002
0014
0014
0014
0014
0014
0022
001B
0012
001F
0014
0022
0014
0002
0014
0014
0014
0014
0022
001D
0022
0027
0014
0016
0014
0002
0014
0014
0002
0014
0024
001A
0016
0026
0025
0019
0014
0014
0002
0014
0002
0002
0018
0012
0010
0027
0014
001A
0002
0014
0002
0014
0014
0002
0027
00A8
0016
0014
0014
0349
0002
0014
0014
0014
0014
0014
0026
002A
0018
0027
0014
00AA
0014
0002
0014
0014
0014
0014
0019
002C
0018
0027
0014
002E
0014
0014
0014
0014
0014
0014
0019
00AB
0012
0027
0014
002E
0014
0014
0014
0014
0014
0014
0031
0032
0033
013C
0014
0014
00AD
0037
00AE
0039
01C4
0288
040C
0034
0002
0014
0062
003E
054D
0040
0041
0042
0043
0044
0109
00B0
01F8
0048
0049
004A
00BB
004C
00BC
00BD
00CF
0014
0508
0052
0053
0054
00DB
0056
0057
028D
004F
0014
0002
005A
014F
028F
01D1
005E
005F
00C0
0140
0014
0098
0195
0064
0065
0066
0067
0068
0069
01D5
006B
006C
006D
006E
0293
0070
019D
0072
0073
00CF
0014
0075
0076
0077
0078
0079
007A
025C
007C
0014
0014
007E
056E
0080
0081
01A7
0083
0363
0085
0086
0014
0087
03DC
0089
0163
00F9
008C
03A0
008E
0035
0014
008F
05CD
00DE
02A4
0168
0094
03A2
05CE
0097
0014
0098
0099
05CF
009B
01EC
0002
01ED
05D0
01EF
0006
00E9
01F0
0009
05D1
01F2
00EE
05D2
0315
000F
0010
00F3
0012
0013
0014
001F
0014
0002
0014
0014
0014
0014
0026
002A
001E
0014
0014
00F2
0014
0002
0014
0002
0002
0014
0010
001C
0022
001E
0014
0022
0002
0002
0002
0002
0014
0014
0024
001E
0020
0023
0021
001B
0014
0014
0002
0014
0014
0014
001D
0012
0022
001F
0014
0022
0014
0014
0014
0014
0002
0014
0021
0319
001A
0019
0014
0349
0014
0002
0014
0002
0002
0014
0024
001F
0010
0023
0014
0016
0014
0014
0014
0002
0002
0002
0018
001E
0010
0026
0014
0023
0014
0014
0002
0014
0014
0002
0014
00A8
0022
0014
0014
0388
0014
0014
0014
0014
0014
0014
0026
002A
0022
0013
0014
00AA
0014
0002
0014
0014
0014
0002
0019
002C
0018
0013
0014
002E
0014
0014
0014
0014
0014
0002
0019
002F
0012
0014
0014
00F2
0014
0014
0014
0014
0014
0002
019F
0032
02E1
0034
0035
0014
01AE
01FA
024D
05D3
01FD
00B0
024F
0034
0014
0014
01FF
0142
0200
0201
0202
0203
0043
017F
0109
0014
0062
0205
05D4
05D5
00BF
0209
004D
004E
0061
0050
020A
020B
0254
020D
023A
0056
020F
0058
004F
0014
0210
0329
05D6
0212
0192
0083
05D7
00C0
0097
0014
0114
0063
05D8
05D9
0216
0067
0068
0217
006A
0014
0218
0219
021A
006F
025B
019D
00B7
0073
0074
0014
00DB
0076
021C
021D
01A2
0014
01A3
007C
0014
0014
007E
021F
0220
0081
0128
0083
039E
0085
0086
0014
0087
05DA
0089
0163
0031
008C
05DB
008E
0035
0014
0165
0090
00DE
02A4
006C
0094
03A2
0056
0014
0014
0098
01B2
0461
0227
01B4
0002
01B5
0004
01B6
0006
0007
01B7
0170
05DC
000B
022B
05DD
000E
01BB
0019
01BC
001A
0014
0014
0178
0014
0002
0002
0014
0014
0014
0016
0017
0018
0019
0014
001A
0002
0014
0014
0014
0014
0002
001B
0020
001D
001E
001F
0016
0014
0014
0014
0002
0002
0014
001B
001E
0016
001F
0014
0010
0002
0014
0014
0014
0014
0014
0019
01BD
00A7
0023
0014
0139
0014
0002
0002
0014
0002
0014
001D
001C
0022
0023
0014
0016
0014
0002
0014
0014
0014
0014
0016
001A
0016
0021
0025
0018
0014
0014
0002
0014
0002
0002
0012
0012
0018
0027
0014
001A
0002
0014
0014
0014
0014
0014
0027
0138
01BE
0027
0014
0029
0002
0014
0014
0014
0014
0014
0026
00F7
0022
0027
0014
01BF
0014
0002
0014
0014
0014
0014
0026
00F7
002D
0027
0014
01C0
0014
0014
0014
0002
0014
0014
0023
00AB
0030
0027
0014
00AA
0014
0014
0014
0014
0014
0014
0031
00FA
022E
003B
0014
0014
022F
0037
05DE
01C3
01C4
003B
01C5
00C0
0002
0014
00B2
01C6
003F
0040
0041
0042
01C7
0044
0045
0046
00B8
0048
0232
05DF
00BB
004C
01CA
010B
004F
0014
0187
01CB
01CC
0054
00DB
008C
05E0
01CE
0140
0014
0059
005A
05E1
05E2
01D1
005E
0239
0060
0061
0014
0062
00C5
023B
05E3
0066
0117
0199
0069
01D5
006B
006C
01D6
006E
01D7
00CC
0071
0072
01D8
01D5
0014
0120
0121
01D9
0123
015A
007A
007B
05E4
007D
0014
00BB
01DB
01DC
01DD
0082
00B0
0084
0119
0097
0014
01DF
0088
037B
037C
0439
01E3
008D
00BD
0035
0014
01E5
01E6
037E
02BC
0093
0083
0095
0096
0097
0014
01EA
01EB
009A
027D
0001
0002
01ED
0248
01EF
0006
00E9
0008
0009
05E5
0442
00EE
01F4
01F5
000F
0010
00F3
0012
0013
0014
001F
0014
0002
0014
0014
0014
0014
0026
002A
001E
0014
0014
002E
0002
0002
0014
0002
0014
0002
00A7
01F6
0022
001E
0019
0387
0002
0002
0014
0002
0002
0014
0024
001E
0020
0023
0021
001B
0014
0014
0014
0014
0014
0014
001D
0012
0022
001F
0014
0022
0014
0014
0014
0014
0014
0014
0021
0319
001A
0023
0014
00F5
0014
0002
0014
0014
0014
0014
0010
001A
0010
0023
0014
0016
0014
0014
0014
0002
0002
0002
0018
001E
0018
0026
0014
0023
0014
0014
0002
0014
0014
0002
0014
00A8
0018
0014
0014
0388
0014
0014
0014
0014
0014
0014
0026
002A
0022
0013
0014
00AA
0014
0002
0014
0014
0014
0002
0019
002C
002D
0013
0014
002E
0014
0014
0014
0014
0014
0002
0023
002F
0030
0014
0014
002B
0014
0014
0014
0014
0014
0002
013A
0032
024C
0034
0035
0014
01AE
02AB
024D
05D3
003A
00B0
024F
0034
0014
0014
01FF
0142
0200
05E6
0202
044E
0250
017F
0045
0046
0047
0205
05E7
05E8
0149
0209
004D
004E
0061
0050
014C
0052
0254
0477
05E9
0056
0453
0058
004F
0014
00C1
05EA
0454
05EB
02E3
0083
0257
00C0
0061
0014
0114
0063
05EC
05ED
0457
0067
0068
0217
006A
0014
0218
006D
025A
006F
025B
00B6
0072
0073
0074
0014
00DB
0076
0077
021D
0079
0014
025C
007C
0014
0014
025D
025E
0220
0081
0128
0083
039E
0085
0086
0014
0087
0161
0089
0163
008B
008C
05DB
008E
0035
0014
0165
0090
00DE
02A4
0093
0094
03A2
0261
0014
0014
0098
0225
0461
04DE
0228
0002
01B5
0004
01B6
0006
0007
05EE
0170
05EF
022A
02A7
05F0
000E
022D
0026
01BC
001A
0014
0014
0178
0014
0002
0002
0014
0014
0014
0016
0017
0018
0019
0014
001A
0002
0002
0014
0014
0002
0002
001B
0020
001D
001E
001F
0016
0014
0002
0002
0002
0002
0014
001B
001E
0016
001F
0014
0010
0002
0014
0002
0014
0014
0014
0019
002A
001E
0023
0014
0139
0014
0002
0002
0014
0002
0014
001D
001D
0022
0027
0014
0016
0014
0002
0014
0002
0002
0014
0024
00A7
0016
0021
0025
0018
0014
0014
0002
0014
0002
0002
0018
0012
0010
0027
0014
001A
0002
0014
0014
0014
0014
0002
0027
0138
01BE
0027
0014
0029
0002
0014
0014
0014
0014
0014
0026
00F7
0022
0027
0014
01BF
0014
0002
0014
0014
0014
0014
0026
00F7
0022
0027
0014
01C0
0014
0014
0014
0002
0014
0014
0019
00AB
0022
0027
0014
002E
0014
0014
0014
0014
0014
0014
0031
00FA
022E
033A
0014
0014
022F
0037
05F1
05F2
017D
003B
01C5
00C0
0002
0014
00B2
01C6
003F
0040
0041
0042
0328
0044
0109
00B0
00B8
0048
05F3
05F4
004B
004C
01CA
010B
004F
0014
0187
05F5
01CC
0235
0055
008C
01CD
0294
0140
0014
0111
005A
05F6
05F7
005D
005E
0446
0060
0140
0014
0062
00C5
023B
05E3
0066
0117
0068
0069
01D5
006B
006C
023D
023E
01D7
023F
0071
0240
0241
01D5
0014
0120
0121
0242
0123
0243
007A
0244
01DA
007D
0014
0245
007F
0246
01DD
0082
00B0
0084
0119
0097
0014
01DF
0088
037B
037C
011A
01E3
008D
00BD
0035
0014
01E5
01E6
037E
02BC
0131
01E3
0095
0096
0097
0014
01EA
01EB
009A
027D
02FB
0002
01B5
0004
01B6
0006
00E9
01B7
05F8
000A
000B
036C
000D
03CD
02FE
0010
001D
001A
0014
0014
0015
0014
0014
0002
0014
0014
0014
0016
00F3
0018
0019
0014
001A
0002
0014
0014
0014
0014
0002
001B
001D
001D
00A7
001F
0016
0014
0002
0014
0002
0002
0014
001B
001E
0022
001F
0014
0010
0002
0014
0014
0014
0014
0014
0019
001B
00A7
001F
0014
0022
0014
0002
0002
0014
0002
0014
001D
001C
0022
0023
0014
0016
0014
0002
0014
0014
0002
0014
0024
001A
0010
0021
0014
0018
0014
0014
0014
0014
0014
0002
0018
0012
0010
0027
0014
001A
0002
0014
0014
0014
0014
0014
0027
00F4
00F4
0027
0014
00F6
0002
0014
0014
0014
0014
0014
0026
00F7
0022
0027
0014
00F2
0014
0014
0014
0014
0014
0014
0019
00F8
002D
0027
0014
002E
0014
0014
0014
0002
0014
0014
0019
0284
0030
0027
0014
002E
0014
0014
0014
0014
0014
0014
006C
0032
013B
01CE
0014
0014
0036
0037
013D
02CF
003A
003B
05F9
0034
0002
0014
0300
05FA
049A
05FB
0107
0042
04E4
0044
0184
0046
00B8
0055
05FC
05FD
0059
014A
00BC
010B
004F
0014
039B
01CB
014D
04A3
020A
00FA
0057
0102
004F
0014
0059
005A
0304
0305
05FE
005E
04EA
0060
0061
0014
0114
00C5
05FF
04EC
0116
0058
0068
0156
01D5
0014
006C
023D
0309
030A
011E
0071
0240
01D8
01D5
0014
0202
0121
01A0
0123
0243
007A
0244
015B
007D
0014
00BB
007F
0080
02ED
0128
0083
015F
0085
0097
0014
02EF
029D
02F1
0163
029F
0046
04B2
008E
0035
0014
01B1
01E6
0588
0311
0093
0094
04B5
0096
0097
0014
01EA
01EB
02FA
04B7
0344
0002
01ED
01EE
0380
0006
0007
01F0
0009
0600
0601
02A7
0602
000E
0316
0026
0177
0012
0013
0014
00F2
0014
0002
0014
0014
0014
0014
0026
0317
001F
0014
0014
002E
0002
0002
0014
0002
0002
0014
001F
001C
0022
001E
0014
0022
0002
0002
0002
0002
0014
0014
0024
001F
0020
0023
0021
001B
0014
0014
0002
0014
0014
0014
001D
0024
0022
0021
0014
001E
0014
0002
0014
0014
0002
0014
0026
0603
001F
0019
0014
002B
0014
0002
0014
0002
0014
0014
0010
001F
0016
0023
0025
0016
0014
0014
0002
0002
0002
0002
0018
001E
0018
0026
0014
0023
0014
0014
0002
0014
0014
0002
0014
00A8
0016
0014
0014
00A9
0002
0014
0014
0014
0014
0014
0026
031A
0022
0013
0014
03CF
0014
0002
0014
0014
0014
0002
0019
031B
0012
0013
0014
002E
0014
0014
0014
0014
0014
0002
0023
00AB
0015
0014
0014
002B
0014
0014
0014
0014
0014
0002
0149
00FA
02AA
0034
0035
0014
01E5
01FA
0038
017C
013A
00B0
01FE
031F
0014
0014
003D
003E
0604
00B4
0183
0203
0043
051F
0045
0014
0047
0048
0605
0606
004B
004C
004D
004E
0061
0050
020A
03B7
0607
018A
0272
0056
0523
0058
018D
0014
0210
018F
0524
0191
0031
0083
0608
031F
0097
0014
0062
0063
0609
060A
0066
0067
0068
0069
006A
006B
011A
006D
00CA
006F
00CC
019D
0072
0073
0074
0014
00DB
0076
0077
021D
0079
0014
025C
01A4
0014
0014
007E
025E
02B8
032F
01A7
00D7
0221
027A
0086
0014
0087
0088
01AA
01AB
00DB
008C
04FC
05BC
0035
0014
008F
0090
02BB
0130
0168
0083
060B
0056
0014
0014
0098
0225
060C
0227
0228
0002
0536
0004
01B6
0006
0007
060D
03A7
000A
000B
036C
000D
000E
02FE
0010
001D
0015
0014
0014
0015
0014
0014
0002
0014
0014
0014
0016
00F3
0012
0019
0014
001A
0002
0014
0014
0014
0002
0002
001B
001D
001D
001E
0026
0016
0014
0014
0014
0002
0002
0014
001B
001E
0022
001F
0014
0010
0002
0014
0014
0014
0014
0014
0019
0024
001A
001F
0014
0022
0014
0002
0014
0014
0002
0014
001D
0016
0022
0027
0014
0016
0014
0002
0014
0014
0002
0014
0024
00A7
0010
0021
0014
0018
0014
0014
0014
0014
0014
0002
0018
0012
0010
0027
0014
001A
0002
0014
0014
0014
0014
0002
0027
00F4
034B
0014
0014
00F6
0002
0014
0014
0014
0014
0014
0026
0286
034B
0027
0014
00F2
0014
0014
0014
0014
0014
0014
0019
00F8
0022
0027
0014
002E
0014
0014
0014
0002
0014
0014
0019
0445
0022
0027
0014
002E
0014
0014
0014
0014
0014
0014
013A
0032
013B
013C
0014
0014
0036
0037
013D
02CF
0131
003B
013F
0034
0002
0014
0141
0502
0503
060E
0107
0042
0145
0044
0109
006B
0047
0231
0505
060F
0507
014A
00BC
010B
004F
0014
0508
0610
014D
04A3
00DB
00FA
0057
0102
004F
0014
0059
005A
050B
0611
01D1
005E
005F
0060
0140
0014
0114
050D
050E
0612
03BE
03BF
0068
0156
01D5
0014
006C
023D
0157
030A
011E
0071
0240
0241
00CF
0014
0120
0121
0542
0123
0243
007A
0244
04EF
0014
0014
0245
0511
0080
02ED
0082
0083
015F
04F2
0097
0014
02EF
03DC
02F1
0163
011A
0046
04B2
008E
0035
0014
01B1
0512
0588
05AF
0131
0094
04B5
0096
0097
0014
0514
03E4
0613
0614
0001
0002
01ED
0248
0380
0006
00E9
0008
0339
0516
0615
02A7
04BD
01F5
0316
0026
0177
0012
0013
0014
01BF
0014
0002
0014
0014
0014
0014
0026
0386
0018
0014
0014
002E
0002
0002
0014
0002
0014
0002
001F
01F6
0010
001E
001F
0616
0002
0002
0002
0002
0014
0014
0024
001A
0020
0023
0021
001B
0014
0014
0002
0014
0014
0014
001D
001B
0022
0023
0014
001E
0014
0002
0002
0014
0002
0014
0026
01F7
001A
0023
0014
00F5
0014
0002
0014
0002
0014
0014
0022
001A
0016
0023
0025
0016
0014
0014
0002
0002
0002
0002
0018
001E
0018
0026
0014
0023
0014
0014
0002
0014
0014
0002
0014
00A8
0016
0027
0014
00A9
0002
0014
0014
0014
0014
0014
0026
031A
0022
0013
0014
00AA
0014
0002
0014
0014
0014
0002
0019
031B
002D
0013
0014
002E
0014
0014
0014
0014
0014
0002
0023
002F
0030
0014
0014
002B
0014
0014
0014
0014
0014
0002
0149
00FA
0489
0034
0035
0014
01E5
01FA
0038
017C
01FD
00B0
01FE
0056
0014
0014
00B2
051C
0617
0618
0202
0203
0250
051F
0045
0046
00B8
05B1
0619
05E8
0208
004C
004D
004E
0061
0050
0051
0253
0521
018A
020E
0056
0523
0058
0002
0014
0210
018F
0524
061A
0192
0083
0257
0203
0061
0014
0062
0195
0258
061B
0066
0067
0068
0069
006A
006B
011A
006D
006E
006F
00CC
019D
0072
0073
0074
0014
00DB
0076
0077
021D
0079
0014
025C
01A4
007D
0014
025D
021F
02B8
032F
0128
00D7
0221
0129
0086
0014
0087
0222
01AA
01AB
008B
008C
0223
0357
0035
0014
008F
0090
012F
0130
0093
0083
0224
0261
0014
0014
0098
0225
0226
0227
04B8
0002
0003
0004
0005
0006
00E9
009F
0009
036B
000B
022B
03CC
03CD
0316
0026
01BC
0015
0013
0014
0178
0014
0002
0002
0014
0014
0014
0016
0017
0018
0019
0014
001A
0002
0014
0014
0014
0014
0002
001B
001B
001D
001E
0019
0016
0002
0002
0002
0002
0002
0014
001B
001E
0020
001F
0014
0010
0002
0014
0014
0014
0014
0014
001D
0020
0012
0023
0014
0012
0014
0002
0002
0014
0014
0014
0022
001C
0022
0027
0014
0016
0014
0002
0014
0014
0002
0014
0024
00A7
0016
0026
0025
0019
0014
0014
0002
0014
0002
0002
0018
0012
0010
0027
0014
001A
0014
0014
0002
0014
0014
0002
0027
0028
0016
0027
0014
0029
0002
0014
0014
0014
0014
0014
0026
002A
0022
0027
0014
002B
0014
0002
0014
0014
0014
0002
0019
002C
002D
0027
0014
002E
0014
0014
0014
0014
0014
0002
0023
00AB
0030
0027
0014
00AA
0014
0014
0014
0014
0014
0002
0031
00FA
017A
003B
0035
0014
01E5
0037
054C
051A
01C4
003B
003C
00C0
0002
0014
003D
0142
003F
0040
0041
0042
0043
0044
0045
0046
0047
0055
0049
004A
0059
004C
01CA
004E
0074
0014
0051
0052
02B0
0054
00DB
0056
0057
028D
018D
0014
0059
005A
028E
028F
0373
005E
005F
0060
0140
0014
0062
0153
0064
0065
0066
0067
0068
0069
01D5
006B
006C
006D
061C
061D
023F
0071
0072
0073
01D5
0014
0075
0076
021C
021D
015A
007A
007B
02B7
007D
0014
007E
061E
0126
0127
0128
00D7
0084
0119
0086
0014
008F
0222
056F
037C
00DB
008C
008D
00BD
0035
0014
008F
02BA
037E
02BC
0093
0083
0095
0096
0097
0014
0098
016A
009A
027D
02FB
0002
016E
061F
0620
0006
0007
0555
05F8
0280
0621
036C
00A3
0622
0623
0010
001D
0012
0014
0014
001F
0014
0002
0014
0014
0014
0014
0026
03A8
0015
0014
0014
00A6
0002
0002
0014
0002
0002
0002
0010
001C
0016
001E
001F
0010
0014
0002
0014
0002
0002
0014
001D
001E
0015
0023
0021
001B
0002
0014
0002
0014
0014
0014
0018
001B
0022
001F
0014
0022
0014
0014
0014
0014
0002
0014
001D
001B
0018
0023
0014
0018
0014
0002
0014
0002
0014
0014
0016
001A
0010
0023
0014
0016
0014
0014
0014
0002
0002
0002
0018
0015
0018
0026
0014
00A7
0002
0014
0014
0014
0014
0002
0027
03A9
0139
0014
0014
01BF
0014
0014
0014
0014
0014
0014
0026
0286
052C
0013
0014
002E
0014
0014
0014
0014
0014
0014
0026
00F8
0519
0013
0014
002E
0014
0014
0014
0002
0014
0014
0019
002F
0012
0014
0014
00F2
0014
0014
0014
0014
0014
0014
01F8
0032
02CC
0034
0014
0014
0036
0558
0624
0625
0269
00B0
0626
0034
0014
0014
0300
0181
0627
0628
0303
02BD
0371
02D8
0109
00B0
00B8
0048
02D9
02DA
004B
010B
004D
0058
004F
0050
02AF
010C
0254
020D
0272
010F
02E1
0058
004F
0014
018E
0329
02E2
0191
0192
008C
0581
00C0
0061
0014
0152
025B
0629
062A
035D
00C0
0068
062B
006A
0014
062C
019A
062D
062E
025B
00B6
00CE
0563
0074
0014
02D0
0121
062F
02EB
01A2
007A
0630
0298
0014
0014
00BB
01A5
0481
02ED
0082
0083
0631
0632
0097
0014
03C4
03DC
02F1
0163
039F
0046
0633
0634
0035
0014
00FC
05CD
0635
02A4
03F5
0094
0636
00E1
0014
0014
01B1
02F9
0637
0638
04B8
0002
01ED
05D0
01EF
0006
0007
009F
0345
02A6
022A
02A7
056C
000E
00F1
0026
01BC
0012
0013
0014
0178
0014
0002
0002
0014
0014
0014
0016
0017
001A
0019
0014
001A
0002
0002
0014
0002
0002
0002
001B
001C
001D
001E
0019
0022
0002
0002
0002
0002
0014
0014
001B
001F
0020
001F
0014
001B
0002
0014
0002
0014
0014
0014
0022
0020
0022
0023
0014
0012
0014
0002
0014
0014
0002
0014
0022
001C
0022
0019
0014
0016
0014
0002
0014
0002
0002
0014
0024
00A7
0016
0023
0025
0016
0014
0014
0002
0002
0002
0002
0018
0012
0010
0027
0014
001A
0014
0014
0014
0014
0014
0002
0027
0028
0016
0014
0014
0029
0002
0014
0014
0014
0014
0014
0026
002A
0022
0013
0014
002B
0014
0002
0014
0014
0014
0002
0019
031B
002D
0014
0014
002E
0014
0014
0014
0014
0014
0002
0019
00AB
0030
0014
0014
00F2
0014
0014
0014
0014
0014
0002
0031
00FA
02AA
033A
0035
0014
01E5
0037
02AC
0639
00F9
003B
003C
02BD
0035
0014
003D
0142
003F
0040
0041
0042
0145
0044
0109
0046
0047
0055
063A
063B
010A
004C
004F
004E
004F
0014
020A
0468
02B0
063C
0055
010F
0057
005E
018D
0014
018E
005A
028E
0150
005D
005E
005F
005E
0140
0014
0062
0063
0064
0374
0066
0067
0199
0069
006A
006B
006C
063D
033E
063E
023F
0071
03FE
019E
01D5
0014
00BB
063F
043F
00D1
01A2
007A
0400
01A4
0014
0014
007E
01A5
01A6
0640
0128
0083
0084
0119
0097
0014
0194
012A
056F
037C
013A
008C
008D
00BD
0014
0014
01DF
0090
01AF
02BC
0093
0046
0095
0261
0014
0014
01EA
0099
01B3
009B
0337
0002
016E
0004
009E
0006
00E9
00EA
0339
0280
046C
0137
02C7
03CD
0385
0010
0020
0015
0014
0014
001A
0014
0014
0002
0014
0014
0014
0026
03A8
0018
0027
0014
00A6
0002
0002
0014
0014
0014
0002
0024
001B
0016
001E
001F
0016
0014
0002
0014
0002
0002
0014
001D
001E
0022
0023
0021
0022
0002
0014
0014
0014
0014
0014
001D
001B
0018
001F
0014
0022
0014
0002
0002
0014
0002
0014
001D
001C
0018
0023
0014
0018
0014
0002
0014
0014
0014
0014
0016
001A
0010
0021
0014
0016
0014
0014
0014
0014
0002
0002
0018
0015
0018
0026
0014
00A7
0002
0014
0002
0014
0014
0014
0027
03A9
0641
0027
0014
01BF
0014
0014
0014
0014
0014
0014
0027
00F7
0022
0027
0014
01C0
0014
0014
0014
0014
0014
0014
0026
00F8
0022
0027
0014
01C0
0014
0014
0014
0002
0014
0014
0023
002F
0022
0027
0014
00AA
0014
0014
0014
0014
0014
0002
006C
0032
005F
0034
0014
0014
0036
0642
0643
0644
003A
02D1
0645
0034
0002
0014
0646
0647
0648
0649
0303
02BD
0043
0108
0045
00B0
00B8
0048
064A
0591
0303
010B
004D
04A0
00CF
0050
0187
064B
0254
064C
03B8
0056
00B7
0058
004F
0014
0059
043A
0274
0191
004B
0193
005F
0060
0061
0014
00AD
047E
064D
0427
05A9
0428
0068
0119
0002
0014
062C
064E
0459
064F
025B
019D
0072
0073
0074
0014
00D0
047F
0077
02EB
02B6
007A
0650
015B
007D
0014
00BB
021F
0220
0081
0082
02D1
0651
0085
0086
0014
03C4
01E0
0652
0653
008B
01E3
0654
008E
0035
0014
0160
0655
0167
0656
02AF
0094
0657
0096
0097
0014
0303
0460
0658
0659
0001
0002
01ED
009D
065A
0006
0007
00EA
0339
00A0
0442
022B
065B
000E
000F
0010
0011
0012
0013
0014
001E
0014
0002
0002
0014
0014
0014
0026
0386
0015
0027
0014
002E
0002
0002
0014
0002
0002
0014
001B
001C
0022
001E
0026
0016
0002
0002
0002
0002
0002
0014
0024
001E
0020
001F
0021
001B
0014
0014
0002
0014
0014
0014
001D
0020
0022
001F
0014
0022
0014
0002
0014
0014
0002
0014
0021
0444
0015
0023
0014
065C
0014
0002
0014
0002
0002
0014
0024
001F
0016
0026
0025
0021
0014
0014
0002
0014
0002
0002
0014
00A9
0284
0026
0014
065D
0002
0014
0002
0014
0014
0002
0014
00A8
0016
0014
0014
0388
0014
0014
0014
0014
0014
0014
0026
002A
0022
0027
0014
00AA
0014
0002
0014
0014
0014
0002
0019
002C
002D
0027
0014
002E
0014
0014
0014
0014
0014
0002
0023
002F
0030
0027
0014
00AA
0014
0014
0014
0014
0014
0002
0031
0032
0033
0034
0035
0014
01E5
02AB
0038
0039
00AF
00B0
065E
0034
018D
0014
003D
0142
00B3
065F
00B5
00B6
0043
0146
0045
0046
0047
0205
04C2
0660
039F
004C
004D
004E
004F
0050
020A
0052
0053
0054
04C4
0056
0057
0058
004F
0014
00C1
0112
04C5
061A
0031
0083
0455
005E
0061
0014
0062
0063
00C6
0197
0066
0067
0068
0069
01D5
006B
006C
006D
00CA
006F
0045
0014
0661
0662
0074
0014
0075
0076
021C
0078
0079
0014
025C
007C
0014
0014
007E
061E
0220
0081
0128
00D7
01A8
0085
0086
0014
008F
0222
0089
008A
008B
008C
0570
008E
0035
0014
008F
0090
0091
0092
0093
0094
0663
0261
0097
0014
0098
0225
009A
009B
0664
0002
016E
016F
0665
0006
00E9
01B7
0345
036B
0666
036C
02A8
0667
022D
0019
002C
001A
0014
0014
0178
0014
0014
0002
0014
0014
0014
0016
00F3
0018
0019
0014
001A
0002
0014
0014
0014
0014
0002
0020
001D
001D
00A7
001F
0010
0014
0002
0014
0002
0002
0014
001B
001E
0016
0023
0014
0010
0002
0014
0014
0014
0014
0014
0018
001B
0012
0023
0014
0012
0014
0002
0002
0014
0002
0014
001D
001C
0022
0027
0014
001A
0014
0002
0014
0014
0014
0014
0016
001A
0010
0023
0014
0016
0014
0014
0002
0002
0014
0002
0018
0012
0018
0027
0014
001A
0014
0014
0014
0014
0014
0014
0027
0138
0139
0027
0014
0029
0002
0014
0014
0014
0014
0014
0026
00F7
0022
0013
0014
00F2
0014
0014
0014
0014
0014
0014
0026
00F8
0022
0013
0014
002E
0014
0014
0014
0002
0014
0014
0019
00F7
0022
0014
0014
00F2
0014
0014
0014
0014
0014
0014
00F9
00FA
0266
00AC
0014
0014
0036
048A
0668
0669
0269
003B
066A
0102
0002
0014
066B
03D1
0105
066C
0041
0042
0446
0044
01D5
00B0
00B8
0048
066D
0438
00BB
004E
0184
010B
00CF
0014
0187
066E
066F
0670
00DB
003B
0110
0294
0086
0014
0111
005A
0671
00C3
01D1
005E
01F9
0060
0035
0014
038A
047E
0672
0673
0425
03BF
0199
0560
006A
0014
0218
04D8
0562
0674
0370
0071
00CE
03B3
00CF
0014
0295
0675
030C
0565
0676
007A
0480
0677
007D
0014
0111
05AD
0678
0679
010A
0083
015F
067A
0097
0014
0120
03DC
067B
0366
03F5
0046
04B2
012D
0035
0014
04B1
0655
067C
067D
0187
00B0
067E
0096
0014
0014
0132
03E4
067F
0680
0681
0002
0003
05D0
02FC
0682
0007
009F
0683
000A
0684
036C
000D
000E
00A4
0010
001D
0012
0013
0014
001F
0014
0014
0002
0014
0014
0014
0016
00F3
001E
0014
0014
001A
0002
0014
0014
0014
0002
0002
0020
0024
0010
001E
001F
0022
0014
0014
0014
0002
0014
0014
001D
001E
0016
0023
0014
001B
0002
0014
0014
0014
0014
0014
0022
001B
0022
001F
0014
0022
0014
0014
0014
0014
0014
0014
0022
001C
0018
0019
0014
001A
0014
0002
0014
0014
0002
0014
0024
0023
0010
0023
0014
0016
0014
0014
0014
0002
0014
0002
0018
001E
0010
0027
0014
00A7
0014
0014
0014
0014
0014
0002
0013
0028
0022
0014
0014
03EA
0014
0014
0014
0014
0014
0014
0026
002A
0018
0025
0014
002B
0014
0014
0014
0014
0014
0002
0019
0445
0018
0014
0014
002E
0014
0014
0014
0014
0014
0002
0023
00F7
0012
0014
0014
002B
0014
0014
0014
0014
0014
0002
00F9
0032
0057
00AC
0035
0014
00FC
0685
04E0
024E
02D0
003B
0101
0034
0014
0014
026A
048D
0471
0686
0107
0042
00B7
05BC
0045
00B0
03D2
04C4
063A
063B
01F8
0357
00BC
004E
004F
0014
04A1
03B7
055D
0687
0439
010F
0110
005E
004F
0014
018E
043A
028E
03BB
03A1
005E
0306
00C0
0097
0014
0688
04A7
0689
068A
068B
0117
0199
067A
006A
0014
062C
00C9
068C
068D
0370
0071
05C0
011F
00CF
0014
0295
068E
05C7
068F
0566
00D3
04EE
007C
0014
0014
0120
05AD
04F0
0690
0691
0083
0084
0085
0097
0014
01B1
0222
0089
008A
00DB
008C
008D
008E
0014
0014
0367
02BA
0091
0092
0131
0094
0095
00E1
0014
0014
068B
016A
01B3
027D
0337
0002
01B5
0004
0380
0006
00E9
00EA
0339
0415
046C
022B
0692
0281
0316
0026
0177
0015
0014
0014
0285
0014
0002
0002
0014
0014
0014
0026
0386
0018
0019
0014
00F2
0002
0002
0014
0002
0014
0002
001B
001C
001D
00A7
0026
0016
0002
0002
0002
0002
0002
0014
001B
001E
0020
001F
0021
0010
0002
0014
0002
0014
0014
0014
001D
0024
0018
0023
0014
0012
0014
0002
0002
0014
0002
0014
001D
001B
0022
0023
0014
0016
0014
0002
0014
0002
0014
0014
0010
001A
0016
0021
0025
0016
0014
0014
0002
0014
0002
0002
0018
0012
0018
0026
0014
001A
0002
0014
0002
0014
0014
0014
0027
0488
01BE
0027
0014
00A9
0002
0014
0014
0014
0014
0014
0026
002C
0022
0027
0014
002E
0014
0002
0014
0014
0014
0014
0026
002C
002D
0027
0014
002E
0014
0014
0014
0002
0014
0014
0019
002F
0030
0027
0014
002E
0014
0014
0014
0014
0014
0002
0031
00FA
0489
0034
0014
0014
038A
0037
0038
048B
003A
00B0
017E
00C0
0002
0014
003D
0181
028A
00B4
00B5
00B6
0043
0044
0184
0046
0047
0048
0185
0591
004B
004C
004D
010B
0074
0050
0051
033C
01CC
0054
04C4
0056
0057
0058
0002
0014
0059
005A
04C5
005C
0192
0193
005F
0060
0061
0014
0062
0063
0196
0693
0066
0067
0068
0069
0002
006B
006C
01D6
006E
019B
00CC
019D
0072
0073
0074
0014
0075
0694
0077
0695
0079
007A
025C
037A
007D
0014
007E
015C
01A6
0696
0082
00B0
0697
0129
0086
0014
0087
00D9
0698
01E2
0031
01E3
02F3
00BD
0035
0014
008F
02F5
0699
069A
005D
00B0
069B
0096
0097
0014
0098
02F9
00E3
0134
04B8
0002
0003
0004
00E8
0006
00E9
00EA
0009
000A
00A1
022B
065B
03CD
000F
0010
0011
0012
0013
0014
001E
0014
0002
0002
0014
0014
0014
0016
0017
0015
0027
0014
001A
0002
0002
0014
0002
0002
0014
001B
001C
0022
001E
0026
0016
0002
0002
0002
0002
0002
0014
0024
001E
0020
001F
0014
0010
0014
0014
0002
0014
0014
0014
001D
0020
0022
001F
0014
0022
0014
0002
0014
0014
0002
0014
0022
001C
0015
0027
0014
0016
0014
0002
0014
0002
0002
0014
0024
001F
0016
0026
0025
0012
0014
0014
0002
0014
0002
0002
0018
001F
0010
0014
0014
0023
0014
0014
0014
0014
0014
0002
0027
0028
0016
0014
0014
02A9
0014
0014
0014
0014
0014
0014
0026
002A
0022
0027
0014
002B
0014
0002
0014
0014
0014
0014
0019
002C
002D
0027
0014
002E
0014
0014
0014
0014
0014
0014
0023
002F
0030
0027
0014
00AA
0014
0014
0014
0014
0014
0002
0031
0032
0033
0034
0035
0014
01E5
02AB
0038
0039
00AF
003B
003C
0034
0002
0014
003D
0142
003F
065F
00B5
00B6
0145
0146
0045
0046
0047
0205
0473
069C
039F
004C
004D
00BD
0074
0014
020A
0052
0053
0054
04C4
0056
0057
0058
004F
0014
00C1
0112
04C5
061A
0031
0288
005F
0060
0140
0014
0062
0063
0196
00C7
0066
0067
0068
0069
01D5
006B
006C
0219
069D
006F
069E
0071
03FE
0073
0014
0014
0075
0076
069F
00D1
06A0
006B
0400
007C
0014
0014
007E
021F
00D5
00D6
0128
00D7
0084
0085
0086
0014
0087
0222
0089
008A
008B
008C
008D
008E
0035
0014
008F
02F5
0091
0092
0093
0094
0095
005E
0097
0014
0098
0225
009A
009B
06A1
0002
06A2
06A3
0665
0006
0007
027F
0170
06A4
0684
00EE
036D
06A5
01BB
0019
031B
001A
0014
0014
0178
0014
0002
0002
0014
0014
0014
00A7
0283
0018
0019
0014
00A6
0002
0002
0014
0014
0014
0002
0020
001D
001D
00A7
001F
0010
0014
0014
0014
0002
0002
0014
001B
001E
0016
00A7
0021
001B
0002
0014
0014
0014
0014
0014
0018
001B
0015
0023
0014
0012
0014
0002
0002
0014
0002
0014
001D
001C
0022
0023
0014
0018
0014
0002
0014
0014
0014
0014
0012
001A
0022
0023
0014
0016
0014
0014
0002
0002
0014
0002
0015
0012
0012
0026
0014
001A
0002
0014
0002
0014
0014
0014
0027
0284
00F5
0027
0014
0285
0002
0014
0014
0014
0014
0014
0026
00F7
0022
0013
0014
002E
0014
0014
0014
0014
0014
0002
0026
00F8
0022
0013
0014
002E
0014
0014
0014
0002
0014
0002
0019
05B5
0022
0014
0014
00F2
0014
0014
0014
0014
0014
0002
00F9
00FA
0493
0236
0014
0014
0036
048A
06A6
06A7
0269
0288
06A8
0102
0035
0014
06A9
06AA
03B1
0106
0107
0042
0043
0044
004F
00B0
00B8
0048
0049
004A
00BB
004E
0184
004E
004F
0050
0187
066E
066F
0670
00DB
010F
0110
028D
018D
0014
0111
005A
040F
028F
01D1
005E
005F
0096
0061
0014
038A
047E
0115
0065
035D
049F
0068
0560
006A
0014
062C
01D6
0459
030A
06AB
0294
0072
04AB
0074
0014
02D0
0121
06AC
06AD
0273
007A
0650
05C8
007D
0014
0202
06AE
06AF
06B0
02B9
0083
06B1
027A
0097
0014
0098
03DC
06B2
06B3
011A
0046
06B4
012D
0035
0014
03A1
03E0
06B5
06B6
0131
00B0
06B7
0096
0014
0014
01EA
03E4
06B8
0659
04B8
0002
0003
05D0
06B9
06BA
0007
009F
0683
000A
022A
000C
000D
000E
00A4
0010
00F3
0012
0013
0014
001E
0014
0014
0002
0014
0014
0014
0016
001B
001E
0025
0014
001A
0002
0014
0014
0002
0002
0002
0020
001B
0022
001E
0019
0022
0014
0002
0014
0002
0014
0014
0024
001E
0016
0023
0014
001B
0014
0014
0014
0014
0014
0014
001D
0016
0022
001F
0014
0022
0014
0014
0014
0014
0014
0014
0022
001C
0015
0019
0014
0016
0014
0002
0014
0014
0002
0014
0024
0023
0010
0023
0014
0016
0014
0014
0014
0002
0014
0002
0018
001E
0010
0027
0014
00A7
0014
0014
0014
0014
0014
0002
0013
0028
0022
0014
0014
02A9
0014
0014
0014
0014
0014
0014
0026
002A
0018
0025
0014
002B
0014
0002
0014
0014
0014
0002
0019
002C
0018
0014
0014
002E
0014
0014
0014
0014
0014
0002
0023
002F
0012
0014
0014
002B
0014
0014
0014
0014
0014
0002
013A
0032
013B
00AC
0035
0014
01AE
02AB
03AE
03AF
00F9
003B
003C
0034
0035
0014
003D
0142
06BB
0686
0041
0042
0145
0146
0045
02D1
0047
0205
063A
063B
01F8
0325
00BC
004E
004F
0014
06BC
0468
0392
0393
0051
010F
0057
005E
004F
0014
018E
043A
028E
03BB
0151
005E
005F
00C0
0140
0014
0062
0153
0064
0374
0216
0067
0199
0156
006A
0014
039B
06BD
033E
06BE
06BF
0071
0446
011F
01D5
0014
02DB
06C0
06C1
06C2
0566
00D3
04EE
007C
0014
0014
0245
01DB
06C3
06C4
0128
00D7
0084
0085
0097
0014
03C4
0222
0089
008A
008B
008C
008D
008E
0014
0014
00FC
02BA
0091
0092
0131
0094
0095
0261
0014
0014
01B1
016A
01B3
027D
0337
0002
01B5
0004
0005
0006
00E9
00EA
0339
0415
046C
06C5
0692
0281
0316
0019
0177
0015
0014
0014
0285
0014
0002
0002
0014
0014
0014
0026
00A5
0018
0019
0014
00A6
0002
0002
0014
0014
0014
0002
001B
001C
001D
00A7
001F
0016
0002
0002
0002
0002
0002
0014
001B
001E
0020
001F
0021
0010
0002
0014
0002
0014
0014
0014
0018
001B
0018
0023
0014
0012
0014
0002
0002
0014
0002
0014
001D
001D
0022
0023
0014
0018
0014
0002
0014
0002
0014
0014
0010
001A
0016
0021
0025
0016
0014
0014
0002
0014
0002
0002
0018
0012
0018
0026
0014
001A
0002
0014
0002
0014
0014
0014
0027
0284
01BE
0027
0014
0285
0002
0014
0014
0014
0014
0014
0026
00F7
0022
0027
0014
002E
0014
0002
0014
0014
0014
0014
0026
00F7
002D
0027
0014
002E
0014
0014
0014
0002
0014
0014
0019
00AB
0030
0027
0014
002E
0014
0014
0014
0014
0014
0002
0031
00FA
06C6
0034
0014
0014
038A
0037
0038
048B
003A
00B0
0645
00C0
0002
0014
06C7
0181
028A
00B4
0202
00B6
0043
0044
004F
0046
00B8
0048
0185
0591
004B
004C
004D
010B
0074
0050
0051
033C
01CC
0054
0272
0056
00B7
0058
0140
0014
0059
005A
0190
005C
0192
0193
005F
0060
0061
0014
0114
0195
064D
0427
0066
0117
0068
0069
0002
006B
011A
01D6
06C8
02E9
00CC
019D
0072
0073
0074
0014
0075
06C9
0077
06CA
0079
007A
0650
037A
007D
0014
025D
06CB
01A6
06CC
0082
0083
029A
027A
0086
0014
008F
03DC
0698
06CD
01AC
0046
02F3
012D
0035
0014
008F
02F5
06CE
0369
005D
00B0
069B
0096
0097
0014
0098
02F9
0312
0134
04B8
0002
0003
016F
02FC
0682
0007
0008
06CF
06D0
000B
046D
000D
000E
00A4
0010
001B
0012
0013
0014
001E
0014
0014
0002
0014
0014
0014
00A7
0283
001E
0027
0014
00A6
0002
0014
0014
0002
0002
0002
001B
0024
001D
001E
0019
0010
0014
0002
0014
0002
0002
0014
0024
001E
0010
001F
0014
001B
0002
0014
0014
0014
0014
0014
0022
0016
0022
001F
0014
0022
0014
0014
0014
0014
0014
0014
001D
001C
0022
0019
0014
0016
0014
0002
0014
0014
0002
0014
0024
00A7
0010
0026
0014
0012
0014
0014
0002
0002
0002
0002
0018
001E
0010
0027
0014
00A7
0014
0014
0014
0014
0014
0002
0027
0179
0022
0014
0014
03AA
0014
0014
0014
0014
0014
0014
0026
002A
0018
0014
0014
00AA
0014
0014
0014
0014
0014
0002
0019
0445
0018
0014
0014
002E
0014
0014
0014
0014
0014
0002
0023
00F7
0012
0014
0014
002B
0014
0014
0014
0014
0014
0002
013A
0032
013B
00AC
0035
0014
00AD
02AB
013D
01FC
00AF
0288
06A8
0034
0002
0014
026A
06D1
06D2
0144
0107
0042
01F9
0146
0045
02D1
03D2
06D3
0437
0148
0149
004E
00BC
004E
004F
0014
06D4
0052
020C
06D5
0439
018C
0057
0102
004F
0014
0478
043A
06D6
06D7
03A1
005E
0306
00C0
0140
0014
0688
00C5
0689
06D8
0457
0117
0068
0156
01D5
0014
039B
006D
06D9
02B5
0370
00B6
0072
011F
00CF
0014
0295
06DA
0296
06DB
02B6
006B
025C
007C
0014
0014
0202
06DC
015D
06DD
0245
00D7
00D8
0085
0014
0014
01EA
06DE
0089
045D
00DB
008C
06B4
008E
0014
0014
0367
02BA
00DE
00DF
0131
0094
06B7
00E1
0014
0014
01EA
016A
06DF
06E0
0337
0002
06A2
024B
0380
0006
00E9
06E1
0339
00EC
02C5
000C
06E2
0281
0316
0026
0177
0015
0014
0014
0285
0014
0002
0002
0014
0014
0014
0016
0017
0018
0019
0014
001A
0002
0002
0014
0014
0014
0002
0024
001C
0016
0023
001F
0016
0002
0002
0002
0002
0002
0014
001B
001E
0020
00A7
0021
0010
0002
0014
0002
0014
0014
0014
001D
001B
0018
0023
0014
0012
0014
0002
0002
0014
0002
0014
0022
001B
0018
0023
0014
0018
0014
0002
0014
0002
0014
0014
0010
001A
0016
0023
0025
0016
0014
0014
0014
0014
0002
0002
0018
0012
0018
0026
0014
001A
0002
0014
0002
0014
0014
0014
0027
0138
01BE
0027
0014
0029
0002
0014
0014
0014
0014
0014
0026
031B
0022
0027
0014
00F2
0014
0002
0014
0014
0014
0014
0026
002C
002D
0027
0014
002E
0014
0014
0014
0002
0014
0014
0019
002F
0030
0027
0014
002E
0014
0014
0014
0014
0014
0002
0149
00FA
0489
0034
0014
0014
01AE
06E3
0038
06E4
0269
003B
003C
00C0
018D
0014
003D
0181
003F
00B4
0202
00B6
0043
0044
004F
0046
0047
0048
0185
0591
004B
004C
004D
010B
0061
0050
0051
05BE
01CC
0235
0272
0056
00B7
0058
0002
0014
0111
03D7
0190
005C
0192
0193
005F
0060
0061
0014
0062
0063
0196
0693
0066
0067
0068
0069
006A
006B
00BF
0376
006E
019B
019C
0071
00B7
0073
0074
0014
0075
06E5
0277
0123
01A2
007A
0400
037A
007D
0014
007E
06E6
01A6
06E7
0082
0083
0084
0129
0086
0014
0087
0088
06E8
06E9
0031
0046
008D
012D
0035
0014
008F
02F5
012F
06EA
005D
00B0
0095
0096
0097
0014
0098
02F9
009A
0134
04B8
0002
0003
009D
03CA
0006
00E9
00EA
0009
000A
000B
00EE
000D
03CD
000F
0010
00F3
0012
0014
0014
001E
0014
0002
0002
0014
0014
0014
0016
001B
0012
0027
0014
001A
0002
0002
0014
0002
0002
0014
001B
001C
0010
001E
0026
0016
0002
0002
0014
0002
0002
0014
0024
001E
0020
001F
0014
001B
0014
0014
0002
0014
0014
0014
001D
0020
0022
001F
0014
0022
0014
0002
0014
0014
0002
0014
0022
001C
0012
0019
0014
0016
0014
0002
0014
0002
0002
0014
0024
001F
0010
0026
0014
0012
0014
0014
0014
0014
0002
0002
0018
001A
0010
0026
0014
0023
0014
0014
0014
0014
0014
0002
0014
0285
06EB
0014
0014
03EA
0014
0014
0014
0014
0014
0014
0026
002C
0022
0027
0014
00F2
0014
0002
0014
0014
0014
0014
0026
002C
002D
0027
0014
002E
0014
0014
0014
0014
0014
0014
0023
002F
0030
0027
0014
00AA
0014
0014
0014
0014
0014
0014
013A
0032
013B
0034
0014
0014
01AE
02AB
04CE
0501
003A
003B
003C
0034
018D
0014
01FF
0142
0143
0686
0041
0042
0145
0146
0045
0046
0047
0205
063A
063B
039F
0209
004D
049F
0074
0014
0391
0052
0476
0452
0055
0056
0057
0058
004F
0014
0059
02B1
005B
06EC
005D
005E
005F
0060
0140
0014
0114
0063
0064
0374
03BE
0067
0068
0156
01D5
0014
039B
0219
06ED
006F
05C5
0071
03FE
0073
0074
0014
00DB
0076
06EE
0159
06A0
0014
0400
06EF
0014
0014
007E
021F
06F0
015E
0128
02D1
0084
0085
0086
0014
0087
0222
03C6
008A
008B
01E3
008D
008E
0035
0014
0165
02F5
0091
0092
0093
0094
0095
0096
0097
0014
0098
0099
009A
009B
06A1
0002
01B5
016F
0665
0006
0007
009F
0170
06F1
0263
02A7
06F2
06A5
01BB
0026
01BC
001A
0013
0014
0178
0014
0002
0014
0014
0014
0014
0026
00A5
0018
0019
0014
00A6
0002
0002
0014
0014
0014
0002
0020
0024
001D
00A7
001F
0010
0014
0002
0002
0002
0002
0014
001B
001A
0016
00A7
0021
0010
0002
0014
0014
0014
0014
0014
0018
001B
0012
0023
0014
0012
0014
0002
0002
0014
0002
0014
001D
001C
0022
0023
0014
0018
0014
0002
0014
0014
0014
0014
0022
001A
0016
0023
0025
0016
0014
0014
0002
0002
0002
0002
0012
0012
0018
0027
0014
001A
0002
0014
0002
0014
0014
0014
0027
06F3
0016
0027
0014
0178
0002
0014
0014
0014
0014
0014
0026
002A
0015
0013
0014
03CF
0014
0002
0014
0014
0014
0002
0019
00F7
0015
0013
0014
002E
0014
0014
0014
0002
0014
0002
0019
00AB
0012
0014
0014
00F2
0014
0014
0014
0014
0014
0002
0149
00FA
02AA
0236
0035
0014
038A
02CD
052D
06F4
017D
00B0
06F5
02BD
0002
0014
0062
06AA
058F
00B4
0183
0421
0043
0044
004F
00B0
00B8
0048
0185
0591
00BB
004C
0184
004E
004F
0050
0051
066E
06F6
063C
01F8
01CE
00B7
028D
018D
0014
018E
03D7
06F7
028F
004B
0193
005F
00C0
0061
0014
02B3
00C5
06F8
0427
0066
0117
0068
0069
006A
006B
011A
01D6
006E
01D7
0070
0410
0072
019E
00CF
0014
0120
02EA
039D
06F9
06FA
007A
06FB
0563
007D
0014
0120
06AE
06FC
06FD
010A
0083
06B1
06FE
0097
0014
0194
03DC
06FF
0700
00BF
008C
0701
0702
0035
0014
01DF
0703
0704
0705
039B
0046
02A5
00E1
0014
0014
01EA
0706
0707
03E5
04B8
0002
0003
0708
06B9
0682
0007
0008
0683
000A
000B
036C
000D
000E
00A4
0010
00F3
0012
0014
0014
001E
0014
0014
0002
0014
0014
0014
0016
001B
001E
0027
0014
001A
0002
0014
0014
0002
0002
0002
001B
0024
0022
001E
0019
0022
0014
0002
0014
0002
0002
0014
0024
001E
0022
001F
0014
001B
0014
0014
0014
0014
0014
0014
0022
0020
0022
001F
0014
0022
0014
0014
0014
0014
0014
0014
0022
001C
0015
0019
0014
0016
0014
0002
0014
0014
0002
0014
0024
00A7
0010
0026
0014
0012
0014
0014
0014
0002
0014
0002
0018
001E
0010
0027
0014
00A7
0014
0014
0014
0014
0014
0002
0027
0285
0709
0014
0014
03EA
0014
0014
0014
0014
0014
0014
0026
002C
0018
0014
0014
00F2
0014
0002
0014
0014
0014
0002
0019
002C
0018
0014
0014
002E
0014
0014
0014
0014
0014
0002
0023
002F
0012
0014
0014
002B
0014
0014
0014
0014
0014
0002
013A
0032
013B
00AC
0014
0014
00FC
02AB
013D
0501
00AF
003B
0101
0034
0002
0014
070A
06D1
070B
0144
0107
0042
00B7
0146
0045
02D1
03D2
04C4
063A
063B
0149
014A
00BC
004E
004F
0014
04A1
0052
014D
070C
020A
010F
0057
005E
004F
0014
00C1
043A
028E
03BB
03A1
005E
0306
00C0
0140
0014
022F
00C5
0290
068A
0457
0067
0068
0156
01D5
0014
0391
0219
070D
02B5
06BF
0071
070E
011F
007D
0014
02DB
070F
0710
0711
0566
006B
04EE
030D
0014
0014
0245
0712
0713
0714
0128
031D
0715
0085
0014
0014
03C4
045C
0716
0717
008B
00B0
0718
008E
0014
0014
00FC
02BA
0719
00DF
0131
0094
071A
00E1
0014
0014
01B1
016A
071B
071C
0337
0002
06A2
024B
0005
0006
00E9
05CC
0339
0415
02C5
022B
06E2
0281
0316
0026
0177
0015
0013
0014
0285
0014
0002
0002
0014
0014
0014
0026
0386
0018
0019
0014
00F2
0002
0002
0014
0014
0014
0002
0020
001C
001D
00A7
001F
0016
0002
0002
0002
0002
0002
0014
001B
001E
0020
00A7
0021
0010
0002
0014
0002
0014
0014
0014
001D
001B
0018
0023
0014
0012
0014
0002
0002
0014
0002
0014
001D
001B
0022
0023
0014
0018
0014
0002
0014
0002
0014
0014
0010
001A
0016
0023
0025
0016
0014
0014
0002
0014
0002
0002
0018
0012
0018
0026
0014
001A
0002
0014
0002
0014
0014
0014
0027
0179
0016
0027
0014
0285
0002
0014
0014
0014
0014
0014
0026
031A
0022
0027
0014
00AA
0014
0002
0014
0014
0014
0014
0019
00F7
002D
0027
0014
002E
0014
0014
0014
0002
0014
0014
0019
046E
0030
0027
0014
002E
0014
0014
0014
0014
0014
0002
0149
00FA
06C6
0034
0035
0014
038A
02CD
0038
06E4
0269
00B0
017E
00C0
018D
0014
003D
0181
028A
00B4
0202
02BD
0043
0044
004F
0046
0047
0048
0185
0591
004B
004C
004D
00BD
0061
0050
0051
071D
01CC
0235
0272
0056
00B7
0058
0140
0014
0111
03D7
0190
005C
0192
0193
005F
0060
0061
0014
0062
0063
0196
0693
0066
0117
0068
0069
006A
006B
00BF
01D6
006E
019B
00CC
019D
0072
0073
0074
0014
0075
0340
0077
071E
0079
007A
045A
01A4
007D
0014
025D
0527
01A6
071F
0082
0083
0720
027A
0086
0014
008F
0088
0721
06E9
01AC
008C
0413
012D
0035
0014
008F
02F5
037E
06EA
005D
0046
0414
0096
0097
0014
0098
02F9
009A
0134
02C0
0002
016E
0004
03A6
0006
00E9
01B7
03A7
000A
000B
0539
000D
03CD
0623
0010
00F3
0012
0014
0014
0015
0014
0002
0002
0014
0014
0014
0016
001B
0018
0019
0014
001A
0002
0014
0014
0002
0014
0002
001B
001C
001D
00A7
0019
0016
0014
0002
0014
0002
0002
0014
001B
001E
0016
001F
0014
001B
0002
0014
0014
0014
0014
0014
0022
0020
0022
001F
0014
0022
0014
0002
0002
0014
0002
0014
001D
001C
0022
0019
0014
0016
0014
0002
0014
0014
0002
0014
0024
00A7
0010
0026
0014
0012
0014
0014
0002
0002
0002
0002
0018
001A
0010
0027
0014
0023
0014
0014
0014
0014
0014
0014
0027
0139
034B
0027
0014
03EA
0014
0014
0014
0014
0014
0014
0026
002C
0018
0027
0014
00F2
0014
0002
0014
0014
0014
0014
0019
002C
002D
0027
0014
01C0
0014
0014
0014
0002
0014
0014
0019
002F
0030
0027
0014
00F2
0014
0014
0014
0014
0014
0014
013A
0032
013B
00AC
0014
0014
00AD
0037
013D
013E
003A
003B
0523
0034
0002
0014
0370
0722
070B
0723
0107
0042
04E4
0044
01D5
0046
00B8
0055
0724
0372
0149
014A
00BC
0725
0074
0014
039B
01CB
014D
04A3
0439
010F
0057
0102
004F
0014
00C1
005A
06D6
0150
03A1
005E
01F9
0060
0140
0014
0114
0195
0726
0727
03BE
0067
0068
0156
01D5
0014
011A
04D8
06D9
0728
011E
0071
0240
01D8
00CF
0014
0120
03C0
0729
04AD
01A2
006B
072A
04EF
007D
0014
0245
072B
0713
072C
0404
031D
072D
0085
0097
0014
03C4
072E
072F
0730
029F
00B0
0731
008E
0035
0014
00FC
02F5
0732
02A4
0093
0094
04B5
00E1
0097
0014
01B1
0099
0733
009B
0001
0002
01ED
0248
0380
0006
0007
0734
0339
0415
0263
000C
0692
000E
0316
0026
0177
0015
0013
0014
00F2
0014
0002
0002
0014
0014
0014
0026
0386
0012
0014
0014
00F2
0002
0002
0014
0014
0002
0014
0010
001B
0016
001E
001F
0022
0002
0002
0002
0002
0014
0014
0024
001E
0020
00A7
0021
0010
0002
0014
0002
0014
0014
0014
001D
001B
0018
0019
0014
001E
0014
0002
0014
0014
0002
0014
0021
001B
0018
0023
0014
0018
0014
0014
0014
0002
0014
0014
0012
001A
0016
0023
0025
0016
0014
0014
0002
0014
0002
0002
0018
0012
0018
0026
0014
001A
0002
0014
0002
0014
0014
0002
0027
0179
0016
0014
0014
0285
0002
0014
0014
0014
0014
0014
0026
031A
0022
0013
0014
00AA
0014
0002
0014
0014
0014
0002
0019
00F7
0022
0013
0014
002E
0014
0014
0014
0014
0014
0002
0023
00AB
0022
0014
0014
00AA
0014
0014
0014
0014
0014
0002
0149
00FA
02AA
0034
0035
0014
01AE
01FA
0038
048B
017D
00B0
0735
0102
0014
0014
003D
003E
028A
00B4
0183
0421
0043
0108
0045
00B0
0047
0736
064A
0591
004B
004C
004D
004E
004F
0050
020A
03B7
01CC
018A
0272
0056
00B7
0058
018D
0014
02D7
018F
0274
0191
0031
0193
005F
0096
0061
0014
0062
0153
0737
0693
0066
0117
0068
0069
006A
006B
006C
006D
006E
006F
00CC
019D
0072
0073
0074
0014
00DB
0076
0077
0078
0738
007A
0650
0069
0014
0014
025D
007F
0411
0598
004B
0083
0739
027A
0086
0014
008F
0088
01AA
012C
00DB
008C
073A
00BD
0035
0014
008F
02BA
073B
0130
0168
0083
073C
0096
0014
0014
0098
00E2
0133
05CB
0001
0002
0003
0004
0380
073D
0007
00EA
01B8
0280
022A
000C
000D
000E
000F
0010
001D
0015
0014
0014
0015
0014
0002
0002
0014
0014
0014
00A7
073E
0012
0019
0014
00A6
0002
0002
0014
0002
0002
0002
0024
001C
0016
001E
0014
0016
0002
0002
0002
0002
0002
0014
001B
001E
0020
0023
0021
0022
0002
0014
0002
0014
0014
0014
001D
001D
0018
001F
0014
0022
0014
0014
0014
0014
0002
0014
0022
001C
0018
0023
0014
0016
0014
0002
0014
0002
0002
0014
0024
001F
0010
0021
0014
0012
0014
0014
0014
0014
0002
0002
0018
0015
0010
0026
0014
00A7
0002
0014
0014
0014
0014
0002
0027
03A9
0709
0014
0014
01BF
0014
0014
0014
0014
0014
0014
0026
0286
0709
0027
0014
01C0
0014
0014
0014
0014
0014
0014
0026
059B
034B
0027
0014
002E
0014
0014
0014
0002
0014
0014
0023
002F
0022
0027
0014
00AA
0014
0014
0014
0014
0014
0014
006C
0032
013B
0034
0014
0014
0036
02AB
073F
03AF
0100
0288
0740
0034
0002
0014
00B2
06D1
0741
0144
03D0
0042
0371
0044
0045
0014
00B8
0205
05A2
0148
010A
0325
004D
014B
0061
0050
020A
0468
0392
0393
0055
010F
0057
0058
004F
0014
0111
02B1
005B
0580
005D
005E
0581
0060
0061
0014
0062
0195
0115
0742
03BE
0428
0068
0156
01D5
0014
039B
0219
023E
006F
0743
019D
00CE
035F
0074
0014
01F8
0121
01D9
0078
01A2
006B
01A3
0744
0014
0014
007E
007F
0481
02ED
0128
02D1
0745
0746
0097
0014
0087
045C
0747
02F2
008B
01E3
0748
0749
0035
0014
012E
02F5
074A
02A4
0131
0094
074B
0096
0097
0014
01B1
0099
00E3
009B
01BE
0002
06A2
074C
074D
0006
00E9
009F
0009
02A6
046C
01F3
074E
074F
0750
0026
01BC
0012
0013
0014
002E
0014
0002
0002
0014
0014
0014
0016
0017
0018
0027
0014
001A
0002
0014
0014
0014
0014
0002
001B
0024
001D
00A7
001F
0022
0014
0002
0014
0002
0002
0014
0024
001A
0016
001F
0014
001B
0002
0014
0014
0014
0014
0014
0022
001B
0022
0023
0014
001E
0014
0002
0002
0014
0014
0014
001D
001C
0022
0019
0014
001E
0014
0002
0014
0014
0014
0014
0022
001A
0016
0023
0025
0016
0014
0014
0002
0002
0002
0002
0018
0012
0018
0027
0014
001A
0014
0014
0002
0014
0014
0014
0027
0028
0016
0027
0014
0029
0002
0014
0014
0014
0014
0014
0026
031A
0015
0013
0014
002B
0014
0002
0014
0014
0014
0002
0019
002C
002D
0013
0014
002E
0014
0014
0014
0014
0014
0002
0019
046E
0030
0014
0014
00F2
0014
0014
0014
0014
0014
0002
0031
00FA
02AA
0236
0035
0014
0216
0037
02AC
01C3
01C4
003B
003C
026E
0140
0014
0141
026B
003F
00B4
0590
02BD
0043
0108
0751
0046
0047
0048
0752
0423
00BB
004C
0751
004E
004F
0014
0187
0753
02B0
0054
0111
0056
00B7
028D
018D
0014
00C1
005A
0754
028F
004B
0193
005F
00C0
00C8
0014
02E4
0153
0755
0427
0066
0067
0068
0069
006A
006B
011A
01D6
06C8
0674
0070
0071
0072
0073
00CF
0014
0075
0076
0277
0341
03D7
007A
007B
0756
007D
0014
00BB
0757
0758
0759
004B
0083
0084
075A
0086
0014
008F
0088
075B
075C
011A
008C
008D
00CD
0035
0014
008F
027B
075D
075E
005D
0046
0095
00E1
0014
0014
0098
0706
075F
0760
04B8
0002
0003
0004
0380
0006
00E9
0008
01B8
000A
000B
000C
000D
03CD
00A4
0010
001D
0012
0014
0014
0015
0014
0002
0002
0014
0014
0014
0016
001B
0012
0019
0014
001A
0002
0002
0014
0002
0002
0002
001B
001C
001D
001E
0019
0016
0014
0002
0014
0002
0002
0014
001B
001E
0020
001F
0014
0022
0002
0014
0002
0014
0014
0014
0022
0020
0022
001F
0014
0022
0014
0002
0014
0014
0002
0014
0022
001C
0022
0027
0014
0016
0014
0002
0014
0002
0002
0014
0024
00A7
0010
0026
0014
0012
0014
0014
0014
0014
0014
0002
0018
001E
0010
0026
0014
00A7
0014
0014
0014
0014
0014
0002
0027
0139
0709
0014
0014
03EA
0014
0014
0014
0014
0014
0014
0026
059B
02CB
0027
0014
01BF
0014
0014
0014
0014
0014
0014
0026
059B
0709
0027
0014
002E
0014
0014
0014
0002
0014
0014
0023
02FF
0022
0027
0014
00AA
0014
0014
0014
0014
0014
0014
006C
0032
013B
00AC
0014
0014
0036
02AB
03AE
03AF
003A
003B
0761
0034
0002
0014
0107
06D1
06BB
0144
0107
0042
01F9
0044
0045
02D1
00B8
0205
0762
0148
039F
0325
00BC
049F
0074
0014
0391
0052
0392
0763
0055
010F
0057
0102
004F
0014
0059
0112
06D6
0764
005D
005E
01F9
0060
0140
0014
02B3
0195
0726
0727
03BE
0428
0068
0156
01D5
0014
006C
0219
0765
02B5
011E
0071
070E
035F
0074
0014
00BB
03C0
0766
03C2
01A2
006B
0400
0767
0014
0014
0245
072B
0768
0769
0128
02D1
076A
0586
0097
0014
0087
045C
076B
076C
008B
01E3
0569
076D
0035
0014
012E
02F5
076E
02A4
0131
0094
03E3
0096
0097
0014
05B0
0099
00E3
009B
0337
0002
06A2
076F
01B6
0006
0007
04B9
0009
0770
0263
01F3
0771
06A5
0316
0026
0177
0015
0013
0014
00F2
0014
0002
0014
0014
0014
0014
0026
0386
0018
0014
0014
00F2
0002
0002
0014
0014
0014
0014
0020
001B
0016
0023
001F
0022
0002
0002
0002
0002
0014
0014
001D
001A
0016
00A7
0021
001B
0002
0014
0014
0014
0014
0014
001D
001B
0018
0019
0014
001E
0014
0002
0002
0014
0014
0014
001D
001B
0018
0023
0014
0018
0014
0014
0014
0014
0014
0014
0022
001A
0016
0023
0025
0016
0014
0014
0002
0002
0002
0002
0018
0012
0018
0027
0014
001A
0002
0014
0002
0014
0014
0014
0027
00A8
0016
0027
0014
00A9
0002
0014
0014
0014
0014
0014
0026
031A
0015
0013
0014
03CF
0014
0002
0014
0014
0014
0002
0019
002C
002D
0013
0014
002E
0014
0014
0014
0014
0014
0002
0019
046E
0030
0014
0014
00F2
0014
0014
0014
0014
0014
0002
0149
00FA
02AA
0034
0035
0014
029C
02CD
0038
06E4
017D
00B0
058E
02BD
0014
0014
0103
01C6
058F
00B4
0183
02BD
0043
0108
004F
0046
0047
0736
064A
0591
00BB
004C
004D
004E
004F
0050
0051
0772
06F6
0469
01F8
0056
00B7
0058
018D
0014
0210
00D2
0274
005C
029F
0193
005F
00AC
0061
0014
02E4
0153
0596
0773
0066
0067
0199
0069
006A
006B
011A
011B
06C8
011D
00CC
019D
0072
0073
00CF
0014
00DB
03FF
0077
0123
03D7
007A
025C
0563
007D
0014
025D
007F
0758
06FD
004B
0083
0221
03DB
0086
0014
008F
0088
0774
0775
006C
008C
073A
0702
0035
0014
008F
0310
0776
0777
005D
0046
073C
0322
0014
0014
0098
0778
0779
077A
0228
0002
016E
0004
02FC
0006
0007
0008
03A7
000A
000B
02A7
000D
000E
00A4
0010
001B
0012
0014
0014
0015
0014
0002
0002
0014
0014
0014
0016
001B
0012
0019
0014
001A
0002
0014
0014
0002
0002
0002
001B
0024
001D
001E
0019
0010
0014
0002
0014
0002
0002
0014
001B
001E
0022
001F
0014
001B
0002
0014
0014
0014
0014
0014
0022
0024
0022
001F
0014
0022
0014
0002
0014
0014
0002
0014
001D
001C
0022
0019
0014
0016
0014
0002
0014
0014
0002
0014
0024
001F
0010
0026
0014
0012
0014
0014
0002
0014
0002
0002
0018
001E
0010
0026
0014
00A7
0014
0014
0014
0014
0014
0002
0027
0139
0709
0014
0014
03EA
0014
0014
0014
0014
0014
0014
0026
059B
0709
0014
0014
01BF
0014
0014
0014
0014
0014
0014
0019
059B
0022
0014
0014
01C0
0014
0014
0014
0002
0014
0014
0023
00F7
0022
0014
0014
00AA
0014
0014
0014
0014
0014
0014
013A
0032
013B
0034
0014
0014
00AD
0642
073F
03AF
00AF
003B
077B
0034
0002
0014
0107
0502
06BB
077C
0107
0042
0371
0044
0045
02D1
025D
0231
05A2
049E
00BB
0325
004D
049F
0074
0014
00BE
077D
0392
0763
0439
018C
0057
0058
004F
0014
0059
043A
005B
0191
01D1
005E
0581
0060
0140
0014
0151
0107
0726
077E
03BE
0117
0068
0156
01D5
0014
039B
04ED
00CA
019B
011E
0071
0240
0563
0074
0014
02D0
050F
03C1
04AD
0243
006B
04EE
04EF
0014
0014
0245
077F
0780
0781
0082
031D
0782
04F2
0014
0014
03C4
04D0
0783
0784
0439
00B0
0785
008E
0014
0014
00FC
0786
0787
0788
0131
0094
0169
0096
0014
0014
01B1
0789
00E3
078A
0001
0002
01ED
0248
0380
0006
00E9
03CB
0339
078B
02C5
00EE
058D
078C
0316
0026
0177
001A
0013
0014
00F2
0014
0002
0014
0014
0014
0014
0026
0386
0018
0013
0014
00F2
0002
0002
0014
0014
0014
0014
0020
001C
0016
0023
001F
0016
0002
0002
0002
0002
0014
0014
001D
001A
0020
00A7
0021
0010
0002
0014
0002
0014
0014
0014
001D
001B
0012
0023
0014
001E
0014
0002
0002
0014
0002
0014
0021
001B
0018
0023
0014
0018
0014
0014
0014
0002
0014
0014
0018
001A
0016
0023
0025
0016
0014
0014
0002
0002
0002
0014
0018
0012
0018
0027
0014
001A
0002
0014
0002
0014
0014
0002
0027
00A8
0016
0027
0014
00A9
0002
0014
0014
0014
0014
0014
0026
031A
0022
0027
0014
00AA
0014
0002
0014
0014
0014
0002
0019
002C
002D
0027
0014
002E
0014
0014
0014
0014
0014
0002
0019
002F
0030
0027
0014
00F2
0014
0014
0014
0014
0014
0002
0149
00FA
0489
033A
0035
0014
01AE
02CD
078D
06F4
01FD
00B0
0735
0056
018D
0014
0103
0142
058F
078E
0202
02BD
0043
0108
004F
0046
0047
0055
064A
0591
039F
004C
078F
004E
004F
0050
0051
0253
01CC
0235
023A
0056
00B7
028D
0002
0014
018E
03D7
0754
028F
0192
0193
005F
00AC
0061
0014
0114
0063
0596
0773
0066
0067
0199
0069
006A
006B
00BF
006D
06C8
0293
00CC
019D
0072
0073
00CF
0014
0075
0076
0077
0078
0079
007A
025C
01A4
007D
0014
025D
0527
01A6
0598
0128
0083
0221
0129
0086
0014
008F
0790
0528
0791
0031
008C
0223
0357
0035
0014
008F
0090
012F
0777
005D
0046
073C
0261
0097
0014
0098
01B2
0226
0792
02C0
0002
016E
0004
02FC
0006
00E9
00EA
03A7
0793
00A1
0539
0264
03CD
0794
0019
0795
0012
0014
0014
0285
0014
0002
0002
0014
0014
0014
0016
001B
0015
0019
0014
001A
0002
0014
0014
0002
0014
0002
001B
0020
001D
00A7
0014
0016
0014
0002
0014
0002
0002
0014
001B
001A
0016
001F
0014
0010
0002
0014
0014
0014
0014
0014
0012
0020
0022
0023
0014
0012
0014
0002
0014
0014
0002
0014
001D
001B
0022
0027
0014
0016
0014
0002
0014
0014
0002
0014
0024
00A7
0010
0021
0014
0018
0014
0014
0014
0002
0014
0002
0018
001E
0010
0027
0014
00A7
0014
0014
0014
0014
0014
0014
0027
0138
034B
0014
0014
0029
0002
0014
0014
0014
0014
0014
0026
002C
0018
0027
0014
00F2
0014
0002
0014
0014
0014
0014
0019
002C
0018
0027
0014
01C0
0014
0014
0014
0002
0014
0014
0019
002F
0018
0027
0014
00F2
0014
0014
0014
0014
0014
0014
006C
034D
0796
00AC
0014
0014
022F
0037
0797
0350
003A
003B
0798
00C0
0002
0014
059E
0799
070B
079A
00B5
00B6
079B
0044
01D5
0014
00B8
0055
079C
079D
0059
014A
078F
079E
0074
0014
06D4
0610
079F
04A3
00BF
010F
0057
0102
0002
0014
00C1
005A
07A0
0150
04B1
0288
0240
0060
0140
0014
022F
04A7
07A1
07A2
03BE
0067
0068
0156
01D5
0014
011A
04ED
0157
04AA
011E
0071
0240
0241
01D5
0014
0120
03C0
07A3
04AD
0243
007A
04EE
07A4
0014
0014
0120
007F
07A5
0279
0404
00B0
07A6
0129
0097
0014
031C
07A7
0365
07A8
07A9
00B0
07AA
0357
0035
0014
0478
07AB
07AC
07AD
07AE
00B0
07AF
00E1
0097
0014
07B0
07B1
0733
07B2
0001
0002
0003
0248
0380
0006
0007
009F
0339
0280
0684
000C
000D
000E
000F
0010
0011
0015
0013
0014
001A
0014
0002
0002
0014
0014
0014
00A7
0409
0018
0014
0014
002E
0002
0002
0014
0014
0002
0002
0024
001C
0016
001E
001F
0022
0002
0002
0002
0002
0014
0014
0024
001E
0020
00A7
0021
001B
0002
0014
0002
0014
0014
0014
001D
001B
0018
001F
0014
0022
0014
0002
0002
0014
0002
0014
0022
001C
0012
0023
0014
0018
0014
0002
0014
0002
0014
0014
0016
001A
0016
0023
0025
0016
0014
0014
0002
0014
0002
0002
0018
0012
0018
0026
0014
001A
0002
0014
0002
0014
0014
0002
0013
0179
0016
0027
0014
002B
0002
0014
0014
0014
0014
0014
0026
002A
0022
0013
0014
00AA
0014
0002
0014
0014
0014
0002
0019
00F7
002D
0013
0014
002E
0014
0014
0014
0014
0014
0002
0023
00AB
0030
0014
0014
00AA
0014
0014
0014
0014
0014
0002
029F
0032
0033
0034
0035
0014
01AE
0685
0038
0039
017D
0288
040C
0034
0014
0014
003D
003E
028A
0040
0041
0042
0043
0108
0045
0046
0047
03D3
0049
004A
004B
004C
004D
004E
004F
0050
0051
03B7
0053
04C3
0055
0056
0110
0058
004F
0014
0111
02B1
005B
0191
005D
005E
005F
0096
0061
0014
0062
0063
0064
0065
0066
0117
0199
0069
006A
006B
006C
006D
006E
006F
00CC
019D
0072
0073
0074
0014
00DB
0076
0077
0078
0079
007A
0650
007C
007D
0014
007E
07B3
0080
0081
01A7
0083
07B4
0085
0086
0014
008F
0088
0089
008A
00DB
008C
07B5
008E
0035
0014
008F
0090
0091
0092
0093
0094
07B6
0096
0014
0014
0098
0099
0133
0134
0001
0002
0003
0004
0135
073D
0007
00EA
0381
000A
022A
000C
000D
000E
000F
0010
0020
0015
0013
0014
0015
0014
0002
0002
0014
0014
0014
0016
001B
0012
0019
0014
001A
0002
0002
0014
0002
0002
0002
0024
001C
0016
001E
0026
0016
0002
0002
0014
0002
0002
0014
001B
001E
0020
0023
0021
0010
0002
0014
0002
0014
0014
0014
0015
001D
0018
001F
0014
0022
0014
0014
0014
0014
0002
0014
001D
001C
0018
0023
0014
0016
0014
0002
0014
0002
0002
0014
0024
001A
0010
0021
0014
0016
0014
0014
0014
0014
0002
0002
0018
0015
0010
0026
0014
00A7
0002
0014
0014
0014
0014
0002
0027
0139
034B
0014
0014
02A9
0014
0014
0014
0014
0014
0014
0027
0286
034B
0027
0014
01BF
0014
0014
0014
0014
0014
0014
0026
0286
07B7
0027
0014
01C0
0014
0014
0014
0002
0014
0014
0023
04BF
0030
0027
0014
00AA
0014
0014
0014
0014
0014
0014
013A
0032
013B
0034
0035
0014
0036
02AB
073F
03AF
0100
003B
0761
0034
0002
0014
00B2
06D1
06BB
0144
03D0
0042
0371
0044
0045
0046
00B8
0205
05A2
0148
010A
0325
004D
049F
004F
0050
0391
0468
0392
0393
0055
010F
0057
0058
004F
0014
0111
02B1
005B
0580
005D
005E
059D
0060
0061
0014
0062
0195
07B8
0727
03BE
0058
0068
0156
01D5
0014
039B
0219
006E
006F
0276
0071
0240
035F
0074
0014
0295
0121
01A0
0078
021E
006B
0244
07B9
0014
0014
0245
072B
0402
02ED
0128
07BA
07BB
07BC
0097
0014
0087
045C
07BD
02F2
008B
01E3
03DF
07BE
0035
0014
012E
02F5
02F6
02A4
0093
0094
03E3
0096
0097
0014
01B1
0099
00E3
009B
03C8
0002
06A2
0318
0005
0006
00E9
009F
0009
04F7
0442
01F3
07BF
074F
0750
0019
01BC
0012
0014
0014
00F2
0014
0002
0002
0014
0014
0014
0026
0386
0018
0027
0014
002E
0002
0014
0014
0014
0014
0002
001B
001B
001D
0019
001F
0022
0014
0002
0002
0002
0002
0014
0024
001A
0016
001F
0014
001B
0002
0014
0014
0014
0014
0014
001D
001B
0022
0023
0014
0015
0014
0002
0002
0014
0014
0014
0021
001C
0022
0019
0014
001E
0014
0002
0014
0014
0014
0014
0010
00A7
0016
0023
0025
0016
0014
0014
0002
0002
0002
0002
0018
0012
0018
0027
0014
001A
0014
0014
0002
0014
0014
0014
0027
00A8
0016
0027
0014
00A9
0002
0014
0014
0014
0014
0014
0026
002A
0022
0013
0014
00AA
0014
0002
0014
0014
0014
0002
0019
002C
0012
0013
0014
002E
0014
0014
0014
0014
0014
0002
0019
046E
0015
0014
0014
00F2
0014
0014
0014
0014
0014
0002
0031
00FA
02AA
0236
0014
0014
01E5
0037
02AC
01C3
01C4
00B0
024F
031F
0140
0014
01FF
026B
07C0
00B4
0590
02BD
0043
0108
01D5
00B0
0047
0048
0752
0423
00BB
004C
0751
004E
0074
0014
0051
0753
07C1
0054
0573
0056
00B7
028D
018D
0014
00C1
005A
0754
028F
004B
0193
005F
010F
00C8
0014
02E4
0153
07C2
07C3
0066
0067
0068
0069
006A
006B
011A
01D6
07C4
0728
0070
00B6
0072
0073
007D
0014
0075
03FF
0077
0341
03D7
007A
025C
07C5
007D
0014
025D
007F
07C6
0759
010A
0083
0221
0044
0086
0014
008F
0088
07C7
07C8
011A
008C
025F
01CE
0035
0014
008F
027B
07C9
075E
039B
0046
0260
008C
0014
0014
0098
0706
0553
07CA
07CB
0002
016E
0004
046B
0006
00E9
00EA
0683
000A
00A1
036C
02C7
03CD
00A4
0010
001D
0015
0014
0014
0015
0014
0002
0002
0014
0014
0014
0016
001D
0012
0019
0014
001A
0002
0002
0014
0002
0002
0002
001B
0024
001D
001E
0026
0016
0014
0002
0014
0002
0002
0014
001B
001E
0022
001F
0014
0010
0002
0014
0002
0014
0014
0014
001E
001D
0018
001F
0014
0022
0014
0002
0014
0014
0002
0014
001D
001C
0022
0027
0014
0016
0014
0002
0014
0002
0002
0014
0024
001F
0010
0021
0014
0012
0014
0014
0014
0002
0002
0002
0018
001E
0010
0026
0014
00A7
0014
0014
0014
0014
0014
0002
0027
0139
034B
0014
0014
03EA
0014
0014
0014
0014
0014
0014
0026
059B
034B
0027
0014
01BF
0014
0014
0014
0014
0014
0014
0019
059B
002D
0027
0014
01C0
0014
0014
0014
0002
0014
0014
0023
002F
0030
0027
0014
002B
0014
0014
0014
0014
0014
0014
006C
0032
013B
0034
0014
0014
0036
0494
04CE
0501
003A
003B
0574
0034
0002
0014
0498
05FA
07CC
07CD
04D2
00B6
0371
0044
0045
0046
00B8
0205
04D3
07CE
039F
014A
004D
049F
0074
0014
0391
033C
014D
0452
04C4
010F
0057
0058
004F
0014
0059
0112
04C5
0580
0192
0288
0581
0060
0140
0014
0114
00C5
07CF
07A2
03BE
03BF
0068
0156
01D5
0014
006C
04ED
0157
02E9
011E
0071
0240
01D8
0074
0014
0120
03C0
0729
04AD
0243
006B
04EE
0767
0014
0014
0245
01DB
07D0
04DC
0128
031D
04F1
0586
0097
0014
03C4
045C
07D1
030F
008B
00B0
04F3
008E
0035
0014
012E
01E6
07D2
0311
0093
0094
07D3
0096
0097
0014
01B1
0483
058A
04B7
0001
0002
01ED
0248
0005
0006
0007
009F
0339
056B
0684
02A7
056C
06A5
0316
0026
01BC
0012
0013
0014
002E
0014
0002
0014
0014
0014
0014
00A7
0409
0018
0014
0014
002E
0002
0002
0014
0014
0014
0002
0020
001C
0016
0023
001F
0022
0002
0002
0002
0002
0014
0014
0024
001A
0020
00A7
0021
001B
0002
0014
0014
0014
0014
0014
001D
001B
0022
0019
0014
001E
0014
0002
0002
0014
0014
0014
0022
001C
0018
0023
0014
0018
0014
0002
0014
0014
0014
0014
0022
001A
0016
0023
0025
0016
0014
0014
0002
0014
0002
0002
0018
0012
0018
0027
0014
001A
0002
0014
0002
0014
0014
0002
0027
00A8
0016
0027
0014
00A9
0002
0014
0014
0014
0014
0014
0026
031A
0022
0013
0014
03CF
0014
0002
0014
0014
0014
0002
0019
031B
0012
0013
0014
002E
0014
0014
0014
0014
0014
0002
0019
00AB
001E
0014
0014
002E
0014
0014
0014
0014
0014
0002
029F
00FA
02AA
003B
0035
0014
01E5
048A
02AC
06F4
017D
0288
040C
031F
0014
0014
003D
003E
054D
0040
0041
0042
0043
0108
004F
00B0
0047
0736
0049
004A
00BB
004C
004F
004E
004F
0050
0051
03B7
07D4
0469
00DB
0056
0110
028D
018D
0014
018E
005A
028E
028F
0373
005E
005F
010F
0061
0014
0062
0063
0064
0065
0066
0067
0199
0069
006A
006B
011A
006D
006E
0293
00CC
019D
0072
0073
00CF
0014
00DB
0076
0077
0078
0079
007A
025C
01A4
007D
0014
025D
0527
01A6
0598
01A7
0083
0221
06FE
0086
0014
008F
0088
07D5
07D6
013A
008C
07D7
079E
0035
0014
008F
0090
07D8
07D9
0168
0046
07DA
02E0
0014
0014
0098
0099
07DB
07DC
07CB
0002
016E
0004
02FC
0682
0007
0008
0683
000A
000B
0539
000D
000E
00A4
0010
001D
0015
0014
0014
0015
0014
0002
0002
0014
0014
0014
0016
001D
0012
0019
0014
001A
0002
0002
0014
0002
0002
0002
001B
0024
001D
001E
0019
0016
0014
0002
0014
0002
0002
0014
001B
001E
0022
001F
0021
001B
0002
0014
0014
0014
0014
0014
001E
0024
0018
001F
0014
0022
0014
0002
0014
0014
0002
0014
001D
001C
0022
0019
0014
0016
0014
0002
0014
0014
0002
0014
0024
001F
0010
0026
0014
0012
0014
0014
0014
0014
0002
0002
0018
001E
0010
0026
0014
00A7
0014
0014
0014
0014
0014
0002
0027
0139
034B
0014
0014
03EA
0014
0014
0014
0014
0014
0014
0026
0286
034B
0027
0014
01BF
0014
0014
0014
0014
0014
0002
0019
059B
0022
0027
0014
002E
0014
0014
0014
0002
0014
0002
0023
02FF
0022
0027
0014
00AA
0014
0014
0014
0014
0014
0002
013A
0032
013B
0034
0014
0014
022F
033B
04CE
0501
00AF
003B
0101
0034
0002
0014
059E
07DD
07DE
07DF
0107
0042
0371
0044
0045
02D1
025D
07E0
05A2
049E
00BB
014A
004D
004E
004F
0050
0508
077D
014D
04A3
0051
02E0
0057
0058
004F
0014
0059
043A
005B
0191
01D1
005E
0306
0060
0140
0014
022F
07E1
0307
0308
03BE
03BF
0068
0156
01D5
0014
039B
04ED
070D
02E9
011E
0071
0240
0563
0074
0014
02D0
050F
03C1
04AD
0243
006B
04EE
030D
0014
0014
0245
077F
0780
05AE
0082
031D
07BB
04F2
0097
0014
03C4
07E2
0716
0717
008B
00B0
0718
008E
0035
0014
00FC
07E3
0719
07E4
0131
0094
071A
0096
0097
0014
01B1
0789
07E5
07E6
0001
0002
01ED
0248
0380
0006
00E9
04B9
0339
07E7
02C5
000C
058D
078C
0316
0026
01BC
0012
0013
0014
00F2
0014
0002
0014
0014
0014
0014
0026
07E8
0018
0014
0014
002E
0002
0002
0014
0014
0014
0014
0020
001C
0016
0023
001F
0022
0002
0002
0002
0002
0014
0014
0024
001A
0020
00A7
0014
0010
0002
0014
0002
0014
0014
0014
001D
001B
0022
0014
0014
0015
0014
0002
0002
0014
0002
0014
0021
001B
0018
0023
0014
0018
0014
0014
0014
0002
0014
0014
0022
001A
0016
0023
0025
0016
0014
0014
0002
0002
0002
0014
0018
0012
0018
0027
0014
001A
0002
0014
0002
0014
0014
0002
0027
00A8
0016
0027
0014
00A9
0002
0014
0014
0014
0014
0014
0026
031A
0022
0013
0014
00AA
0014
0002
0014
0014
0014
0014
0019
002C
002D
0013
0014
002E
0014
0014
0014
0014
0014
0014
0019
00AB
0030
0014
0014
00F2
0014
0014
0014
0014
0014
0002
0149
00FA
02AA
033A
0035
0014
01AE
02CD
02AC
07E9
01FD
00B0
0735
02BD
0014
0014
003D
0142
058F
078E
0202
02BD
0043
0108
004F
0046
0047
0055
064A
0591
039F
004C
004F
00BD
0061
0014
0051
0253
01CC
0235
023A
0056
00B7
028D
0014
0014
0210
03D7
0754
028F
0192
0193
005F
00AC
0061
0014
0062
0063
0596
0773
0066
0067
0199
0069
006A
006B
00BF
006D
006E
0293
00CC
019D
0072
0073
00CF
0014
0075
0076
0077
0078
0079
007A
025C
01A4
007D
0014
025D
0527
01A6
0598
0330
0083
0221
06FE
0086
0014
008F
0790
07EA
07EB
013A
008C
07EC
0333
0035
0014
008F
07ED
07EE
07EF
005D
0046
07F0
0261
0014
0014
0098
07F1
07F2
07F3
02C0
0002
01B5
0004
02FC
0682
00E9
00EA
07F4
0793
07F5
036C
0692
03CD
0794
0019
0177
0012
0014
0014
0285
0014
0002
0002
0014
0014
0014
0016
0017
0012
0019
0014
001A
0002
0002
0014
0002
0014
0002
001B
0024
001D
00A7
001F
0016
0014
0002
0014
0002
0002
0014
001B
001E
0016
001F
0021
0010
0002
0014
0014
0014
0014
0014
0012
001B
0022
0023
0014
0012
0014
0002
0014
0014
0002
0014
0022
001B
0022
0027
0014
0016
0014
0002
0014
0014
0002
0014
0024
00A7
0016
0021
0025
0018
0014
0014
0014
0002
0002
0002
0018
001E
0010
0026
0014
00A7
0014
0014
0014
0014
0014
0014
0027
0138
07F6
0014
0014
0029
0002
0014
0014
0014
0014
0014
0026
00F8
0022
0027
0014
01BF
0014
0002
0014
0014
0014
0014
0019
00F7
0022
0027
0014
01C0
0014
0014
0014
0002
0014
0014
0019
002F
0022
0027
0014
00F2
0014
0014
0014
0014
0014
0014
0031
034D
0796
0236
0014
0014
0036
0494
07F7
07F8
003A
003B
0581
00C0
0002
0014
059E
07F9
07FA
07FB
00B5
00B6
079B
0044
01D5
00B0
00B8
0205
079C
07FC
0059
014A
078F
03B6
0074
0050
04A1
07FD
07FE
07FF
00BF
010F
0057
0102
0002
0014
0059
0112
07A0
0764
04B1
0288
03B9
0060
0140
0014
022F
04A7
07A1
07A2
057F
03BF
0068
0156
01D5
006B
011A
04ED
0157
04AA
0800
0071
070E
0241
0074
0014
00BB
03C0
0510
0801
00D2
007A
04EE
0802
0014
0014
0202
007F
07A5
0279
0128
00B0
07BB
0129
0097
0014
03C4
0803
0365
0804
07A9
00B0
0805
012D
0035
0014
0507
0806
0807
0808
07AE
00B0
0809
0096
0097
0014
07B0
080A
02FA
080B
0001
0002
0003
0248
0380
0006
0007
0407
0339
080C
0684
02A7
000D
000E
000F
0010
00F3
0015
0013
0014
001A
0014
0014
0002
0014
0014
0014
00A7
0283
0018
0014
0014
002E
0002
0002
0014
0014
0002
0002
0020
001C
0016
001E
0019
0022
0002
0002
0002
0002
0014
0014
0024
001E
0020
0023
0014
001B
0002
0014
0002
0014
0014
0014
001D
0024
0018
001F
0014
0022
0014
0002
0002
0014
0002
0014
001D
001C
0015
0023
0014
0018
0014
0002
0014
0002
0014
0014
0016
001A
0010
0023
0014
0016
0014
0014
0002
0014
0002
0002
0018
0012
0018
0027
0014
001A
0002
0014
0002
0014
0014
0002
0013
00A8
0018
0027
0014
0349
0002
0014
0014
0014
0014
0014
0026
002A
0022
0013
0014
00AA
0014
0002
0014
0014
0014
0002
0019
002C
002D
0013
0014
002E
0014
0014
0014
0014
0014
0002
0023
00AB
0030
0014
0014
03CF
0014
0014
0014
0014
0014
0002
00F9
0032
0033
0034
0035
0014
01E5
048A
0038
0039
017D
0288
040C
0034
0014
0014
003D
003E
058F
0040
0041
0042
0043
0108
0045
0046
0047
0048
0049
004A
004B
004C
004D
004E
004F
0014
0051
03B7
0053
04C3
0055
0056
0110
0058
004F
0014
018E
005A
005B
005C
005D
005E
005F
005E
0061
0014
0062
0063
0064
0065
0291
0067
0199
0069
006A
0014
006C
006D
006E
006F
00CC
019D
0072
0073
00CF
0014
00DB
0076
0077
0078
0079
007A
025C
007C
007D
0014
007E
025E
0080
0081
0082
0083
0221
0085
0086
0014
008F
0088
0089
008A
00DB
008C
080D
008E
0035
0014
008F
0090
0091
0092
0093
0094
080E
0261
0014
0014
0098
0099
080F
0227
0228
0002
046A
0810
02FC
0006
0007
0008
03A7
0811
000B
0539
000D
000E
00A4
0010
0011
0015
0014
0014
0015
0014
0002
0002
0014
0014
0014
00A7
0409
0012
0019
0014
00F2
0002
0002
0014
0002
0014
0002
001B
001B
0022
001E
0019
0016
0014
0002
0002
0002
0002
0014
001B
001E
0010
001F
0021
001B
0002
0014
0014
0014
0014
0014
001D
0024
0018
001F
0014
0022
0014
0002
0014
0014
0014
0014
0022
001C
0012
0019
0014
0016
0014
0002
0014
0014
0002
0014
0024
001F
0016
0026
0025
0012
0014
0014
0002
0014
0002
0002
0018
001E
0010
0026
0014
00A7
0014
0014
0014
0014
0014
0014
0013
00A8
0016
0014
0014
0812
0014
0014
0014
0014
0014
0014
0026
002A
0022
0027
0014
00AA
0014
0002
0014
0014
0014
0002
0019
002C
0022
0027
0014
002E
0014
0014
0014
0014
0014
0002
0023
046E
0022
0027
0014
00AA
0014
0014
0014
0014
0014
0002
0031
0032
013B
0034
0014
0014
03AD
0813
0267
038B
00AF
0288
06A8
0034
018D
0014
0141
0814
0815
0816
0041
0042
0145
0044
0045
02D1
0047
0817
05A2
0818
00BB
014A
004D
004E
0074
0050
00FA
0817
0819
07FF
0439
02E0
0057
0058
004F
0014
0059
081A
005B
0191
01D1
005E
005F
0060
0140
0014
0114
081B
0689
0742
0275
0067
0068
0156
01D5
006B
039B
081C
070D
03D6
05C5
00B6
0072
019E
0074
0014
0295
081D
081E
04D9
015A
00D3
025C
007C
0014
0014
0245
077F
015D
05AE
0082
00D7
081F
0085
0097
0014
03C4
0820
0089
045D
020A
008C
0821
008E
0035
0014
00FC
059F
00DE
0822
0131
0094
0823
0096
0097
0014
01B1
0824
0825
0826
0001
0002
0003
0004
0380
0006
00E9
0827
0339
0793
0828
000C
058D
0281
0316
0026
002C
0012
0013
0014
00F2
0014
0002
0002
0014
0014
0014
0016
001B
0018
0027
0014
001A
0014
0002
0014
0014
0002
0002
0020
001C
001D
001E
001F
0010
0002
0002
0014
0002
0002
0014
0024
001A
0020
00A7
0014
0010
0002
0014
0002
0014
0014
0014
0022
001B
0022
0023
0014
0015
0014
0002
0002
0014
0002
0014
001D
001B
0022
0023
0014
0018
0014
0002
0014
0002
0014
0014
0016
001A
0010
0023
0014
0016
0014
0014
0002
0002
0014
0002
0018
0012
0018
0027
0014
001A
0002
0014
0002
0014
0014
0002
0027
0138
00F5
0027
0014
0029
0002
0014
0014
0014
0014
0014
0026
00F7
0022
0013
0014
00F2
0014
0014
0014
0014
0014
0014
0026
00F8
002D
0013
0014
002E
0014
0014
0014
0002
0014
0014
0019
002F
0030
0014
0014
00F2
0014
0014
0014
0014
0014
0014
01F8
00FA
0489
033A
0035
0014
0036
0829
078D
0639
01FD
003B
003C
00C0
0002
0014
00B2
082A
003F
078E
0202
02BD
0043
0108
0109
0046
00B8
0055
064A
0591
039F
004C
078F
010B
004F
0014
0051
082B
01CC
0235
0272
0056
00B7
028D
0002
0014
018E
03D7
0754
028F
0192
0193
005F
0261
0061
0014
0062
025B
00C6
039A
0291
0117
0068
0069
006A
0014
00BF
0292
006E
0293
0070
0071
00B7
0073
00CF
0014
0075
0076
0077
0078
01A2
007A
0400
037A
007D
0014
025D
0597
01A6
0598
0128
0083
0084
0129
0086
0014
008F
082C
06E8
0529
0031
0046
008D
0357
0035
0014
008F
082D
012F
082E
005D
00B0
0095
0261
0014
0014
0098
082F
009A
0830
0681
0002
0003
0004
02C2
0006
00E9
00EA
0345
000A
00A1
036C
02C7
0831
0623
0010
001D
0015
0014
0014
001E
0014
0002
0002
0014
0014
0014
0016
001D
0012
0027
0014
001A
0002
0002
0014
0002
0002
0002
001B
0024
001D
001E
001F
0016
0014
0002
0014
0002
0002
0014
001D
001E
0022
001F
0021
001B
0002
0014
0002
0014
0014
0014
001E
001B
0018
001F
0014
0022
0014
0002
0014
0014
0002
0014
001D
0024
0022
0019
0014
0016
0014
0002
0014
0002
0002
0014
0024
001F
0010
0021
0014
0012
0014
0014
0014
0002
0002
0002
0018
001E
0010
0026
0014
00A7
0014
0014
0014
0014
0014
0002
0027
0138
034B
0014
0014
0029
0002
0014
0014
0014
0014
0014
0026
0286
034B
0027
0014
01BF
0014
0014
0014
0014
0014
0014
0026
0286
0832
0027
0014
01C0
0014
0014
0014
0002
0014
0014
0019
03A9
0030
0027
0014
00F2
0014
0014
0014
0014
0014
0014
013A
0032
013B
0034
0014
0014
0036
02AB
04CE
0833
003A
003B
0761
0034
0002
0014
0498
06D1
07CC
0834
04D2
00B6
0371
0146
0109
0046
00B8
0205
02D9
0835
039F
014A
004D
03B6
004F
0050
0391
0052
014D
0452
04C4
010F
0057
0058
004F
0014
0059
0112
04C5
0580
0192
0288
0581
0060
0140
0014
0152
04A7
07CF
07A2
05A9
03BF
0068
0156
0002
0014
00BF
0219
0157
006F
025B
0071
0240
035F
0074
0014
00BB
03C0
0729
0836
00D2
007A
04EE
0585
0014
0014
00BB
01DB
07D0
04DC
0128
00B0
07BB
0837
0097
0014
03C4
0803
0838
02F2
0587
01E3
0839
076D
0035
0014
00FC
083A
083B
00DF
0373
0094
083C
0096
0097
0014
01B1
083D
083E
04B7
0337
0002
06A2
083F
0005
0006
0007
009F
0339
056B
0684
02A7
03CC
000E
0316
0026
01BC
0012
0013
0014
0285
0014
0002
0002
0014
0014
0014
00A7
0409
0018
0019
0014
002E
0002
0014
0014
0014
0014
0002
0024
001C
0010
001E
0019
0018
0002
0002
0002
0002
0014
0014
001B
00A7
0020
0023
0014
0010
0002
0014
0014
0014
0014
0014
001D
0024
0022
0019
0014
0012
0014
0002
0002
0014
0014
0014
0022
001C
0018
0023
0014
0018
0014
0002
0014
0014
0014
0014
0010
001A
0016
0023
0025
0016
0014
0014
0002
0014
0002
0002
0018
0012
0018
0027
0014
001A
0002
0014
0002
0014
0014
0014
0013
00A8
0016
0027
0014
0349
0002
0014
0014
0014
0014
0014
0026
031A
0022
0013
0014
03CF
0014
0002
0014
0014
0014
0002
0019
031B
0012
0013
0014
002E
0014
0014
0014
0014
0014
0002
0023
0840
001E
0014
0014
00AA
0014
0014
0014
0014
0014
0002
029F
00FA
02AA
0394
0035
0014
01E5
048A
02AC
051A
017D
0288
040C
02BD
0140
0014
003D
0181
054D
0040
0041
0042
0043
0044
0045
02D1
0047
0048
0049
004A
00BB
004C
0061
004E
0061
0014
0051
0841
07D4
0469
00DB
0056
0110
028D
018D
0014
018E
005A
028E
028F
0373
005E
005F
005E
0061
0014
0062
0063
0064
0065
0066
0067
0199
0069
006A
006B
006C
03D5
006E
01D7
00CC
019D
0072
0073
00CF
0014
00DB
0378
0077
0123
0079
007A
025C
01A4
007D
0014
007E
061E
0126
0127
0082
0083
0221
0119
0086
0014
008F
0088
0721
07D6
037D
008C
07D7
00BD
0035
0014
008F
0090
0842
0599
0131
0083
07DA
02E0
0014
0014
0098
0099
0843
0844
02C0
0002
016E
0004
02FC
0682
0007
00EA
06CF
000A
000B
0539
000D
000E
00A4
0010
001D
0015
0014
0014
001E
0014
0002
0002
0014
0014
0014
0016
001D
0012
0027
0014
001F
0002
0002
0014
0002
0002
0002
001B
0024
001D
001E
0026
0016
0014
0002
0014
0002
0002
0014
001D
001E
0022
001F
0021
001B
0014
0014
0014
0014
0014
0014
001E
0024
0018
001F
0014
0022
0014
0002
0014
0014
0002
0014
0022
0024
0022
0019
0014
0016
0014
0002
0014
0014
0002
0014
0024
001F
0010
0026
0014
0012
0014
0014
0014
0014
0002
0002
0018
001E
0010
0026
0014
00A7
0014
0014
0014
0014
0014
0002
0027
0139
034B
0014
0014
02A9
0014
0014
0014
0014
0014
0014
0026
0286
034B
0027
0014
01BF
0014
0014
0014
0014
0014
0002
0019
059B
002D
0027
0014
002E
0014
0014
0014
0002
0014
0002
0023
0284
0030
0027
0014
00AA
0014
0014
0014
0014
0014
0002
013A
0032
013B
0034
0014
0014
0688
0642
04CE
0501
00AF
003B
0101
0034
0002
0014
059E
03D1
07DE
07DF
0107
0042
0371
0146
0045
0046
025D
0048
05A2
0845
00BB
014A
004D
004E
0074
0050
00BE
0846
014D
0847
0051
010F
0057
0058
004F
0014
0059
043A
005B
0191
01D1
005E
0306
0060
0140
0014
022F
04A7
0307
0848
03BE
03BF
0068
0156
01D5
0014
0218
04ED
06D9
02E9
011E
0071
070E
0563
0074
0014
0295
050F
0849
04AD
0243
006B
04EE
030D
0014
0014
0245
084A
0780
05AE
0082
031D
07BB
04F2
0097
0014
03C4
084B
0716
0717
008B
00B0
0718
008E
0035
0014
00FC
084C
0719
084D
0093
0094
071A
0096
0097
0014
01B1
0789
07E5
084E
0001
0002
01ED
037F
0380
0006
00E9
0407
0339
07E7
02C5
000C
0771
078C
0316
0026
01BC
0012
0013
0014
0285
0014
0002
0014
0014
0014
0014
0026
07E8
0018
0019
0014
002E
0002
0002
0014
0014
0014
0002
0020
001C
0016
00A7
001F
0010
0002
0002
0002
0002
0014
0014
001B
001A
0020
00A7
0014
0010
0002
0014
0002
0014
0014
0014
001D
001B
0022
0014
0014
0012
0014
0002
0002
0014
0002
0014
001D
001C
0018
0023
0014
0018
0014
0002
0014
0002
0014
0014
0022
001A
0016
0023
0025
0016
0014
0014
0002
0002
0002
0002
0018
0012
0018
0027
0014
001A
0002
0014
0002
0014
0014
0002
0027
00A8
0016
0027
0014
00A9
0002
0014
0014
0014
0014
0014
0026
031A
0022
0013
0014
00AA
0014
0002
0014
0014
0014
0014
0019
002C
0012
0013
0014
002E
0014
0014
0014
0014
0014
0014
0019
00AB
0012
0014
0014
00F2
0014
0014
0014
0014
0014
0002
0149
00FA
02AA
033A
0035
0014
0036
02CD
02AC
051A
01FD
00B0
0735
02BD
0035
0014
003D
0142
058F
078E
0202
02BD
0043
0044
0184
00B0
0047
0055
0185
0591
039F
004C
0184
00BD
004F
0014
0051
0253
01CC
0235
023A
0056
00B7
028D
0014
0014
018E
03D7
0595
028F
0192
0193
005F
00AC
0061
0014
0062
0063
0596
039A
0066
0067
0199
0069
006A
006B
006C
006D
006E
0293
00CC
019D
0072
0073
00CF
0014
0075
0076
0077
0078
0079
007A
025C
01A4
007D
0014
025D
0527
0126
0490
0330
0083
0221
0119
0086
0014
008F
084F
0721
0850
013A
008C
0851
00BD
0035
0014
008F
07ED
07EE
0852
01AC
0046
0853
0261
0014
0014
0098
07F1
0854
0855
