// Healthy Ranges — Index Table (level 1 of two-level lookup)
// Addr = node_idx * 279 + feature_idx  (15 bits)
// Data = pair_id (12 bits, stored as 16-bit)
// Depth: 30411 (109 nodes x 279 features)
// Populated: 30411, Unique pairs: 2197 (incl. sentinel at id=0)
//
0001
0002
0003
0004
0005
0006
0007
0008
0009
000A
000B
000C
000D
000E
000F
0010
0011
0012
0013
0014
0015
0014
0002
0002
0014
0014
0014
0016
0017
0018
0019
0014
001A
0002
0002
0014
0002
0002
0002
001B
001C
001D
001E
001F
0016
0002
0002
0002
0002
0002
0014
001B
001E
0020
001F
0021
001B
0002
0014
0002
0014
0014
0014
001D
001B
0022
001F
0014
0022
0014
0002
0002
0014
0002
0014
001D
001C
0022
0019
0014
0016
0014
0002
0014
0002
0002
0014
0016
001A
0016
0023
0024
0016
0014
0014
0002
0002
0002
0002
0018
0015
0010
0025
0014
0026
0002
0014
0002
0014
0014
0002
0027
0028
0016
0027
0014
0029
0002
0014
0014
0014
0014
0014
0025
002A
0022
0025
0013
002B
0014
0002
0014
0014
0014
0002
0019
002C
002D
0027
0014
002E
0014
0014
0014
0002
0014
0002
0023
002F
0030
0019
0014
002B
0002
0014
0002
0014
0014
0002
0031
0032
0033
0034
0035
0014
0036
0037
0038
0039
003A
003B
003C
0034
0002
0014
003D
003E
003F
0040
0041
0042
0043
0044
0045
0046
0047
0048
0049
004A
004B
004C
004D
004E
004F
0050
0051
0052
0053
0054
0055
0056
0057
0058
004F
0014
0059
005A
005B
005C
005D
005E
005F
0060
0061
0014
0062
0063
0064
0065
0066
0067
0068
0069
006A
006B
006C
006D
006E
006F
0070
0071
0072
0073
0074
0014
0075
0076
0077
0078
0079
007A
007B
007C
007D
0014
007E
007F
0080
0081
0082
0083
0084
0085
0086
0050
0087
0088
0089
008A
008B
008C
008D
008E
0035
0014
008F
0090
0091
0092
0093
0094
0095
0096
0061
0014
0097
0098
0099
009A
0001
0002
0003
009B
009C
0006
009D
009E
0009
000A
009F
000C
00A0
00A1
00A2
0010
001D
0012
0013
0014
001F
0014
0002
0014
0014
0014
0014
0016
001B
0018
0027
0014
001A
0002
0002
0014
0014
0014
0014
0020
001C
001D
001E
0025
0022
0014
0002
0014
0002
0014
0014
00A3
001E
0016
0023
0014
001B
0014
0014
0014
0014
0014
0014
001D
0020
0022
001F
0014
0022
0014
0002
0002
0014
0014
0014
0022
001B
0022
0019
0014
001A
0014
0002
0014
0014
0014
0014
0022
0023
0010
0019
0014
0016
0014
0014
0014
0002
0014
0002
0012
001A
0018
0025
0014
0021
0014
0014
0014
0014
0014
0002
0027
0028
0018
0027
0014
0029
0002
0014
0014
0014
0014
0014
0025
002A
0012
0025
0013
002B
0014
0014
0014
0014
0014
0002
0019
00A4
002D
0014
0014
002E
0014
0014
0014
0014
0014
0002
0023
00A5
0030
0019
0014
002B
0002
0014
0002
0014
0014
0002
00A6
0032
0033
00A7
0035
0014
00A8
00A9
00AA
0039
00AB
003B
003C
0034
0002
0014
003D
00AC
003F
00AD
00AE
00AF
00B0
00B1
0045
0046
0047
0055
00B2
00B3
00B4
004C
00B5
00B6
00B7
0014
00B8
00B9
0053
0054
00BA
0056
00BB
005E
004F
0014
00BC
00BD
00BE
00BF
00C0
00C1
005F
00C2
00C3
0014
00C4
0063
00C5
00C6
00C7
00C8
0068
0069
00C9
0014
00CA
00CB
00CC
00CD
0070
0071
00CE
0073
0074
0014
00CF
0076
00D0
00D1
00D2
006B
00D3
007C
007D
0014
00D4
007F
00D5
00D6
00D7
00D8
00D9
0085
0086
0050
008F
00DA
0089
00DB
008B
008C
00DC
008E
0014
0014
008F
0090
0091
0092
0093
0094
00DD
00DE
0061
0014
00DF
00E0
00E1
00E2
00E3
0002
00E4
00E5
00E6
00E7
0007
0008
00E8
00E9
000B
00EA
00EB
000E
00EC
0019
00ED
0015
0014
0014
00EE
0014
0002
0002
0014
0014
0014
0026
00EF
0012
0019
0014
00F0
0002
0002
0014
0002
0002
0002
001B
00A3
0016
001E
001F
0016
0002
0002
0002
0002
0002
0014
001B
001E
0020
001F
0021
0010
0002
0014
0002
0014
0014
0014
001E
001B
0018
0021
0014
0012
0014
0002
0014
0014
0002
0014
001D
001C
0018
0027
0014
0016
0014
0002
0014
0002
0002
0014
0016
001A
0016
0023
0024
0016
0014
0014
0002
0014
0002
0002
0018
0015
0010
0027
0014
0026
0002
0014
0002
0014
0014
0002
0013
00F1
00F2
0014
0014
00F3
0014
0014
0014
0014
0014
0014
0025
002C
0022
0027
0014
002E
0014
0002
0014
0014
0014
0014
0019
002C
0022
0027
0014
002E
0014
0014
0014
0002
0014
0014
0019
00F4
0022
0027
0014
002E
0014
0014
0014
0014
0014
0014
0031
00F5
00F6
0034
0014
0014
00F7
00F8
00F9
00FA
003A
00C1
00FB
00C2
00C9
0014
00FC
00FD
00FE
00FF
0100
0042
0043
0044
0101
0102
00A8
0103
0049
004A
004B
00B6
004D
004E
004F
0050
0104
0105
0106
0107
0055
0108
0057
0058
0061
0014
0059
0109
005B
010A
005D
005E
005F
0060
0061
0014
010B
010C
010D
0065
00C4
0067
0068
010E
006A
006B
010F
0110
0111
0112
0113
00AF
0072
0114
0115
0014
0116
0117
0118
0119
011A
007A
011B
011C
0014
0014
011D
011E
011F
0120
0121
0083
0122
0123
00C3
0014
0087
0088
0124
0125
0126
0046
0127
0128
0035
0014
0129
012A
012B
012C
012D
0102
012E
0096
00C3
0014
012F
0130
0131
0132
0133
0002
0134
0135
0136
0137
0138
009E
0139
013A
013B
013C
013D
000E
013E
0025
002C
001A
0014
0014
002E
0014
0014
0014
0014
0014
0014
0016
00A3
0018
0027
0014
001A
0014
0002
0014
0014
0002
0002
001B
001C
001D
001E
001F
0010
0002
0002
0014
0002
0002
0014
00A3
001A
0020
001F
0014
001B
0002
0014
0014
0014
0014
0014
001D
001B
0012
0023
0014
0015
0014
0002
0002
0014
0002
0014
0022
001B
0022
0019
0014
001A
0014
0002
0014
0014
0014
0014
0018
0026
0010
0021
0014
0016
0014
0014
0014
0014
0014
0002
0012
0015
0018
0025
0014
0026
0002
0014
0014
0014
0014
0002
0013
013F
0140
0027
0014
0029
0002
0014
0014
0014
0014
0014
0025
0141
0012
0013
0014
0142
0014
0014
0014
0014
0014
0002
0019
0143
002D
0013
0014
002E
0014
0014
0014
0002
0014
0002
0023
00F4
0030
0014
0014
0144
0002
0014
0002
0014
0014
0002
0145
00F5
0146
00A7
0014
0014
0147
0148
0149
014A
014B
003B
003C
00C2
0061
0014
014C
014D
014E
014F
0150
0042
00B0
0151
0045
0046
0047
0048
0152
0153
0154
0155
0156
004E
0074
0014
0051
0157
0158
0159
00B8
015A
015B
0060
00C9
0014
015C
0109
015D
010A
015E
005E
005F
00C2
015F
0014
0062
0063
0064
0160
0161
00C8
0068
0162
0002
0014
00CA
0163
0164
0165
0166
0071
0167
0168
0074
0014
0116
0117
0169
016A
00D2
007A
016B
016C
007D
0014
007E
016D
016E
016F
0082
0170
00D9
0162
00C3
0014
0087
0171
0172
0173
0174
0102
008D
0175
0035
0014
0176
0090
0177
0178
0093
0083
0095
00DE
0014
0014
012F
0098
0099
00E2
0001
0002
0003
0179
0005
017A
017B
0008
017C
017D
017E
000C
017F
0180
0181
0010
0011
0012
0013
0014
0015
0014
0002
0002
0014
0014
0014
0025
0182
0012
0019
0014
00F0
0002
0002
0014
0002
0014
0014
0020
00A3
0010
0021
0025
0016
0014
0002
0002
0002
0014
0014
001B
001E
0010
0023
0021
0010
0002
0014
0002
0014
0014
0014
0022
001D
0022
001F
0014
0022
0014
0002
0014
0014
0002
0014
001D
001C
0018
0027
0014
0016
0014
0002
0014
0002
0002
0014
0016
001A
0016
0023
0024
0016
0014
0014
0002
0002
0002
0002
0018
001E
0010
0027
0014
0023
0014
0014
0002
0014
0014
0002
0027
0183
0016
0014
0014
0184
0002
0014
0014
0014
0014
0014
0025
002A
0022
0025
0013
0144
0014
0002
0014
0014
0014
0014
0019
002C
0010
0027
0014
002E
0014
0014
0014
0014
0014
0014
0025
00A5
0022
0019
0014
0142
0014
0014
0014
0014
0014
0014
0031
0032
0033
0034
0035
0014
00D4
0037
0038
0039
00A6
0102
0185
0034
0002
0014
0186
0187
0188
0189
00AE
0056
0043
0044
018A
006B
00D4
018B
018C
018D
0121
004C
004D
0128
004F
0050
018E
0052
0053
0054
018F
0056
0057
0058
004F
0014
0059
0190
0191
0192
0031
008C
005F
0060
0061
0014
0193
0194
0195
0196
0066
0067
0197
0069
006A
006B
010F
006D
0111
006F
0198
00AF
0072
0073
0115
0014
0199
0076
019A
019B
011A
006B
011B
007C
0014
0014
0154
007F
0080
0081
00D7
0083
019C
0085
0086
0050
008F
019D
0089
008A
019E
008C
019F
008E
0035
0014
008F
01A0
0091
01A1
01A2
0094
01A3
0096
0061
0014
00DF
01A4
01A5
01A6
0001
0002
01A7
01A8
01A9
0006
01AA
01AB
0009
000A
000B
01AC
000D
000E
00A2
0010
001B
001E
0013
0014
001E
0014
0002
0002
0014
0014
0014
0016
01AD
0012
0027
0014
001A
0002
0002
0014
0002
0002
0002
001B
001B
001D
001E
001F
0022
0014
0002
0002
0002
0002
0014
001D
001E
0018
001F
0021
001B
0002
0014
0014
0014
0014
0014
001D
001B
0012
001F
0014
0022
0014
0002
0014
0014
0002
0014
001D
001C
0022
0019
0014
0016
0014
0002
0014
0014
0014
0014
0022
0026
0010
0021
0014
0016
0014
0014
0002
0014
0002
0002
0012
001E
0018
0025
0014
0023
0014
0014
0014
0014
0014
0002
0014
013F
01AE
0014
0014
0029
0002
0014
0014
0014
0014
0014
0025
01AF
01B0
0025
0013
0142
0014
0014
0014
0014
0014
0014
0025
01AF
0010
0014
0014
002E
0014
0014
0014
0002
0014
0014
0023
002F
0016
0019
0014
0144
0014
0014
0014
0014
0014
0014
003A
0032
01B1
01B2
0035
0014
01B3
0037
01B4
01B5
00A6
003B
01B6
0034
0061
0014
01B7
00AC
01B8
01B9
0041
0042
00B0
01BA
0045
0102
0036
0055
01BB
01BC
00A6
01BD
00B5
004E
0074
0050
01BE
0052
01BF
01C0
00B8
0056
0057
01C1
004F
0014
0059
005A
01C2
00BF
01C3
005E
005F
0096
0061
0014
01C4
01C5
01C6
01C7
0161
00C8
0068
010E
0002
0014
01A2
006D
01C8
01C9
0166
0071
0072
0073
0074
0014
0075
0076
0077
01CA
01CB
0014
007B
01CC
0014
0014
0154
01CD
01CE
01CF
00D7
0083
0084
01D0
0086
0050
01D1
01D2
01D3
008A
008B
0046
01D4
008E
0014
0014
01D5
01D6
01D7
01D8
01D9
0094
01DA
0096
0061
0014
00DF
01DB
0131
01DC
01DD
0002
01DE
01DF
01E0
01E1
01E2
0008
01E3
01E4
01E5
01E6
01E7
00A1
01E8
0019
00ED
0012
0014
0014
01E9
0014
0002
0014
0014
0014
0014
0025
0182
0018
0019
0014
00F0
0002
0002
0014
0014
0014
0014
0022
001C
0010
0026
0025
0016
0002
0002
0014
0002
0014
0014
001B
001F
0020
0023
0014
0010
0002
0014
0002
0014
0014
0014
0022
00A3
0022
0019
0014
0012
0014
0002
0002
0014
0002
0014
0021
001B
0018
0013
0014
001E
0014
0002
0014
0002
0002
0014
0016
001A
0016
0023
0024
0016
0014
0014
0002
0002
0002
0002
0018
0015
0010
0027
0014
0026
0002
0014
0002
0014
0014
0014
0027
0183
0016
0027
0014
0184
0002
0014
0014
0014
0014
0014
0025
002A
0022
0027
0014
0144
0014
0002
0014
0014
0014
0002
0019
002C
002D
0027
0014
002E
0014
0014
0014
0014
0014
0002
0019
002C
0030
0027
0014
0142
0002
0014
0002
0014
0014
0002
00B4
00F5
01EA
0034
0014
0014
01EB
01EC
0038
01ED
014B
0102
01EE
01EF
0002
0014
0150
014D
01F0
01F1
01F2
00AF
0043
0044
018A
0046
01F3
0048
018C
01F4
004B
004C
004D
00B6
004F
0014
01F5
01F6
01F7
01F8
01F9
01FA
01FB
0058
00C9
0014
01FC
01FD
01FE
010A
0031
01FF
005F
0060
00C3
0014
0062
0200
0201
0196
0066
0067
0202
0069
006A
006B
006C
0203
006E
0204
0198
00AF
01FB
0168
0115
0014
0205
0117
0206
0207
0208
007A
0209
020A
007D
0014
007E
020B
020C
0120
020D
00D8
020E
0123
00C3
0014
0087
020F
0210
0173
006C
008C
0127
0128
0035
0014
0211
0090
0212
0213
005D
0046
012E
005E
00C3
0014
012F
0214
0215
009A
0216
0002
0217
0218
0219
0006
021A
021B
021C
000A
013B
021D
000D
000E
00A2
0010
001B
0012
0013
0014
0015
0014
0002
0014
0014
0014
0014
0016
01AD
0018
0019
0014
001A
0002
0002
0014
0014
0002
0014
001B
001B
001D
001E
0014
0022
0014
0002
0002
0002
0014
0014
001B
001E
0010
001F
0021
001B
0002
0014
0014
0014
0014
0014
001D
0020
0022
001F
0014
0022
0014
0002
0002
0014
0014
0014
001D
001B
0022
0019
0014
001E
0014
0002
0014
0014
0014
0014
0022
0026
0022
0019
0014
0016
0014
0014
0002
0014
0002
0002
0018
001E
0018
0027
0014
0023
0014
0014
0014
0014
0014
0002
0027
0028
0018
0027
0014
00F0
0002
0014
0014
0014
0014
0014
0025
002A
0018
0013
0014
002B
0014
0014
0014
0014
0014
0002
0019
00A4
0010
0013
0014
002E
0014
0014
0014
0014
0014
0002
0023
002C
0016
0019
0014
0144
0002
0014
0002
0014
0014
0002
0145
0032
021E
01B2
0035
0014
01B3
021F
00AA
0039
0220
003B
0221
0034
0002
0014
0222
0223
0224
0225
0100
0042
0226
0044
0045
0014
01F2
0227
0228
0229
00B4
022A
00B5
004E
0074
0050
0051
022B
022C
022D
018E
0056
015B
01C1
004F
0014
01FC
022E
01C2
022F
01C3
005E
0230
00C2
015F
0014
0231
0232
01C6
01C7
01C4
00C8
0068
0233
0234
0014
0126
0235
0236
0237
0166
0071
0167
0073
0115
0014
0199
0076
0077
0238
0239
006B
016B
007C
007D
0014
011D
023A
023B
023C
023D
00D8
00D9
0085
0086
0014
023E
00DA
0089
023F
018E
008C
0240
008E
0035
0014
01D5
0241
0091
0242
0243
0094
01DA
00DE
0061
0014
00DF
0244
0245
0246
0247
0002
0003
01A8
0005
01E1
017B
0248
01E3
0249
024A
024B
024C
024D
00EC
0019
00ED
0015
0014
0014
0144
0014
0002
0002
0014
0014
0014
0025
024E
0012
0013
0014
0142
0014
0002
0014
0002
0014
0002
00A3
001C
0016
0026
001F
0016
0002
0002
0014
0002
0002
0014
00A3
001E
0020
0023
0014
0010
0002
0014
0002
0014
0014
0014
0022
001B
0018
0023
0014
0015
0014
0002
0014
0014
0002
0014
0018
001C
0018
0027
0014
0016
0014
0002
0014
0002
0002
0014
0016
001A
0016
0023
0024
0016
0014
0014
0002
0002
0002
0002
0014
024F
0250
0025
0014
0251
0002
0014
0002
0014
0014
0002
0013
0252
0253
0014
0014
024F
0002
0014
0014
0014
0014
0014
0025
002C
0022
0025
0013
002E
0014
0002
0014
0014
0014
0014
0025
002C
002D
0027
0014
002E
0014
0014
0014
0002
0014
0014
0025
002F
0030
0027
0014
0142
0014
0014
0014
0014
0014
0014
0031
00F5
0254
0034
0014
0014
01EB
0037
0255
0256
003A
0102
01EE
00C2
00C9
0014
003D
003E
0188
01F1
00AE
0257
0043
0151
0258
0046
0047
0048
0259
025A
004B
004C
004D
025B
004F
0014
018E
0052
025C
025D
018F
015A
0057
0058
0002
0014
0059
00BD
0191
005C
0031
01FF
005F
0060
0061
0014
0062
0063
0201
025E
0066
0067
0068
0069
006A
006B
00CA
006D
006E
006F
0198
0014
025F
0260
0074
0014
0154
0117
0261
0078
0079
007A
011B
0262
0014
0014
00D4
0263
011F
0264
0082
0083
0265
0266
00C3
0050
0267
0088
0268
0269
0031
0046
026A
026B
0035
0014
026C
026D
026E
026F
005D
0102
0270
0096
00C3
0014
012F
0271
0099
0272
0273
0002
0217
0004
01A9
00E7
0007
0274
00E8
0275
000B
0276
0277
000E
0278
0019
0279
001A
0014
0014
01E9
0014
0002
0002
0014
0014
0014
0016
0017
0018
0019
0014
001A
0002
0014
0014
0014
0014
0002
001B
0020
001D
0026
001F
0016
0014
0014
0014
0002
0002
0014
001B
001E
0016
001F
0014
0010
0002
0014
0014
0014
0014
0014
0019
027A
0026
0023
0014
01AE
0014
0002
0002
0014
0002
0014
001D
001D
0022
0027
0014
0016
0014
0002
0014
0014
0002
0014
0016
001A
0016
0021
0024
0018
0014
0014
0014
0014
0002
0002
0018
0015
0010
0027
0014
0026
0002
0014
0014
0014
0014
0014
0027
027B
0253
0027
0014
00F0
0002
0014
0014
0014
0014
0014
0027
027C
0022
0025
0013
027D
0014
0002
0014
0014
0014
0014
0025
027C
002D
0027
0014
027E
0014
0014
0014
0002
0014
0014
0025
027F
0030
0019
0014
002E
0014
0014
0014
0014
0014
0014
0031
00F5
0280
003B
0014
0014
01B3
0037
0281
0282
014B
003B
0283
00C2
0002
0014
0284
0285
003F
0040
0041
0042
0286
0044
018A
0046
00D4
0048
0287
0288
0289
004C
0156
004E
004F
0014
0051
028A
025C
025D
00CF
008C
028B
028C
0061
0014
0059
005A
028D
028E
028F
005E
0290
0060
0061
0014
0267
0232
0291
0292
0066
0058
0068
0069
0234
006B
010F
0293
006E
0165
0070
0071
0072
0294
0234
0014
0116
0117
0169
016A
00BD
007A
007B
0295
007D
0014
0154
0296
0297
0298
004B
0170
00D9
0299
00C3
0050
026C
029A
029B
029C
01A2
029D
00DC
0128
0035
0014
029E
029F
02A0
02A1
0093
0102
02A2
0096
0061
0014
02A3
02A4
0099
01A6
02A5
0002
01A7
02A6
01E0
0006
02A7
02A8
021C
02A9
009F
01E6
02AA
00A1
000F
0010
01AD
0012
0013
0014
001F
0014
0014
0014
0014
0014
0014
0025
002A
001E
0014
0014
002E
0014
0002
0014
0002
0002
0014
0023
02AB
0022
001E
0014
027B
0002
0002
0002
0002
0014
0014
001D
001E
0020
0023
0021
001B
0014
0014
0002
0014
0014
0014
001D
0016
0022
001F
0014
0022
0014
0002
0014
0014
0002
0014
0021
02AC
001A
0019
0014
0144
0014
0002
0014
0002
0014
0014
0022
001F
0010
0023
0014
0016
0014
0014
0002
0002
0002
0002
0014
002B
02AD
0025
0014
02AE
0014
0014
0002
0014
0014
0002
0014
0183
0018
0014
0014
024F
0002
0014
0014
0014
0014
0014
0025
002A
0022
0013
0014
0144
0014
0002
0014
0014
0014
0002
0019
002C
0010
0013
0014
002E
0014
0014
0014
0014
0014
0002
0023
02AF
0016
0014
0014
002B
0002
0014
0002
0014
0014
0002
00A6
0032
02B0
0034
0035
0014
00A8
02B1
02B2
02B3
0145
0102
02B4
0034
0014
0014
003D
00AC
02B5
02B6
02B7
02B8
02B9
01EF
0045
0014
0047
02BA
02BB
02BC
02BD
02BE
004D
00B6
00B7
0050
018E
00B9
02BF
02C0
02C1
0056
02C2
0058
004F
0014
02C3
01FD
02C4
02C5
0031
0083
02C6
00C2
00C3
0014
0062
0063
02C7
02C8
02C9
0067
0068
0233
006A
0014
00CA
02CA
0236
006F
02CB
0014
02CC
02CD
0074
0014
00CF
0076
02CE
019B
02CF
0014
0209
007C
0014
0014
007E
0263
0080
0081
00D7
0083
0265
0085
0086
0014
0087
01D2
0089
008A
008B
008C
026A
008E
0035
0014
01D5
0090
0091
0092
01D9
0094
02D0
02D1
0014
0014
0097
00E0
02D2
02D3
0273
0002
0217
0004
01A9
00E7
0007
02D4
00E8
02D5
000B
02D6
02D7
000E
0278
0019
0279
001A
0014
0014
01E9
0014
0002
0002
0014
0014
0014
0016
0017
0018
0019
0014
001A
0002
0014
0014
0014
0002
0002
001B
0020
001D
001E
001F
0016
0014
0002
0002
0002
0002
0014
001B
001E
0016
001F
0014
0010
0002
0014
0014
0014
0014
0014
0019
001B
001A
0023
0014
0012
0014
0002
0002
0014
0002
0014
001D
001D
0022
0027
0014
0016
0014
0002
0014
0014
0002
0014
0016
0026
0016
0021
0024
0018
0014
0014
0002
0014
0002
0002
0018
0015
0010
0027
0014
0026
0002
0014
0014
0014
0014
0002
0027
027B
00F2
0027
0014
00F0
0002
0014
0014
0014
0014
0014
0025
027C
0022
0025
0013
027D
0014
0002
0014
0014
0014
0014
0019
027C
0010
0027
0014
027E
0014
0014
0014
0002
0014
0014
0019
027F
0022
0019
0014
002E
0014
0014
0014
0014
0014
0014
0031
00F5
02D8
01B2
0014
0014
01C4
0037
0281
0282
014B
003B
0283
00C2
0002
0014
0284
02D9
003F
0040
0041
0042
0286
0044
0101
0102
00D4
02DA
02DB
02DC
0289
004C
0156
004E
004F
0014
0051
028A
025C
025D
00CF
008C
0057
02DD
0061
0014
0059
005A
02DE
02DF
028F
005E
02E0
0060
0061
0014
0267
014C
02E1
02E2
0066
00C8
0068
0069
0234
006B
010F
0163
0164
0165
02E3
0071
02E4
0162
0115
0014
0116
0117
02E5
016A
02E6
007A
02E7
02E8
007D
0014
011D
007F
02E9
0298
02EA
0170
00D9
0299
00C3
0050
026C
02EB
029B
029C
01A2
0102
00DC
0128
0035
0014
029E
02EC
02A0
02A1
0243
0102
02A2
0096
0061
0014
02A3
02A4
0099
01A6
02ED
0002
01A7
02EE
01E0
0006
02A7
02A8
021C
02EF
02F0
000C
02F1
00A1
000F
0010
01AD
0012
0013
0014
001F
0014
0014
0014
0014
0014
0014
0025
002A
001E
0014
0014
002E
0014
0002
0014
0002
0014
0014
0026
02AB
0022
001E
0025
027B
0002
0002
0014
0002
0014
0014
001D
001E
0020
0023
0021
001B
0014
0014
0002
0014
0014
0014
001D
0016
0022
001F
0014
0022
0014
0002
0014
0014
0002
0014
0025
02AC
001A
0019
0014
002B
0014
0002
0014
0002
0014
0014
0018
001A
0010
0023
0014
0016
0014
0014
0014
0002
0002
0002
001A
001E
0018
0025
0014
0023
0014
0014
0002
0014
0014
0002
0014
0183
0018
0014
0014
024F
0002
0014
0014
0014
0014
0014
0025
002A
0022
0013
0014
0144
0014
0002
0014
0014
0014
0002
0019
002C
002D
0013
0014
002E
0014
0014
0014
0014
0014
0002
0023
02AF
0030
0014
0014
002B
0002
0014
0002
0014
0014
0002
00A6
0032
02F2
0034
0035
0014
00A8
02B1
02F3
02F4
0145
0102
02F5
0034
0014
0014
003D
00AC
02B5
02B6
02B7
02B8
02F6
0060
0045
0046
0047
02BA
02F7
02F8
02BD
02BE
004D
00B6
00B7
0050
018E
02F9
022C
02C0
02C1
0056
02FA
0058
004F
0014
02C3
01FD
02FB
02C5
0031
0083
02FC
00C2
00C3
0014
0062
0063
02FD
02FE
02C9
0067
0068
0233
006A
0014
00CA
006D
02FF
006F
0300
0083
0072
0073
0074
0014
00CF
0076
0077
019B
0079
0014
011B
007C
0014
0014
00D4
0301
0080
0081
00D7
0083
0265
0085
0086
0014
0087
01D2
0089
008A
008B
008C
0302
008E
0035
0014
01D5
0090
0091
0092
0093
0094
0303
0304
0014
0014
0097
00E0
02D2
02D3
0305
0002
01A7
0306
0005
0006
021A
02A8
0009
0307
000B
0308
013D
000E
0278
0025
0279
0012
0014
0014
00EE
0014
0002
0014
0014
0014
0014
0016
0017
0013
0019
0014
001A
0002
0002
0014
0002
0014
0014
0020
001B
0022
001E
0025
0022
0014
0002
0002
0002
0014
0014
001B
001F
0020
0023
0021
0010
0002
0014
0002
0014
0014
0014
001D
00A3
0022
0019
0014
0012
0014
0002
0014
0014
0002
0014
0022
001C
001E
0027
0014
0016
0014
0002
0014
0002
0014
0014
0022
0026
0016
0019
0024
0012
0014
0014
0002
0014
0002
0002
0018
001E
0018
0027
0014
0023
0014
0014
0002
0014
0014
0002
0013
0028
0016
0014
0014
0309
0014
0014
0014
0014
0014
0014
0025
030A
0022
0025
0013
002B
0014
0002
0014
0014
0014
0002
0019
002C
002D
0013
0014
002E
0014
0014
0014
0014
0014
0002
0023
027F
0030
0014
0014
0144
0002
0014
0002
0014
0014
0002
0031
00F5
030B
00A7
0014
0014
0036
030C
030D
0256
003A
003B
003C
0094
0061
0014
0150
003E
003F
0040
0041
0042
0043
0044
0045
0046
01F3
0048
0049
004A
004B
004C
00B7
004E
007D
0050
0104
0052
030E
01F8
0055
0056
0057
030F
00C9
0014
01FC
0310
015D
010A
005D
005E
005F
00A7
0061
0014
0062
0232
0064
0065
0066
0067
0068
0069
0234
006B
006C
006D
0311
0312
0070
0071
0072
0073
0234
0014
00CF
0076
0077
019B
011A
007A
007B
0313
0014
0014
007E
0263
011F
0120
028F
0083
0084
0314
0086
0050
008F
0088
0210
0269
00CF
008C
0315
0128
0035
0014
008F
0316
0317
0318
0093
0083
0095
02D1
0014
0014
0097
01DB
0319
031A
031B
0002
0217
0004
031C
00E7
031D
031E
01E3
017D
031F
0320
017F
0321
000F
0010
001D
0015
0013
0014
001A
0014
0002
0002
0014
0014
0014
0025
0322
0322
0027
0014
00F0
0014
0014
0014
0014
0002
0002
001B
001C
001D
001E
001F
0016
0002
0002
0014
0002
0002
0014
001D
001E
0016
001F
0014
001B
0002
0014
0014
0014
0014
0014
0015
001B
0018
001F
0014
0022
0014
0002
0002
0014
0002
0014
001D
0018
0022
0019
0014
001A
0014
0014
0014
0014
0002
0014
0016
001A
0010
0023
0014
0016
0014
0014
0014
0002
0002
0002
0012
0015
0010
0025
0014
0026
0002
0014
0014
0014
0014
0002
0027
0323
027B
0027
0014
00EE
0002
0014
0014
0014
0014
0014
0027
027C
0022
0027
0014
027E
0014
0014
0014
0014
0014
0014
0025
0324
0022
0027
0014
027E
0014
0014
0014
0002
0014
0014
0025
00A5
0022
0019
0014
0142
0014
0014
0014
0014
0014
0014
0325
0032
021E
0034
0035
0014
0326
00A9
0038
0039
0220
0170
0327
0328
0002
0014
0329
032A
032B
032C
00A6
00AF
00B0
032D
0101
0102
0036
018B
032E
032F
0330
022A
004D
0331
004F
0014
00B8
0332
0333
022D
00A6
0334
0335
0058
004F
0014
0059
0239
01FE
0192
0336
008C
005F
0060
00C3
0014
00F7
0063
0337
0338
0161
0339
0045
033A
006A
0014
033B
0163
033C
033D
033E
033F
02E4
0294
0074
0014
0340
0117
0206
0341
02CF
006B
0342
01CC
007D
0014
0154
020B
0343
0344
00D7
0345
0346
0085
00C3
0014
023E
0347
0348
0349
0031
029D
034A
008E
0035
0014
034B
034C
034D
0092
0336
0094
034E
0096
0061
0014
034F
0271
0350
009A
0351
0002
0217
0004
0352
00E7
0007
031E
00E8
000A
000B
0353
000D
000E
0354
0010
001B
001A
0014
0014
0015
0014
0002
0002
0014
0014
0014
0016
01AD
0018
0019
0014
001A
0002
0014
0014
0014
0002
0002
001B
0026
001D
001E
001F
0016
0014
0014
0014
0002
0002
0014
001B
001E
0016
001F
0014
0010
0002
0014
0014
0014
0014
0014
001F
001B
001A
001F
0014
0022
0014
0002
0002
0014
0002
0014
001D
001D
0022
0027
0014
0016
0014
0002
0014
0014
0002
0014
0016
001A
0010
0021
0014
0018
0014
0014
0002
0014
0002
0002
0012
0015
0010
0027
0014
0026
0002
0014
0014
0014
0014
0002
0027
027B
027B
0027
0014
00F0
0002
0014
0014
0014
0014
0014
0025
027C
0022
0025
0013
027D
0014
0014
0014
0014
0014
0002
0019
0324
002D
0027
0014
002E
0014
0014
0014
0002
0014
0002
0023
002F
0030
0019
0014
0144
0014
0014
0014
0014
0014
0002
010F
0032
0033
01B2
0014
0014
01B3
0037
00AA
0039
014B
003B
0221
0034
0002
0014
00FC
0285
003F
0040
0041
0042
02E4
0044
0045
0046
00D4
0048
0355
0356
0289
004C
00B5
00B6
004F
0014
0051
028A
0053
0054
00B8
008C
0057
01C1
004F
0014
0059
005A
0357
0358
028F
005E
0230
0060
0061
0014
0193
0232
0359
035A
035B
00C8
0068
0069
0234
0014
010F
0293
0111
035C
0070
0071
0072
0162
0115
0014
0116
035D
035E
016A
00BD
007A
007B
035F
007D
0014
0340
0360
01CE
0344
0082
0170
00D9
0085
00C3
0050
026C
029A
0361
0362
008B
0102
00DC
008E
0035
0014
029E
0241
0363
0364
0093
0094
02A2
0096
0061
0014
02A3
02A4
0365
01A6
02A5
0002
01A7
0366
01E0
0006
0367
02A8
0009
0368
009F
0308
0369
036A
013E
0025
00ED
0012
0013
0014
0142
0014
0002
0014
0014
0014
0014
0025
036B
001F
0014
0014
002E
0014
0002
0014
0002
0014
0014
0026
036C
0022
0013
0014
027B
0002
0002
0002
0002
0014
0014
00A3
001F
0020
0023
0021
001B
0014
0014
0002
0014
0014
0014
001D
0016
0022
0014
0014
001E
0014
0002
0014
0014
0002
0014
0025
036D
001A
0019
0014
002B
0014
0002
0014
0002
0014
0014
0022
001F
0016
0023
0024
0016
0014
0014
0002
0002
0002
0002
0018
001E
0018
0025
0014
0023
0014
0014
0002
0014
0014
0002
0013
0183
0016
0014
0014
024F
0002
0014
0014
0014
0014
0014
0025
030A
0022
0013
0014
0144
0014
0002
0014
0014
0014
0014
0019
036E
0010
0013
0014
002E
0014
0014
0014
0014
0014
0014
0025
036F
0016
0014
0014
0142
0002
0014
0002
0014
0014
0014
00C0
0345
0370
0034
0035
0014
00A8
02B1
00F9
0371
0145
0102
0372
0373
0014
0014
003D
00AC
0374
0375
01F2
02B8
02B9
0376
0035
0014
0047
02BA
0377
0378
00CA
0155
004D
004E
00B7
0050
018E
00B9
0379
037A
037B
0056
037C
0058
0014
0014
02C3
037D
037E
037F
0031
0083
0380
0373
00C3
0014
0062
0063
0381
0382
0383
0067
0068
0162
006A
006B
00CA
02CA
00CC
006F
02CB
00AF
01FB
0073
0074
0014
00CF
0076
02CE
019B
0384
0385
0209
0386
0014
0014
007E
007F
011F
0264
00D7
0083
0265
0162
0086
0014
0087
0387
0210
0269
003A
008C
0388
0175
0035
0014
01D5
034C
0317
0213
010F
0046
0389
0304
0014
0014
0097
0271
0319
02D3
0216
0002
0217
0004
0005
0006
038A
038B
0009
0307
000B
000C
038C
0180
0278
0019
002A
0012
0013
0014
00EE
0014
0002
0002
0014
0014
0014
0016
01AD
0018
0019
0014
001A
0002
0014
0014
0002
0014
0014
001B
0020
001D
0027
0014
0019
0014
0002
0014
0002
0014
0014
001B
001E
0016
001F
0014
0010
0002
0014
0014
0014
0014
0014
0022
00A3
0022
0023
0014
0012
0014
0002
0002
0014
0014
0014
001D
001B
0022
0027
0014
0016
0014
0002
0014
0014
0002
0014
0016
0026
0010
0021
0014
0016
0014
0014
0002
0002
0002
0002
0018
0015
0010
0027
0014
0026
0002
0014
0014
0014
0014
0014
0027
027B
027B
0027
0014
00F0
0002
0014
0014
0014
0014
0014
0025
027C
0022
0025
0013
027D
0014
0014
0014
0014
0014
0014
0025
0324
0010
0014
0014
002E
0014
0014
0014
0014
0014
0014
0025
027F
0022
0019
0014
0142
0014
0014
0014
0014
0014
0014
010F
00F5
030B
02DD
0035
0014
0036
0037
038D
038E
003A
003B
0283
00C2
0002
0014
0150
038F
003F
0040
0041
0042
0226
0044
015F
0014
00D4
0048
01BB
0229
0289
004C
0156
025B
0074
0014
0051
028A
025C
025D
00B8
0056
0057
0390
0061
0014
0059
005A
01C2
00BF
028F
005E
0391
0060
0061
0014
0231
0232
01C6
01C7
00C7
00C8
0202
0069
0234
0014
033B
0163
01C8
035C
02E3
0071
02E4
0073
0234
0014
0075
0392
0393
016A
037B
007A
0394
0395
007D
0014
0154
0396
0397
0298
00AE
0170
0398
0399
0086
0050
0087
029A
029B
029C
01A2
029D
00DC
026B
0014
0014
008F
029F
039A
02A1
0243
0102
02A2
0096
0061
0014
00DF
02A4
0365
01A6
0305
0002
01A7
0306
039B
039C
0138
0008
01E3
039D
039E
013C
039F
000E
000F
0010
0011
0015
0014
0014
001A
0014
0002
0014
0014
0014
0014
0025
024E
001E
0027
0014
0142
0014
0002
0014
0014
0002
0002
0012
02AB
0022
001E
001F
027C
0002
0002
0002
0002
0002
0014
00A3
001E
0020
0023
0021
001B
0002
0014
0002
0014
0014
0014
001D
001B
0018
001F
0014
0022
0014
0002
0014
0014
0002
0014
0018
001C
0018
0019
0014
001E
0014
0002
0014
0002
0014
0014
0018
001A
0016
0023
0024
0016
0014
0014
0002
0014
0002
0002
0014
0144
02AD
0025
0014
03A0
0014
0014
0002
0014
0014
0002
0013
0183
0016
0014
0014
024F
0002
0014
0014
0014
0014
0014
0025
002A
0012
0027
0014
0144
0014
0002
0014
0014
0014
0002
0019
002C
002D
0027
0014
002E
0014
0014
0014
0002
0014
0002
0023
02AF
0030
0027
0014
0144
0002
0014
0002
0014
0014
0002
00B4
0032
03A1
0034
0014
0014
0193
02B1
00F9
03A2
00AB
0102
03A3
0034
00C9
0014
014C
00AC
02B5
02B6
01F2
00AF
02F6
032D
0045
0046
0047
03A4
03A5
03A6
02BD
0155
004D
004E
004F
0050
018E
03A7
03A8
03A9
03AA
01FA
0335
0058
004F
0014
01FC
01FD
03AB
03AC
0031
0083
005F
00C2
015F
0014
0062
0063
03AD
03AE
00C4
0067
0068
0162
006A
006B
006C
006D
006E
006F
0300
0014
03AF
03B0
0074
0014
00A6
03B1
0118
019B
0079
0385
011B
007C
0014
0014
007E
007F
0080
0081
00D7
0083
0265
0085
00C3
0014
0267
01D2
0089
008A
008B
008C
0302
008E
0035
0014
0176
0090
0091
0092
0093
0094
0303
02D1
00C3
0014
03B2
00E0
0319
02D3
0216
0002
01DE
03B3
009C
0006
03B4
03B5
021C
000A
031F
000C
00A0
03B6
0181
0010
01AD
0012
0014
0014
001A
0014
0002
0014
0014
0014
0014
0016
001B
0018
0014
0014
001A
0014
0014
0014
0014
0014
0002
0020
001C
0016
0023
0014
0010
0014
0002
0014
0002
0002
0014
001D
001E
001E
0023
0014
001B
0002
0014
0014
0014
0014
0014
0022
00A3
0022
001F
0014
0022
0014
0002
0002
0014
0002
0014
0022
001B
0018
0019
0014
001E
0014
0014
0014
0014
0002
0014
0016
001A
001A
0023
0014
0016
0014
0014
0002
0002
0002
0002
0018
0015
0010
0025
0014
0026
0002
0014
0002
0014
0014
0014
0013
01AE
027B
0027
0014
0309
0014
0014
0014
0014
0014
0014
0027
002C
0012
0025
0013
0142
0014
0002
0014
0014
0014
0002
0025
002C
0010
0013
0014
002E
0014
0014
0014
0002
0014
0002
0025
03B7
0022
0019
0014
0142
0014
0014
0014
0014
0014
0002
00A6
0032
03B8
0034
0014
0014
01EB
00A9
02B2
01B5
014B
003B
0221
0034
0014
0014
003D
014D
014E
03B9
02BD
0257
0043
032D
007D
0014
0036
0048
0259
025A
0154
00B6
004D
00B6
0115
0014
01F5
0332
02BF
03BA
0325
0056
0335
0058
004F
0014
01FC
0239
03BB
0192
02EA
00C1
005F
0060
00C3
0014
0147
0063
0195
0196
03BC
0067
0068
0299
006A
0014
03BD
03BE
03BF
03C0
0113
0071
01FB
0073
0074
0014
0199
0076
0077
016A
00D2
0385
016B
035F
007D
0014
0154
023A
0080
0081
020D
0345
00D9
0085
0086
0050
01D1
029A
03C1
03C2
00CA
029D
0240
008E
0035
0014
01D5
0090
01D7
0092
03C3
0094
01DA
00DE
0061
0014
00DF
0214
03C4
009A
0305
0002
0003
0004
00E6
03C5
021A
0008
01E3
03C6
000B
03C7
00EB
000E
00EC
0025
00ED
001E
0013
0014
00EE
0014
0002
0002
0014
0014
0014
0026
00EF
0012
0019
0014
00F0
0002
0002
0014
0002
0002
0014
001B
001B
001D
001E
001F
0016
0002
0002
0002
0002
0014
0014
001B
001E
0020
001F
0021
0010
0002
0014
0002
0014
0014
0014
001D
001B
0012
0023
0014
0012
0014
0002
0014
0014
0002
0014
001D
001C
0022
0027
0014
0016
0014
0002
0014
0002
0014
0014
0014
03C8
03C9
0025
0024
03CA
0014
0014
0014
0014
0002
0002
0012
001E
0018
0027
0014
0023
0014
0014
0014
0014
0014
0002
0027
002F
0016
0014
0014
00EE
0002
0014
0014
0014
0014
0014
0025
002A
0022
0027
0014
0144
0014
0002
0014
0014
0014
0014
0019
027C
002D
0027
0014
002E
0014
0014
0014
0014
0014
0014
0023
002F
0030
0027
0014
0144
0002
0014
0002
0014
0014
0014
0031
00F5
0254
03CB
0035
0014
0147
030C
03CC
03CD
0145
00C1
03CE
00C2
0002
0014
0284
0187
0188
0040
0150
0042
01FB
0044
0045
0046
01F3
018F
03CF
03D0
02EA
004C
03D1
004E
004F
0050
0104
0052
025C
01F8
0055
01FA
0057
0060
0002
0014
0059
0109
015D
03D2
005D
005E
021E
0096
0061
0014
0062
0232
0064
0160
0066
0014
03D3
03D4
0234
006B
006C
006D
0311
0312
0070
033F
0072
0168
0234
0014
0154
03D5
03D6
00D1
01CB
007A
03D7
0386
0014
0014
007E
03D8
03D9
03DA
00D7
0083
0122
0266
00C3
0014
0087
01D2
0210
0125
008B
008C
0302
0128
0035
0014
0211
01D6
03DB
03DC
0093
0083
0303
0096
00C3
0014
012F
01DB
0099
03DD
03DE
0002
00E4
03B3
0005
0006
031D
02A8
0009
000A
03DF
000C
03E0
03E1
000F
0010
01AD
0012
0013
0014
001F
0014
0002
0014
0014
0014
0014
0016
001B
001E
0027
0014
001A
0014
0002
0014
0002
0014
0014
00A3
001C
0010
0027
001F
0012
0002
0002
0014
0002
0014
0014
001D
001E
0020
0023
0021
001B
0014
0014
0002
0014
0014
0014
001D
001B
0022
001F
0014
0022
0014
0002
0014
0014
0002
0014
0022
001C
001E
0019
0014
001A
0014
0002
0014
0002
0002
0014
0016
001A
0010
0027
0014
0021
0014
0014
0014
0002
0002
0014
0018
001E
0010
0025
0014
0023
0014
0014
0014
0014
0014
0014
0014
01AE
027B
0014
0014
03E2
0014
0014
0014
0014
0014
0014
0025
002C
0022
0025
0013
0142
0014
0002
0014
0014
0014
0014
0019
002C
0010
0014
0014
002E
0014
0014
0014
0014
0014
0014
0019
002F
0022
0014
0014
0142
0002
0014
0002
0014
0014
0014
0059
0032
03E3
0034
0035
0014
01F2
03E4
03E5
03E6
0205
003B
01B6
0034
0061
0014
003D
032A
014E
03E7
00AE
0376
00B0
01EF
00C9
0102
0047
02BA
03E8
03E9
033B
03EA
004D
03EB
0115
0050
03BD
03EC
03ED
02C0
037B
0056
0101
0058
004F
0014
02C3
037D
03EE
02C5
0031
00C1
005F
00C2
015F
0014
0062
0063
03EF
03F0
0161
0067
03F1
0299
00C3
0014
00CA
03F2
03BF
0112
0300
0071
00CE
0073
0074
0014
0174
0392
019A
0238
00D2
0014
0394
03F3
0014
0014
011D
03F4
03F5
023C
03F6
0083
0084
0085
0086
0050
0087
03F7
03F8
008A
0031
0046
008D
008E
0014
0014
01D5
034C
03F9
0092
03C3
0094
0095
0304
0014
0014
0097
0271
03FA
02D3
0001
0002
0003
0004
0219
00E7
021A
03FB
00E8
03FC
000B
02D6
013D
000E
0278
0019
0279
001A
0014
0014
01E9
0014
0002
0002
0014
0014
0014
0026
00EF
0018
0019
0014
00F0
0002
0002
0014
0014
0002
0002
001B
00A3
001D
001E
0025
0016
0014
0002
0002
0002
0002
0014
001B
001E
0016
001F
0014
0010
0002
0014
0014
0014
0014
0014
0015
00A3
0012
0023
0014
0012
0014
0002
0002
0014
0002
0014
001D
00A3
0022
0027
0014
0016
0014
0002
0014
0014
0014
0014
0022
0026
0016
0023
0024
0016
0014
0014
0002
0014
0002
0002
0012
0015
0018
0027
0014
0026
0002
0014
0002
0014
0014
0002
0027
002F
0016
0027
0014
00EE
0002
0014
0014
0014
0014
0014
0025
002A
0022
0027
0014
0144
0014
0002
0014
0014
0014
0002
0019
027C
002D
0027
0014
002E
0014
0014
0014
0002
0014
0002
0023
002C
0030
0019
0014
0144
0014
0014
0014
0014
0014
0002
0031
00F5
03FD
00A7
0014
0014
01C4
0037
03FE
01ED
014B
00C1
03CE
00C2
0002
0014
0284
003E
0188
0040
0150
0042
0043
0044
0045
0046
00D4
0048
0049
004A
0289
004C
0156
004E
004F
0014
0051
0052
03FF
0400
00CF
0401
0057
030F
00C9
0014
0059
005A
0402
0403
028F
005E
005F
0060
0061
0014
0404
0232
0064
0065
0066
00C8
0068
0069
006A
006B
010F
006D
0164
0405
0406
033F
0072
0168
0234
0014
0116
0117
0407
0078
00BD
007A
011B
0313
007D
0014
023E
007F
0408
0120
028F
00D8
0409
0314
00C3
0014
0267
040A
040B
040C
00CF
008C
040D
0128
0035
0014
026C
0316
040E
0318
0093
0083
040F
0096
0061
0014
02A3
01DB
0099
01A6
0247
0002
01A7
0306
0410
0006
031D
0411
021C
000A
009F
000C
00A0
0412
000F
0010
0016
0012
0013
0014
001F
0014
0014
0014
0014
0014
0014
0016
001B
001E
0014
0014
001A
0014
0002
0014
0002
0002
0002
001B
001C
001D
001E
001F
0022
0002
0002
0014
0002
0002
0014
001D
001E
0020
001F
0021
0010
0014
0014
0002
0014
0014
0014
001D
001B
0022
001F
0014
0022
0014
0002
0014
0014
0002
0014
001D
001C
0022
0014
0014
001E
0014
0002
0014
0002
0002
0014
0016
001A
0010
0023
0014
0016
0014
0014
0014
0002
0002
0002
0018
001E
0010
0025
0014
0023
0014
0014
0002
0014
0014
0002
0014
01AE
027B
0014
0014
03E2
0014
0014
0014
0014
0014
0014
0025
0413
0414
0024
0014
0142
0014
0014
0014
0014
0014
0014
0019
0413
0010
0014
0014
027E
0014
0014
0014
0002
0014
0014
0019
02AF
0016
0014
0014
0142
0002
0014
0002
0014
0014
0014
0415
0032
0416
0034
0035
0014
0417
02B1
0418
0419
0205
003B
041A
0034
0014
0014
003D
00AC
014E
041B
0325
041C
0043
00B1
0101
0102
0036
02BA
041D
041E
00CA
041F
004D
0331
004F
0050
018E
00B9
03ED
02C0
037B
0056
02FA
0058
004F
0014
02C3
037D
0420
0421
0031
00C1
005F
00C2
0014
0014
010B
0063
0422
0423
0424
00C8
0068
0299
006A
0014
0425
02CA
0426
006F
0300
0071
01FB
0073
0074
0014
0199
0076
019A
019B
00D2
0014
0427
03F3
0014
0014
011D
0263
0080
0081
00D7
0345
0428
01D0
0086
0014
0087
0429
03F8
03C2
0031
0102
008D
008E
0014
0014
01D1
034C
03F9
0092
01A2
0094
0095
00DE
0014
0014
0097
0271
042A
00E2
042B
0002
0217
0004
0005
00E7
021A
03FB
00E8
042C
000B
013C
042D
000E
0278
0025
0279
001A
0014
0014
01E9
0014
0002
0002
0014
0014
0014
0026
00EF
0018
0019
0014
0142
0002
0014
0014
0014
0014
0014
00A3
00A3
0016
001E
0025
0016
0014
0002
0002
0002
0014
0014
001B
001E
0016
0023
0014
001B
0002
0014
0014
0014
0014
0014
001E
00A3
0012
0021
0014
0012
0014
0002
0002
0014
0014
0014
0022
00A3
0018
0019
0014
0016
0014
0002
0014
0014
0014
0014
0016
0026
0016
0021
0024
0018
0014
0014
0002
0014
0002
0002
0012
0015
0018
0027
0014
0026
0002
0014
0014
0014
0014
0014
0027
0183
0016
0027
0014
024F
0002
0014
0014
0014
0014
0014
0025
002A
0022
0025
0013
0144
0014
0002
0014
0014
0014
0002
0019
002C
002D
0027
0014
002E
0014
0014
0014
0014
0014
0002
0023
027F
0030
0019
0014
0144
0014
0014
0014
0014
0014
0002
0031
00F5
042E
003B
0014
0014
0161
0037
042F
0430
014B
00C1
03CE
00C2
0002
0014
0284
0285
0188
0040
0041
0042
02B0
0044
0045
0046
007E
0048
0228
0431
0154
004C
0156
004E
007D
0014
0051
028A
03FF
0400
00CF
0108
0057
02B8
00C9
0014
0059
005A
0432
0433
028F
005E
021E
0060
0061
0014
0087
0232
0064
0160
0066
0067
0068
0069
0234
006B
006C
0434
0164
0165
0406
033F
0072
0168
0234
0014
0116
0435
0169
0207
00BD
007A
011B
0436
007D
0014
00D4
0296
0297
0298
004B
0083
0122
0299
00C3
0050
0267
0088
0437
0125
0438
008C
019F
0128
0035
0014
026C
0439
040E
043A
0093
0083
0372
0096
0061
0014
02A3
02A4
0099
01A6
013F
0002
01DE
0179
043B
0006
043C
043D
021C
017D
02F0
043E
043F
0440
00A2
0010
001D
0012
0014
0014
001F
0014
0002
0014
0014
0014
0014
0025
0369
001E
0027
0014
00F0
0014
0002
0014
0002
0014
0014
0010
001B
0022
001E
0014
0012
0014
0002
0014
0002
0014
0014
001D
001E
0020
0023
0021
001B
0014
0014
0002
0014
0014
0014
001D
0022
0022
001F
0014
0022
0014
0002
0014
0014
0002
0014
0021
0441
0015
0019
0014
00F0
0014
0002
0014
0002
0014
0014
0022
001A
0010
0019
0014
0016
0014
0014
0014
0002
0002
0002
0018
001E
0018
0025
0014
0023
0014
0014
0014
0014
0014
0014
0027
002F
0012
0014
0014
0442
0014
0014
0014
0014
0014
0014
0025
002A
0012
0013
0014
0144
0014
0014
0014
0014
0014
0014
0019
00A4
0010
0013
0014
002E
0014
0014
0014
0014
0014
0014
0023
02AF
0016
0014
0014
002B
0002
0014
0002
0014
0014
0014
00A6
0032
0443
0034
0014
0014
0444
0150
0445
0446
0205
0102
0447
0034
0002
0014
0448
0449
044A
044B
0325
02B8
00B0
044C
0045
0014
0036
02BA
044D
044E
02BD
041F
004D
0128
0115
0050
03BD
044F
022C
02C0
02C1
0056
02C2
0058
004F
0014
02C3
01FD
0450
02C5
0031
0170
0451
00C2
015F
0014
010B
01C5
0452
0453
01C4
00C8
0068
0299
00C9
0014
0454
0455
0456
0457
0300
00AF
0072
0073
0074
0014
0174
0392
019A
0238
011A
006B
011B
007C
0014
0014
011D
0301
01CE
023C
00D7
0083
019C
0085
0086
0014
0087
01D2
0089
008A
008B
008C
0458
008E
0035
0014
01D5
0459
0091
045A
012D
0094
0303
02D1
0014
0014
0097
045B
0245
045C
0001
0002
0003
01A8
0005
01E1
0007
045D
01E3
045E
000B
01E6
045F
000E
013E
0025
0279
001A
0013
0014
01E9
0014
0002
0002
0014
0014
0014
0016
0017
0018
0019
0014
001A
0002
0014
0014
0014
0002
0002
001B
001C
001D
001E
001F
0016
0002
0002
0002
0002
0002
0014
001B
001E
0016
001F
0014
0010
0002
0014
0014
0014
0014
0014
0015
001B
0015
0023
0014
0012
0014
0002
0002
0014
0002
0014
001D
00A3
0022
0027
0014
0016
0014
0002
0014
0014
0002
0014
0016
0026
0016
0023
0024
0016
0014
0014
0002
0014
0002
0002
0012
0015
0010
0027
0014
0026
0002
0014
0002
0014
0014
0002
0013
013F
0253
0027
0014
0029
0002
0014
0014
0014
0014
0014
0025
036E
0022
0025
0013
0142
0014
0002
0014
0014
0014
0002
0025
036E
002D
0027
0014
002E
0014
0014
0014
0002
0014
0002
0025
027F
0030
0019
0014
002E
0014
0014
0014
0014
0014
0002
0031
00F5
02D8
01B2
0035
0014
0036
0037
0460
0461
014B
003B
003C
00C2
00C9
0014
0150
003E
003F
0040
0041
0042
0043
0044
0101
0046
007E
0048
0049
004A
0289
004C
0156
004E
004F
0014
0051
0052
030E
0400
00CF
028C
0057
030F
00C9
0014
0059
005A
0402
0403
015E
005E
005F
0060
0061
0014
0383
0200
0064
0065
0066
0067
0068
0069
006A
006B
006C
0462
0164
0405
0406
0071
01FB
0168
0234
0014
0116
0117
0169
0078
00D2
007A
0394
016C
007D
0014
00D4
007F
020C
0120
0082
0170
0398
0162
00C3
0050
0267
0171
029B
029C
003A
007A
008D
0128
0035
0014
026C
0090
039A
026F
0093
007A
00DD
0096
0061
0014
034F
0098
0099
0272
0463
0002
0464
0465
0352
0006
0007
0466
0009
000A
024A
0467
00A0
000E
000F
0010
001B
0012
0013
0014
001E
0014
0014
0014
0014
0014
0014
0016
001B
0018
0027
0014
001A
0014
0014
0014
0014
0014
0002
001B
00A3
0010
001E
0014
0010
0002
0002
0014
0002
0002
0014
0016
001E
0016
001F
0014
0010
0002
0014
0014
0014
0014
0014
0022
00A3
0022
001F
0014
0022
0014
0002
0002
0014
0002
0014
001D
001B
0018
0027
0014
0016
0014
0014
0014
0014
0002
0014
0016
001A
0010
0023
0014
0016
0014
0014
0002
0014
0002
0002
0018
001E
0010
0025
0014
0023
0014
0014
0014
0014
0014
0014
0014
0028
0022
0027
0014
0309
0014
0014
0014
0014
0014
0014
0025
002A
0018
0025
0013
002B
0014
0014
0014
0014
0014
0002
0019
00A4
0010
0014
0014
002E
0014
0014
0014
0002
0014
0002
0023
03B7
0022
0014
0014
0144
0002
0014
0002
0014
0014
0002
0468
0032
01B1
00A7
0035
0014
0147
0469
01B4
046A
046B
003B
003C
0034
0061
0014
0448
00FD
0224
046C
00AE
00AF
00B0
01BA
0045
0014
0036
0048
046D
046E
046F
02BE
00B5
004E
0074
0014
0051
028A
0470
0471
0425
0056
0057
0060
004F
0014
015C
00D7
0472
010A
03BD
00C1
005F
00C2
0061
0014
010B
01C5
0473
00C6
01C4
00C8
0202
010E
006A
0014
0126
0474
0111
0475
0166
0071
0167
0073
0074
0014
0199
0476
0077
0238
0239
0014
016B
007C
007D
0014
0154
0301
023B
023C
00AE
0083
0084
0085
0086
0050
01D1
0088
0089
008A
0438
008C
008D
008E
0014
0014
01D1
0477
0091
045A
0243
0094
00DD
00DE
0014
0014
0097
0478
0479
047A
0001
0002
0003
01DF
01E0
01E1
047B
0008
01E3
0249
047C
000C
00EB
047D
0278
0025
00ED
0015
0014
0014
00EE
0014
0002
0002
0014
0014
0014
0026
00EF
0012
0019
0014
00F0
0002
0002
0014
0002
0002
0014
00A3
001C
001D
001E
001F
0016
0014
0002
0002
0002
0014
0014
001B
001E
0020
0023
0021
001B
0002
0014
0002
0014
0014
0014
001D
001B
0018
0023
0014
0012
0014
0002
0014
0014
0002
0014
0022
001C
0022
0019
0014
001E
0014
0002
0014
0002
0014
0014
0016
001F
0016
0021
0024
0018
0014
0014
0002
0002
0002
0002
0012
0015
0018
0027
0014
0026
0002
0014
0002
0014
0014
0002
0027
0252
0253
0014
0014
024F
0002
0014
0014
0014
0014
0014
0025
002C
0022
0027
0014
002E
0014
0002
0014
0014
0014
0014
0025
002C
002D
0027
0014
002E
0014
0014
0014
0014
0014
0014
0025
002F
0030
0019
0014
0142
0014
0014
0014
0014
0014
0014
047E
00F5
0254
0034
0014
0014
0417
047F
0038
03CD
00C9
00C1
00FB
01C1
0002
0014
0186
0480
0188
0040
0100
0042
0043
0044
0101
0046
007E
0227
0049
004A
00CA
004C
004D
025B
004F
0050
018E
03A7
025C
01F8
0055
0481
015B
0058
0002
0014
0059
005A
005B
0192
005D
005E
005F
0060
00C3
0014
0383
0200
0482
0065
0066
0067
0068
0069
0002
006B
00CA
006D
0164
006F
02E3
033F
0072
0483
007D
0014
0116
0117
0484
0078
0079
007A
011B
0262
0014
0014
007E
007F
011F
0485
00D7
0170
020E
0266
00C3
0014
0087
0486
0487
0488
047E
029D
0489
026B
0035
0014
0211
048A
026E
0213
0093
0102
048B
0096
0061
0014
034F
0098
048C
009A
031B
0002
0217
0004
048D
01E1
017B
031E
01E3
017D
024A
000C
017F
0321
000F
0010
001D
0015
0013
0014
0015
0014
0002
0002
0014
0014
0014
0025
0322
048E
0019
0014
00F0
0002
0014
0014
0002
0002
0002
001B
001C
001D
001E
001F
0016
0002
0002
0014
0002
0002
0014
001B
001E
0016
001F
0014
001B
0002
0014
0014
0014
0014
0014
0015
001B
0018
001F
0014
0022
0014
0002
0002
0014
0002
0014
001D
0010
0022
0019
0014
0016
0014
0002
0014
0014
0002
0014
0016
001A
0010
0023
0014
0016
0014
0014
0014
0002
0002
0002
0012
0015
0010
0025
0014
0026
0002
0014
0014
0014
0014
0002
0027
0323
027B
0027
0014
00EE
0002
0014
0014
0014
0014
0014
0027
027C
0022
0027
0014
027E
0014
0014
0014
0014
0014
0014
0025
0324
002D
0027
0014
027E
0014
0014
0014
0002
0014
0014
0025
048F
0030
0019
0014
0142
0014
0014
0014
0014
0014
0014
003A
0032
01B1
0034
0035
0014
01EB
0037
0490
01B5
00A6
0170
0327
0491
0002
0014
003D
032A
032B
0492
01F2
00AF
00B0
0044
0101
0046
0036
018B
0493
032F
00A6
01BD
004D
0331
004F
0014
00B8
0494
01BF
0495
02EA
0334
0057
0058
004F
0014
0059
0190
0191
0192
047E
008C
005F
0060
0061
0014
00F7
0063
0337
0338
0161
0339
0045
010E
006A
0014
033B
0163
0111
033D
033E
033F
02E4
0294
0074
0014
0340
0117
0206
0341
02CF
006B
0342
03F3
007D
0014
0154
007F
0496
0344
00D7
0345
0346
0085
00C3
0014
023E
0497
0348
0349
0031
029D
034A
008E
0035
0014
034B
0498
034D
0092
015E
0094
034E
0096
0061
0014
034F
0271
0499
009A
0305
0002
01A7
0306
0005
0006
021A
02A8
0009
0307
013B
03C7
013D
000E
0278
0025
0279
0012
0014
0014
0142
0014
0002
0014
0014
0014
0014
0016
0017
0021
0014
0014
001A
0002
0002
0014
0014
0014
0014
0020
001B
0022
001E
0014
0022
0014
0002
0002
0002
0014
0014
00A3
001F
0020
0023
0021
0010
0014
0014
0002
0014
0014
0014
001D
00A3
0022
0019
0014
001E
0014
0014
0014
0014
0002
0014
0022
001C
001E
0014
0014
001E
0014
0002
0014
0002
0014
0014
0022
0026
0016
0019
0024
0012
0014
0014
0002
0014
0002
0002
0018
001E
0018
0027
0014
0023
0014
0014
0002
0014
0014
0002
0013
0028
0016
0014
0014
00F0
0002
0014
0014
0014
0014
0014
0025
030A
0022
0025
0013
002B
0014
0002
0014
0014
0014
0002
0019
002C
0010
0013
0014
002E
0014
0014
0014
0014
0014
0002
0023
027F
0016
0014
0014
0144
0002
0014
0002
0014
0014
0002
047E
00F5
030B
00A7
0014
0014
0147
049A
038D
01ED
014B
003B
003C
006B
0014
0014
0284
003E
003F
0040
0041
0042
0043
0151
0045
0014
01F3
0048
0049
004A
004B
004C
007D
004E
007D
0050
0104
03A7
030E
01F8
0055
0056
015B
030F
00C9
0014
01FC
0310
015D
010A
005D
005E
005F
02DD
0014
0014
0062
0232
0064
0065
0066
0067
0068
0069
0234
006B
006C
006D
0311
0312
0070
0071
0072
0073
0234
0014
00CF
0076
0077
019B
011A
007A
007B
0313
0014
0014
007E
0301
011F
0120
028F
0083
0084
0314
0086
0050
008F
0088
0210
0269
00CF
008C
0315
0128
0035
0014
008F
0316
0317
049B
01D9
0083
0095
02D1
0014
0014
0097
01DB
0319
049C
049D
0002
01DE
049E
0219
00E7
0007
0008
00E8
049F
000B
04A0
000D
000E
00A2
0010
001B
0012
0014
0014
0015
0014
0002
0002
0014
0014
0014
0026
04A1
0012
0019
0014
002E
0002
0014
0014
0014
0014
0002
001B
001D
0010
001E
0014
0016
0014
0014
0002
0002
0002
0014
001B
001E
0020
001F
0014
001B
0002
0014
0014
0014
0014
0014
0022
00A3
0022
001F
0014
0022
0014
0002
0014
0014
0002
0014
0022
001B
0018
0019
0014
0016
0014
0002
0014
0014
0002
0014
0016
0026
0010
0025
0014
0012
0014
0014
0002
0014
0002
0002
0018
001E
0010
0027
0014
0026
0014
0014
0014
0014
0014
0014
0027
002F
0022
0014
0014
0442
0014
0014
0014
0014
0014
0014
0025
002A
0022
0027
0014
0144
0014
0014
0014
0014
0014
0014
0019
00A4
0022
0027
0014
002E
0014
0014
0014
0002
0014
0014
0023
027C
0022
0027
0014
0144
0002
0014
0002
0014
0014
0014
003A
0032
01B1
00A7
0014
0014
0147
04A2
01B4
046A
014B
00C1
04A3
0034
0002
0014
0448
04A4
04A5
04A6
0150
0042
00B0
0044
0045
0014
0036
04A7
0228
0431
0154
01BD
00B5
0128
0074
0014
04A8
04A9
04AA
0495
00B8
01FA
0057
01C1
004F
0014
0059
04AB
04AC
04AD
028F
005E
005F
0096
0061
0014
0147
04AE
04AF
04B0
01C4
00C8
0068
010E
0234
0014
0126
04B1
04B2
04B3
04B4
00AF
0072
0168
0115
0014
04B5
04B6
04B7
04B8
00BD
006B
011B
007C
0014
0014
011D
04B9
01CE
04BA
02EA
00D8
04BB
0085
00C3
0014
026C
04BC
0089
023F
018E
008C
04BD
008E
0035
0014
012F
04BE
0091
04BF
0243
0094
04C0
0096
00C3
0014
02A3
04C1
04C2
04C3
0001
0002
0003
01A8
0005
0006
04C4
04C5
0009
04C6
04C7
000C
04C8
04C9
013E
0025
00ED
0015
0013
0014
0142
0014
0002
0014
0014
0014
0014
0016
0017
0018
0014
0014
001A
0014
0002
0014
0002
0002
0014
0020
001C
001D
001E
001F
0022
0002
0002
0014
0002
0014
0014
00A3
001A
0016
0023
0021
0010
0002
0014
0002
0014
0014
0014
001D
001B
0018
0023
0014
0015
0014
0002
0002
0014
0002
0014
001D
001C
0022
0014
0014
001E
0014
0002
0014
0002
0014
0014
0016
001A
0016
0023
0024
0016
0014
0014
0002
0002
0002
0002
0012
0015
0018
0025
0014
0026
0002
0014
0002
0014
0014
0002
0013
013F
0253
0027
0014
0029
0002
0014
0014
0014
0014
0014
0025
036E
0022
0025
0013
0142
0014
0002
0014
0014
0014
0002
0025
002C
002D
0013
0014
002E
0014
0014
0014
0014
0014
0002
0025
002F
0030
0019
0014
0142
0014
0014
0014
0014
0014
0002
00B4
00F5
0254
0034
0035
0014
00A8
04CA
0038
04CB
0145
003B
003C
00C2
0014
0014
0150
04CC
003F
04CD
00AE
0056
0043
0151
0101
0046
01F3
0055
0259
025A
0121
004C
004D
004E
004F
0050
00B8
04CE
025C
025D
03AA
0056
01FB
0058
0002
0014
02C3
00BD
01FE
005C
0031
01FF
005F
0060
0014
0014
0062
04CF
0201
04D0
0066
0067
0068
0069
006A
006B
00CA
0462
006E
006F
0070
0071
01FB
0073
0074
0014
0075
0076
0077
0078
00D2
007A
0394
016C
007D
0014
00D4
007F
011F
0485
00D7
0083
0084
0266
0086
0050
0087
04D1
04D2
04D3
0031
0046
008D
04D4
0035
0014
008F
0090
026E
04D5
005D
0102
00DD
005E
0061
0014
0097
0214
0099
04D6
0351
0002
0217
0004
01A9
00E7
038A
0008
01E3
000A
04D7
021D
000D
0180
0354
0010
001D
0015
0014
0014
001A
0014
0002
0002
0014
0014
0014
0016
0010
0018
0027
0014
001F
0014
0014
0014
0014
0002
0002
001B
0010
001D
001E
001F
0016
0014
0002
0014
0002
0002
0014
0016
001E
0016
001F
0014
0010
0002
0014
0014
0014
0014
0014
001E
001B
0018
001F
0014
0022
0014
0002
0002
0014
0002
0014
001D
0016
0022
0027
0014
001A
0014
0002
0014
0014
0002
0014
0016
001A
0010
0021
0014
0018
0014
0014
0014
0002
0002
0002
0018
001E
0010
0027
0014
0026
0014
0014
0014
0014
0014
0002
0027
01AE
04D8
0027
0014
03E2
0014
0014
0014
0014
0014
0014
0025
027C
0022
0025
0013
027D
0014
0014
0014
0014
0014
0014
0019
0324
0010
0027
0014
027E
0014
0014
0014
0002
0014
0014
0019
002F
0022
0019
0014
0142
0014
0014
0014
0014
0014
0014
01A2
0032
005F
0034
0014
0014
01B3
047F
04D9
01B5
0220
003B
00CE
0034
0002
0014
00FC
04DA
04DB
04DC
0041
0042
0226
0151
0101
0102
00D4
0055
04DD
04DE
0059
04DF
004D
025B
004F
0014
0051
04E0
04E1
0495
00B8
0108
015B
0058
004F
0014
0059
005A
005B
0192
01C3
005E
04E2
0060
015F
0014
04E3
04E4
04E5
04E6
0161
032D
00B5
033A
0234
0014
033B
0235
033C
033D
0300
0071
02E4
0294
0115
0014
0154
04E7
0206
04E8
0239
007A
00D3
04E9
007D
0014
0154
007F
0496
01CF
00D7
0170
04EA
0085
00C3
0050
023E
0486
0348
0349
047E
0102
04EB
008E
0035
0014
0129
0459
04EC
04ED
0243
0094
04EE
0096
0061
0014
04EF
02A4
04F0
0132
0305
0002
01A7
0366
01E0
0006
021A
04F1
0009
04F2
017E
01E6
04F3
000E
013E
0025
0279
0012
0013
0014
00EE
0014
0002
0014
0014
0014
0014
0025
036B
0026
0019
0014
0142
0002
0002
0014
0002
0014
0014
0022
001C
0022
001E
0025
0022
0002
0002
0002
0002
0014
0014
001B
001F
0020
0023
0021
001B
0002
0014
0002
0014
0014
0014
001D
00A3
0022
0019
0014
0012
0014
0014
0014
0014
0002
0014
0025
036D
001A
0019
0014
04F4
0014
0002
0014
0002
0014
0014
0022
0026
0016
0023
0024
0016
0014
0014
0002
0014
0002
0002
0014
00EE
02AD
0025
0014
03E2
0002
0014
0002
0014
0014
0002
0014
0183
0016
0014
0014
024F
0002
0014
0014
0014
0014
0014
0025
030A
0022
0013
0014
04F5
0014
0002
0014
0014
0014
0002
0019
036E
002D
0013
0014
002E
0014
0014
0014
0014
0014
0002
0023
002C
0030
0014
0014
0144
0002
0014
0002
0014
0014
0002
0031
00F5
030B
00A7
0035
0014
00A8
030C
038D
01ED
003A
0102
04F6
0373
0035
0014
003D
003E
04F7
01F1
01F2
0056
0043
0044
0045
0046
0047
0048
018C
01F4
004B
004C
00B7
004E
00B7
0050
018E
0052
04F8
04F9
018F
0056
0057
030F
00C9
0014
02C3
01FD
0472
010A
0031
0083
04FA
00A7
0061
0014
0062
0063
04FB
04FC
0066
0067
0068
0069
006A
006B
006C
006D
00CC
0405
0406
0014
04FD
02CD
0074
0014
00CF
0076
0077
0078
0079
0014
011B
0386
0014
0014
007E
0301
011F
0264
0082
0083
0265
0162
0086
0014
008F
0088
040B
0269
00CF
008C
04FE
0128
0035
0014
008F
0090
04FF
026F
0093
0083
0500
02D1
0014
0014
0097
00E0
0319
0501
0502
0002
01DE
0004
01A9
00E7
0007
0008
0503
000A
000B
021D
000D
000E
0354
0010
001D
001A
0014
0014
0015
0014
0002
0002
0014
0014
0014
0016
01AD
0012
0019
0014
001A
0002
0014
0014
0014
0014
0002
001B
0012
001D
0019
001F
0016
0014
0014
0014
0002
0002
0014
001B
001E
0022
001F
0014
0010
0002
0014
0014
0014
0014
0014
001E
001B
001E
001F
0014
0022
0014
0002
0014
0014
0002
0014
001D
0016
0022
0027
0014
0016
0014
0002
0014
0014
0002
0014
0016
0026
0010
0021
0014
0018
0014
0014
0014
0014
0014
0002
0018
001E
0010
0027
0014
0026
0014
0014
0014
0014
0014
0014
0027
01AE
04D8
0014
0014
03E2
0014
0014
0014
0014
0014
0014
0025
01AF
04D8
0025
0013
027D
0014
0014
0014
0014
0014
0014
0019
0324
0010
0027
0014
027E
0014
0014
0014
0002
0014
0014
0019
027C
0022
0019
0014
002E
0014
0014
0014
0014
0014
0014
010F
0032
01B1
00A7
0014
0014
01B3
0504
01B4
0505
014B
003B
01B6
0034
0002
0014
0329
0506
0507
0508
0041
0042
00B0
0044
0002
0102
0036
02DA
0509
050A
0289
01BD
00B5
025B
0074
0014
050B
050C
01BF
0495
00B8
050D
0057
01C1
004F
0014
0059
04AB
050E
050F
028F
005E
005F
0060
0061
0014
01C4
0510
0511
0512
0161
032D
03F1
010E
0234
0014
03C3
0235
01C8
0237
0513
0071
02E4
0162
0115
0014
0220
0514
0515
04E8
0239
007A
00D3
04E9
0014
0014
011D
0516
0496
0517
02EA
0170
04EA
0518
00C3
0050
0519
029A
0348
0349
01A2
0102
04EB
008E
0035
0014
034F
029F
051A
04ED
0243
0094
04EE
0096
0061
0014
051B
0148
051C
051D
0305
0002
01A7
0306
01E0
0006
04C4
04F1
0009
051E
051F
01E6
0520
00A1
013E
0025
00ED
0012
0013
0014
0142
0014
0002
0014
0014
0014
0014
0025
024E
0018
0014
0014
0142
0014
0002
0014
0002
0002
0014
0020
001C
0010
001E
0025
0022
0002
0002
0002
0002
0014
0014
00A3
0026
0020
0023
0021
001B
0014
0014
0002
0014
0014
0014
001D
0020
0022
0023
0014
001E
0014
0002
0002
0014
0002
0014
0025
02AC
001A
0019
0014
0521
0014
0002
0014
0002
0014
0014
0022
001A
0016
0023
0024
0016
0014
0014
0002
0002
0002
0002
0014
00EE
02AD
0025
0014
03E2
0002
0014
0002
0014
0014
0002
0014
0183
0016
0027
0014
024F
0002
0014
0014
0014
0014
0014
0025
030A
0022
0013
0014
0144
0014
0002
0014
0014
0014
0002
0019
036E
002D
0013
0014
002E
0014
0014
0014
0014
0014
0002
0023
002F
0030
0014
0014
002B
0002
0014
0002
0014
0014
0002
00B4
00F5
0254
0034
0035
0014
00A8
00A9
0038
04CB
0145
0102
0522
0056
0014
0014
0150
0523
0524
0525
01F2
0056
0043
0526
0045
0046
01F3
0055
0527
018D
0121
004C
004D
004E
004F
0050
00B8
02F9
0528
0529
02C1
0056
00BB
0058
0002
0014
02C3
00BD
01FE
005C
0031
0083
04FA
02B8
00C3
0014
0062
0200
02FD
052A
0066
0067
0068
0069
006A
006B
006C
006D
006E
006F
0406
0014
04FD
02CD
0074
0014
0075
0076
0077
0078
0079
0014
011B
0386
007D
0014
00D4
01CD
011F
0485
00D7
0083
0265
0266
0086
0014
0087
01D2
052B
052C
008B
008C
026A
0128
0035
0014
008F
0090
03DB
052D
0093
0083
02D0
0304
0014
0014
0097
00E0
0319
02D3
042B
0002
00E4
0004
052E
00E7
0007
0274
00E8
052F
000B
0530
0531
000E
0278
0019
036E
001A
0014
0014
01E9
0014
0002
0002
0014
0014
0014
0016
01AD
0018
0019
0014
001A
0002
0014
0014
0002
0002
0002
001B
00A3
001D
001E
001F
0016
0014
0002
0014
0002
0002
0014
001B
001E
0016
001F
0014
0010
0002
0014
0014
0014
0014
0014
0019
001B
001A
0023
0014
0012
0014
0002
0002
0014
0002
0014
001D
00A3
0022
0027
0014
0016
0014
0002
0014
0014
0002
0014
0016
001A
0010
0021
0014
0018
0014
0014
0014
0014
0014
0002
0018
0015
0010
0027
0014
0026
0002
0014
0014
0014
0014
0002
0027
013F
027B
0027
0014
0029
0002
0014
0014
0014
0014
0014
0025
027C
0022
0027
0014
0142
0014
0014
0014
0014
0014
0014
0025
0324
002D
0027
0014
002E
0014
0014
0014
0002
0014
0014
0023
027F
0030
0019
0014
0144
0014
0014
0014
0014
0014
0014
003A
00F5
02D8
01B2
0014
0014
01C4
0037
0281
0282
003A
003B
0283
00C2
0002
0014
00FC
0285
003F
0040
0284
0042
0532
0044
0045
0046
00D4
0048
0533
0534
0289
004C
0156
025B
004F
0014
0051
028A
025C
025D
00CF
008C
0057
02DD
0061
0014
0059
005A
0535
0536
028F
005E
0290
0060
0061
0014
029E
0232
0537
04E6
035B
0058
0068
0069
0234
0014
010F
0293
0111
035C
0070
0071
0072
0162
0234
0014
0340
0117
035E
016A
00BD
007A
007B
0538
007D
0014
0154
0516
0297
0298
004B
0083
0084
0299
00C3
0014
026C
0088
029B
0125
0438
0046
00DC
0128
0035
0014
029E
0539
02A0
012C
0093
0083
02A2
0096
0061
0014
02A3
02A4
0365
01A6
02A5
0002
01A7
0366
0005
0006
02A7
02A8
0009
053A
009F
000C
053B
053C
000F
0010
0011
0012
0013
0014
001F
0014
0002
0014
0014
0014
0014
0025
024E
001E
0027
0014
002E
0014
0002
0014
0014
0014
0014
001F
036D
0022
0027
0014
01AE
0002
0002
0002
0002
0014
0014
00A3
001E
0020
0023
0021
001B
0014
0014
0002
0014
0014
0014
001D
0016
0022
001F
0014
0022
0014
0002
0014
0014
0002
0014
0021
02AC
001A
0019
0014
0144
0014
0002
0014
0002
0014
0014
0022
001F
0016
0023
0024
0016
0014
0014
0002
0002
0002
0002
001A
001E
0018
0025
0014
0023
0014
0014
0002
0014
0014
0002
0014
0183
0016
0014
0014
03C8
0014
0014
0014
0014
0014
0014
0025
002A
0022
0025
0013
0144
0014
0002
0014
0014
0014
0002
0019
002C
0010
0013
0014
002E
0014
0014
0014
0014
0014
0002
0019
02AF
0016
0014
0014
0142
0002
0014
0002
0014
0014
0002
00B4
0032
03A1
0034
0035
0014
00A8
02B1
00F9
03A2
00AB
0102
053D
0034
0061
0014
003D
00AC
02B5
02B6
00AE
02B8
053E
0060
015F
0014
0047
02BA
053F
0540
0121
0155
004D
004E
00B7
0050
018E
00B9
03A8
03A9
037B
0056
037C
0058
004F
0014
02C3
037D
037E
037F
0031
0083
0541
00C2
015F
0014
0062
0063
0542
02C8
00C4
0067
0068
0162
006A
006B
0336
02CA
00CC
006F
02CB
0083
01FB
0073
0074
0014
00CF
0076
02CE
019B
0384
0014
0209
007C
0014
0014
007E
0263
0080
0081
00D7
00D8
0543
0085
0086
0050
0087
0429
0089
00DB
0031
008C
026A
008E
0035
0014
01D5
0090
0091
0092
010F
0094
0544
0304
0014
0014
0097
0214
0319
02D3
042B
0002
0217
0004
052E
00E7
0007
0274
00E8
0545
000B
021D
0546
000E
0278
0019
036E
001A
0014
0014
01E9
0014
0002
0002
0014
0014
0014
0016
01AD
0018
0019
0014
001A
0002
0014
0014
0014
0014
0002
001B
0022
001D
0026
001F
0016
0014
0014
0014
0002
0002
0014
001B
001E
0016
001F
0014
0010
0002
0014
0014
0014
0014
0014
0019
027A
0026
0023
0014
01AE
0014
0002
0002
0014
0002
0014
001D
001D
0022
0027
0014
0016
0014
0002
0014
0014
0002
0014
0016
001A
0010
0021
0014
0018
0014
0014
0014
0014
0014
0002
0018
0015
0010
0027
0014
0026
0002
0014
0014
0014
0014
0014
0027
013F
027B
0027
0014
0029
0002
0014
0014
0014
0014
0014
0027
027C
0022
0027
0014
027D
0014
0014
0014
0014
0014
0014
0025
0324
002D
0027
0014
027E
0014
0014
0014
0002
0014
0014
0025
027F
0030
0019
0014
002E
0014
0014
0014
0014
0014
0014
003A
00F5
0280
003B
0014
0014
01B3
0037
0281
0282
014B
003B
0283
00C2
0002
0014
00FC
0285
003F
0040
0150
0042
0286
0044
018A
0046
00D4
0048
0547
0288
0289
004C
0156
025B
004F
0014
0051
028A
025C
025D
00CF
008C
028B
028C
0061
0014
0059
005A
028D
0536
028F
005E
0290
0060
0061
0014
029E
0232
0548
04E6
035B
0058
0068
0069
0234
0014
010F
0293
0111
035C
0070
0071
0072
0294
0234
0014
0116
0117
0169
016A
00BD
007A
007B
0295
007D
0014
0154
0296
0297
0298
004B
0170
00D9
0299
00C3
0014
026C
029A
029B
029C
01A2
029D
00DC
0128
0035
0014
029E
029F
02A0
02A1
0093
0102
02A2
0096
0061
0014
02A3
02A4
0365
01A6
02A5
0002
01A7
0366
0005
0006
02A7
02A8
021C
0549
009F
01E6
02AA
00A1
000F
0010
0011
0012
0013
0014
001F
0014
0002
0014
0014
0014
0014
0025
024E
001E
0014
0014
0142
0014
0002
0014
0002
0002
0014
0026
02AB
0022
001E
0014
027B
0002
0002
0002
0002
0014
0014
00A3
001E
0020
0023
0021
001B
0014
0014
0002
0014
0014
0014
001D
0016
0022
001F
0014
0022
0014
0002
0014
0014
0002
0014
0021
02AC
001A
0019
0014
0144
0014
0002
0014
0002
0014
0014
0022
001F
0016
0023
0024
0016
0014
0014
0002
0002
0002
0002
0014
002B
02AD
0025
0014
02AE
0014
0014
0002
0014
0014
0002
0014
0183
0016
0014
0014
00F3
0014
0014
0014
0014
0014
0014
0025
002A
0022
0025
0013
0144
0014
0002
0014
0014
0014
0002
0019
002C
0010
0013
0014
002E
0014
0014
0014
0014
0014
0002
0023
02AF
0016
0014
0014
002B
0002
0014
0002
0014
0014
0002
00B4
0032
03A1
0034
0035
0014
00A8
02B1
00F9
03A2
0145
0102
02B4
0034
0014
0014
003D
00AC
02B5
02B6
00AE
02B8
02B9
01EF
0045
0014
0047
02BA
054A
054B
02BD
0155
004D
004E
00B7
0050
018E
00B9
03A8
03A9
02C1
0056
037C
0058
004F
0014
02C3
01FD
037E
037F
0031
0083
02C6
00C2
00C3
0014
0062
0063
02C7
02C8
0087
0067
0068
0162
006A
006B
00CA
02CA
00CC
006F
02CB
0014
02CC
02CD
0074
0014
00CF
0076
02CE
019B
0384
0014
0209
007C
0014
0014
007E
0263
0080
0081
00D7
0083
0265
0085
0086
0050
0087
01D2
0089
008A
008B
008C
026A
008E
0035
0014
01D5
0090
0091
0092
01D9
0094
054C
02D1
0014
0014
0097
00E0
0319
02D3
042B
0002
00E4
0004
01A9
00E7
0007
054D
00E8
054E
000B
0530
054F
000E
0550
0019
030A
001A
0014
0014
01E9
0014
0002
0002
0014
0014
0014
0016
01AD
0018
0019
0014
001A
0002
0014
0014
0014
0002
0002
001B
0015
001D
001E
001F
0016
0014
0014
0002
0002
0002
0014
001B
001E
0016
001F
0014
0010
0002
0014
0014
0014
0014
0014
0019
001B
001A
0023
0014
0012
0014
0002
0002
0014
0002
0014
001D
0020
0022
0027
0014
0016
0014
0002
0014
0014
0002
0014
0016
0026
0010
0021
0014
0018
0014
0014
0002
0014
0002
0002
0018
0015
0010
0027
0014
0026
0002
0014
0014
0014
0014
0002
0027
013F
04D8
0027
0014
0029
0002
0014
0014
0014
0014
0014
0025
027C
0022
0025
0013
027D
0014
0014
0014
0014
0014
0014
0019
0324
0010
0027
0014
027E
0014
0014
0014
0002
0014
0014
0019
027F
0022
0019
0014
002E
0014
0014
0014
0014
0014
0014
003A
00F5
02D8
01B2
0014
0014
01C4
0037
0551
0282
014B
003B
0283
00C2
0002
0014
00FC
02D9
003F
0040
0041
0042
0286
0044
0101
0102
00D4
02DA
0552
0553
0289
004C
0156
004E
004F
0014
0051
028A
025C
025D
00CF
008C
0057
02DD
0061
0014
0059
005A
0554
02DF
028F
005E
0555
0060
0061
0014
029E
014C
0556
04E6
035B
00C8
0068
0069
0234
0014
010F
0163
01C8
035C
02E3
0071
02E4
0162
0115
0014
0116
0117
02E5
016A
02E6
007A
02E7
02E8
007D
0014
011D
0516
02E9
0298
02EA
0170
00D9
0299
00C3
0050
026C
02EB
029B
029C
01A2
0102
00DC
0128
0035
0014
029E
02EC
02A0
02A1
0243
0102
02A2
0096
0061
0014
02A3
02A4
0365
01A6
02ED
0002
01A7
02EE
01E0
0006
0557
02A8
021C
02EF
02F0
000C
01A8
00A1
000F
0010
0011
0012
0013
0014
001F
0014
0002
0014
0014
0014
0014
0025
024E
001E
0014
0014
002E
0014
0002
0014
0002
0014
0014
0026
02AB
0022
001E
0025
0558
0002
0002
0014
0002
0014
0014
00A3
001E
0020
0023
0021
001B
0014
0014
0002
0014
0014
0014
001D
0016
0022
001F
0014
0022
0014
0002
0014
0014
0002
0014
0025
02AC
001A
0019
0014
002B
0014
0002
0014
0002
0014
0014
0018
001A
0016
0023
0024
0016
0014
0014
0002
0002
0002
0002
001A
001E
0018
0025
0014
0023
0014
0014
0002
0014
0014
0002
0014
0183
0016
0014
0014
00F3
0014
0014
0014
0014
0014
0014
0025
002A
0022
0013
0014
0144
0014
0002
0014
0014
0014
0002
0019
002C
002D
0013
0014
002E
0014
0014
0014
0014
0014
0002
0023
02AF
0030
0014
0014
002B
0002
0014
0002
0014
0014
0002
00B4
0032
03A1
0034
0035
0014
00A8
02B1
00F9
03A2
0145
0102
02F5
0034
0014
0014
003D
00AC
02B5
02B6
02B7
02B8
02F6
0060
0045
0046
0047
02BA
02F7
0559
02BD
0155
004D
00B6
00B7
0050
018E
02F9
03A8
03A9
02C1
0056
037C
0058
004F
0014
02C3
01FD
037E
037F
0031
0083
02FC
00C2
00C3
0014
0062
0063
02FD
02FE
0087
0067
0068
0162
006A
006B
00CA
006D
006E
006F
0300
0083
0072
0073
0074
0014
00CF
0076
0077
019B
0079
0014
011B
007C
0014
0014
00D4
0263
0080
0081
00D7
0083
0265
0085
0086
0014
0087
01D2
0089
008A
008B
008C
0302
008E
0035
0014
01D5
0090
0091
0092
0093
0094
0303
0304
0014
0014
0097
00E0
0319
02D3
0305
0002
01A7
055A
0005
0006
021A
031E
0009
055B
000B
01E6
013D
000E
013E
0025
0279
001A
0013
0014
01E9
0014
0002
0014
0014
0014
0014
0026
00EF
0018
0019
0014
0142
0002
0002
0014
0002
0002
0014
0020
001C
001D
001E
0025
0016
0002
0002
0002
0002
0014
0014
055C
001F
0021
0014
0014
001B
0002
0014
0002
0014
0014
0014
001D
00A3
0012
0023
0014
0012
0014
0002
0002
0014
0002
0014
0022
001B
0022
0019
0014
0016
0014
0002
0014
0002
0014
0014
0022
0026
0016
0023
0024
0016
0014
0014
0002
0002
0002
0002
0014
00EE
055D
0027
0014
03E2
0002
0014
0002
0014
0014
0002
0013
0252
0253
0027
0014
024F
0002
0014
0014
0014
0014
0014
0025
036E
0022
0025
0013
055E
0014
0002
0014
0014
0014
0014
0025
036E
002D
0027
0014
002E
0014
0014
0014
0014
0014
0014
0025
002C
0030
0027
0014
0142
0002
0014
0002
0014
0014
0014
0031
00F5
055F
00A7
0035
0014
0036
0037
0560
01ED
003A
00C1
03CE
0373
00C9
0014
003D
003E
0561
0040
0041
0042
0043
0044
0101
0046
0047
0048
0049
004A
004B
0562
018A
0563
0014
0014
0051
0052
0564
0400
0055
0056
0057
030F
0086
0014
01FC
005A
015D
005C
005D
005E
005F
00A7
0061
0014
0062
0063
0064
0065
0066
0067
0068
0069
006A
006B
006C
006D
00CC
0405
0406
0014
04FD
02CD
0234
0014
0075
0076
0077
0078
0079
0385
011B
0262
007D
0014
00D4
007F
020C
0120
0082
0170
0565
0162
0086
0050
008F
0171
0268
0566
003A
029D
034A
0128
0035
0014
008F
026D
0567
026F
0093
0102
040F
0304
00C3
0014
0097
0098
0319
0501
0351
0002
00E4
0004
0568
00E7
031D
0569
00E8
000A
056A
043E
017F
0180
0354
0010
001D
0012
0014
0014
001A
0014
0002
0002
0014
0014
0014
0016
001B
0012
0027
0014
001A
0014
0002
0014
0014
0014
0002
001B
00A3
0016
001E
001F
0022
0014
0002
0014
0002
0002
0014
0020
001E
0020
001F
0021
0010
0002
0014
0014
0014
0014
0014
0012
001B
0022
001F
0014
0022
0014
0002
0014
0014
0002
0014
001D
001C
0012
0027
0014
001A
0014
0002
0014
0014
0002
0014
0016
001A
0010
0021
0014
0021
0014
0014
0014
0014
0002
0002
0018
001E
0010
0025
0014
0023
0014
0014
0014
0014
0014
0014
0027
0028
0022
0014
0014
0309
0014
0014
0014
0014
0014
0014
0025
002A
0022
0013
0014
002B
0014
0014
0014
0014
0014
0002
0019
00A4
0022
0014
0014
002E
0014
0014
0014
0002
0014
0002
0023
002F
0022
0019
0014
0144
0014
0014
0014
0014
0014
0002
056B
0032
005F
0034
0014
0014
0444
056C
056D
056E
0220
003B
0221
0034
0002
0014
00FC
056F
0224
0570
0059
0056
0226
0151
0045
0102
00D4
0055
032E
0571
0572
01C1
004D
004E
004F
0050
0573
0574
0575
0576
0577
0334
01FB
0058
004F
0014
0572
00D7
0578
0579
0205
01FF
0230
0060
015F
0014
0193
04E4
057A
057B
0161
01BA
0068
057C
0002
0014
0454
0203
057D
0112
0300
0071
02E4
0114
0074
0014
0220
057E
057F
04E8
0580
007A
0581
007C
0014
0014
011D
0582
0583
0517
00D7
0083
0084
0085
00C3
0014
0087
01D2
0089
008A
008B
008C
0315
008E
0014
0014
0129
0241
0091
045A
0243
0094
0095
0096
0061
0014
04EF
0478
0479
0132
0305
0002
0003
0218
00E6
0006
021A
04F1
0009
0584
000B
013C
0585
000E
013E
0025
0279
0012
0013
0014
00EE
0014
0002
0014
0014
0014
0014
0026
00EF
0018
0019
0014
0142
0002
0002
0014
0014
0014
0014
0020
001C
0010
001E
0014
0018
0002
0002
0002
0002
0014
0014
001B
0026
0020
0019
0014
001B
0002
0014
0002
0014
0014
0014
001D
00A3
0022
0019
0014
0012
0014
0002
0002
0014
0002
0014
0022
001B
0018
0019
0014
0016
0014
0002
0014
0002
0014
0014
0022
0026
0016
0023
0024
0016
0014
0014
0002
0014
0002
0002
0012
0015
0018
0027
0014
0026
0002
0014
0002
0014
0014
0002
0027
0183
0016
0027
0014
024F
0002
0014
0014
0014
0014
0014
0025
002A
0022
0013
0014
04F5
0014
0002
0014
0014
0014
0002
0019
002C
0010
0013
0014
002E
0014
0014
0014
0014
0014
0002
0023
027F
0016
0014
0014
0144
0002
0014
0002
0014
0014
0002
0031
00F5
055F
03CB
0035
0014
0147
0037
038D
038E
014B
00C1
03CE
0373
0002
0014
014C
003E
0561
0040
0150
0042
0043
0044
0045
0014
0047
0048
0049
004A
004B
004C
00B7
004E
0061
0014
0051
0052
0586
0400
0055
0056
0057
030F
00C9
0014
01FC
005A
015D
005C
005D
005E
005F
00A7
0061
0014
0062
0063
0064
0065
0066
0067
0068
0069
006A
006B
006C
006D
00CC
0405
0406
033F
0072
0073
0234
0014
0075
0076
0077
0078
0079
007A
011B
0386
007D
0014
00D4
0396
020C
0120
0082
00D8
0565
0162
0086
0014
008F
0171
0437
0587
00CF
008C
0388
0128
0035
0014
008F
0090
0588
026F
0243
0083
0500
02D1
0014
0014
0097
0098
0319
0501
0351
0002
01DE
0465
01A9
01E1
031D
0008
0589
000A
058A
000C
017F
058B
0181
0010
001D
0015
0014
0014
001F
0014
0002
0002
0014
0014
0014
0016
001D
0012
0013
0014
001A
0014
0002
0014
0002
0002
0002
001B
00A3
001D
001E
001F
0016
0014
0002
0014
0002
0002
0014
0012
001E
001A
001F
0021
0010
0002
0014
0014
0014
0014
0014
0012
001B
0018
001F
0014
0022
0014
0002
0014
0014
0002
0014
001D
001C
0022
0013
0014
001A
0014
0002
0014
0014
0002
0014
0016
001A
0010
0021
0014
0012
0014
0014
0014
0002
0002
0002
0018
001E
0010
0025
0014
0026
0014
0014
0014
0014
0014
0002
0013
01AE
027B
0014
0014
0309
0014
0014
0014
0014
0014
0014
0025
01AF
0558
0025
0013
0142
0014
0014
0014
0014
0014
0014
0019
01AF
002D
0027
0014
002E
0014
0014
0014
0002
0014
0014
0019
058C
0030
0019
0014
0142
0014
0014
0014
0014
0014
0014
0415
0032
058D
0034
0014
0014
01EB
01EC
058E
0419
0325
003B
0057
0034
00C9
0014
0150
058F
0590
0591
02EA
0257
0226
032D
0101
0046
00D4
0592
032E
0571
0593
03EB
004D
0331
004F
0050
0594
0595
0596
0597
0577
0334
0335
0058
004F
0014
0059
0062
03BB
0598
00C0
00C1
04E2
0060
00C3
0014
0599
04E4
059A
059B
0424
032D
0068
059C
0002
0014
0425
0235
059D
033D
0300
0071
02E4
0294
0074
0014
0220
059E
0206
04E8
0580
0385
00D3
03F3
0014
0014
011D
007F
03F5
01CF
00D7
0083
0084
059F
00C3
0050
023E
0387
01D3
008A
019E
0046
05A0
008E
0035
0014
0129
05A1
05A2
045A
015E
0094
05A3
0096
0061
0014
04EF
05A4
05A5
05A6
0305
0002
0003
0306
0005
0006
009D
05A7
0009
05A8
05A9
01E6
05AA
00A1
013E
0025
0279
001A
0013
0014
00EE
0014
0002
0014
0014
0014
0014
0025
024E
0018
0019
0014
0142
0002
0002
0014
0014
0014
0014
0020
001C
001D
001E
0025
0010
0002
0002
0002
0002
0014
0014
001B
001F
0020
0023
0014
001B
0002
0014
0002
0014
0014
0014
001D
00A3
0012
0023
0014
0012
0014
0002
0002
0014
0002
0014
0021
001B
0022
0019
0014
001E
0014
0002
0014
0002
0014
0014
0016
0026
0016
0023
0024
0016
0014
0014
0002
0014
0002
0002
0014
00EE
055D
0027
0014
03E2
0002
0014
0002
0014
0014
0002
0013
0183
0016
0027
0014
024F
0002
0014
0014
0014
0014
0014
0025
030A
0022
0025
0013
04F5
0014
0002
0014
0014
0014
0002
0019
036E
002D
0013
0014
002E
0014
0014
0014
0014
0014
0002
0023
027F
0030
0014
0014
0144
0002
0014
0002
0014
0014
0002
00B4
00F5
030B
03CB
0035
0014
0036
00A9
0560
0282
014B
0102
05AB
041C
0061
0014
003D
003E
05AC
01F1
00AE
00AF
0043
0044
0045
0046
0047
0048
018C
025A
004B
004C
018A
004E
004F
0014
0051
05AD
05AE
05AF
02C1
0056
01FB
030F
00C9
0014
01FC
00BD
00BE
005C
0031
01FF
005F
00A7
015F
0014
0062
0063
05B0
03AE
0066
0067
0068
0069
006A
006B
006C
0462
00CC
0405
0406
0014
02CC
02CD
0234
0014
0075
0076
0077
0078
00D2
007A
0209
0386
007D
0014
00D4
05B1
020C
05B2
0082
00D8
0565
0162
0086
0050
008F
0171
0437
05B3
00CF
008C
034A
0128
0035
0014
008F
0090
0588
052D
0093
0083
048B
0304
0014
0014
0097
00E0
0319
05B4
0351
0002
01DE
0004
0219
00E7
0007
0008
0503
000A
000B
021D
000D
000E
0181
0010
0020
0012
0014
0014
001E
0014
0002
0002
0014
0014
0014
0016
001B
0012
0027
0014
001A
0014
0002
0014
0002
0002
0002
001B
00A3
0022
001E
001F
0016
0014
0002
0014
0002
0002
0014
0016
001E
0022
001F
0021
0010
0014
0014
0014
0014
0014
0014
001E
001B
0022
001F
0014
0022
0014
0014
0014
0014
0002
0014
001D
001C
0012
0027
0014
0016
0014
0002
0014
0014
0002
0014
0016
001A
0010
0021
0014
0012
0014
0014
0014
0002
0002
0002
0018
001E
0010
0025
0014
0023
0014
0014
0014
0014
0014
0002
0027
01AE
04D8
0014
0014
0309
0014
0014
0014
0014
0014
0014
0025
05B5
04D8
0027
0014
0142
0014
0014
0014
0014
0014
0014
0019
01AF
0022
0027
0014
002E
0014
0014
0014
0002
0014
0014
0019
058C
0022
0019
0014
0142
0014
0014
0014
0014
0014
0014
010F
0032
01B1
0034
0014
0014
034B
05B6
0490
0505
0205
003B
05B7
0034
0002
0014
05B8
05B9
05BA
05BB
0284
0042
0226
01BA
0101
0102
00D4
03A4
04DD
04DE
0059
01BD
004D
03EB
0074
0050
05BC
05BD
01BF
05BE
00B8
0334
0057
0058
004F
0014
0059
04AB
005B
05BF
0176
005E
04E2
0060
0061
0014
05C0
05C1
05C2
05C3
0424
01BA
0068
010E
0234
0014
0425
04B1
0111
0457
0300
0071
0072
0114
0074
0014
0220
05C4
057F
04E8
011A
006B
007B
04E9
0014
0014
011D
05C5
01CE
05C6
00D7
0083
0084
0518
00C3
0014
023E
05C7
01D3
008A
047E
0046
05A0
008E
0035
0014
0129
0459
05A2
045A
01F5
0094
04EE
0096
0061
0014
04EF
05C8
051C
05C9
0247
0002
01A7
05CA
01E0
0006
031D
02A8
021C
05CB
009F
000C
05CC
05CD
000F
0010
01AD
0012
0013
0014
001F
0014
0002
0014
0014
0014
0014
0025
002A
001E
0014
0014
0142
0014
0002
0014
0002
0002
0014
0010
001C
0022
001E
0014
0022
0002
0002
0002
0002
0014
0014
001D
001E
0020
0023
0021
001B
0014
0014
0002
0014
0014
0014
001D
001E
0022
001F
0014
0022
0014
0014
0014
0014
0002
0014
0021
036D
001A
0019
0014
0521
0014
0002
0014
0002
0002
0014
0016
001F
0010
0023
0014
0016
0014
0014
0014
0002
0002
0002
0018
001E
0010
0025
0014
0023
0014
0014
0002
0014
0014
0002
0014
0183
0022
0014
0014
024F
0002
0014
0014
0014
0014
0014
0025
002A
0022
0013
0014
0144
0014
0002
0014
0014
0014
0002
0019
002C
0010
0013
0014
002E
0014
0014
0014
0014
0014
0002
0019
02AF
0016
0014
0014
0142
0002
0014
0002
0014
0014
0002
0205
0032
0335
0034
0035
0014
00A8
02B1
02F3
05CE
0145
0102
02F5
0034
0014
0014
003D
00AC
02B5
02B6
0325
02B8
0043
01EF
0101
0014
05CF
02BA
05D0
05D1
033B
02BE
004D
00B6
00B7
0050
018E
00B9
022C
02C0
037B
0056
02C2
0058
004F
0014
02C3
037D
05D2
02C5
0031
0083
05D3
00C2
00C3
0014
010B
0063
05D4
05D5
02C9
0067
0068
0233
006A
0014
0425
02CA
0236
006F
0300
00AF
01FB
0073
0074
0014
00CF
0076
02CE
019B
00D2
0014
0209
007C
0014
0014
007E
0263
0080
0081
00D7
0083
0265
0085
0086
0014
0087
0387
0089
008A
0031
008C
0302
008E
0035
0014
01D5
0090
0091
0092
010F
0094
0303
02D1
0014
0014
0097
0214
02D2
02D3
0273
0002
0217
0004
01A9
00E7
021A
02D4
01E3
05D6
000B
02D6
0531
000E
0278
0019
0279
001A
0014
0014
01E9
0014
0002
0002
0014
0014
0014
0016
0017
0018
0019
0014
001A
0002
0014
0014
0014
0014
0002
001B
0020
001D
001E
001F
0016
0014
0002
0014
0002
0002
0014
001B
001E
0016
001F
0014
0010
0002
0014
0014
0014
0014
0014
0019
027A
0026
0023
0014
05D7
0014
0002
0002
0014
0002
0014
001D
001D
0022
0027
0014
0016
0014
0002
0014
0014
0014
0014
0016
001A
0016
0021
0024
0018
0014
0014
0002
0014
0002
0002
0012
0015
0018
0027
0014
0026
0002
0014
0014
0014
0014
0014
0027
027B
0253
0027
0014
00F0
0002
0014
0014
0014
0014
0014
0027
027C
0022
0025
0013
027D
0014
0002
0014
0014
0014
0014
0025
027C
002D
0027
0014
027E
0014
0014
0014
0002
0014
0014
0023
027F
0030
0019
0014
0144
0014
0014
0014
0014
0014
0014
0031
00F5
02D8
003B
0014
0014
01C4
0037
05D8
0282
014B
003B
0283
00C2
0002
0014
0284
0285
003F
0040
0041
0042
0286
0044
0045
0046
007E
0048
02DB
0534
0289
004C
0156
004E
004F
0014
0051
05D9
025C
025D
00CF
008C
05DA
028C
0061
0014
0059
005A
05DB
05DC
028F
005E
02E0
0060
0061
0014
0087
0232
02E1
02E2
0066
00C8
0202
0069
0234
006B
006C
0293
006E
0165
0406
0071
0072
0294
0234
0014
0116
0117
0169
016A
00BD
007A
007B
0538
007D
0014
0154
0296
0297
0298
004B
0170
00D9
0299
00C3
0050
026C
02EB
029B
029C
0438
029D
00DC
0128
0035
0014
029E
0539
02A0
02A1
0093
0083
02A2
0096
0061
0014
02A3
02A4
0099
01A6
02ED
0002
01A7
02EE
01E0
0006
043C
02A8
021C
05DD
02F0
000C
02AA
0440
000F
0010
01AD
0012
0013
0014
001F
0014
0002
0014
0014
0014
0014
0025
002A
001E
0014
0014
002E
0014
0002
0014
0002
0014
0014
0026
001C
0022
001E
0025
0022
0002
0002
0014
0002
0014
0014
001D
001E
0020
0023
0021
001B
0014
0014
0014
0014
0014
0014
001D
001E
0022
001F
0014
0022
0014
0014
0014
0014
0014
0014
0021
02AC
001A
0019
0014
002B
0014
0002
0014
0014
0014
0014
0022
001A
0010
0023
0014
0016
0014
0014
0014
0002
0002
0002
0018
001E
0018
0025
0014
0023
0014
0014
0002
0014
0014
0002
0014
0183
0018
0014
0014
00F3
0014
0014
0014
0014
0014
0014
0025
002A
0022
0013
0014
0144
0014
0002
0014
0014
0014
0002
0019
002C
002D
0013
0014
002E
0014
0014
0014
0014
0014
0002
0023
02AF
0030
0014
0014
002B
0002
0014
0002
0014
0014
0002
00A6
0032
02F2
0034
0035
0014
00A8
02B1
02F3
02F4
0145
0102
02F5
0034
0014
0014
003D
00AC
02B5
02B6
0325
02B8
0043
01EF
0045
0046
0036
02BA
05DE
02BC
0220
02BE
004D
00B6
00B7
0050
0594
02F9
022C
0471
00BA
0056
02C2
0058
004F
0014
02C3
007E
05DF
05E0
047E
0083
02FC
00C2
00C3
0014
010B
0063
0542
02C8
02C9
0067
0068
0233
006A
0014
0425
006D
02FF
006F
0300
00AF
0072
0073
0074
0014
00CF
0076
0077
019B
0079
0014
011B
007C
0014
0014
00D4
0301
0080
0081
00D7
0083
0265
0085
0086
0014
0087
01D2
0089
008A
008B
008C
0302
008E
0035
0014
01D5
0090
0091
0092
0093
0094
0303
0304
0014
0014
0097
00E0
02D2
02D3
042B
0002
0217
0004
01A9
00E7
0007
02D4
01E3
05E1
000B
013C
05E2
000E
0278
0025
0279
001A
0014
0014
01E9
0014
0002
0002
0014
0014
0014
0016
0017
0018
0019
0014
001A
0002
0002
0014
0014
0002
0002
001B
0020
001D
001E
001F
0016
0014
0002
0002
0002
0002
0014
001B
001E
0016
001F
0014
0010
0002
0014
0002
0014
0014
0014
0019
027A
001A
0023
0014
05D7
0014
0002
0002
0014
0002
0014
001D
001D
0022
0027
0014
0016
0014
0002
0014
0002
0002
0014
0016
0026
0016
0021
0024
0018
0014
0014
0002
0014
0002
0002
0012
0015
0010
0027
0014
0026
0002
0014
0014
0014
0014
0002
0027
013F
0253
0027
0014
0029
0002
0014
0014
0014
0014
0014
0027
027C
0022
0025
0013
027D
0014
0002
0014
0014
0014
0014
0025
027C
0010
0027
0014
027E
0014
0014
0014
0002
0014
0014
0025
027F
0022
0019
0014
002E
0014
0014
0014
0014
0014
0014
0031
00F5
02D8
03CB
0014
0014
0161
0037
05E3
05E4
014B
003B
0283
00C2
0002
0014
0284
0285
003F
0040
0041
0042
037C
0044
0101
0102
007E
0048
05E5
05E6
004B
004C
0156
004E
004F
0014
0051
0105
025C
025D
0055
008C
028B
05E7
0061
0014
0059
005A
05E8
05E9
005D
005E
05EA
0060
0061
0014
0087
0232
02E1
02E2
0066
00C8
0068
0069
0234
006B
006C
0163
0164
0165
02E3
0071
02E4
0162
0234
0014
0116
0117
02E5
016A
02E6
007A
02E7
0295
007D
0014
011D
007F
02E9
0298
02EA
0170
00D9
0299
00C3
0050
026C
02EB
029B
029C
01A2
029D
00DC
0128
0035
0014
029E
05EB
02A0
02A1
0243
029D
02A2
0096
0061
0014
02A3
02A4
0099
01A6
0273
0002
01DE
0004
0219
00E7
038A
0008
00E8
05EC
000B
021D
013D
0180
0550
0019
036E
001A
0014
0014
01E9
0014
0002
0002
0014
0014
0014
0016
01AD
0012
0019
0014
001A
0002
0014
0014
0014
0002
0002
001B
00A3
001D
001E
001F
0016
0014
0002
0014
0002
0002
0014
001B
001E
0022
001F
0014
0010
0002
0014
0014
0014
0014
0014
0019
001B
001E
0023
0014
0012
0014
0014
0014
0014
0002
0014
001D
00A3
0022
0027
0014
0016
0014
0002
0014
0014
0002
0014
0016
001A
0010
0021
0014
0018
0014
0014
0014
0002
0014
0002
0018
0015
0010
0027
0014
0026
0002
0014
0014
0014
0014
0002
0027
027B
04D8
0014
0014
00F0
0002
0014
0014
0014
0014
0014
0025
01AF
04D8
0027
0014
0142
0014
0014
0014
0014
0014
0014
0019
0324
002D
0027
0014
002E
0014
0014
0014
0002
0014
0014
0019
027F
0030
0019
0014
0142
0014
0014
0014
0014
0014
0014
010F
00F5
05ED
00A7
0014
0014
01B3
0037
05EE
01ED
014B
003B
0167
00C2
0002
0014
00FC
0285
05EF
05F0
0284
0042
05F1
0044
0101
0046
00D4
0048
05F2
05F3
0289
022A
0156
025B
004F
0014
050B
028A
05F4
05F5
018E
008C
0057
05E7
0061
0014
0059
005A
05F6
05F7
028F
005E
0202
0060
0061
0014
029E
0232
0537
05F8
0161
0058
0068
010E
0234
0014
010F
0293
0111
0237
05F9
0071
0072
0162
0234
0014
0116
0117
035E
016A
00BD
007A
007B
05FA
0014
0014
0340
007F
0297
0298
004B
0083
0084
05FB
00C3
0014
05FC
0088
0124
0269
01A2
0046
05A0
0128
0035
0014
04EF
029F
05FD
012C
0093
0102
04EE
0096
0061
0014
05FE
02A4
04F0
0132
02A5
0002
01A7
0366
0005
0006
05FF
04F1
0009
053A
0600
01E6
0601
000E
000F
0010
0011
0012
0013
0014
001A
0014
0002
0014
0014
0014
0014
0025
024E
0018
0027
0014
002E
0014
0002
0014
0002
0014
0014
0026
02AB
0010
001E
0014
0602
0002
0002
0002
0002
0014
0014
00A3
001E
0020
0023
0021
001B
0014
0014
0002
0014
0014
0014
001D
0020
0022
001F
0014
0022
0014
0002
0002
0014
0002
0014
0025
02AC
001A
0019
0014
0144
0014
0002
0014
0002
0014
0014
0022
001F
0016
0023
0024
0016
0014
0014
0002
0014
0002
0002
0014
002B
02AD
0025
0014
02AE
0014
0014
0002
0014
0014
0002
0014
0183
0016
0027
0014
024F
0002
0014
0014
0014
0014
0014
0025
002A
0022
0025
0013
0144
0014
0002
0014
0014
0014
0002
0019
002C
0010
0013
0014
002E
0014
0014
0014
0014
0014
0002
0023
02AF
0016
0014
0014
0144
0002
0014
0002
0014
0014
0002
00B4
0032
0033
0034
0035
0014
00A8
02B1
0255
0603
0145
0102
0604
0034
0061
0014
003D
00AC
0605
0606
00AE
0481
02B9
0526
0045
0014
0047
02BA
0607
0608
0121
004C
004D
004E
00B7
0050
00B8
03A7
0053
0054
03AA
0056
00BB
0058
004F
0014
02C3
01FD
0609
060A
0031
0083
060B
00C2
015F
0014
0062
0063
02C7
02FE
0066
0067
0068
0069
006A
006B
00CA
060C
00CC
006F
02E3
0014
02CC
02CD
0074
0014
00CF
0076
02CE
019B
0384
0014
0209
007C
007D
0014
007E
03F4
0080
0081
00D7
00D8
0543
0085
0086
0050
0087
060D
0089
0349
008B
008C
026A
008E
0035
0014
008F
0090
0091
0092
01D9
0094
0544
0304
0014
0014
0097
00E0
0319
02D3
0351
0002
0217
0004
052E
00E7
038A
0274
00E8
000A
000B
021D
000D
0180
0354
0010
001D
001A
0014
0014
0015
0014
0002
0002
0014
0014
0014
0016
01AD
0018
0019
0014
001A
0002
0014
0014
0014
0014
0002
001B
001D
001D
0026
001F
0016
0014
0002
0014
0002
0002
0014
001B
001E
0022
001F
0014
0010
0002
0014
0014
0014
0014
0014
0023
001B
001A
001F
0014
0022
0014
0002
0002
0014
0002
0014
001D
0016
0022
0027
0014
0016
0014
0002
0014
0014
0002
0014
0016
001A
0010
0021
0014
0018
0014
0014
0014
0002
0014
0002
0018
0015
0010
0027
0014
0026
0002
0014
0014
0014
0014
0014
0027
027B
027B
0027
0014
00F0
0002
0014
0014
0014
0014
0014
0025
027C
0022
0027
0014
0142
0014
0014
0014
0014
0014
0014
0019
0324
002D
0027
0014
002E
0014
0014
0014
0002
0014
0014
0019
002F
0030
0019
0014
0142
0014
0014
0014
0014
0014
0014
010F
0032
01B1
02DD
0014
0014
01B3
0037
00AA
0039
0220
003B
0167
0034
0002
0014
00FC
060E
05EF
05F0
0284
0042
060F
0044
018A
0046
00D4
0055
05F2
05F3
0610
022A
00B5
025B
004F
0014
0051
028A
0333
022D
018E
008C
0057
01C1
004F
0014
0059
005A
0357
0358
01C3
005E
0416
0060
0061
0014
0193
0232
0611
0612
0161
0058
0068
010E
0234
0014
010F
0163
0111
035C
05F9
0071
02E4
0294
0115
0014
0340
0117
0206
016A
0239
007A
02E7
01CC
007D
0014
0154
007F
0343
0344
00D7
0083
0084
0085
00C3
0014
0519
05C7
0348
008A
047E
0046
05A0
008E
0035
0014
034F
0459
05A2
045A
0093
0094
04EE
0096
0061
0014
051B
02A4
04F0
0132
02ED
0002
01A7
0366
0005
0006
021A
02A8
0009
0613
039E
01E6
0614
000E
013E
0025
00ED
0012
0013
0014
0142
0014
0002
0014
0014
0014
0014
0025
036B
0026
0014
0014
002E
0002
0002
0014
0002
0002
0014
001F
001C
0022
001E
0014
0022
0002
0002
0002
0002
0014
0014
00A3
001F
0020
0023
0021
001B
0014
0014
0002
0014
0014
0014
001D
00A3
0022
0021
0014
001E
0014
0002
0014
0014
0002
0014
0025
0615
001F
0019
0014
002B
0014
0002
0014
0002
0014
0014
0022
001F
0016
0023
0024
0016
0014
0014
0002
0014
0002
0002
0014
002B
02AD
0025
0014
02AE
0014
0014
0002
0014
0014
0002
0014
0183
0016
0014
0014
024F
0002
0014
0014
0014
0014
0014
0025
030A
0022
0025
0013
04F5
0014
0002
0014
0014
0014
0002
0019
036E
0010
0013
0014
002E
0014
0014
0014
0014
0014
0002
0023
036F
0016
0014
0014
0144
0002
0014
0002
0014
0014
0002
00B4
00F5
030B
0034
0035
0014
00A8
02B1
0255
0256
003A
0102
053D
0373
0014
0014
003D
003E
0616
01F1
00AE
02B8
0043
0526
0045
0014
0047
0048
0617
0618
004B
004C
004D
004E
00B7
0050
018E
03A7
0619
01F8
03AA
0056
00BB
0058
00C9
0014
02C3
01FD
0609
010A
0031
0083
061A
0373
00C3
0014
0062
0063
061B
061C
0066
0067
0068
0069
006A
006B
0336
006D
00CC
006F
0406
0014
04FD
02CD
0074
0014
00CF
0076
0077
019B
0079
0014
011B
0386
0014
0014
007E
0301
011F
0264
0082
00D8
0543
0162
0086
0050
0087
0171
0210
0173
00CF
008C
04FE
00B1
0035
0014
008F
0090
0317
0213
01D9
0083
061D
02D1
0014
0014
0097
00E0
0319
02D3
0502
0002
00E4
0004
01A9
00E7
0007
0274
00E8
000A
000B
021D
000D
000E
0354
0010
001D
001A
0014
0014
0015
0014
0002
0002
0014
0014
0014
0016
01AD
0012
0019
0014
001A
0002
0014
0014
0014
0002
0002
001B
001D
001D
001E
0025
0016
0014
0014
0014
0002
0002
0014
001B
001E
0022
001F
0014
0010
0002
0014
0014
0014
0014
0014
0023
00A3
001A
001F
0014
0022
0014
0002
0014
0014
0002
0014
001D
0016
0022
0027
0014
0016
0014
0002
0014
0014
0002
0014
0016
0026
0010
0021
0014
0018
0014
0014
0014
0014
0014
0002
0018
0015
0010
0027
0014
0026
0002
0014
0014
0014
0014
0002
0027
027B
04D8
0014
0014
00F0
0002
0014
0014
0014
0014
0014
0025
01AF
04D8
0025
0013
0142
0014
0014
0014
0014
0014
0014
0019
0324
0010
0027
0014
002E
0014
0014
0014
0002
0014
0014
0019
002C
0022
0019
0014
002E
0014
0014
0014
0014
0014
0014
003A
0032
01B1
01B2
0014
0014
01B3
0037
00AA
0039
014B
003B
01B6
0034
0002
0014
0329
0506
0507
05F0
0041
0042
00B0
0044
0101
006B
0036
02DA
0509
061E
0289
022A
00B5
025B
004F
0014
050B
028A
0333
022D
00CF
008C
0057
01C1
004F
0014
0059
005A
050E
061F
028F
005E
005F
0060
0061
0014
0147
0510
0511
0620
01C4
0058
0068
010E
0234
0014
010F
0163
01C8
035C
05F9
0071
02E4
0162
0115
0014
0116
0117
02E5
016A
0239
007A
02E7
04E9
0014
0014
011D
0516
0343
0344
02EA
0083
0084
0518
00C3
0050
0519
0088
0348
008A
01A2
0046
05A0
008E
0035
0014
034F
029F
05A2
045A
0243
0094
04EE
0096
0061
0014
051B
02A4
0350
0621
02ED
0002
01A7
02EE
01E0
0006
0557
02A8
0009
0368
0622
01E6
0623
00A1
013E
0025
00ED
0012
0013
0014
027D
0014
0002
0014
0014
0014
0014
0025
024E
0018
0014
0014
0142
0014
0002
0014
0002
0014
0014
0026
02AB
0010
001E
001F
0624
0002
0002
0002
0002
0014
0014
00A3
001A
0020
0023
0021
001B
0014
0014
0002
0014
0014
0014
001D
001B
0022
0023
0014
001E
0014
0002
0002
0014
0002
0014
0025
02AC
001A
0019
0014
002B
0014
0002
0014
0002
0014
0014
0022
001A
0016
0023
0024
0016
0014
0014
0002
0002
0002
0002
0014
002B
02AD
0025
0014
02AE
0014
0014
0002
0014
0014
0002
0014
0183
0016
0027
0014
024F
0002
0014
0014
0014
0014
0014
0025
030A
0022
0013
0014
0144
0014
0002
0014
0014
0014
0002
0019
036E
002D
0013
0014
002E
0014
0014
0014
0014
0014
0002
0023
002F
0030
0014
0014
002B
0002
0014
0002
0014
0014
0002
00B4
00F5
0254
0034
0035
0014
00A8
02B1
0255
0256
0145
0102
0625
0056
0014
0014
0150
0523
0524
0626
02B7
02B8
02F6
0526
0045
0046
01F3
018F
0607
0608
02BD
004C
004D
004E
00B7
0050
00B8
02F9
0528
01F8
02C1
0056
00BB
0058
0002
0014
02C3
01FD
0609
060A
0031
0083
061A
02B8
00C3
0014
0062
0200
02FD
0627
0066
0067
0068
0069
006A
006B
00CA
006D
006E
006F
0406
0014
04FD
02CD
0074
0014
00CF
0076
0077
019B
0079
0014
011B
0386
007D
0014
00D4
0263
011F
0264
00D7
00D8
0543
0266
0086
0014
0087
060D
0210
0173
008B
008C
026A
04D4
0035
0014
008F
0090
03DB
0213
0093
0083
02D0
0304
0014
0014
0097
00E0
0319
02D3
0305
0002
0003
0218
0005
0006
047B
0008
0009
0628
000B
01E6
00EB
0180
013E
0019
0279
001E
0013
0014
01E9
0014
0002
0002
0014
0014
0014
0026
00EF
0012
0019
0014
0142
0002
0014
0014
0014
0014
0014
001B
001C
001D
001E
0025
0016
0002
0002
0002
0002
0014
0014
001B
001E
0016
001F
0014
001B
0002
0014
0014
0014
0014
0014
001D
00A3
0012
0023
0014
0012
0014
0002
0014
0014
0014
0014
0022
001C
0022
0019
0014
0016
0014
0002
0014
0014
0014
0014
0014
03C8
0141
0023
0024
0629
0014
0014
0002
0014
0002
0014
0012
0015
0018
0027
0014
0026
0002
0014
0002
0014
0014
0002
0027
002F
0016
0014
0014
00EE
0002
0014
0014
0014
0014
0014
0025
002A
0022
0025
0013
0144
0014
0002
0014
0014
0014
0002
0019
027C
002D
0027
0014
002E
0014
0014
0014
0014
0014
0002
0023
027F
0030
0027
0014
0144
0002
0014
0002
0014
0014
0002
0031
00F5
01EA
0481
0035
0014
0036
0037
0560
03CD
014B
00C1
03CE
01C1
0002
0014
003D
003E
0188
0040
0041
0042
0043
0044
0045
0046
0047
0048
0049
004A
0154
004C
062A
004E
0074
0014
01BE
0052
062B
01F8
0438
0056
0057
030F
00C9
0014
0059
005A
015D
0403
015E
005E
005F
0096
0061
0014
00C4
0063
0064
0065
0066
0014
03D3
062C
006A
006B
006C
006D
062D
0312
02E3
033F
0072
0073
007D
0014
0075
0076
02CE
0078
0079
007A
03D7
0386
0014
0014
007E
03D8
011F
0120
0082
00D8
0565
0162
0086
0050
008F
0171
0210
029C
00CF
008C
034A
0128
0035
0014
008F
0090
062E
026F
0093
0083
040F
0096
00C3
0014
00DF
0098
048C
0272
0351
0002
01DE
0465
062F
00E7
0007
04C5
0630
000A
0631
043E
00A0
0632
0181
0010
01AD
0012
0014
0014
001A
0014
0002
0014
0014
0014
0014
0016
01AD
0018
0014
0014
001A
0002
0002
0014
0002
0002
0002
0020
001D
0016
001E
001F
0010
0014
0002
0014
0002
0002
0014
001D
001E
0020
0023
0021
0010
0002
0014
0002
0014
0014
0014
0022
001B
0022
001F
0014
0022
0014
0002
0002
0014
0002
0014
001D
001B
0018
0014
0014
001A
0014
0002
0014
0002
0002
0014
0016
001A
0010
0021
0014
0018
0014
0014
0002
0002
0002
0002
0018
001E
0010
0025
0014
0026
0014
0014
0014
0014
0014
0002
0013
00EE
04D8
0027
0014
03E2
0014
0014
0014
0014
0014
0014
0025
002C
0012
0014
0014
0142
0014
0002
0014
0014
0014
0014
0025
002C
0010
0014
0014
002E
0014
0014
0014
0002
0014
0014
0025
02AF
0016
0019
0014
0142
0014
0014
0014
0014
0014
0014
00A6
0032
03B8
0034
0014
0014
0326
01EC
02B2
046A
0325
003B
0633
0034
0014
0014
0513
0634
0635
0636
0325
0257
0637
032D
0101
0102
00A8
0227
032E
0571
02BD
0151
004D
0058
004F
0050
03C3
0638
0639
02C0
03AA
01FA
0335
0058
004F
0014
01FC
037D
03BB
063A
0031
00C1
0167
0060
0014
0014
010B
0232
063B
059B
0599
0067
0045
0096
0002
0014
0454
063C
03BF
0457
0300
0071
0167
063D
0074
0014
0220
057E
063E
04E8
0239
0385
016B
063F
007D
0014
0116
05C5
023B
0517
00D7
0083
0084
0085
0014
0014
0087
0640
0348
008A
019E
0046
0315
008E
0014
0014
0129
0641
0642
045A
03C3
0094
0095
00DE
0061
0014
012F
05A4
0643
0621
0305
0002
0003
0004
0644
0006
038A
031E
0009
013A
000B
013C
0645
0180
013E
0025
0279
001E
0013
0014
01E9
0014
0002
0002
0014
0014
0014
0016
0017
0018
0019
0014
001A
0002
0014
0014
0014
0014
0014
001B
001B
001D
0023
0025
0016
0002
0002
0002
0002
0014
0014
001B
001E
0020
001F
0014
0010
0002
0014
0014
0014
0014
0014
001D
0020
0012
0023
0014
0012
0014
0002
0002
0014
0014
0014
0022
001C
0022
0027
0014
0016
0014
0002
0014
0014
0002
0014
0016
0026
0016
0025
0024
0019
0014
0014
0002
0014
0002
0002
0012
001E
0010
0027
0014
0026
0014
0014
0002
0014
0014
0002
0027
0028
0016
0027
0014
0029
0002
0014
0014
0014
0014
0014
0025
002A
0022
0027
0014
002B
0014
0002
0014
0014
0014
0002
0019
002C
002D
0027
0014
055E
0014
0014
0014
0014
0014
0002
0019
027F
0030
0027
0014
002E
0002
0014
0002
0014
0014
0002
0031
00F5
01EA
0481
0035
0014
00F7
0037
0560
04CB
00AB
003B
003C
00C2
0002
0014
014C
00AC
003F
0040
0150
0042
0043
0044
018A
0046
0047
0055
0049
004A
0610
004C
0156
004E
0074
0014
0051
0052
030E
0400
00CF
0056
0057
030F
00C9
0014
0059
005A
015D
0403
015E
005E
005F
0060
0061
0014
00C4
01C5
0064
0065
0066
0067
0068
0069
0234
006B
006C
006D
0646
0647
02E3
0071
0072
0073
0234
0014
0075
0076
02CE
019B
01CB
007A
007B
0386
007D
0014
007E
03D8
011F
0120
00D7
00D8
0398
0162
0086
0014
008F
0648
0437
0587
003A
008C
008D
0128
0035
0014
008F
0316
040E
03DC
0093
0046
0095
0096
00C3
0014
00DF
01DB
0099
01A6
0351
0002
01DE
0649
01A9
01E1
021A
064A
064B
017D
0631
000C
00A0
000E
00A2
0010
001D
0012
0014
0014
001F
0014
0002
0014
0014
0014
0014
0025
064C
0015
0014
0014
00F0
0002
0002
0014
0002
0002
0002
0020
001C
0016
001E
001F
0010
0014
0002
0014
0002
0002
0014
001D
001E
001E
0023
0021
001B
0002
0014
0002
0014
0014
0014
0022
001B
0022
001F
0014
0022
0014
0014
0014
0014
0002
0014
001D
001B
0018
0019
0014
001A
0014
0002
0014
0002
0014
0014
0016
001A
0010
0023
0014
0016
0014
0014
0014
0002
0002
0002
0018
0015
0018
0025
0014
0026
0002
0014
0014
0014
0014
0002
0013
01AF
01AE
0014
0014
027D
0014
0014
0014
0014
0014
0014
0025
01AF
05D7
0025
0013
002E
0014
0014
0014
0014
0014
0014
0025
0324
0010
0013
0014
002E
0014
0014
0014
0002
0014
0014
0023
02AF
0016
0019
0014
002B
0014
0014
0014
0014
0014
0014
00A6
0032
0637
0034
0014
0014
01EB
056C
064D
064E
003A
0102
064F
0034
0014
0014
0150
014D
0650
0651
02EA
0056
0637
032D
0045
0102
00A8
0048
032E
032F
004B
041F
004D
0058
004F
0050
012D
0638
022C
02C0
03AA
015A
0335
0058
004F
0014
01FC
01FD
03BB
010A
0031
008C
0167
00C2
00C3
0014
0652
0300
0653
0654
0161
0655
0068
0656
006A
0014
03BD
0203
0657
0658
0300
00AF
0167
0114
0074
0014
04B5
0117
0659
0341
00D2
0385
065A
03F3
0014
0014
0154
020B
023B
0344
0082
0083
065B
0518
00C3
0050
023E
0088
0348
008A
008B
0046
065C
008E
0035
0014
034B
026D
065D
0092
012D
0094
065E
00DE
0061
0014
012F
00E0
065F
00E2
0305
0002
0660
05CA
0005
00E7
0007
04F1
01E3
0307
000B
013C
0585
000E
0661
0025
0279
0012
0013
0014
01E9
0014
0002
0014
0014
0014
0014
0016
0017
001A
0019
0014
001A
0002
0002
0014
0014
0002
0014
001B
001C
001D
001E
0025
0022
0002
0002
0014
0002
0014
0014
001B
001F
0020
001F
0014
001B
0002
0014
0002
0014
0014
0014
0022
0020
0022
0023
0014
0012
0014
0002
0014
0014
0002
0014
0022
001B
0022
0019
0014
0016
0014
0002
0014
0002
0002
0014
0016
0026
0016
0023
0024
0016
0014
0014
0002
0002
0002
0002
0018
001E
0010
0027
0014
0026
0014
0014
0014
0014
0014
0002
0013
0028
0016
0014
0014
0029
0002
0014
0014
0014
0014
0014
0025
002A
0022
0025
0013
002B
0014
0002
0014
0014
0014
0002
0019
036E
002D
0014
0014
002E
0014
0014
0014
0014
0014
0002
0019
027F
0030
0014
0014
0142
0002
0014
0002
0014
0014
0002
0031
00F5
030B
03CB
0035
0014
0147
0037
038D
038E
00AB
003B
003C
02B8
0035
0014
014C
00AC
003F
0040
0041
0042
00B0
0044
0101
0046
0036
0055
03CF
03D0
02EA
004C
004F
004E
004F
0014
0104
0052
030E
0662
0055
015A
0057
0060
00C9
0014
01FC
005A
015D
005C
005D
005E
005F
00A7
0061
0014
0663
0063
0064
0160
0066
0067
0202
0069
006A
006B
010F
0664
0665
0666
02E3
0071
0667
0168
0234
0014
0154
03D5
0668
00D1
0384
0385
0394
0386
0014
0014
007E
020B
0669
03DA
00D7
0083
0084
0162
00C3
0050
0267
05C7
0437
0125
003A
008C
008D
0128
0014
0014
026C
0090
0212
026F
0093
0046
0095
0304
0014
0014
03B2
0098
0215
009A
0216
0002
01DE
0004
066A
0006
009D
0008
021C
017D
066B
000C
017F
0180
0354
0010
0020
0015
0014
0014
001A
0014
0002
0002
0014
0014
0014
0025
064C
0018
0027
0014
00F0
0002
0002
0014
0002
0014
0002
00A3
001B
0016
001E
001F
0016
0014
0002
0002
0002
0002
0014
001D
001E
0022
0023
0021
0022
0002
0014
0014
0014
0014
0014
001D
001B
0018
001F
0014
0022
0014
0002
0002
0014
0002
0014
001D
001C
0018
0027
0014
001E
0014
0002
0014
0014
0014
0014
0016
001A
0010
0021
0014
0016
0014
0014
0014
0014
0002
0002
0012
0015
0018
0025
0014
0026
0002
0014
0002
0014
0014
0014
0027
066C
01AE
0027
0014
027D
0014
0014
0014
0014
0014
0014
0027
027C
0022
0027
0014
027E
0014
0014
0014
0014
0014
0014
0025
0324
0022
0027
0014
027E
0014
0014
0014
0002
0014
0014
0023
02AF
0022
0019
0014
0144
0014
0014
0014
0014
0014
0014
056B
0032
005F
0034
0014
0014
01EB
03AA
056D
066D
003A
0170
0185
0034
0002
0014
0150
00FD
00FE
03B9
066E
0056
0043
0151
0045
0102
007E
0048
0259
025A
0289
041F
004D
025B
0115
0050
01F5
066F
022C
0670
0577
0056
01FB
0058
004F
0014
0059
0671
0578
0672
0121
01FF
005F
0060
015F
0014
0383
0232
0195
0423
0161
0058
0068
0299
0002
0014
0336
0673
0456
0674
0300
033F
0072
0073
0074
0014
0199
0476
0077
0341
011A
007A
0675
03F3
007D
0014
0154
0263
0080
0081
0082
0170
0676
0085
0086
0014
023E
029A
0677
03C2
008B
029D
0678
008E
0035
0014
01D1
029F
01D7
0679
012D
0094
067A
0096
0061
0014
0289
045B
067B
067C
067D
0002
01DE
0004
01E0
01E1
0007
067E
01E3
017D
013B
000C
000D
000E
000F
0010
001D
0012
0014
0014
001A
0014
0014
0002
0014
0014
0014
0026
04A1
0018
0027
0014
00F0
0002
0002
0014
0002
0002
0002
001B
001D
001D
001E
001F
0022
0002
0002
0014
0002
0002
0014
001D
001E
0020
001F
0014
001B
0002
0014
0002
0014
0014
0014
0022
001B
0022
001F
0014
0022
0014
0002
0002
0014
0002
0014
001D
001B
0022
0019
0014
001A
0014
0002
0014
0002
0002
0014
0016
001A
0010
0019
0014
0016
0014
0014
0014
0002
0014
0002
0018
001E
0010
0027
0014
0026
0014
0014
0014
0014
0014
0002
0027
066C
027B
0027
0014
0442
0014
0014
0014
0014
0014
0014
0025
027C
0022
0013
0014
002E
0014
0014
0014
0014
0014
0002
0019
0413
0010
0013
0014
002E
0014
0014
0014
0002
0014
0002
0023
027F
0016
0014
0014
002B
0002
0014
0002
0014
0014
0002
0145
0032
005F
00A7
0014
0014
0036
0148
067F
056E
003A
00C1
0680
0034
0002
0014
0150
0681
0682
014F
0284
0042
01FB
0151
0045
0102
00D4
0048
0152
0229
004B
041F
00B5
004E
004F
0014
0051
0638
022C
02C0
0055
01FA
015B
00C2
004F
0014
0059
0310
04AC
0683
005D
005E
0684
0096
00C3
0014
029E
04E4
0482
0685
0424
0339
0068
0686
0234
0014
0454
0293
057D
0687
0688
00AF
0072
0689
0234
0014
0220
068A
068B
068C
068D
007A
0675
035F
007D
0014
0340
05C5
01CE
068E
028F
0083
0122
0085
00C3
0014
0087
0088
03F8
008A
018E
0046
0302
008E
0035
0014
0176
0241
03F9
068F
012D
0094
0303
0096
0014
0014
034F
0690
04F0
01DC
0001
0002
01A7
055A
01A9
0006
0691
0008
0009
04C6
0692
013C
0693
0694
0695
0025
00ED
0015
0013
0014
00EE
0014
0002
0014
0014
0014
0014
0016
0017
0015
0019
0014
001A
0002
0002
0014
0014
0014
0014
00A3
001C
0016
0021
0025
0016
0014
0002
0002
0002
0014
0014
001B
001F
0010
0023
0021
0010
0002
0014
0014
0014
0014
0014
001D
001D
0018
0023
0014
0012
0014
0002
0014
0014
0014
0014
0022
001C
0018
0027
0014
0016
0014
0002
0014
0014
0014
0014
0022
001F
0016
0023
0024
0016
0014
0014
0002
0014
0002
0002
0012
0015
0018
0025
0014
0026
0002
0014
0002
0014
0014
0002
0014
0028
0016
0014
0014
0029
0002
0014
0014
0014
0014
0014
0025
002A
0012
0025
0013
002B
0014
0002
0014
0014
0014
0014
0019
036E
002D
0027
0014
002E
0014
0014
0014
0014
0014
0014
0025
00A5
0030
0019
0014
002E
0014
0014
0014
0014
0014
0014
0031
0170
0254
0034
0035
0014
04E3
0037
0038
03CD
00AB
003B
003C
01EF
00C9
0014
014C
00AC
003F
0189
00AE
00AF
0043
0044
018A
0046
0047
0055
018C
025A
0059
004C
004D
0128
00B7
0050
0573
0052
030E
01F8
02EA
0056
0057
0058
0002
0014
01FC
0190
0191
005C
00C0
00C1
005F
0060
0061
0014
0062
0063
0201
0196
0066
0067
0068
0069
006A
006B
006C
02CA
0164
006F
0696
0071
01FB
0073
0074
0014
0075
0076
02CE
0078
0697
0014
02E7
0386
0014
0014
007E
0698
011F
0485
00D7
00D8
00D9
0266
0086
0050
008F
0699
0210
029C
047E
008C
00DC
0128
0035
0014
008F
0498
03DB
026F
005D
0046
00DD
00DE
0061
0014
0097
0271
0215
009A
049D
0002
01DE
0004
000F
069A
069B
031E
069C
000A
069D
043E
043F
04C9
00A2
0010
0011
001E
0013
0014
001A
0014
0002
0014
0014
0014
0014
0016
0017
0018
0027
0014
001A
0002
0014
0014
0014
0014
0014
0020
001B
001D
0023
0014
0016
0014
0002
0002
0014
0014
0014
001D
001E
0020
0023
0014
0010
0002
0014
0014
0014
0014
0014
001D
0020
0012
001F
0014
0022
0014
0002
0002
0014
0014
0014
0022
001C
0022
0027
0014
001E
0014
0014
0014
0014
0002
0014
0016
0023
0016
0023
0024
0016
0014
0014
0002
0002
0002
0002
0018
001A
0010
0027
0014
0021
0014
0014
0014
0014
0014
0014
0027
013F
00F2
0027
0014
0029
0002
0014
0014
0014
0014
0014
0025
002C
0012
0025
0013
0142
0014
0002
0014
0014
0014
0014
0025
002C
0010
0027
0014
002E
0014
0014
0014
0014
0014
0014
0025
027F
0022
0027
0014
0142
0014
0014
0014
0014
0014
0014
00B4
0032
015B
00A7
0035
0014
01B3
00A9
069E
03A2
0220
003B
0043
0034
0002
0014
00FC
069F
06A0
044B
02EA
00AF
01FB
032D
018A
0014
00A8
0055
06A1
00B3
06A2
025B
00B5
0331
00B7
0014
0051
06A3
06A4
06A5
00A6
0481
0335
0060
004F
0014
01FC
00BD
06A6
005C
0205
00C1
0391
0060
015F
0014
010B
0232
06A7
06A8
00C4
0067
0156
033A
006A
006B
0126
06A9
06AA
06AB
0166
0071
06AC
063D
0115
0014
0220
06AD
06AE
06AF
0580
006B
00D3
06B0
007D
0014
011D
05C5
06B1
06B2
00B4
0083
0084
0085
00C3
0050
0087
0387
01D3
008A
033B
0046
0315
008E
0035
0014
0129
06B3
06B4
068F
03C3
0094
0095
005E
00C3
0014
012F
06B5
0643
0132
0001
0002
01A7
0306
01E0
0006
06B6
064A
021C
00E9
000B
0308
00EB
000E
013E
0025
002C
0012
0014
0014
01E9
0014
0002
0002
0014
0014
0014
0026
04A1
0012
0019
0014
00F0
0002
0002
0014
0002
0002
0002
001B
001C
0016
001E
001F
0022
0002
0002
0014
0002
0002
0014
001B
001E
0010
001F
0021
001B
0002
0014
0002
0014
0014
0014
0022
001B
0022
0023
0014
0012
0014
0002
0014
0014
0002
0014
001D
001B
0018
0019
0014
0016
0014
0002
0014
0002
0014
0014
0012
001A
0010
0021
0014
0018
0014
0014
0002
0014
0002
0002
0014
06B7
0322
0025
0014
0442
0002
0014
0002
0014
0014
0002
0013
002F
0018
0014
0014
0142
0002
0014
0014
0014
0014
0014
0025
030A
0022
0013
0014
0144
0014
0014
0014
0014
0014
0002
0019
06B8
002D
0013
0014
002E
0014
0014
0014
0002
0014
0002
0023
00A5
0030
0019
0014
0144
0002
0014
0002
0014
0014
0002
003A
00F5
0254
0034
0014
0014
00A8
030C
0038
03CD
003A
00C1
03CE
01C1
0035
0014
003D
003E
0188
0040
0100
0042
0043
0044
0045
0046
0047
0048
0049
004A
004B
004C
004D
004E
004F
0050
012D
0052
06B9
01F8
0055
0056
0057
0058
0002
0014
0059
0109
005B
0672
005D
005E
005F
0096
0061
0014
00C4
0063
0064
0065
035B
0058
0068
0069
0234
0014
0336
006D
006E
006F
0406
0014
06BA
06BB
0074
0014
0075
0076
0077
0078
0079
007A
06BC
0386
0014
0014
00D4
03D8
020C
0120
0082
00D8
06BD
0266
0086
0014
008F
0171
0210
029C
008B
008C
0388
026B
0035
0014
008F
0090
03DB
026F
0093
0083
06BE
0096
0061
0014
00DF
0098
048C
0272
0305
0002
0003
0004
0005
0006
017B
0008
0009
000A
06BF
013C
043F
0180
00A2
0010
0011
0012
0013
0014
001E
0014
0002
0014
0014
0014
0014
0016
0017
0015
0027
0014
001A
0002
0002
0014
0002
0002
0014
001B
001C
0022
001E
0025
0016
0014
0002
0002
0002
0014
0014
00A3
001E
0020
001F
0014
0010
0014
0014
0002
0014
0014
0014
001D
001D
0022
001F
0014
0022
0014
0002
0014
0014
0002
0014
0022
001C
0015
0027
0014
0016
0014
0002
0014
0002
0002
0014
0016
001F
0016
0025
0024
0012
0014
0014
0002
0014
0002
0002
0018
001F
0010
0014
0014
0021
0014
0014
0014
0014
0014
0002
0027
0028
0016
0014
0014
0309
0014
0014
0014
0014
0014
0014
0025
002A
0022
0025
0013
002B
0014
0002
0014
0014
0014
0014
0019
002C
002D
0027
0014
002E
0014
0014
0014
0014
0014
0014
0023
002F
0030
0027
0014
0144
0002
0014
0002
0014
0014
0014
0031
0032
0033
0034
0035
0014
0147
030C
0255
0603
0145
003B
003C
0034
0002
0014
014C
00AC
003F
0189
00AE
00AF
00B0
01BA
0045
0046
0047
02BA
046D
046E
02EA
004C
004D
0128
0074
0014
0104
0052
0053
0054
018F
0056
0057
0058
004F
0014
01FC
068D
0191
060A
0031
00C1
005F
0060
0061
0014
0062
0063
0201
06C0
0066
0067
0068
0069
0234
006B
006C
02CA
0311
006F
06C1
0071
00CE
0073
0014
0014
0075
0076
06C2
00D1
0697
006B
0394
007C
0014
0014
007E
0263
00D5
00D6
00D7
00D8
0398
0085
0086
0050
0087
060D
0089
0349
008B
008C
0315
008E
0035
0014
008F
048A
0091
0092
0093
0094
0095
005E
00C3
0014
0097
00E0
0099
009A
042B
0002
06C3
06C4
06C5
01E1
021A
06C6
0630
06C7
013B
000C
038C
06C8
013E
0019
036E
001A
0014
0014
01E9
0014
0002
0002
0014
0014
0014
0026
04A1
0018
0019
0014
00F0
0002
0002
0014
0014
0014
0002
0020
001D
001D
0026
001F
0010
0002
0014
0014
0002
0002
0014
001B
001E
0016
0023
0021
001B
0002
0014
0014
0014
0014
0014
0018
001B
0012
0023
0014
0012
0014
0002
0002
0014
0002
0014
001D
001D
0022
0019
0014
001E
0014
0002
0014
0014
0014
0014
0012
001A
0022
0023
0014
0016
0014
0014
0002
0002
0014
0002
0015
0015
0012
0025
0014
0026
0002
0014
0002
0014
0014
0014
0013
00A4
0140
0027
0014
00EE
0002
0014
0014
0014
0014
0014
0025
027C
0022
0013
0014
002E
0014
0014
0014
0014
0014
0002
0025
0324
0022
0013
0014
002E
0014
0014
0014
0002
0014
0002
0025
036E
0022
0019
0014
0142
0014
0014
0014
0014
0014
0002
0145
00F5
06C9
02DD
0014
0014
01EB
047F
06CA
06CB
014B
00C1
0680
01C1
0035
0014
0186
0681
0682
00FF
0100
0042
0043
0044
0258
0102
00D4
0048
0049
004A
0154
022A
018A
004E
004F
0050
01F5
04E0
06CC
06CD
00CF
015A
015B
030F
00C9
0014
0059
005A
0402
0403
015E
005E
005F
0096
00C3
0014
03B2
0166
0482
0065
0161
06CE
0068
057C
006A
0014
03BD
0293
06CF
035C
06D0
05E7
0072
0689
0074
0014
04B5
0117
06D1
06D2
068D
007A
0675
06D3
007D
0014
0340
06D4
06D5
06D6
00AE
0083
06D7
06D8
00C3
0014
00DF
0088
06D9
06DA
010F
0046
0302
026B
0035
0014
0176
0241
06DB
06DC
0243
0102
06DD
0096
0061
0014
034F
02A4
06DE
067C
0305
0002
0003
05CA
0352
06DF
0007
04F1
069C
000A
000B
0276
000D
000E
00A2
0010
01AD
0012
0013
0014
001E
0014
0014
0014
0014
0014
0014
0016
001B
001E
0024
0014
001A
0002
0002
0014
0002
0002
0014
0020
001B
0022
001E
0025
0022
0014
0002
0014
0002
0014
0014
00A3
001E
0016
0023
0014
001B
0014
0014
0014
0014
0014
0014
001D
0016
0022
001F
0014
0022
0014
0014
0014
0014
0014
0014
0022
001C
0015
0019
0014
0016
0014
0002
0014
0014
0002
0014
0016
0023
0010
0023
0014
0016
0014
0014
0014
0002
0014
0002
0018
001E
0010
0027
0014
0026
0014
0014
0014
0014
0014
0002
0013
0028
0022
0014
0014
0309
0014
0014
0014
0014
0014
0014
0025
002A
0018
0025
0013
002B
0014
0002
0014
0014
0014
0002
0019
002C
0010
0014
0014
002E
0014
0014
0014
0014
0014
0002
0023
002F
0016
0014
0014
002B
0014
0014
0014
0014
0014
0002
003A
0032
01B1
00A7
0035
0014
01B3
030C
06E0
06E1
0145
003B
003C
0034
0035
0014
014C
00AC
06E2
01B9
0041
0042
00B0
01BA
0045
006B
0036
02BA
03CF
03D0
00A6
0155
00B5
00B6
004F
0014
050B
0052
03A8
03A9
00B8
015A
0057
0060
004F
0014
01FC
04AB
015D
06E3
01C3
005E
005F
00C2
0061
0014
0663
01C5
0064
0160
02C9
0067
0202
010E
006A
0014
0126
06E4
0665
06E5
06E6
0071
0443
063D
0234
0014
0330
06E7
06E8
06E9
06EA
0385
00D3
007C
0014
0014
011D
0296
06EB
06EC
00D7
00D8
06ED
0085
00C3
0050
023E
00DA
0089
00DB
008B
008C
01D4
008E
0014
0014
034B
0316
0091
01D8
0243
0094
00DD
0304
0014
0014
012F
01DB
0215
0132
0216
0002
0217
0004
01E0
0006
009D
0008
021C
0249
066B
024B
06EE
04C9
013E
0019
00ED
0015
0014
0014
00EE
0014
0002
0002
0014
0014
0014
0025
0182
0018
0019
0014
00F0
0002
0002
0014
0014
0014
0002
001B
001C
001D
0026
001F
0016
0002
0002
0002
0002
0002
0014
001B
001E
0020
001F
0021
0010
0002
0014
0002
0014
0014
0014
0018
001B
0018
0023
0014
0012
0014
0002
0002
0014
0002
0014
001D
001D
0022
0027
0014
001E
0014
0002
0014
0002
0014
0014
0022
001A
0016
0021
0024
0016
0014
0014
0002
0014
0002
0002
0012
0015
0018
0025
0014
0026
0002
0014
0002
0014
0014
0014
0027
0323
0253
0027
0014
00EE
0002
0014
0014
0014
0014
0014
0025
027C
0022
0027
0014
002E
0014
0002
0014
0014
0014
0014
0025
027C
002D
0027
0014
002E
0014
0014
0014
0002
0014
0014
0025
002C
0030
0019
0014
002E
0002
0014
0002
0014
0014
0014
00B4
00F5
055F
0034
0014
0014
01EB
00A9
0038
03CD
014B
0102
0185
00C2
0002
0014
0150
014D
0188
01F1
02B7
00AF
0043
0044
007D
0046
007E
0048
018C
025A
004B
004C
004D
004E
0074
0050
00B8
044F
025C
01F8
03AA
0056
01FB
0058
0061
0014
0059
00BD
01FE
0192
0031
01FF
005F
0060
015F
0014
0383
0200
0195
0423
0066
00C8
0068
0069
0002
006B
0336
0293
06EF
033D
0406
033F
0072
0073
0074
0014
0075
06F0
0077
06F1
0079
007A
0675
06F2
007D
0014
00D4
06F3
020C
06F4
020D
0083
06D7
06D8
0086
0014
008F
0088
0487
06F5
006C
0046
034A
026B
0035
0014
008F
026D
0177
0213
023D
0102
048B
0096
0061
0014
00DF
0271
0365
0272
06F6
0002
01DE
06F7
009C
0006
038A
031E
0009
000A
06F8
021D
000D
06F9
00A2
0010
01AD
001E
0013
0014
001F
0014
0014
0014
0014
0014
0014
0016
00A3
0018
0027
0014
001A
0002
0014
0014
0002
0014
0014
001B
001C
0010
0023
0025
0016
0014
0002
0014
0002
0014
0014
001D
001E
0016
001F
0014
001B
0002
0014
0014
0014
0014
0014
001D
001D
0012
001F
0014
0022
0014
0002
0002
0014
0014
0014
0022
001C
0018
0019
0014
001A
0014
0002
0014
0014
0002
0014
0016
0023
0010
0023
0014
0016
0014
0014
0002
0002
0002
0002
0018
001A
0010
0027
0014
0021
0014
0014
0014
0014
0014
0014
0014
0028
0022
0027
0014
03E2
0014
0014
0014
0014
0014
0014
0025
002A
0018
0025
0013
002B
0014
0002
0014
0014
0014
0002
0019
002C
002D
0027
0014
002E
0014
0014
0014
0014
0014
0002
0025
00F4
0030
0027
0014
0142
0014
0014
0014
0014
0014
0002
0145
0032
0057
00A7
0035
0014
01B3
047F
067F
01B5
00A6
003B
0221
0034
00C9
0014
0448
032A
0224
0225
0041
0042
00B0
032D
007D
0046
0036
0055
03CF
03D0
00A6
0151
00B5
00B6
0074
0014
0051
0157
0575
0495
00B8
0056
015B
0060
004F
0014
01FC
005A
015D
005C
01C3
005E
005F
0060
015F
0014
010B
0063
01C6
01C7
01C4
0067
0197
033A
006A
0014
0425
0474
06FA
06FB
0166
0071
02C2
0073
0115
0014
0199
0076
06FC
0238
00D2
0014
06FD
007C
007D
0014
011D
0301
06EB
023C
0671
0083
0084
0085
0086
0050
023E
05C7
0089
008A
0336
008C
0240
008E
0035
0014
01D5
0090
0091
0092
0093
0094
01DA
005E
00C3
0014
0097
0098
0245
009A
0001
0002
0003
0004
01E0
01E1
06B6
064A
064B
00E9
017E
024B
06EE
000E
013E
0025
00ED
0012
0014
0014
01E9
0014
0002
0002
0014
0014
0014
0025
0182
0012
0019
0014
00F0
0002
0002
0014
0014
0002
0002
0016
00A3
001D
001E
001F
0022
0002
0002
0002
0002
0002
0014
001B
001E
0020
0023
0021
0010
0002
0014
0002
0014
0014
0014
0018
001B
0022
0023
0014
0012
0014
0014
0014
0014
0002
0014
001D
001B
0022
0027
0014
0016
0014
0002
0014
0002
0014
0014
0012
001A
0016
0021
0024
0016
0014
0014
0002
0014
0002
0002
0012
0015
0018
0025
0014
0026
0002
0014
0002
0014
0014
0002
0027
00A4
0253
0014
0014
01E9
0002
0014
0014
0014
0014
0014
0025
0413
0022
0013
0014
002E
0014
0002
0014
0014
0014
0014
0019
027C
0010
0013
0014
002E
0014
0014
0014
0002
0014
0014
0023
00A5
0016
0019
0014
0144
0002
0014
0002
0014
0014
0014
0031
00F5
0254
0034
0014
0014
00A8
030C
0038
03CD
014B
0102
06FE
00C2
0002
0014
0150
003E
0188
01F1
02B7
0257
0043
0044
0045
0102
007E
06FF
018C
025A
004B
004C
004D
004E
004F
0050
018E
0052
0528
01F8
018F
0334
0057
0058
0002
0014
0572
068D
0191
0672
0031
01FF
005F
0096
0061
0014
0383
0700
0701
0423
0066
06CE
0068
0069
0002
006B
006C
006D
006E
006F
0406
033F
0072
0168
0074
0014
0116
0117
0407
0078
01CB
007A
0702
0262
0014
0014
00D4
007F
0408
05B2
0082
0170
0703
0266
00C3
0014
0267
0171
0487
029C
008B
0102
034A
0128
0035
0014
026C
0704
0705
03DC
0243
0083
048B
0096
0061
0014
034F
0706
0099
03DD
0001
0002
0003
01A8
0707
0006
0007
0008
021C
017D
017E
02D6
017F
000E
000F
0010
01AD
0012
0014
0014
001E
0014
0002
0002
0014
0014
0014
0025
0369
0012
0027
0014
00F0
0002
0002
0014
0002
0002
0002
00A3
001C
0016
001E
0025
0016
0002
0002
0002
0002
0002
0014
00A3
001E
0020
0023
0021
0010
0002
0014
0002
0014
0014
0014
001D
001D
0022
001F
0014
0022
0014
0002
0014
0014
0002
0014
0018
001C
0012
0027
0014
0016
0014
0002
0014
0002
0002
0014
0016
001F
0010
0021
0014
0012
0014
0014
0014
0014
0002
0002
0014
024F
0323
0025
0014
0251
0002
0014
0014
0014
0014
0002
0013
01E9
0413
0014
0014
00F3
0014
0014
0014
0014
0014
0014
0025
002C
0022
0027
0014
002E
0014
0002
0014
0014
0014
0014
0025
002C
002D
0027
0014
002E
0014
0014
0014
0002
0014
0014
0023
02AF
0030
0019
0014
0144
0014
0014
0014
0014
0014
0014
010F
0032
01B1
0034
0014
0014
012F
030C
0708
06E1
0205
0102
0327
0034
00C9
0014
014C
00AC
0709
070A
066E
00AF
00B0
01BA
0045
0046
0036
02BA
032E
070B
02EA
0155
004D
0331
004F
0050
018E
0052
03A8
03A9
018F
0056
0057
0058
004F
0014
0059
068D
0191
063A
0031
0083
005F
0060
0061
0014
0663
0063
0195
0453
01C4
0067
0068
010E
0234
0014
010F
006D
0164
006F
070C
0014
025F
070D
0074
0014
0075
0076
070E
0078
0079
0385
011B
070F
0014
0014
007E
007F
01CE
0344
00D7
0170
020E
0085
0086
0014
0087
060D
0710
0349
008B
029D
0127
008E
0035
0014
01D1
048A
0711
0092
0093
0094
012E
0096
0061
0014
0097
00E0
0099
009A
0712
0002
0217
0179
000F
01E1
0713
0714
01E3
013A
0715
000C
0716
0717
0278
0025
0279
001A
0013
0014
01E9
0014
0002
0014
0014
0014
0014
0016
0017
0018
0019
0014
001A
0002
0014
0014
0014
0014
0014
001B
00A3
001D
0019
001F
0010
0014
0002
0014
0002
0014
0014
001B
001A
0016
001F
0014
001B
0002
0014
0014
0014
0014
0014
0022
001B
0012
0023
0014
0012
0014
0002
0002
0014
0014
0014
001D
00A3
0022
0019
0014
001E
0014
0002
0014
0014
0014
0014
0022
001A
0016
0023
0024
0016
0014
0014
0002
0002
0002
0002
0018
001E
0018
0027
0014
0023
0014
0014
0002
0014
0014
0014
0027
0028
0016
0027
0014
0029
0002
0014
0014
0014
0014
0014
0025
002A
0012
0025
0013
002B
0014
0002
0014
0014
0014
0002
0019
027C
0010
0013
0014
002E
0014
0014
0014
0014
0014
0002
0019
027F
0022
0014
0014
0142
0002
0014
0002
0014
0014
0002
047E
00F5
030B
02DD
0035
0014
0036
047F
0560
0718
014B
003B
003C
0719
0002
0014
0186
0681
003F
0040
0041
0042
0043
0044
0234
0102
071A
0048
0049
004A
0154
004C
018A
004E
0074
0014
0051
04E0
030E
0400
00CF
028C
015B
030F
00C9
0014
01FC
005A
015D
0403
028F
005E
005F
00C2
00C3
0014
0087
0232
0064
0065
0066
00C8
0202
0069
006A
006B
0336
071B
06EF
0687
0070
0071
01FB
063D
0115
0014
04B5
071C
063E
071D
071E
007A
016B
032D
007D
0014
0610
071F
0720
0721
02EA
0083
0084
0722
00C3
0050
0267
0088
0723
06DA
01A2
008C
00DC
044C
0035
0014
026C
0241
0724
0725
01F5
0046
00DD
00DE
0014
0014
034F
02A4
0726
0727
0305
0002
0003
01DF
0219
069A
0007
02A8
0728
0729
000B
0467
000D
000E
00A2
0010
0011
0012
0013
0014
001E
0014
0002
0014
0014
0014
0014
0026
00EF
001E
0027
0014
00F0
0002
0002
0014
0002
0002
0002
001B
00A3
001D
001E
0025
0010
0014
0002
0014
0002
0002
0014
001D
001E
0010
001F
0014
001B
0002
0014
0014
0014
0014
0014
0022
0016
0022
001F
0014
0022
0014
0014
0014
0014
0002
0014
001D
001C
0022
0019
0014
0016
0014
0002
0014
0014
0002
0014
0016
0026
0016
0025
0024
0012
0014
0014
0002
0002
0002
0002
0018
001E
0010
0027
0014
0026
0014
0014
0014
0014
0014
0002
0027
0183
0016
0014
0014
03C8
0014
0014
0014
0014
0014
0014
0025
002A
0018
0014
0014
0144
0014
0002
0014
0014
0014
0002
0019
002C
0010
0014
0014
002E
0014
0014
0014
0002
0014
0002
0023
036F
0016
0014
0014
002B
0014
0014
0014
0014
0014
0002
0031
0032
01B1
00A7
0035
0014
0147
030C
069E
03A2
00A6
00C1
0680
0034
0002
0014
0513
0187
072A
01B9
0100
0042
0637
01BA
0045
006B
00A8
0227
0228
01BC
00A6
00B6
00B5
00B6
004F
0014
01BE
0052
02BF
03BA
0438
01FA
0057
0060
004F
0014
015C
04AB
015D
06E3
01C3
005E
0230
00C2
0061
0014
072B
0232
04AF
04B0
0087
0067
0068
010E
0234
006B
0126
006D
072C
0312
06E6
00AF
0072
063D
0115
0014
0220
072D
063E
072E
011A
006B
011B
007C
0014
0014
0116
072F
01CE
0730
023D
00D8
0409
0085
0014
0014
02A3
0731
0089
023F
00CF
008C
0732
008E
0014
0014
0733
0316
0091
01A1
0243
0094
0734
00DE
0014
0014
03B2
01DB
0245
0246
031B
0002
06C3
0135
0005
0006
04C4
045D
0009
04C6
031F
000C
0735
04C9
013E
0025
002C
0015
0014
0014
00EE
0014
0002
0002
0014
0014
0014
0016
00A3
0018
0019
0014
001A
0002
0002
0014
0014
0014
0014
00A3
001C
0016
0023
001F
0016
0002
0002
0002
0002
0014
0014
001B
001E
0020
0023
0021
0010
0002
0014
0002
0014
0014
0014
001D
001B
0018
0023
0014
0012
0014
0002
0002
0014
0002
0014
0022
001B
0018
0027
0014
001E
0014
0002
0014
0002
0014
0014
0022
001A
0010
0023
0014
0016
0014
0014
0014
0014
0002
0002
0012
0015
0018
0025
0014
0026
0002
0014
0002
0014
0014
0014
0013
013F
0140
0027
0014
0029
0002
0014
0014
0014
0014
0014
0025
0141
0022
0025
0013
0142
0014
0014
0014
0014
0014
0014
0025
0413
002D
0027
0014
002E
0014
0014
0014
0014
0014
0014
0025
002F
0030
0019
0014
002E
0002
0014
0002
0014
0014
0014
00A6
00F5
0254
0034
0014
0014
00A8
0736
0038
0737
014B
003B
003C
00C2
00C9
0014
003D
014D
003F
01F1
00AE
00AF
0043
0044
007D
0046
0047
0048
018C
025A
004B
004C
004D
004E
00B7
0050
00B8
0738
025C
025D
03AA
0056
01FB
0058
0002
0014
0059
00BD
01FE
0192
0031
01FF
005F
0060
015F
0014
00C4
0063
0201
025E
035B
00C8
0068
0069
006A
0014
00CA
03BE
006E
0204
0198
0071
01FB
0073
0074
0014
0075
0739
019A
016A
0384
007A
0394
0262
007D
0014
007E
073A
020C
073B
0082
0083
0084
0266
0086
0050
0087
0088
04D2
073C
0031
0046
008D
026B
0035
0014
008F
026D
0705
073D
005D
0102
0095
0096
0061
0014
00DF
0271
0099
0272
0305
0002
0003
01A8
073E
0006
038A
0008
0009
000A
000B
043E
000D
0180
000F
0010
01AD
0012
0014
0014
001E
0014
0002
0002
0014
0014
0014
0016
001B
0012
0027
0014
001A
0002
0002
0014
0002
0002
0014
001B
001C
0010
001E
0025
0016
0002
0002
0014
0002
0014
0014
001D
001E
0020
001F
0014
001B
0014
0014
0002
0014
0014
0014
001D
001D
0022
001F
0014
0022
0014
0002
0014
0014
0002
0014
0022
001C
0012
0019
0014
0016
0014
0002
0014
0002
0002
0014
0016
001F
0010
0025
0014
0012
0014
0014
0014
0002
0002
0002
0018
001A
0010
0025
0014
0021
0014
0014
0014
0014
0014
0002
0014
00EE
0413
0014
0014
03E2
0014
0014
0014
0014
0014
0014
0025
002C
0022
0027
0014
0142
0014
0002
0014
0014
0014
0014
0025
002C
002D
0027
0014
002E
0014
0014
0014
0014
0014
0014
0023
002F
0030
0027
0014
002B
0014
0014
0014
0014
0014
0014
003A
0032
01B1
0034
0014
0014
0211
030C
0490
0505
0145
003B
003C
0034
00C9
0014
0448
00AC
01B8
01B9
0150
0042
00B0
01BA
0045
0046
0036
02BA
03CF
03D0
02EA
02BE
004D
06CE
0074
0014
0468
0052
0470
02C0
0055
0056
0057
0058
004F
0014
0059
0310
005B
06E3
005D
005E
005F
0060
0061
0014
010B
0063
0064
0160
01C4
0067
0068
010E
0234
0014
0126
02CA
073F
006F
02CB
0071
00CE
0073
0074
0014
00CF
0076
06FC
01CA
0697
0014
0394
0740
0014
0014
007E
0263
0741
01CF
00D7
0170
0398
0085
0086
0014
0087
00DA
0742
0349
008B
029D
008D
008E
0035
0014
01D5
048A
01D7
0092
0093
0094
0095
0096
00C3
0014
0097
0098
067B
009A
042B
0002
0217
01DF
0743
01E1
0744
0745
0630
0746
0747
0308
0748
06C8
0278
0025
0279
001A
0013
0014
01E9
0014
0002
0014
0014
0014
0014
0025
0182
0018
0019
0014
00F0
0002
0002
0014
0014
0014
0002
0020
00A3
001D
0026
001F
0010
0014
0002
0002
0002
0002
0014
001B
001A
0016
0023
0021
0010
0002
0014
0014
0014
0014
0014
0018
001B
0012
0023
0014
0012
0014
0002
0002
0014
0002
0014
001D
00A3
0022
0014
0014
001E
0014
0002
0014
0014
0014
0014
0022
001A
0016
0023
0024
0016
0014
0014
0002
0014
0002
0002
0012
0015
0018
0027
0014
0026
0002
0014
0002
0014
0014
0014
0027
027F
0016
0027
0014
00EE
0002
0014
0014
0014
0014
0014
0025
002A
0015
0025
0013
04F5
0014
0002
0014
0014
0014
0002
0019
027C
0010
0013
0014
002E
0014
0014
0014
0002
0014
0002
0019
002C
0016
0019
0014
002E
0002
0014
0002
0014
0014
0002
00B4
00F5
030B
0373
0035
0014
0036
00A9
0749
06CB
014B
0102
074A
041C
0002
0014
0186
0681
05AC
01F1
00AE
0257
0043
0044
0258
0102
071A
0048
018C
025A
0289
004C
018A
004E
004F
0050
0051
04E0
074B
0400
00A6
028C
01FB
030F
00C9
0014
015C
00BD
074C
0403
0121
01FF
005F
00C2
0014
0014
0383
0232
074D
0423
0066
00C8
0068
0069
006A
006B
0336
0293
006E
0165
0070
033F
0072
0168
0115
0014
0116
074E
0407
074F
0750
007A
0751
0752
007D
0014
0116
06D4
0753
0754
028F
0083
0122
0314
00C3
0050
0267
0088
0755
0756
033B
008C
0757
0758
0035
0014
026C
0439
0724
0725
0759
0046
075A
00DE
0061
0014
034F
075B
00E1
0727
0305
0002
0003
049E
075C
069A
0007
02A8
075D
000A
000B
021D
000D
000E
00A2
0010
01AD
0012
0013
0014
001E
0014
0014
0014
0014
0014
0014
0016
001B
001E
0027
0014
001A
0002
0014
0014
0002
0002
0014
001B
00A3
0022
001E
0025
0022
0014
0002
0014
0002
0014
0014
001D
001E
0022
001F
0014
001B
0014
0014
0014
0014
0014
0014
0022
0020
0022
001F
0014
0022
0014
0014
0014
0014
0014
0014
0022
001C
0015
0019
0014
0016
0014
0002
0014
0014
0002
0014
0016
0026
0010
0025
0014
0012
0014
0014
0014
0002
0014
0002
0018
001E
0010
0027
0014
0026
0014
0014
0014
0014
0014
0002
0027
00EE
075E
0014
0014
03E2
0014
0014
0014
0014
0014
0014
0025
002C
0018
0014
0014
0142
0014
0002
0014
0014
0014
0002
0019
002C
0018
0014
0014
002E
0014
0014
0014
0014
0014
0002
0023
02AF
0012
0014
0014
002B
0014
0014
0014
0014
0014
0002
003A
0032
01B1
00A7
0035
0014
01B3
030C
01B4
0505
00A6
003B
0221
0034
0002
0014
0513
0187
0635
01B9
0284
0042
01FB
01BA
0045
006B
00A8
018F
03CF
03D0
00A6
01BD
00B5
00B6
004F
0014
050B
0052
01BF
075F
018E
015A
0057
0060
004F
0014
01FC
04AB
015D
06E3
0176
005E
0230
00C2
0061
0014
072B
0232
0760
0761
02C9
0067
0068
010E
0234
0014
0126
02CA
04B2
0312
06E6
0071
0762
063D
007D
0014
0330
0763
04B7
0764
06EA
006B
00D3
035F
0014
0014
011D
0765
0766
0767
00D7
0345
0768
0085
0014
0014
023E
00DA
03C1
0769
008B
0102
01D4
008E
0014
0014
034B
0316
076A
01D8
0243
0094
076B
00DE
0014
0014
012F
01DB
076C
076D
0216
0002
06C3
0135
0005
0006
04C4
03FB
0009
0249
031F
024B
0735
04C9
013E
0025
00ED
0015
0014
0014
00EE
0014
0002
0002
0014
0014
0014
0025
024E
0018
0019
0014
0142
0002
0002
0014
0014
0014
0002
0020
001C
001D
0026
001F
0016
0002
0002
0002
0002
0002
0014
001B
001E
0020
0023
0021
0010
0002
0014
0002
0014
0014
0014
001D
001B
0018
0023
0014
0012
0014
0002
0002
0014
0002
0014
001D
001B
0022
0027
0014
001E
0014
0002
0014
0002
0014
0014
0022
001A
0016
0023
0024
0016
0014
0014
0002
0014
0002
0002
0015
0015
0018
0025
0014
0026
0002
0014
0002
0014
0014
0014
0013
002F
0016
0027
0014
00EE
0002
0014
0014
0014
0014
0014
0025
030A
0022
0025
0013
0144
0014
0002
0014
0014
0014
0014
0019
027C
002D
0027
0014
002E
0014
0014
0014
0002
0014
0014
0025
00F4
0030
0019
0014
002E
0002
0014
0002
0014
0014
0014
00B4
00F5
055F
0034
0014
0014
01EB
00A9
0038
0737
014B
0102
01EE
00C2
00C9
0014
003D
014D
0188
01F1
00AE
0056
0043
0044
007D
0046
0047
0048
018C
025A
004B
004C
004D
004E
00B7
0050
00B8
044F
025C
025D
03AA
0056
01FB
0058
0061
0014
0059
00BD
01FE
0192
0031
01FF
005F
0060
015F
0014
00C4
0063
0201
025E
0066
00C8
0068
0069
006A
006B
00CA
0293
006E
0204
0406
05E7
0072
0073
0074
0014
0075
076E
0077
076F
0079
007A
03D7
020A
007D
0014
00D4
0770
020C
0771
020D
0083
06D7
0314
0086
0050
008F
0088
0772
0773
006C
008C
034A
026B
0035
0014
008F
026D
040E
073D
005D
0046
048B
0096
0061
0014
00DF
0271
0099
0272
0351
0002
01DE
0004
0774
00E7
038A
0274
00E8
000A
000B
0775
000D
0180
0181
0010
01AD
0012
0014
0014
0015
0014
0002
0014
0014
0014
0014
0016
001B
0018
0019
0014
001A
0002
0014
0014
0002
0014
0002
001B
001C
001D
0026
0025
0016
0014
0002
0014
0002
0002
0014
001B
001E
0016
001F
0014
001B
0002
0014
0014
0014
0014
0014
0022
001D
0022
001F
0014
0022
0014
0002
0002
0014
0002
0014
001D
001C
0022
0019
0014
0016
0014
0002
0014
0014
0002
0014
0016
0026
0010
0025
0014
0012
0014
0014
0002
0002
0002
0002
0018
001A
0010
0027
0014
0021
0014
0014
0014
0014
0014
0014
0027
027B
04D8
0027
0014
00F0
0002
0014
0014
0014
0014
0014
0025
002C
0018
0027
0014
0142
0014
0002
0014
0014
0014
0014
0019
002C
002D
0027
0014
027E
0014
0014
0014
0002
0014
0014
0019
00A5
0030
0019
0014
0142
0014
0014
0014
0014
0014
0014
003A
0032
01B1
00A7
0014
0014
0147
0037
00AA
0039
00A6
003B
00BB
0034
0002
0014
0513
0776
0635
0777
0150
0042
0637
0044
007D
0046
00A8
0055
0778
0153
00A6
022A
00B5
0779
0074
0014
0051
0494
0333
022D
018E
015A
0057
0060
004F
0014
01FC
005A
015D
005C
0176
005E
0167
0060
0061
0014
010B
0200
077A
077B
01C4
0067
0068
010E
0234
0014
01A2
06A9
072C
06AB
0166
0071
02E4
0294
0115
0014
0116
04E7
077C
04E8
00D2
006B
077D
04E9
007D
0014
011D
016D
0343
06B2
03F6
0345
077E
0085
00C3
0014
023E
077F
0780
0781
047E
0102
0782
008E
0035
0014
034B
048A
0783
0092
0093
0094
04EE
00DE
0061
0014
012F
0098
0643
009A
0305
0002
01A7
02EE
0005
0006
05FF
064A
0009
0249
0747
000C
06EE
000E
013E
0025
00ED
0015
0013
0014
0142
0014
0002
0002
0014
0014
0014
0025
024E
0012
0014
0014
0142
0002
0002
0014
0014
0002
0014
0010
001B
0016
001E
001F
0022
0002
0002
0002
0002
0014
0014
00A3
001E
0020
0023
0021
0010
0002
0014
0002
0014
0014
0014
001D
001B
0018
0019
0014
001E
0014
0002
0014
0014
0002
0014
0021
001B
0018
0014
0014
001E
0014
0002
0014
0002
0014
0014
0018
001A
0016
0023
0024
0016
0014
0014
0002
0014
0002
0002
0015
0015
0018
0025
0014
0026
0002
0014
0002
0014
0014
0002
0013
002F
0016
0014
0014
00EE
0002
0014
0014
0014
0014
0014
0025
030A
0022
0025
0013
0144
0014
0002
0014
0014
0014
0002
0019
027C
0010
0013
0014
002E
0014
0014
0014
0014
0014
0002
0023
027F
0016
0014
0014
0144
0002
0014
0002
0014
0014
0002
00B4
00F5
030B
0034
0035
0014
00A8
02B1
0255
0784
014B
0102
0785
01C1
0014
0014
003D
003E
0188
01F1
00AE
0257
0043
0151
0045
0102
0047
0786
0259
025A
004B
004C
004D
004E
004F
0050
018E
03A7
025C
01F8
03AA
0056
01FB
0058
00C9
0014
0572
01FD
0578
0672
0031
01FF
005F
0096
0014
0014
00C4
01C5
0701
025E
0066
00C8
0068
0069
006A
006B
006C
006D
006E
006F
0406
05E7
0072
0073
0074
0014
00CF
0076
0077
0078
01CB
007A
0675
0386
0014
0014
00D4
007F
0408
05B2
0082
0083
0787
0162
0086
0050
008F
0088
0210
06F5
00CF
008C
0788
0128
0035
0014
008F
0316
062E
0789
01D9
0083
078A
0096
0014
0014
00DF
0706
048C
03DD
0001
0002
0003
0004
0644
078B
0007
0008
064B
017D
000B
0276
000D
000E
000F
0010
001D
0015
0014
0014
0015
0014
0002
0002
0014
0014
0014
0026
0028
0012
0019
0014
00F0
0002
0002
0014
0002
0002
0002
00A3
001C
0016
001E
0014
0016
0002
0002
0002
0002
0002
0014
001B
001E
0020
0023
0021
0022
0002
0014
0002
0014
0014
0014
001D
001D
0018
001F
0014
0022
0014
0014
0014
0014
0002
0014
0022
001C
0018
0027
0014
0016
0014
0002
0014
0002
0002
0014
0016
001F
0010
0021
0014
0012
0014
0014
0014
0014
0002
0002
0012
0015
0010
0025
0014
0026
0002
0014
0014
0014
0014
0002
0027
066C
075E
0014
0014
027D
0014
0014
0014
0014
0014
0014
0025
01AF
075E
0027
0014
027E
0014
0014
0014
0014
0014
0014
0025
05B5
0010
0027
0014
002E
0014
0014
0014
0002
0014
0014
0023
02AF
0016
0019
0014
0144
0014
0014
0014
0014
0014
0014
010F
0032
01B1
0034
0014
0014
0326
030C
0708
06E1
0205
00C1
078C
0034
0002
0014
0284
0187
0709
01B9
0513
0042
0637
0044
0045
0014
01F3
02BA
04DD
01BC
02EA
0155
004D
0331
00B7
0050
018E
0052
03A8
03A9
0055
015A
0057
0058
004F
0014
0059
0310
005B
063A
005D
005E
0167
0060
0061
0014
0062
0200
0482
078D
01C4
00C8
0068
010E
0234
0014
006C
02CA
0164
006F
0113
033F
0167
0483
0074
0014
00A6
0117
0169
0078
00D2
006B
0209
078E
0014
0014
007E
007F
023B
0344
00D7
0170
020E
078F
00C3
0014
0087
00DA
0790
0349
008B
029D
0127
008E
0035
0014
0129
048A
0791
0092
0243
0094
012E
0096
0061
0014
012F
0098
0099
009A
06F6
0002
06C3
0792
000F
0006
0793
04F1
0009
0307
031F
01E6
0794
03B6
0550
0025
0279
0012
0013
0014
002E
0014
0002
0014
0014
0014
0014
0016
0017
0018
0027
0014
001A
0002
0014
0014
0014
0014
0014
001B
00A3
001D
0026
001F
0022
0014
0002
0014
0002
0014
0014
001D
001A
0016
001F
0014
001B
0002
0014
0014
0014
0014
0014
0022
001B
0022
0023
0014
001E
0014
0002
0002
0014
0014
0014
001D
001B
0022
0019
0014
001E
0014
0002
0014
0014
0014
0014
0022
001A
0016
0023
0024
0016
0014
0014
0002
0002
0002
0014
0018
001E
0018
0027
0014
0023
0014
0014
0002
0014
0014
0014
0013
0028
0016
0027
0014
0029
0002
0014
0014
0014
0014
0014
0025
030A
0015
0025
0013
002B
0014
0002
0014
0014
0014
0002
0019
002C
002D
0013
0014
002E
0014
0014
0014
0014
0014
0002
0019
00F4
0030
0014
0014
0142
0002
0014
0002
0014
0014
0002
00B4
00F5
030B
02DD
0035
0014
0036
00A9
038D
038E
014B
003B
003C
0719
0061
0014
003D
0681
003F
01F1
02BD
0056
0043
0151
0258
0046
0036
0048
0795
018D
0154
004C
0258
004E
004F
0014
0051
0796
030E
0400
0059
0056
01FB
030F
00C9
0014
015C
00BD
00BE
0403
02EA
01FF
005F
00C2
015F
0014
00F7
01C5
00C5
0423
0066
0067
0068
0069
006A
006B
01A2
0293
06EF
0687
0070
0071
0072
0073
0115
0014
0075
0076
019A
071D
00BD
007A
007B
0797
007D
0014
0154
0798
054F
06D6
004B
0083
0084
0799
0086
0050
008F
0088
079A
079B
01A2
008C
00DC
044C
0035
0014
008F
0439
0724
0725
005D
0046
00DD
00DE
0014
0014
00DF
075B
0726
0727
049D
0002
01DE
06F7
0219
069A
0007
079C
079D
0729
000B
013C
000D
000E
00A2
0010
0011
0012
0014
0014
0015
0014
0002
0014
0014
0014
0014
0026
00EF
001E
0019
0014
00F0
0002
0002
0014
0002
0002
0014
001B
00A3
001D
001E
0025
0010
0014
0002
0014
0002
0014
0014
001B
001E
0010
001F
0021
001B
0002
0014
0014
0014
0014
0014
0022
00A3
0022
001F
0014
0022
0014
0002
0014
0014
0014
0014
001D
001C
0022
0019
0014
0016
0014
0002
0014
0014
0002
0014
0016
001F
0016
0025
0024
0012
0014
0014
0002
0002
0002
0002
0018
001E
0010
0027
0014
0026
0014
0014
0014
0014
0014
0002
0013
002F
0016
0014
0014
0142
0002
0014
0014
0014
0014
0014
0025
002A
0018
0014
0014
0144
0014
0002
0014
0014
0014
0002
0019
027C
0018
0014
0014
002E
0014
0014
0014
0014
0014
0002
0023
036E
0012
0014
0014
002B
0014
0014
0014
0014
0014
0002
0031
0032
01B1
0034
0014
0014
0161
0469
0038
0039
003A
00C1
0680
0034
0061
0014
0284
079E
079F
07A0
0100
0042
0637
0044
0045
006B
00A8
04A7
04DD
0431
0154
0155
004D
004E
004F
0050
01BE
07A1
03A8
03A9
0438
0108
0057
0058
004F
0014
015C
022E
005B
010A
028F
005E
0230
00C2
0061
0014
0663
0663
04AF
04B0
00C4
00C8
0068
010E
0234
006B
0468
0293
00CC
0204
0300
00AF
0072
0168
007D
0014
04B5
07A2
063E
07A3
011A
0385
011B
007C
0014
0014
0116
07A4
01CE
05C6
0121
00D8
0409
0085
0014
0014
02A3
05B6
0089
023F
018E
008C
0732
008E
0014
0014
0733
07A5
0091
07A6
0243
0094
067A
00DE
0014
0014
03B2
07A7
0215
07A8
0001
0002
0003
0004
0005
0006
04C4
07A9
0009
07AA
031F
000C
07AB
04C9
013E
0025
07AC
001A
0013
0014
0142
0014
0002
0002
0014
0014
0014
0016
01AD
0018
0027
0014
001A
0002
0002
0014
0014
0014
0002
0020
001C
0016
0026
001F
0016
0002
0002
0002
0002
0002
0014
001D
001E
0020
0023
0014
0010
0002
0014
0002
0014
0014
0014
001D
001B
0012
0023
0014
0015
0014
0002
0002
0014
0002
0014
0022
001B
0018
0013
0014
001E
0014
0002
0014
0002
0014
0014
0022
001A
0010
0023
0014
0016
0014
0014
0014
0014
0014
0002
0012
0015
0018
0025
0014
0026
0002
0014
0002
0014
0014
0002
0027
013F
0140
0027
0014
0029
0002
0014
0014
0014
0014
0014
0025
002C
0022
0025
0013
0142
0014
0002
0014
0014
0014
0014
0025
002C
002D
0027
0014
002E
0014
0014
0014
0002
0014
0014
0025
002F
0030
0019
0014
002E
0002
0014
0002
0014
0014
0014
00A6
00F5
0254
03CB
0035
0014
00A8
07AD
07AE
07AF
00AB
003B
003C
00C2
0002
0014
003D
00AC
003F
07B0
00AE
0056
0043
0151
007D
0046
0047
0055
0259
025A
0121
004C
03D1
025B
00B7
0014
00B8
07B1
025C
025D
03AA
0056
01FB
030F
0002
0014
0059
00BD
07B2
0403
0031
01FF
005F
0060
00C3
0014
00C4
0063
0201
025E
035B
0067
0101
0069
006A
0014
00CA
0462
06EF
0405
0198
0071
01FB
0073
0074
0014
0075
0076
019A
0078
02CF
007A
0394
0262
007D
0014
007E
07B3
020C
05B2
00D7
0083
0084
0266
0086
0050
0087
07B4
04D2
0773
0031
0046
008D
026B
0035
0014
008F
07B5
0705
073D
005D
0102
0095
0096
0061
0014
00DF
07B6
0365
0272
0001
0002
0003
0004
0644
00E7
038A
0008
064B
000A
000B
0276
000D
0180
00A2
0010
001D
0012
0014
0014
0015
0014
0002
0002
0014
0014
0014
0016
001B
0012
0019
0014
001A
0002
0002
0014
0002
0002
0002
001B
001C
001D
001E
0014
0016
0014
0002
0014
0002
0002
0014
001B
001E
0020
001F
0014
0022
0002
0014
0002
0014
0014
0014
0022
001D
0022
001F
0014
0022
0014
0002
0014
0014
0002
0014
0022
001C
0022
0027
0014
0016
0014
0002
0014
0002
0002
0014
0016
0026
0010
0025
0014
0012
0014
0014
0014
0014
0014
0002
0018
001E
0010
0025
0014
0026
0014
0014
0014
0014
0014
0002
0027
01AE
075E
0014
0014
03E2
0014
0014
0014
0014
0014
0014
0025
05B5
048F
0027
0014
027D
0014
0014
0014
0014
0014
0014
0025
01AF
0010
0027
0014
002E
0014
0014
0014
0002
0014
0014
0023
058C
0016
0019
0014
0144
0014
0014
0014
0014
0014
0014
010F
0032
01B1
00A7
0014
0014
01B3
030C
06E0
06E1
00A6
003B
07B7
0034
0002
0014
0284
0187
06E2
01B9
0284
0042
0637
0044
0045
0014
00A8
02BA
07B8
01BC
02EA
0155
00B5
06CE
0074
0014
0104
0052
03A8
03A9
0055
015A
0057
0060
004F
0014
0059
0109
015D
07B9
005D
005E
0167
0060
0061
0014
0663
0200
077A
077B
01C4
0058
0068
010E
0234
0014
010F
02CA
07BA
0312
06E6
0071
0762
0483
0074
0014
0154
04E7
07BB
07BC
00D2
006B
0394
07BD
0014
0014
011D
016D
07BE
07BF
00D7
0170
0398
07C0
00C3
0014
0087
00DA
07C1
0781
008B
029D
0315
008E
0035
0014
0129
048A
07C2
0092
0243
0094
0095
0096
0061
0014
012F
0098
0099
009A
0133
0002
06C3
07C3
01A9
0006
06B6
04F1
0009
07C4
0747
01E6
04C8
06C8
013E
0025
00ED
0015
0013
0014
0142
0014
0002
0014
0014
0014
0014
0025
024E
0018
0014
0014
0142
0002
0002
0014
0014
0014
0014
0020
001B
0016
0019
001F
0022
0002
0002
0002
0002
0014
0014
001D
001A
0010
0023
0021
001B
0002
0014
0014
0014
0014
0014
001D
001B
0018
0019
0014
001E
0014
0002
0002
0014
0014
0014
001D
001B
0018
0019
0014
001E
0014
0014
0014
0014
0014
0014
0022
001A
0016
0023
0024
0016
0014
0014
0002
0002
0002
0002
0015
0015
0018
0027
0014
0026
0002
0014
0002
0014
0014
0014
0013
0183
0016
0027
0014
024F
0002
0014
0014
0014
0014
0014
0025
030A
0015
0025
0013
04F5
0014
0002
0014
0014
0014
0002
0019
002C
002D
0013
0014
002E
0014
0014
0014
0014
0014
0002
0019
00F4
0030
0014
0014
0142
0002
0014
0002
0014
0014
0002
00B4
00F5
030B
0034
0035
0014
00A8
00A9
0038
0737
014B
0102
05AB
041C
0014
0014
003D
0681
05AC
01F1
00AE
0056
0043
0151
0258
0046
0047
0786
0259
025A
0154
004C
004D
004E
004F
0050
00B8
04E0
074B
0400
00A6
0056
01FB
0058
00C9
0014
0688
0239
01FE
0192
047E
01FF
005F
00A7
00C3
0014
00C4
01C5
05B0
04D0
0066
0067
0202
0069
006A
006B
0336
0110
06EF
0112
0406
05E7
0072
0073
0115
0014
00CF
0392
0077
016A
01CB
007A
011B
0386
007D
0014
00D4
007F
07C5
0754
0082
0083
0265
0162
0086
0050
008F
0088
07C6
07C7
010F
008C
0788
0758
0035
0014
008F
07C8
07C9
07CA
005D
0046
06BE
0376
0014
0014
00DF
075B
07CB
07CC
0502
0002
01DE
0004
0219
00E7
0007
0008
064B
000A
000B
03C7
000D
000E
00A2
0010
001B
0012
0014
0014
0015
0014
0002
0002
0014
0014
0014
0016
001B
0012
0019
0014
001A
0002
0014
0014
0002
0002
0002
001B
00A3
001D
001E
0025
0016
0014
0002
0014
0002
0002
0014
001B
001E
0022
001F
0014
001B
0002
0014
0014
0014
0014
0014
0022
00A3
0022
001F
0014
0022
0014
0002
0014
0014
0002
0014
001D
001C
0022
0019
0014
0016
0014
0002
0014
0014
0002
0014
0016
001F
0010
0025
0014
0012
0014
0014
0002
0014
0002
0002
0018
001E
0010
0025
0014
0026
0014
0014
0014
0014
0014
0002
0027
01AE
075E
0014
0014
03E2
0014
0014
0014
0014
0014
0014
0025
05B5
04D8
0027
0014
027D
0014
0014
0014
0014
0014
0014
0019
01AF
0022
0027
0014
027E
0014
0014
0014
0002
0014
0014
0023
027C
0022
0019
0014
0144
0014
0014
0014
0014
0014
0014
003A
0032
01B1
0034
0014
0014
0147
0469
0708
06E1
003A
003B
07CD
0034
0002
0014
0284
0506
06E2
07A0
0284
0042
0637
0044
0045
006B
00A8
02DA
04DD
07CE
0154
0155
004D
06CE
004F
0014
01BE
050C
03A8
03A9
00B8
01FA
0057
0058
004F
0014
0059
04AB
005B
010A
028F
005E
0167
0060
0061
0014
0663
0284
077A
07CF
01C4
00C8
0068
010E
0234
0014
0126
0235
00CC
0204
0300
0071
02E4
0114
0074
0014
04B5
0514
07D0
04E8
0580
006B
00D3
04E9
0014
0014
011D
07D1
07D2
07D3
0121
0345
07D4
0518
00C3
0014
023E
07D5
07D6
07D7
0438
0102
07D8
008E
0035
0014
034B
07D9
07DA
07DB
0243
0094
01DA
0096
0061
0014
012F
07DC
0099
07A8
02ED
0002
01A7
02EE
0005
0006
07DD
04F1
0009
03C6
031F
000C
07DE
053C
00EC
0025
00ED
001A
0013
0014
0142
0014
0002
0014
0014
0014
0014
0025
024E
0018
0014
0014
0142
0002
0002
0014
0014
0014
0014
0020
001C
0016
0023
001F
0022
0002
0002
0002
0002
0014
0014
001D
001A
0020
0023
0021
0010
0002
0014
0002
0014
0014
0014
001D
001B
0012
0023
0014
001E
0014
0002
0002
0014
0002
0014
0021
001B
0018
0014
0014
001E
0014
0002
0014
0002
0014
0014
0018
001A
0016
0023
0024
0016
0014
0014
0002
0002
0002
0014
0015
0015
0018
0027
0014
0026
0002
0014
0002
0014
0014
0002
0013
0183
0016
0027
0014
024F
0002
0014
0014
0014
0014
0014
0025
030A
0022
0025
0013
0144
0014
0002
0014
0014
0014
0002
0019
002C
002D
0013
0014
002E
0014
0014
0014
0014
0014
0002
0025
002F
0030
0014
0014
0142
0002
0014
0002
0014
0014
0002
00B4
00F5
0254
03CB
0035
0014
00A8
00A9
03CC
06CB
00AB
0102
0785
0056
0014
0014
003D
00AC
05AC
04CD
00AE
0056
0043
0151
007D
0046
0047
0055
0259
025A
0121
004C
03D1
004E
00B7
0050
00B8
02F9
025C
025D
037B
0056
01FB
030F
0002
0014
02C3
00BD
00BE
0403
0031
01FF
005F
00A7
0014
0014
00C4
0063
05B0
04D0
0066
0067
0202
0069
006A
006B
00CA
006D
06EF
0405
0406
05E7
0072
0073
0115
0014
0075
0076
0077
0078
0079
007A
011B
0386
007D
0014
00D4
0770
020C
05B2
00D7
0083
0265
0266
0086
0050
008F
03F7
052B
07DF
0031
008C
026A
04D4
0035
0014
008F
0090
03DB
07E0
005D
0046
078A
0304
0014
0014
00DF
0214
07E1
07E2
0351
0002
01DE
0004
0219
00E7
017B
0008
064B
07AA
06BF
07E3
07E4
0180
07E5
0019
07AC
0012
0014
0014
00EE
0014
0002
0014
0014
0014
0014
0016
001B
0018
0019
0014
001A
0002
0014
0014
0002
0014
0002
001B
0020
001D
0026
0014
0016
0014
0002
0014
0002
0002
0014
001B
001A
0016
001F
0014
0010
0002
0014
0014
0014
0014
0014
0022
001D
0022
0023
0014
0012
0014
0002
0002
0014
0002
0014
001D
001B
0022
0027
0014
0016
0014
0002
0014
0014
0002
0014
0016
0026
0010
0021
0014
0018
0014
0014
0014
0002
0014
0002
0018
001E
0010
0027
0014
0026
0014
0014
0014
0014
0014
0014
0027
013F
04D8
0027
0014
0029
0002
0014
0014
0014
0014
0014
0025
002C
0018
0027
0014
0142
0014
0002
0014
0014
0014
0014
0019
002C
0018
0027
0014
027E
0014
0014
0014
0002
0014
0014
0019
00A5
0018
0019
0014
0142
0014
0014
0014
0014
0014
0014
010F
07E6
07E7
00A7
0014
0014
0147
0037
03CC
01ED
00A6
003B
07E8
00C2
0002
0014
0513
07E9
0635
07EA
02B7
00AF
07EB
0044
007D
0014
01F2
0055
07EC
07ED
0059
022A
03D1
07EE
0074
0014
0051
028A
07EF
05F5
0454
015A
0057
01C1
0002
0014
01FC
00BD
07F0
00BF
07F1
00C1
02E4
0060
0061
0014
04E3
04E4
063B
07F2
01C4
0067
0068
010E
0234
0014
01A2
0235
01C8
0237
06E6
0071
02E4
0162
0234
0014
0116
04E7
07F3
04E8
0239
006B
00D3
07F4
007D
0014
0289
007F
07F5
07F6
03F6
0345
07F7
0266
00C3
0014
0116
07F8
0124
07F9
019E
0102
07FA
04D4
0035
0014
06A2
0198
07FB
07FC
07FD
0102
07FE
00DE
0061
0014
07FF
06B5
0643
0800
0305
0002
0003
02EE
0005
0006
06B6
038B
0009
017D
013B
000C
000D
000E
000F
0010
0011
0015
0013
0014
001A
0014
0002
0002
0014
0014
0014
0026
00EF
0012
0014
0014
002E
0002
0002
0014
0014
0002
0014
00A3
001C
0016
001E
001F
0022
0002
0002
0002
0002
0014
0014
00A3
001E
0020
0023
0021
001B
0002
0014
0002
0014
0014
0014
001D
001B
0018
001F
0014
0022
0014
0002
0014
0014
0002
0014
0022
001C
0012
0019
0014
001E
0014
0002
0014
0002
0014
0014
0016
001A
0016
0023
0024
0016
0014
0014
0002
0014
0002
0002
001A
0015
0018
0025
0014
0026
0002
0014
0002
0014
0014
0002
0013
002F
0016
0014
0014
027D
0014
0014
0014
0014
0014
0014
0025
002A
0022
0025
0013
0144
0014
0002
0014
0014
0014
0002
0019
027C
002D
0013
0014
002E
0014
0014
0014
0014
0014
0002
0023
027F
0030
0014
0014
0144
0002
0014
0002
0014
0014
0002
047E
0032
0033
0034
0035
0014
00A8
049A
0255
0603
014B
00C1
03CE
0034
0014
0014
003D
003E
0188
0040
0041
0042
0043
0151
0045
0046
0047
0801
0049
004A
004B
004C
004D
004E
004F
0050
018E
03A7
0053
0054
0055
0056
015B
0058
004F
0014
0059
0310
005B
010A
005D
005E
005F
0096
00C3
0014
0062
0063
0064
0065
0066
00C8
0202
0069
006A
006B
006C
006D
006E
006F
0406
0083
0072
0073
0074
0014
00CF
0076
0077
0078
0079
007A
0675
007C
0014
0014
007E
03F4
0080
0081
0082
0083
0802
0085
0086
0050
008F
0088
0089
008A
00CF
008C
0803
008E
0035
0014
008F
0090
0091
0092
0093
0094
0804
0096
0014
0014
0097
0098
048C
0272
0001
0002
0003
0004
0805
0806
0007
0008
0807
000A
000B
0276
000D
000E
000F
0010
0020
0015
0013
0014
0015
0014
0002
0002
0014
0014
0014
0016
001D
0012
0019
0014
001A
0002
0002
0014
0002
0002
0002
00A3
001C
0016
001E
0025
0016
0002
0002
0014
0002
0002
0014
001B
001E
0020
0023
0021
0010
0002
0014
0002
0014
0014
0014
0015
001D
0018
001F
0014
0022
0014
0014
0014
0014
0002
0014
001D
001C
0018
0027
0014
0016
0014
0002
0014
0002
0002
0014
0016
001A
0010
0021
0014
0016
0014
0014
0014
0014
0002
0002
0012
0015
0010
0025
0014
0026
0002
0014
0014
0014
0014
0002
0027
01AE
04D8
0014
0014
0309
0014
0014
0014
0014
0014
0014
0027
01AF
04D8
0027
0014
027D
0014
0014
0014
0014
0014
0014
0025
01AF
0808
0027
0014
027E
0014
0014
0014
0002
0014
0014
0023
02AD
0030
0019
0014
0144
0014
0014
0014
0014
0014
0014
003A
0032
01B1
0034
0035
0014
0326
030C
0708
06E1
0205
003B
07B7
0034
0002
0014
0284
0187
06E2
01B9
0513
0042
0637
0044
0045
0046
01F3
02BA
04DD
01BC
02EA
0155
004D
06CE
004F
0050
0468
0052
03A8
03A9
0055
015A
0057
0058
004F
0014
0059
0310
005B
063A
005D
005E
0167
0060
0061
0014
0062
0200
0809
077B
01C4
0058
0068
010E
0234
0014
006C
02CA
006E
006F
033E
0071
02E4
0483
0074
0014
0220
0117
0206
0078
02CF
006B
02E7
080A
0014
0014
011D
016D
03F5
0344
00D7
0563
0428
080B
00C3
0014
0087
00DA
0710
0349
008B
029D
008D
080C
0035
0014
0129
048A
034D
0092
0093
0094
0095
0096
0061
0014
012F
0098
0099
009A
080D
0002
06C3
080E
0005
0006
080F
04F1
0009
04F3
02F0
01E6
0810
03B6
0550
0019
0279
0012
0014
0014
0142
0014
0002
0014
0014
0014
0014
0025
024E
0018
0027
0014
0142
0002
0014
0014
0014
0014
0014
001B
001B
001D
0023
001F
0022
0014
0002
0002
0002
0014
0014
001D
001A
0016
001F
0014
001B
0002
0014
0014
0014
0014
0014
001D
001B
0022
0023
0014
0015
0014
0002
0002
0014
0014
0014
0021
001B
0022
0019
0014
001E
0014
0014
0014
0014
0014
0014
0022
0026
0016
0023
0024
0016
0014
0014
0002
0002
0002
0014
0018
001E
0018
0027
0014
0023
0014
0014
0002
0014
0014
0014
0013
0183
0016
0027
0014
024F
0002
0014
0014
0014
0014
0014
0025
002A
0022
0025
0013
0144
0014
0002
0014
0014
0014
0002
0019
002C
0010
0013
0014
002E
0014
0014
0014
0014
0014
0002
0019
00F4
0022
0014
0014
0142
0002
0014
0002
0014
0014
0002
00B4
00F5
030B
02DD
0014
0014
0036
00A9
038D
038E
014B
0102
02F5
0373
0061
0014
003D
0681
0811
01F1
02BD
0056
0043
0151
007D
0102
0036
0048
0795
018D
0154
004C
0258
004E
0074
0014
0051
0796
0812
0813
0415
0056
01FB
030F
00C9
0014
015C
00BD
00BE
0403
02EA
01FF
005F
015A
015F
0014
00F7
01C5
0814
0815
0066
0067
0068
0069
006A
006B
01A2
0293
0816
06AB
0070
00AF
0072
0073
007D
0014
0075
0392
0077
071D
00BD
007A
011B
0817
007D
0014
00D4
007F
054F
0818
02EA
0083
0122
0044
0086
0050
008F
0088
0819
081A
01A2
008C
0757
028C
0035
0014
008F
0439
081B
081C
0126
0046
081D
008C
0014
0014
00DF
075B
081E
081F
049D
0002
01DE
06F7
0219
00E7
0007
0008
0503
049F
000B
0820
000D
000E
00A2
0010
01AD
0015
0014
0014
0015
0014
0014
0002
0014
0014
0014
0026
04A1
0012
0019
0014
00F0
0002
0002
0014
0014
0014
0014
001B
00A3
001D
001E
0025
0016
0014
0002
0002
0002
0014
0014
001B
001E
0010
001F
0021
001B
0002
0014
0014
0014
0014
0014
001E
00A3
0018
001F
0014
0022
0014
0002
0014
0014
0014
0014
0022
001C
0022
0019
0014
0016
0014
0002
0014
0014
0002
0014
0016
001F
0010
0025
0014
0012
0014
0014
0002
0014
0002
0002
0018
001E
0010
0025
0014
0026
0014
0014
0014
0014
0014
0014
0013
0183
0022
0014
0014
03C8
0014
0014
0014
0014
0014
0014
0025
002A
0022
0027
0014
0144
0014
0002
0014
0014
0014
0002
0019
002C
0022
0027
0014
002E
0014
0014
0014
0014
0014
0002
0023
03B7
0022
0027
0014
0144
0014
0014
0014
0014
0014
0002
003A
0032
01B1
0034
0014
0014
0821
0469
0708
06E1
014B
00C1
0680
0034
00C9
0014
014C
0822
0709
07A0
0284
0042
00B0
0044
0045
006B
0036
04A7
04DD
0431
0154
0155
004D
00B6
004F
0050
050B
050C
03A8
03A9
00B8
0334
0057
0058
004F
0014
0059
04AB
005B
0672
028F
005E
005F
0096
0061
0014
05CF
0823
04AF
04B0
01C4
0067
0068
010E
0234
0014
0126
0293
07BA
0204
0300
00AF
0072
0168
0074
0014
0220
0514
0407
0824
011A
0385
011B
007C
0014
0014
011D
07D1
01CE
05C6
0121
00D8
0409
0085
00C3
0014
0519
0825
0089
023F
018E
008C
0732
008E
0035
0014
012F
0826
0091
07A6
0243
0094
067A
0096
00C3
0014
02A3
0827
048C
07A8
0001
0002
0003
0004
0005
0006
04C4
0828
0009
07AA
0829
000C
05AA
04C9
013E
0025
00ED
0012
0013
0014
0142
0014
0002
0014
0014
0014
0014
0016
0017
0018
0027
0014
001A
0014
0002
0014
0002
0002
0002
0020
001C
0016
001E
001F
0022
0002
0002
0014
0002
0002
0014
001D
001A
0020
0023
0014
0010
0002
0014
0002
0014
0014
0014
001D
001B
0022
0023
0014
0015
0014
0002
0002
0014
0002
0014
001D
001B
0018
0014
0014
001E
0014
0002
0014
0002
0014
0014
0022
001A
0016
0023
0024
0016
0014
0014
0002
0002
0002
0002
0012
0015
0018
0027
0014
0026
0002
0014
0002
0014
0014
0002
0027
013F
0253
0027
0014
0029
0002
0014
0014
0014
0014
0014
0025
027C
0022
0025
0013
0142
0014
0002
0014
0014
0014
0014
0025
027C
002D
0013
0014
002E
0014
0014
0014
0002
0014
0014
0025
002F
0030
0019
0014
0142
0002
0014
0002
0014
0014
0014
00B4
00F5
0254
03CB
0035
0014
00A8
082A
03CC
082B
0145
003B
003C
00C2
0002
0014
0150
082C
003F
04CD
00AE
0056
0043
0151
0101
0046
01F3
0055
0259
025A
0121
004C
03D1
004E
00B7
0014
00B8
00B9
025C
025D
03AA
0056
01FB
030F
0002
0014
02C3
00BD
00BE
005C
0031
01FF
005F
0060
0014
0014
0062
082D
0201
04D0
0066
00C8
0068
0069
006A
006B
00CA
0462
06EF
0405
0198
0071
01FB
0073
0115
0014
0075
0076
019A
0078
0384
007A
0394
0262
007D
0014
00D4
0770
020C
05B2
00D7
0083
0084
0266
0086
0050
0087
082E
04D2
082F
0031
0046
008D
04D4
0035
0014
008F
0830
0705
0831
005D
0102
0095
005E
0061
0014
0097
0832
0365
04D6
0351
0002
01DE
0004
0833
03C5
017B
0008
0630
000A
06BF
021D
017F
0180
00A2
0010
001D
0012
0014
0014
0015
0014
0002
0002
0014
0014
0014
0016
001B
0012
0019
0014
001A
0002
0002
0014
0002
0002
0002
001B
00A3
001D
001E
0025
0016
0014
0002
0014
0002
0002
0014
001B
001E
0022
001F
0014
0010
0002
0014
0002
0014
0014
0014
001E
001D
0022
001F
0014
0022
0014
0002
0014
0014
0002
0014
001D
001C
0022
0027
0014
0016
0014
0002
0014
0002
0002
0014
0016
001F
0010
0021
0014
0012
0014
0014
0014
0002
0002
0002
0018
001E
0010
0025
0014
0026
0014
0014
0014
0014
0014
0002
0027
01AE
04D8
0014
0014
03E2
0014
0014
0014
0014
0014
0014
0025
05B5
04D8
0027
0014
027D
0014
0014
0014
0014
0014
0014
0019
01AF
002D
0027
0014
027E
0014
0014
0014
0002
0014
0014
0023
02AF
0030
0019
0014
002B
0014
0014
0014
0014
0014
0014
010F
0032
01B1
0034
0014
0014
01B3
00F8
0490
0505
00A6
003B
0834
0034
0002
0014
05B8
060E
0835
0836
066E
00AF
0637
0044
0045
0046
00A8
02BA
0493
0837
02EA
01BD
004D
06CE
0074
0014
0104
0105
01BF
02C0
018F
015A
0057
0058
004F
0014
0059
068D
0191
063A
0031
00C1
0167
0060
0061
0014
010B
0232
0838
07F2
01C4
0058
0068
010E
0234
0014
010F
0235
01C8
033D
0300
0071
02E4
0294
0074
0014
0116
04E7
077C
04E8
0580
006B
00D3
07BD
0014
0014
011D
0296
0839
0517
00D7
0345
04EA
07C0
00C3
0014
023E
00DA
083A
083B
008B
0102
04EB
008E
0035
0014
0129
0459
083C
083D
0093
0094
083E
0096
0061
0014
012F
07D9
05A5
083F
02ED
0002
01A7
02EE
0005
0006
05FF
04F1
0009
055B
013B
01E6
0716
06C8
013E
0025
0279
001A
0013
0014
002E
0014
0002
0014
0014
0014
0014
0026
00EF
0018
0014
0014
002E
0002
0002
0014
0014
0014
0014
0020
001C
0010
0019
001F
0022
0002
0002
0002
0002
0014
0014
00A3
001A
0020
0023
0021
001B
0002
0014
0014
0014
0014
0014
001D
001B
0012
0019
0014
001E
0014
0002
0002
0014
0014
0014
0022
001B
0018
0019
0014
001E
0014
0014
0014
0014
0014
0014
0022
001A
0016
0023
0024
0016
0014
0014
0002
0014
0002
0002
0014
00EE
055D
0027
0014
03E2
0002
0014
0002
0014
0014
0002
0013
0183
0016
0027
0014
024F
0002
0014
0014
0014
0014
0014
0025
030A
0022
0025
0013
04F5
0014
0002
0014
0014
0014
0002
0019
0840
0010
0013
0014
002E
0014
0014
0014
0014
0014
0002
0025
027F
0022
0014
0014
002E
0002
0014
0002
0014
0014
0002
047E
00F5
030B
0481
0035
0014
00A8
047F
0560
06CB
014B
00C1
03CE
0373
0014
0014
003D
003E
0561
0040
0041
0042
0043
0151
0258
0102
0047
0786
0049
004A
0154
004C
004F
004E
004F
0050
00B8
03A7
0812
0400
00CF
0056
015B
030F
00C9
0014
015C
005A
015D
0403
015E
005E
005F
015A
00C3
0014
00C4
0063
0064
0065
0066
0067
0202
0069
006A
006B
00CA
006D
006E
0405
0406
0014
04FD
02CD
0115
0014
00CF
0076
0077
0078
0079
007A
011B
0386
007D
0014
00D4
01CD
020C
05B2
0082
0083
0265
0162
0086
0050
008F
0088
0841
06DA
003A
008C
0842
07EE
0035
0014
008F
0090
0843
0844
01D9
0046
0845
0334
0014
0014
00DF
0098
0846
0847
0351
0002
01DE
0004
0219
069A
0007
0008
0848
000A
000B
0775
000D
000E
00A2
0010
001D
0015
0014
0014
0015
0014
0002
0002
0014
0014
0014
0016
001D
0012
0019
0014
001A
0002
0002
0014
0002
0002
0002
001B
00A3
001D
001E
0025
0016
0014
0002
0014
0002
0002
0014
001B
001E
0022
001F
0021
001B
0002
0014
0014
0014
0014
0014
001E
00A3
0018
001F
0014
0022
0014
0002
0014
0014
0002
0014
001D
001C
0022
0019
0014
0016
0014
0002
0014
0014
0002
0014
0016
001F
0010
0025
0014
0012
0014
0014
0014
0014
0002
0002
0018
001E
0010
0025
0014
0026
0014
0014
0014
0014
0014
0002
0027
01AE
04D8
0014
0014
03E2
0014
0014
0014
0014
0014
0014
0025
01AF
04D8
0027
0014
027D
0014
0014
0014
0014
0014
0002
0019
01AF
0010
0027
0014
002E
0014
0014
0014
0002
0014
0002
0023
058C
0016
0019
0014
0144
0014
0014
0014
0014
0014
0002
003A
0032
01B1
0034
0014
0014
0821
0469
0490
0505
003A
003B
0221
0034
0002
0014
0849
02D9
084A
084B
0284
0042
0226
0044
0045
006B
00D4
06FF
04DD
04DE
0154
01BD
004D
00B6
004F
0050
050B
050C
01BF
0495
00B8
0334
0057
0058
004F
0014
0059
04AB
005B
0672
028F
005E
0230
0060
0061
0014
05C0
010C
0359
035A
01C4
01BA
0068
010E
0234
0014
0126
0235
04B2
033D
0300
0071
02E4
0114
0074
0014
04B5
0514
07D0
04E8
0580
006B
00D3
035F
0014
0014
011D
07D1
07D2
05C6
0082
0345
0428
0518
00C3
0014
023E
084C
03C1
084D
008B
0102
0240
008E
0035
0014
034B
084E
076A
084F
0243
0094
076B
0096
0061
0014
034F
0850
0851
0852
02ED
0002
01A7
02EE
0005
0006
04C4
04F1
0009
0853
031F
000C
05AA
053C
013E
0025
0279
0012
0013
0014
0142
0014
0002
0014
0014
0014
0014
0025
0854
0018
0014
0014
0142
0002
0002
0014
0014
0014
0014
0020
001C
0016
0023
001F
0022
0002
0002
0002
0002
0014
0014
00A3
001A
0020
0023
0014
0010
0002
0014
0002
0014
0014
0014
001D
001B
0022
0014
0014
001E
0014
0002
0002
0014
0002
0014
0021
001B
0018
0014
0014
001E
0014
0014
0014
0002
0014
0014
0022
001A
0016
0023
0024
0016
0014
0014
0002
0002
0002
0014
001A
0015
0018
0027
0014
0026
0002
0014
0002
0014
0014
0002
0013
0183
0016
0027
0014
024F
0002
0014
0014
0014
0014
0014
0025
030A
0022
0025
0013
0144
0014
0002
0014
0014
0014
0014
0019
002C
002D
0013
0014
002E
0014
0014
0014
0014
0014
0014
0025
027F
0030
0014
0014
0142
0002
0014
0002
0014
0014
0014
00B4
00F5
030B
03CB
0035
0014
00A8
00A9
038D
038E
00AB
0102
0785
041C
0014
0014
003D
00AC
05AC
04CD
00AE
0056
0043
0151
007D
0046
0047
0055
0259
025A
0121
004C
004F
004E
00B7
0014
00B8
02F9
025C
025D
037B
0056
01FB
030F
0014
0014
02C3
00BD
00BE
005C
0031
01FF
005F
00A7
0014
0014
0062
0063
05B0
04D0
0066
0067
0202
0069
006A
006B
00CA
006D
006E
0405
0406
0083
0072
0073
0115
0014
0075
0076
0077
0078
0079
007A
011B
0386
007D
0014
00D4
01CD
020C
05B2
00D7
0083
0265
0162
0086
0050
008F
03F7
0855
0856
003A
008C
0857
0175
0035
0014
008F
0858
0859
085A
005D
0046
0544
0304
0014
0014
0097
085B
085C
085D
0351
0002
0217
0004
0352
069A
017B
0008
085E
07AA
017E
021D
06EE
0180
07E5
0019
00ED
0012
0014
0014
00EE
0014
0002
0002
0014
0014
0014
0016
0017
0012
0019
0014
001A
0002
0002
0014
0002
0014
0002
001B
00A3
001D
0026
001F
0016
0014
0002
0014
0002
0002
0014
001B
001E
0016
001F
0021
0010
0002
0014
0014
0014
0014
0014
0012
001B
0022
0023
0014
0012
0014
0002
0014
0014
0002
0014
0022
001B
0022
0027
0014
0016
0014
0002
0014
0014
0002
0014
0016
0026
0016
0021
0024
0018
0014
0014
0014
0002
0002
0002
0018
001E
0010
0025
0014
0026
0014
0014
0014
0014
0014
0014
0027
013F
00F2
0014
0014
0029
0002
0014
0014
0014
0014
0014
0025
0324
0022
0025
0013
027D
0014
0002
0014
0014
0014
0014
0019
027C
0010
0027
0014
027E
0014
0014
0014
0002
0014
0014
0019
02AF
0022
0019
0014
0142
0014
0014
0014
0014
0014
0014
0031
07E6
07E7
02DD
0014
0014
01B3
00F8
085F
00FA
00A6
003B
04E2
00C2
0002
0014
05B8
0860
06A0
0861
00AE
00AF
07EB
0044
007D
0102
00D4
02BA
07EC
0862
0059
01BD
03D1
0779
0074
0050
050B
05D9
0863
0864
033B
015A
0057
01C1
0002
0014
0059
0865
07F0
0866
00C0
00C1
0867
0060
0061
0014
05C0
04E4
0838
07F2
00C4
01BA
0068
010E
0234
006B
01A2
0293
01C8
0237
05F9
0071
0072
0162
0074
0014
0154
04E7
0515
04E8
00BD
006B
007B
0868
0014
0014
0340
007F
0297
07F6
00D7
0345
0428
0266
00C3
0050
023E
0497
0124
0869
086A
0102
086B
026B
0035
0014
086C
086D
086E
086F
0870
0102
0871
0096
0061
0014
07FF
0872
0873
05A6
0305
0002
0003
02EE
01E0
0006
0138
05A7
0009
0874
013B
01E6
000D
000E
000F
0010
01AD
0015
0013
0014
001A
0014
0014
0014
0014
0014
0014
0026
04A1
0018
0014
0014
002E
0002
0002
0014
0014
0002
0014
0020
001C
0016
001E
0025
0022
0002
0002
0002
0002
0014
0014
00A3
001E
0020
0023
0014
001B
0002
0014
0002
0014
0014
0014
001D
00A3
0018
001F
0014
0022
0014
0002
0002
0014
0002
0014
001D
001C
0015
0019
0014
001E
0014
0002
0014
0002
0014
0014
0016
001A
0010
0023
0014
0016
0014
0014
0002
0014
0002
0002
0014
00EE
055D
0027
0014
03E2
0002
0014
0002
0014
0014
0002
0013
0183
0018
0027
0014
0184
0002
0014
0014
0014
0014
0014
0025
002A
0022
0013
0014
0144
0014
0002
0014
0014
0014
0002
0019
002C
002D
0013
0014
002E
0014
0014
0014
0014
0014
0002
0023
027F
0030
0014
0014
04F5
0002
0014
0002
0014
0014
0002
0145
0032
0033
0034
0035
0014
00A8
047F
0038
0039
014B
00C1
03CE
0034
0014
0014
003D
003E
05AC
0040
0150
0042
0043
0151
0045
0046
0047
0048
0049
004A
004B
004C
004D
004E
004F
0014
00B8
03A7
0053
0054
0055
0056
015B
0058
004F
0014
01FC
005A
005B
005C
005D
005E
005F
00C2
00C3
0014
0062
0063
0064
0065
00C7
0067
0202
0069
006A
0014
006C
0462
006E
006F
0406
0014
02CC
02CD
0115
0014
00CF
0076
0077
0078
00D2
007A
0209
007C
007D
0014
007E
0301
0080
0081
0082
0083
0265
0085
0086
0014
008F
0088
0089
008A
00CF
008C
0875
008E
0035
0014
008F
0090
0091
0092
0093
0094
0876
0304
0014
0014
0097
0098
0319
02D3
0001
0002
0003
0004
0805
03C5
017B
0008
0630
000A
06BF
021D
017F
0180
0181
0010
001D
0015
0014
0014
001E
0014
0002
0002
0014
0014
0014
0016
001D
0012
0027
0014
001A
0002
0002
0014
0002
0002
0002
001B
00A3
001D
001E
001F
0016
0014
0002
0014
0002
0002
0014
001D
001E
0022
001F
0021
001B
0002
0014
0002
0014
0014
0014
001E
001B
0018
001F
0014
0022
0014
0002
0014
0014
0002
0014
001D
00A3
0022
0019
0014
0016
0014
0002
0014
0002
0002
0014
0016
001F
0010
0021
0014
0012
0014
0014
0014
0002
0002
0002
0018
001E
0010
0025
0014
0026
0014
0014
0014
0014
0014
0002
0027
013F
04D8
0014
0014
0029
0002
0014
0014
0014
0014
0014
0025
01AF
0558
0027
0014
027D
0014
0014
0014
0014
0014
0014
0019
01AF
002D
0027
0014
027E
0014
0014
0014
0002
0014
0014
0019
048F
0030
0019
0014
0142
0014
0014
0014
0014
0014
0014
003A
0032
01B1
0034
0014
0014
0326
030C
0490
0505
0205
003B
07B7
0034
0002
0014
0877
0187
0835
070A
066E
00AF
0226
01BA
0101
0046
00D4
02BA
032E
070B
02EA
01BD
004D
0779
004F
0050
0468
0052
01BF
02C0
018F
015A
0057
0058
004F
0014
0059
0865
0191
0598
0031
00C1
04E2
0060
0061
0014
05C0
04E4
0878
07F2
0424
032D
0068
010E
0234
0014
033B
02CA
01C8
006F
0300
0071
02E4
0483
0074
0014
0154
04E7
077C
07BC
0239
006B
00D3
07BD
0014
0014
0154
007F
0839
01CF
00D7
0345
0428
0879
00C3
0014
023E
0497
087A
0349
019E
0102
087B
008E
0035
0014
034B
01A0
087C
01A1
015E
0094
087D
0096
0061
0014
034F
01A4
087E
076D
087F
0002
06C3
0880
0005
0006
06B6
04F1
0009
0584
013B
01E6
0645
000E
013E
0025
0279
0012
0013
0014
00EE
0014
0002
0014
0014
0014
0014
0026
00EF
0018
0019
0014
002E
0002
0014
0014
0014
0014
0014
0020
001C
0010
001E
0014
0012
0002
0002
0002
0002
0014
0014
001B
0026
0020
0023
0014
0010
0002
0014
0014
0014
0014
0014
001D
00A3
0022
0019
0014
0012
0014
0002
0002
0014
0014
0014
0022
001C
0018
0027
0014
001E
0014
0002
0014
0014
0014
0014
0022
001A
0016
0023
0024
0016
0014
0014
0002
0014
0002
0002
0014
00EE
055D
0027
0014
03E2
0002
0014
0002
0014
0014
0014
0013
0183
0016
0027
0014
0184
0002
0014
0014
0014
0014
0014
0025
030A
0022
0025
0013
04F5
0014
0002
0014
0014
0014
0002
0019
036E
0010
0013
0014
055E
0014
0014
0014
0014
0014
0002
0023
0881
0022
0014
0014
0144
0002
0014
0002
0014
0014
0002
047E
00F5
030B
0481
0035
0014
0036
047F
038D
04CB
014B
00C1
03CE
0373
0061
0014
003D
014D
0561
0040
0041
0042
0043
0044
0045
0014
0047
0048
0049
004A
04EF
004C
00B7
004E
00B7
0014
0051
0157
0812
0400
00CF
0056
015B
030F
00C9
0014
015C
005A
015D
005C
015E
005E
005F
00A7
015F
0014
0062
0063
0064
0065
0066
0067
0202
0069
006A
006B
006C
0882
006E
0165
0406
0014
04FD
02CD
0115
0014
00CF
0883
0077
016A
0079
007A
011B
0386
007D
0014
007E
03F4
011F
0485
0082
0083
0122
0162
0086
0050
008F
0088
0772
06DA
0174
008C
0388
0128
0035
0014
008F
0090
0884
052D
01F5
0083
0885
0334
0014
0014
0097
0098
0886
0887
0351
0002
01DE
0004
0219
069A
0007
0008
079D
000A
000B
0775
000D
000E
00A2
0010
001D
0015
0014
0014
0015
0014
0002
0002
0014
0014
0014
0016
001D
0012
0019
0014
001A
0002
0002
0014
0002
0002
0002
001B
00A3
001D
001E
0025
0016
0014
0002
0014
0002
0002
0014
001B
001E
0022
001F
0021
001B
0002
0014
0014
0014
0014
0014
001E
00A3
0018
001F
0014
0022
0014
0002
0014
0014
0002
0014
0022
00A3
0022
0019
0014
0016
0014
0002
0014
0014
0002
0014
0016
001F
0010
0025
0014
0012
0014
0014
0014
0014
0002
0002
0018
001E
0010
0025
0014
0026
0014
0014
0014
0014
0014
0002
0027
01AE
04D8
0014
0014
0309
0014
0014
0014
0014
0014
0014
0025
01AF
04D8
0027
0014
027D
0014
0014
0014
0014
0014
0002
0019
01AF
002D
0027
0014
002E
0014
0014
0014
0002
0014
0002
0023
0323
0030
0019
0014
0144
0014
0014
0014
0014
0014
0002
003A
0032
01B1
0034
0014
0014
0821
0504
0490
0505
003A
003B
0221
0034
0002
0014
0849
0285
084A
084B
0284
0042
0226
0044
0045
0046
00D4
0048
04DD
0888
0154
01BD
004D
00B6
0074
0050
01BE
0889
01BF
0495
00B8
015A
0057
0058
004F
0014
0059
04AB
005B
0672
028F
005E
0230
0060
0061
0014
05C0
04E4
0359
088A
01C4
01BA
0068
010E
0234
0014
0425
0235
072C
033D
0300
0071
0762
0114
0074
0014
0220
0514
088B
04E8
0239
006B
00D3
035F
0014
0014
011D
088C
07D2
05C6
0082
0345
0428
0518
00C3
0014
023E
088D
03C1
084D
008B
0102
0240
008E
0035
0014
034B
088E
076A
088F
0093
0094
076B
0096
0061
0014
034F
0850
0851
0890
0305
0002
01A7
02EE
0005
0006
04C4
05A7
0009
0853
031F
000C
04C8
053C
013E
0025
0279
0012
0013
0014
0142
0014
0002
0014
0014
0014
0014
0025
0854
0018
0014
0014
0142
0002
0002
0014
0014
0014
0014
0020
001C
0016
0023
001F
0010
0002
0002
0002
0002
0014
0014
00A3
001A
0020
0023
0014
0010
0002
0014
0002
0014
0014
0014
001D
001B
0022
0014
0014
001E
0014
0002
0002
0014
0002
0014
001D
001C
0018
0014
0014
001E
0014
0014
0014
0002
0014
0014
0022
001A
0016
0023
0024
0016
0014
0014
0002
0002
0002
0002
001A
0015
0018
0027
0014
0026
0002
0014
0002
0014
0014
0002
0013
0183
0016
0027
0014
024F
0002
0014
0014
0014
0014
0014
0025
030A
0022
0025
0013
0144
0014
0002
0014
0014
0014
0014
0019
002C
0010
0013
0014
002E
0014
0014
0014
0014
0014
0014
0025
027F
0022
0014
0014
0142
0002
0014
0002
0014
0014
0014
00B4
00F5
030B
03CB
0035
0014
01EB
00A9
038D
04CB
00AB
0102
0785
041C
0014
0014
003D
00AC
05AC
04CD
00AE
0056
0043
0151
018A
0102
0047
0055
0259
025A
0121
004C
018A
004E
004F
0014
00B8
02F9
025C
025D
037B
0056
01FB
030F
0014
0014
01FC
00BD
00BE
005C
0031
01FF
005F
00A7
0014
0014
0062
0063
05B0
03AE
0066
0067
0202
0069
006A
006B
006C
006D
006E
0405
0406
0083
0072
0073
0115
0014
0075
0076
0077
0078
0079
007A
011B
0386
007D
0014
00D4
01CD
011F
0485
00D7
0083
0265
0162
0086
0050
008F
03F7
0772
052C
003A
008C
0857
0128
0035
0014
008F
0858
0859
0891
006C
0046
0892
0304
0014
0014
0097
085B
0893
0894
