// Healthy Ranges — Index Table (level 1 of two-level lookup)
// Addr = node_idx * 279 + feature_idx  (15 bits)
// Data = pair_id (12 bits, stored as 16-bit)
// Depth: 31527 (113 nodes x 279 features)
// Populated: 31527, Unique pairs: 2302 (incl. sentinel at id=0)
//
0001
0002
0003
0004
0005
0006
0007
0008
0009
000A
000B
000C
000D
000E
000F
0010
0011
0012
0013
0014
0015
0014
0002
0002
0014
0014
0014
0016
0017
0012
0018
0014
0019
0002
0002
0014
0002
0002
0002
001A
001B
001C
001D
001E
0016
0002
0002
0002
0002
0002
0014
001A
001D
001F
001E
0020
001A
0002
0014
0002
0014
0014
0014
001C
001A
0021
001E
0014
0021
0014
0002
0014
0014
0002
0014
0021
001B
0021
0022
0014
0016
0014
0002
0014
0002
0002
0014
0023
0019
0016
0022
0024
0016
0014
0014
0002
0002
0002
0002
0025
0012
0010
0026
0014
0019
0002
0014
0002
0014
0014
0002
0027
0028
0016
0014
0014
0029
0002
0014
0014
0014
0014
0014
0026
002A
0021
0026
0013
002B
0014
0002
0014
0014
0014
0002
0018
002C
002D
0027
0014
002E
0014
0014
0014
0002
0014
0002
0022
002F
0030
0018
0014
002B
0002
0014
0002
0014
0014
0002
0031
0032
0033
0034
0035
0014
0036
0037
0038
0039
003A
003B
003C
0034
0002
0014
003D
003E
003F
0040
0041
0042
0043
0044
0045
0046
0047
0048
0049
004A
004B
004C
004D
004E
004F
0050
0051
0052
0053
0054
0055
0056
0057
0058
004F
0014
0059
005A
005B
005C
005D
005E
005F
0060
0061
0014
0062
0063
0064
0065
0066
0067
0068
0069
006A
006B
006C
006D
006E
006F
0070
0071
0072
0073
0074
0014
0075
0076
0077
0078
0079
007A
007B
007C
0014
0014
007D
007E
007F
0080
0081
0082
0083
0084
0085
0050
0086
0087
0088
0089
008A
008B
008C
008D
0035
0014
008E
008F
0090
0091
0092
0093
0094
0095
0096
0014
0097
0098
0099
009A
009B
0002
009C
009D
009E
009F
00A0
00A1
00A2
00A3
00A4
00A5
00A6
00A7
000F
0010
001C
0015
0013
0014
0015
0014
0014
0002
0014
0014
0014
0026
00A8
001D
0018
0014
002E
0002
0002
0014
0002
0014
0014
001A
001B
001C
0018
001E
0016
0002
0002
0002
0002
0014
0014
001A
001D
0016
001E
0014
001A
0002
0014
0002
0014
0014
0014
001C
001A
0025
001E
0014
0021
0014
0002
0014
0014
0002
0014
0026
00A9
0021
0018
0014
00AA
0014
0002
0014
0002
0014
0014
0021
001E
0010
0022
0014
0016
0014
0014
0002
0014
0002
0002
0025
0012
0025
0026
0014
0019
0014
0014
0002
0014
0014
0002
0014
002F
0012
0014
0014
00AB
0002
0014
0014
0014
0014
0014
0026
002A
0012
0026
0013
00AC
0014
0014
0014
0014
0014
0002
0018
00AD
002D
0027
0014
002E
0014
0014
0014
0014
0014
0002
0026
002F
0030
0027
0014
002E
0002
0014
0002
0014
0014
0002
00AE
0032
0033
0034
0035
0014
00AF
00B0
0038
0039
00B1
00B2
00B3
0034
00B4
0014
00B5
00B6
00B7
00B8
00B9
00BA
0043
0044
00BB
0046
0047
00BC
00BD
00BE
00BF
004C
004D
004E
004F
0014
0051
00C0
0053
00C1
00C2
0056
00C3
0058
004F
0014
00C4
00C5
00C6
00C7
00C8
00C9
00CA
005E
00CB
0014
00CC
0063
00CD
00CE
00CF
00D0
0068
0069
006A
0014
00D1
00D2
00D3
006F
00D4
00D5
00D6
00D7
0074
0014
0075
00D8
00D9
00DA
00DB
0014
00DC
007C
0014
0014
00DD
00DE
007F
0080
00DF
0082
00E0
0084
0085
0050
0086
00E1
0088
0089
0031
008B
00E2
008D
0035
0014
008E
008F
0090
0091
005D
0093
00E3
00E4
0085
0014
00E5
00E6
00E7
00E8
00E9
0002
00EA
0004
00EB
0006
00EC
0008
00ED
00EE
000B
000C
00EF
00F0
00F1
0026
00F2
0012
0014
0014
00AC
0014
0002
0002
0014
0014
0014
0016
0017
0012
0027
0014
0019
0002
0002
0014
0014
0002
0002
001F
0023
0016
001D
0018
0025
0014
0002
0014
0002
0002
0014
0023
001D
001F
0022
0020
0010
0002
0014
0014
0014
0014
0014
0021
0023
0021
0014
0014
0015
0014
0014
0014
0014
0002
0014
0021
001B
0025
0022
0014
0016
0014
0002
0014
0014
0002
0014
0023
0019
0016
0018
0024
0025
0014
0014
0002
0002
0002
0002
0012
0015
0010
0027
0014
00F3
0002
0014
0014
0014
0014
0002
0027
00AB
00F4
0014
0014
00F5
0014
0014
0014
0014
0014
0014
0026
002C
0021
0013
0014
00F6
0014
0002
0014
0014
0014
0014
0026
002C
0010
0013
0014
002E
0014
0014
0014
0002
0014
0014
0022
00F7
0016
0018
0014
002B
0014
0014
0014
0014
0014
0002
0031
00F8
00F9
00FA
0014
0014
00FB
00FC
00FD
00FE
00FF
003B
0100
0101
0002
0014
0102
0103
0104
0105
0106
0042
00D6
0107
0045
00C9
0108
0048
0109
010A
010B
010C
010D
010E
0061
0050
010F
0110
0111
0112
0113
0114
0057
0060
0014
0014
0059
0115
0116
005C
0117
005E
0118
0060
0061
0014
0119
011A
011B
011C
0062
0067
0068
011D
00CB
006B
011E
011F
006E
0120
0121
0071
0072
0073
0122
0014
0123
0124
0077
0125
0126
007A
007B
0127
0014
0014
0128
007E
0129
012A
0117
00B2
012B
012C
0085
0014
008E
012D
012E
012F
0130
00C9
0131
0132
0035
0014
00E5
0133
0134
0135
0136
0137
0138
0095
0096
0014
0097
0139
013A
013B
0001
0002
0003
013C
013D
0006
013E
013F
0140
000A
0141
000C
0142
0143
0144
0010
001C
0012
0013
0014
001E
0014
0002
0002
0014
0014
0014
0016
001A
001D
0027
0014
0019
0002
0002
0014
0014
0014
0002
001F
001B
001C
001D
0018
0021
0014
0002
0014
0002
0014
0014
0023
001D
0016
00F3
0014
001A
0014
0014
0014
0014
0014
0014
001C
001F
0021
001E
0014
0021
0014
0014
0014
0014
0014
0014
0021
001B
0021
0022
0014
0025
0014
0002
0014
0014
0014
0014
0010
0022
0021
0018
0014
0016
0014
0014
0014
0002
0014
0002
0012
0019
0025
0026
0014
0022
0014
0014
0014
0014
0014
0002
0027
0028
0025
0014
0014
0029
0002
0014
0014
0014
0014
0014
0026
002A
0012
0026
0013
002B
0014
0014
0014
0014
0014
0002
0018
00AD
002D
0014
0014
002E
0014
0014
0014
0014
0014
0002
0022
0145
0030
0018
0014
002B
0002
0014
0002
0014
0014
0002
00AE
0032
0033
00FA
0035
0014
0108
00B0
0146
0039
00B1
003B
003C
0034
0002
0014
003D
00B6
003F
0147
00B9
00BA
0148
0149
0045
0046
0047
014A
014B
014C
014D
004C
014E
014F
0061
0014
010F
0150
0053
00C1
0151
0056
00C3
005E
004F
0014
0152
0153
0154
0155
0075
0156
005F
005E
0061
0014
00CC
0063
0157
0158
0159
00D0
0068
0069
00B4
0014
00D1
00D2
015A
015B
00D4
0071
015C
0073
0074
0014
0123
00D8
015D
015E
015F
006B
0160
007C
0014
0014
0128
007E
0161
0162
00DF
0082
0083
0084
0085
0050
0163
0164
0088
0089
008A
008B
008C
008D
0014
0014
008E
008F
0090
0091
0092
0093
0094
0165
0096
0014
00E5
0166
0167
0168
0169
0002
016A
016B
016C
016D
0007
016E
0009
016F
000B
0170
0171
0172
0173
0018
0174
0015
0014
0014
00AB
0014
0002
0002
0014
0014
0014
00F3
0175
0012
0018
0014
0176
0002
0002
0014
0002
0002
0002
001A
0023
0016
001D
001E
0016
0002
0002
0002
0002
0002
0014
001A
001D
001F
001E
0020
0010
0002
0014
0002
0014
0014
0014
001D
001A
0025
0026
0014
0012
0014
0002
0014
0014
0002
0014
0021
001B
0025
0027
0014
0016
0014
0002
0014
0002
0002
0014
0023
0019
0016
0022
0024
0016
0014
0014
0002
0014
0002
0002
0025
0012
0010
0027
0014
0019
0002
0014
0002
0014
0014
0002
0027
0177
00F4
0014
0014
0178
0002
0014
0014
0014
0014
0014
0026
002C
0021
0027
0014
002E
0014
0002
0014
0014
0014
0014
0026
002C
0021
0027
0014
002E
0014
0014
0014
0002
0014
0014
0018
0179
0021
0027
0014
002E
0014
0014
0014
0014
0014
0014
0031
00F8
017A
0034
0014
0014
017B
017C
017D
017E
017F
0156
0180
0101
00B4
0014
0181
0103
0182
0183
0106
0042
0043
0044
0184
00B2
0108
0185
0049
004A
004B
014F
004D
004E
004F
0050
0051
0186
0187
0188
0055
0114
0057
0058
0096
0014
0059
005A
005B
005C
005D
005E
005F
0060
0096
0014
0189
018A
018B
0065
0062
0067
0068
011D
006A
006B
018C
018D
018E
018F
0190
00D5
0072
0191
0192
0014
0075
0076
0193
0194
0126
007A
0195
0196
0014
0014
00DD
0197
0198
0199
019A
00B2
019B
019C
0085
0014
0086
019D
012E
019E
019F
01A0
01A1
0132
0035
0014
01A2
01A3
01A4
01A5
01A6
00B2
01A7
0095
0085
0014
0097
0139
01A8
01A9
01AA
0002
01AB
01AC
01AD
0006
0007
0008
0009
01AE
01AF
000C
01B0
01B1
01B2
0026
00F2
0019
0013
0014
002B
0014
0002
0002
0014
0014
0014
0016
0017
001D
0024
0014
0019
0002
0002
0014
0002
0014
0002
001F
001C
0010
00F3
0018
0025
0014
0002
0014
0002
0002
0014
001C
001E
0016
00F3
0020
001A
0002
0014
0014
0014
0014
0014
0021
0023
0012
0018
0014
001D
0014
0014
0014
0014
0002
0014
0021
001B
0025
0022
0014
0016
0014
0002
0014
0014
0002
0014
0023
00F3
0016
0018
0024
0016
0014
0014
0002
0002
0002
0002
0025
0019
0010
0027
0014
0022
0014
0014
0014
0014
0014
0014
0014
01B3
00F4
0014
0014
0029
0002
0014
0014
0014
0014
0014
0027
002C
0012
0026
0013
00F6
0014
0002
0014
0014
0014
0002
0026
002C
002D
0013
0014
002E
0014
0014
0014
0002
0014
0002
0026
01B4
0030
0018
0014
00F6
0002
0014
0002
0014
0014
0002
0031
00C9
01B5
00FA
0035
0014
0036
017C
01B6
01B7
01B8
003B
003C
01B9
0035
0014
003D
01BA
003F
01BB
00B9
00BA
0148
01BC
004F
0046
01BD
0048
01BE
01BF
010B
004C
00BB
004E
0002
0050
01C0
01C1
01C2
01C3
01C4
0056
0057
0101
00B4
0014
00C4
01C5
01C6
01C7
004B
0156
005F
0101
0061
0014
01C8
01C9
01CA
01CB
0066
0067
0068
0069
00B4
006B
01CC
01CD
01CE
01CF
0070
0071
01D0
0073
0192
0014
0075
00D8
0077
01D1
01D2
0014
01D3
01D4
0014
0014
0128
007E
01D5
01D6
0117
006B
0083
012C
0085
0050
0163
0087
01D7
01D8
01CC
00C9
008C
01D9
0035
0014
008E
01DA
01DB
01DC
005D
00B2
0094
0165
0096
0014
00E5
01DD
01DE
01DF
01E0
0002
0003
0004
01E1
01E2
01E3
01E4
01E5
00A3
000B
01E6
000D
00F0
000F
0010
001C
0012
0014
0014
0015
0014
0014
0002
0014
0014
0014
00F3
01E7
0012
0018
0014
0176
0002
0002
0014
0014
0002
0014
001A
001B
001C
001D
001E
0016
0002
0002
0002
0002
0002
0014
001A
001D
001F
001E
0014
0010
0002
0014
0002
0014
0014
0014
001C
001A
0021
001E
0014
0021
0014
0002
0014
0014
0002
0014
0021
001B
0021
0027
0014
001D
0014
0002
0014
0002
0014
0014
0016
0019
0010
0022
0014
0016
0014
0014
0014
0014
0002
0002
0012
0012
0025
0026
0014
0019
0002
0014
0002
0014
0014
0002
0027
002F
0025
0014
0014
002B
0002
0014
0014
0014
0014
0014
0026
002A
0021
0027
0014
00AC
0014
0014
0014
0014
0014
0014
0018
00AD
0021
0027
0014
002E
0014
0014
0014
0014
0014
0014
0022
002F
0021
0027
0014
00AC
0014
0014
0014
0014
0014
0014
01E8
0032
005F
0034
0014
0014
01E9
0037
01EA
01EB
00FF
0156
0180
0034
0002
0014
01EC
01ED
01EE
0183
01EF
0042
0043
0044
0045
00B2
01F0
01F1
0049
004A
019A
010C
004D
0132
004F
0014
01F2
0052
01F3
0112
0055
01F4
01F5
0058
004F
0014
0059
01F6
005B
01F7
005D
005E
005F
0060
00CB
0014
0062
01F8
01F9
0065
01FA
01D9
0068
01FB
006A
0014
006C
006D
006E
006F
01FC
01FD
0072
00D7
0074
0014
01FE
0076
01FF
0078
0079
007A
0200
007C
0014
0014
00DD
0201
007F
0080
00DF
0082
0202
0084
0085
0014
0086
0203
0088
0204
008A
008B
0205
008D
0035
0014
01A2
0206
0207
0208
0209
0093
020A
0095
0085
0014
0097
0098
013A
020B
020C
0002
020D
020E
020F
0210
0007
0008
0211
0212
0213
0214
0171
000E
0215
0026
00F7
0015
0013
0014
00AC
0014
0014
0002
0014
0014
0014
0016
0023
001D
0027
0014
0019
0002
0002
0014
0014
0014
0002
0023
001B
001C
001D
001E
0025
0002
0002
0014
0002
0002
0014
0023
0019
0016
00F3
0014
0010
0002
0014
0014
0014
0014
0014
001C
001A
0012
0022
0014
001D
0014
0002
0014
0014
0002
0014
0021
001B
0021
0027
0014
0016
0014
0002
0014
0014
0002
0014
0016
00F3
0010
0022
0014
0016
0014
0014
0014
0014
0014
0002
0025
0012
0010
0026
0014
0019
0002
0014
0014
0014
0014
0002
0014
01B3
0216
0014
0014
0029
0002
0014
0014
0014
0014
0014
0027
0217
0218
0013
0014
00F6
0014
0014
0014
0014
0014
0002
0026
0217
002D
0013
0014
002E
0014
0014
0014
0002
0014
0002
0022
00A8
0030
0014
0014
00AC
0002
0014
0002
0014
0014
0002
018C
00C9
0219
021A
0035
0014
021B
0037
021C
021D
00B1
003B
003C
021E
0096
0014
0119
021F
0104
0105
0102
0042
00D6
01BC
0045
0046
0220
014A
0221
0222
0223
010C
00BB
004E
0002
0014
0224
0225
0111
0226
0227
0056
0057
005E
00B4
0014
00C4
005A
0116
0155
0228
005E
0229
005E
0096
0014
022A
022B
0064
022C
01FA
022D
0068
011D
006A
0014
00D1
006D
022E
022F
0230
0071
0072
00D7
0074
0014
0075
0076
0231
0078
0079
0014
007B
0232
0014
0014
00DD
00DE
0233
0234
00DF
0235
0083
0236
0085
0014
0237
0164
01D7
0238
0113
00C9
008C
01D9
0035
0014
0239
008F
023A
01DC
0092
0137
0094
0165
0014
0014
023B
0098
0167
0168
023C
0002
00EA
0004
0005
023D
023E
01E4
023F
00A3
0240
000C
0241
0242
0243
0010
0011
0012
0014
0014
0015
0014
0002
0002
0014
0014
0014
0026
0244
0012
0018
0014
0176
0002
0002
0014
0002
0002
0014
001A
0023
0016
001D
0026
0016
0014
0002
0002
0002
0002
0014
001A
001D
001F
001E
0020
001A
0002
0014
0002
0014
0014
0014
0021
0023
0021
001E
0014
0021
0014
0014
0014
0014
0002
0014
0020
001B
0025
0022
0014
0025
0014
0002
0014
0002
0014
0014
0023
0019
0016
0027
0024
0012
0014
0014
0002
0002
0002
0002
0025
001D
0010
0027
0014
00F3
0014
0014
0002
0014
0014
0002
0027
0245
0016
0014
0014
0246
0014
0014
0014
0014
0014
0014
0026
002A
0021
0026
0013
00AC
0014
0002
0014
0014
0014
0014
0018
002C
0010
0027
0014
002E
0014
0014
0014
0014
0014
0014
0018
0247
0021
0018
0014
00F6
0014
0014
0014
0014
0014
0002
0031
0032
0033
0034
0014
0014
0036
0248
0249
024A
017F
00B2
024B
0034
0002
0014
003D
01BA
024C
01BB
024D
00BA
0043
0044
0184
006B
0036
024E
00BD
00BE
004B
004C
004D
0132
004F
0050
0051
0186
0053
0054
00C2
003B
00D6
0058
004F
0014
0059
01F6
024F
005C
0031
0250
005F
0060
0061
0014
0189
0251
0252
0253
0066
0067
0254
0069
00CB
006B
018C
0255
0256
0257
0258
00D5
00D6
0073
0122
0014
0123
0259
025A
025B
025C
007A
025D
007C
0014
0014
025E
007E
025F
0080
0081
0082
019B
0084
0085
0050
008E
012D
0088
0204
019A
008B
0260
008D
0035
0014
021B
0261
0207
0262
006C
0093
01A7
0095
0096
0014
0097
0263
0264
0265
01AA
0002
0266
0004
009E
016D
0007
0267
0009
0268
000B
0269
026A
01B1
026B
0018
00F2
0019
0014
0014
026C
0014
0002
0002
0014
0014
0014
0016
0017
0012
0018
0014
0019
0002
0014
0014
0014
0014
0002
001A
001F
001C
00F3
001E
0016
0014
0014
0014
0002
0002
0014
001A
001D
0016
001E
0014
0010
0002
0014
0014
0014
0014
0014
0018
002A
00F3
0022
0014
026D
0014
0002
0014
0014
0002
0014
0021
001B
0021
0022
0014
0016
0014
0002
0014
0014
0002
0014
0023
0019
0016
0018
0024
0025
0014
0014
0014
0014
0002
0002
0025
0012
0010
0027
0014
0019
0002
0014
0014
0014
0014
0014
0027
0216
00F4
0014
0014
00AA
0002
0014
0014
0014
0014
0014
0026
026E
0021
0026
0013
026F
0014
0002
0014
0014
0014
0014
0026
0270
002D
0027
0014
0271
0014
0014
0014
0002
0014
0014
0018
00A8
0030
0018
0014
002E
0014
0014
0014
0014
0014
0014
0031
00F8
0272
003B
0014
0014
0273
017C
0274
0275
00FF
003B
0276
0101
0002
0014
00C5
01BA
003F
0040
0041
0042
0277
0044
0278
0046
00FB
0048
0279
027A
010B
004C
010D
004E
004F
0014
027B
027C
01C2
0054
0113
008B
027D
027E
0096
0014
0059
005A
027F
0280
0117
005E
0281
0060
0061
0014
01BD
011A
0282
0283
0066
0284
0068
0069
00CB
006B
018C
0285
006E
0286
0070
0071
0072
0287
0288
0014
0075
0076
0289
0125
028A
007A
007B
028B
0014
0014
010B
028C
028D
0234
0081
00B2
028E
028F
0085
0050
008E
012D
0290
019E
01CC
01A0
0291
0132
0035
0014
021B
0292
0293
0294
0092
00B2
0295
0095
0096
0014
0296
0297
013A
0265
0298
0002
009C
0299
00EB
0006
029A
029B
029C
029D
0141
029E
029F
0143
000F
0010
02A0
0012
0013
0014
001E
0014
0014
0014
0014
0014
0014
0026
002A
001D
0014
0014
002E
0014
0002
0014
0002
0002
0014
0022
02A1
0021
001D
0014
0216
0002
0002
0002
0002
0014
0014
0023
001D
001F
0022
0020
001A
0014
0014
0002
0014
0014
0014
001C
0025
0021
001E
0014
0021
0014
0014
0014
0014
0002
0014
0026
02A2
0019
0018
0014
002B
0014
0002
0014
0002
0014
0014
0010
001E
0010
0022
0014
0016
0014
0014
0002
0002
0002
0002
0025
001D
0025
0026
0014
0022
0014
0014
0002
0014
0014
0002
0014
0245
0025
0014
0014
02A3
0002
0014
0014
0014
0014
0014
0026
002A
0021
0013
0014
00AC
0014
0002
0014
0014
0014
0002
0018
002C
0010
0013
0014
002E
0014
0014
0014
0014
0014
0002
0022
0247
0016
0014
0014
002B
0002
0014
0002
0014
0014
0002
00AE
0032
02A4
0034
0035
0014
0108
00B0
02A5
02A6
00B1
00B2
02A7
0034
0014
0014
003D
00B6
02A8
02A9
02AA
02AB
02AC
02AD
0045
0014
0047
00BC
02AE
02AF
00BF
02B0
004D
014F
0061
0050
01F2
0150
02B1
02B2
02B3
0056
02B4
0058
004F
0014
02B5
02B6
02B7
02B8
00C8
0137
02B9
0101
0085
0014
0062
0063
02BA
02BB
02BC
0067
0068
028F
006A
0014
00D1
02BD
02BE
006F
02BF
00D5
00D6
0073
0074
0014
0123
02C0
02C1
00DA
015F
0014
025D
007C
0014
0014
007D
007E
025F
0080
00DF
0082
02C2
0084
0085
0014
0086
0164
0088
0089
008A
008B
02C3
008D
0035
0014
02C4
008F
0090
0091
0209
0093
02C5
02C6
0014
0014
0097
0166
02C7
00E8
02C8
0002
0266
0004
009E
016D
0007
0267
0009
02C9
0213
02CA
02CB
01B1
02CC
0018
00F2
0019
0014
0014
026C
0014
0002
0002
0014
0014
0014
0016
0017
0012
0018
0014
0019
0002
0014
0014
0014
0002
0002
001A
001F
001C
001D
001E
0016
0014
0002
0002
0002
0002
0014
001A
001D
0016
001E
0014
0010
0002
0014
0014
0014
0014
0014
0018
001A
001D
0022
0014
0012
0014
0002
0014
0014
0002
0014
0021
001B
0021
0027
0014
0016
0014
0002
0014
0014
0002
0014
0023
00F3
0016
0018
0024
0025
0014
0014
0002
0014
0002
0002
0025
0012
0010
0027
0014
0019
0002
0014
0014
0014
0014
0002
0027
0216
00F4
0014
0014
00AA
0002
0014
0014
0014
0014
0014
0026
026E
0021
0026
0013
026F
0014
0002
0014
0014
0014
0014
0026
0270
0010
0027
0014
0271
0014
0014
0014
0002
0014
0014
0018
00A8
0021
0018
0014
002E
0014
0014
0014
0014
0014
0014
0031
00F8
02CD
02CE
0014
0014
02CF
017C
0274
02D0
02D1
003B
0276
0101
0002
0014
00C5
01BA
003F
0040
0041
0042
0277
0044
0184
00B2
00FB
02D2
02D3
02D4
010B
004C
010D
004E
004F
0014
027B
01C1
01C2
02D5
0113
008B
0057
02D6
0096
0014
0223
005A
02D7
02D8
0117
005E
02D9
0060
0096
0014
01BD
02DA
02DB
02DC
0066
00D0
0068
0069
00CB
006B
018C
02DD
022E
0286
00D4
0071
02DE
01FB
0192
0014
0075
0076
02DF
0125
02E0
007A
02E1
028B
0014
0014
00DD
02E2
02E3
0234
0081
00B2
028E
028F
0085
0050
008E
02E4
0290
019E
01CC
01A0
02E5
0132
0035
0014
021B
0292
0293
0294
0136
00B2
0295
0095
0096
0014
0296
0297
013A
0265
0001
0002
009C
02E6
00EB
0006
029A
029B
02E7
02E8
02E9
000C
02EA
0143
000F
0010
02A0
0012
0013
0014
001E
0014
0014
0014
0014
0014
0014
0026
002A
001D
0014
0014
002E
0014
0002
0014
0002
0014
0014
00F3
02A1
0021
001D
0026
0216
0002
0002
0014
0002
0014
0014
0023
001D
001F
0022
0020
001A
0014
0014
0002
0014
0014
0014
001C
0025
0021
001E
0014
0021
0014
0014
0014
0014
0002
0014
0026
02A2
0019
0022
0014
02EB
0014
0002
0014
0002
0014
0014
0010
0019
0010
0022
0014
0016
0014
0014
0014
0002
0002
0002
0012
001D
0025
0026
0014
0022
0014
0014
0002
0014
0014
0002
0014
0245
0025
0014
0014
02A3
0002
0014
0014
0014
0014
0014
0026
002A
0021
0013
0014
00AC
0014
0002
0014
0014
0014
0002
0018
002C
002D
0013
0014
002E
0014
0014
0014
0014
0014
0002
0022
0247
0030
0014
0014
002B
0002
0014
0002
0014
0014
0002
00AE
0032
02EC
0034
0035
0014
0108
00B0
02ED
02EE
00B1
00B2
02A7
0034
0014
0014
003D
00B6
02A8
02A9
02AA
02AB
02EF
0060
0045
0046
0047
014A
02F0
02F1
00BF
02B0
004D
014F
0061
0050
01F2
02F2
02F3
02B2
02B3
0056
02F4
0058
004F
0014
02B5
02B6
02F5
02B8
00C8
0137
02F6
0101
0061
0014
0062
0063
02F7
02BB
02BC
0067
0068
028F
006A
0014
00D1
006D
02F8
006F
0190
02F9
0072
0073
0074
0014
02FA
02C0
0077
00DA
0079
0014
0195
007C
0014
0014
0128
02FB
025F
0080
00DF
0082
02C2
0084
0085
0014
0086
0164
0088
0089
008A
008B
02C3
008D
0035
0014
02C4
008F
0090
0091
0092
0093
02C5
00E4
0014
0014
0097
0166
02C7
00E8
02FC
0002
00EA
02FD
00EB
0006
0007
029B
0009
02FE
00A4
029E
01B0
000E
02FF
0026
0174
0012
0013
0014
00F6
0014
0002
0002
0014
0014
0014
0016
0017
001D
0027
0014
0019
0002
0002
0014
0014
0002
0014
0023
001A
0016
001D
001E
0010
0002
0002
0014
0002
0014
0014
0023
0019
001F
00F3
0014
0010
0002
0014
0002
0014
0014
0014
001C
001A
0021
0018
0014
0015
0014
0014
0014
0014
0002
0014
0021
001A
0025
0027
0014
001D
0014
0014
0014
0002
0002
0014
0023
0019
0016
0022
0024
0016
0014
0014
0002
0014
0002
0002
0025
0012
0010
0026
0014
0019
0014
0014
0014
0014
0014
0002
0027
0028
0016
0014
0014
00AA
0002
0014
0014
0014
0014
0014
0026
002A
0021
0013
0014
002B
0014
0002
0014
0014
0014
0002
0018
002C
0025
0013
0014
002E
0014
0014
0014
0014
0014
0002
0022
00A8
0012
0014
0014
00AC
0002
0014
0002
0014
0014
0002
014D
00F8
0300
0034
0035
0014
0301
0302
0038
01B7
01B8
003B
003C
02AD
0002
0014
0102
0303
0104
0304
010B
0305
00D6
0107
0045
00B2
0108
0048
0306
0307
004B
0308
004D
014F
004F
0014
01A6
0309
030A
030B
00C2
0056
00D6
0058
00B4
0014
00C4
01C5
00C6
005C
00C8
0250
0229
0060
0035
0014
0189
011A
030C
01CB
030D
0067
0254
030E
006A
006B
018C
018D
030F
018F
01FC
0071
0072
0287
0074
0014
0075
0310
01FF
0311
028A
007A
007B
0069
0014
0014
007D
007E
02E3
0312
0081
0082
0083
0313
0085
0014
0086
0087
0314
01D8
01F2
008B
008C
0132
0035
0014
0315
0316
01DB
0317
0136
0137
0094
0165
0014
0014
0097
0318
01DE
01DF
0001
0002
009C
0319
009E
031A
01E3
031B
031C
031D
000B
0269
000D
0242
031E
0010
001A
001D
0014
0014
0015
0014
0002
0002
0014
0014
0014
00F3
01E7
0012
0018
0014
00F6
0002
0002
0014
0002
0014
0002
001A
001B
001C
00F3
0018
0016
0014
0002
0002
0002
0002
0014
001A
001D
0016
001E
0020
001A
0002
0014
0014
0014
0014
0014
0021
001F
0012
001E
0014
0021
0014
0002
0014
0014
0002
0014
0021
001B
0021
0022
0014
0016
0014
0002
0014
0014
0014
0014
0021
00F3
0010
0018
0014
0016
0014
0014
0002
0002
0002
0002
0015
0015
0025
0013
0014
00F3
0002
0014
0002
0014
0014
0002
0014
031F
026D
0014
0014
00AB
0002
0014
0014
0014
0014
0014
0027
0320
0216
0026
0013
0271
0014
0014
0014
0014
0014
0014
0026
0320
002D
0027
0014
0271
0014
0014
0014
0002
0014
0014
0026
0247
0030
0018
0014
00F6
0014
0014
0014
0014
0014
0014
01E8
0032
0033
021A
0014
0014
0273
0037
0321
024A
017F
0156
0180
0034
00B4
0014
0322
00B6
024C
0040
0041
0042
0043
0044
004F
0046
0047
0323
0049
004A
014D
004C
014E
004E
0074
0050
027B
0052
0053
0054
0227
0032
0057
0324
004F
0014
0059
0325
0116
0326
0327
005E
005F
0095
0061
0014
00CC
0063
0328
0065
00CF
00D0
0068
0069
00B4
0014
0329
032A
032B
032C
0070
032D
00D6
0073
0122
0014
01FE
0076
0077
0078
032E
0014
032F
0330
0014
0014
010B
0331
025F
0080
00DF
0332
0333
0334
0085
0050
0335
0336
0337
0204
0338
01A0
0339
008D
0035
0014
02BC
033A
033B
0208
0092
0093
033C
0095
0096
0014
0296
0098
013A
020B
02C8
0002
00EA
0004
0005
0006
033D
033E
029C
02FE
033F
000C
0340
0341
02CC
0026
00F7
0015
0014
0014
026F
0014
0002
0002
0014
0014
0014
0016
0023
0012
0027
0014
0018
0014
0014
0014
0002
0014
0002
0023
001B
0021
00F3
001E
0021
0014
0002
0002
0002
0002
0014
001C
001D
0016
00F3
0014
0010
0014
0014
0014
0014
0014
0014
001C
001A
0025
0014
0014
001D
0014
0014
0014
0014
0002
0014
0021
001A
0012
0027
0014
001D
0014
0002
0014
0014
0002
0014
0016
001E
0010
0018
0014
0016
0014
0014
0014
0002
0002
0002
0025
0019
0010
0026
0014
0022
0014
0014
0014
0014
0014
0014
0027
026D
0216
0014
0014
00F5
0014
0014
0014
0014
0014
0014
0026
0320
0342
0026
0013
026F
0014
0014
0014
0014
0014
0014
0026
0320
0010
0014
0014
002E
0014
0014
0014
0002
0014
0014
0026
00F7
0021
0018
0014
026F
0014
0014
0014
0014
0014
0014
0343
00B2
0344
0034
0014
0014
0036
0302
0345
0346
01B8
003B
0100
0101
0002
0014
0347
0348
0104
0304
004B
00BA
00D6
0349
0278
00B2
034A
0048
034B
034C
034D
034E
004D
034F
004F
0014
01C0
0350
0351
0352
0353
01F4
0354
0058
0014
0014
0223
01C5
0355
0356
004B
0156
0118
0095
0035
0014
01C8
01F8
0357
01EE
01FA
0358
0068
0359
00B4
0014
018C
0255
035A
035B
035C
0071
02DE
0191
0074
0014
035D
0310
035E
035F
015F
006B
0360
0361
0014
0014
0128
007E
0362
0312
0081
00C9
012B
0363
0085
0050
0327
012D
0364
0365
00D1
007A
02E5
0132
0014
0014
01A2
0206
0366
0367
0368
00C9
0369
0095
0096
0014
00E5
036A
01A8
020B
0001
0002
009C
02E6
036B
016D
00A0
0008
0009
031D
000B
0214
000D
000E
000F
0010
0011
0012
0013
0014
0015
0014
0002
0014
0014
0014
0014
00F3
0175
001D
0018
0014
036C
0002
0002
0014
0014
0002
0002
001A
0023
001C
001D
0018
0016
0002
0002
0014
0002
0002
0014
001A
001D
001F
001E
0020
001A
0002
0014
0002
0014
0014
0014
0021
001F
0021
001E
0014
0021
0014
0002
0014
0014
0002
0014
0021
001B
0021
0022
0014
0016
0014
0002
0014
0002
0014
0014
0023
0019
0016
0022
0024
0016
0014
0014
0002
0014
0002
0002
0015
0012
0010
0027
0014
0019
0002
0014
0002
0014
0014
0002
0027
0245
0016
0014
0014
02A3
0002
0014
0014
0014
0014
0014
0026
002A
0012
0027
0014
00AC
0014
0002
0014
0014
0014
0002
0018
002C
002D
0027
0014
002E
0014
0014
0014
0014
0014
0002
0022
002F
0030
0027
0014
00AC
0002
0014
0002
0014
0014
0002
0031
0032
0033
036D
0035
0014
036E
0037
0146
0039
00FF
0156
036F
0034
00B4
0014
0322
00B6
0370
0040
0102
0042
0043
0044
0045
0046
0047
01F1
0049
004A
019A
004C
014E
004E
0074
0050
01F2
0052
0053
0054
0055
0056
0057
0324
004F
0014
0371
01F6
0116
0372
005D
005E
005F
0060
0061
0014
0062
0373
0064
0065
0066
0067
0254
0069
006A
006B
0329
006D
006E
022F
0070
032D
0072
0073
0122
0014
0374
0076
0077
0078
028A
007A
0195
007C
0014
0014
00DD
0375
007F
0080
00DF
0082
0376
0084
0085
0014
0163
0164
0088
0089
008A
008B
00E2
008D
0035
0014
008E
0377
0090
0091
0092
0093
00E3
0165
0085
0014
0378
0379
01DE
01DF
02C8
0002
0266
0004
0005
0006
00EC
013F
0009
00EE
0213
000C
037A
0242
00F1
0018
002A
0012
0013
0014
00AB
0014
0002
0002
0014
0014
0014
0016
001A
0012
0018
0014
0019
0002
0014
0014
0002
0014
0002
001A
001F
001C
0027
0018
0018
0014
0002
0014
0002
0014
0014
001A
001D
0016
001E
0014
0010
0002
0014
0014
0014
0014
0014
0021
0023
0021
0022
0014
0012
0014
0014
0014
0014
0014
0014
0021
001B
0021
0027
0014
0016
0014
0002
0014
0014
0002
0014
0023
00F3
0010
0018
0014
0016
0014
0014
0002
0002
0002
0002
0025
0012
0010
0027
0014
0019
0002
0014
0014
0014
0014
0014
0027
0216
0216
0014
0014
00AA
0002
0014
0014
0014
0014
0014
0026
0320
0342
0026
0013
026F
0014
0014
0014
0014
0014
0014
0026
026E
0010
0014
0014
002E
0014
0014
0014
0014
0014
0014
0018
00A8
0021
0018
0014
00F6
0014
0014
0014
0014
0014
0002
018C
00F8
01B5
02D6
0035
0014
0036
017C
037B
037C
01B8
003B
0276
0101
0002
0014
0347
01BA
003F
0040
0041
0042
037D
0044
00CB
00C9
00FB
0048
037E
037F
034D
004C
010D
0380
0074
0014
01C0
01C1
01C2
0381
0130
027E
0057
0382
0096
0014
0223
005A
0383
01C7
0117
005E
0384
0060
0096
0014
01C8
011A
0385
0386
0159
00D0
0254
0069
00B4
0014
01C4
02DD
01CE
0387
00D4
0071
015C
0073
0288
0014
035D
0124
0388
0125
02E0
007A
0360
0389
0014
0014
010B
038A
038B
0234
0081
00B2
012B
038C
0085
0050
0086
012D
0290
019E
01CC
01A0
0291
038D
0014
0014
038E
0292
0293
0294
0136
00B2
0295
0095
0096
0014
00E5
0297
0264
0265
0001
0002
009C
020E
038F
01E2
0390
016E
01E5
0391
0392
0214
0393
000E
000F
0010
0011
0015
0014
0014
0019
0014
0002
0014
0014
0014
0014
0026
0394
001D
0027
0014
00F6
0014
0002
0014
0014
0002
0002
0012
02A1
0021
001D
001E
0270
0002
0002
0002
0002
0002
0014
0023
001D
001F
00F3
0020
001A
0002
0014
0002
0014
0014
0014
001C
001A
0025
001E
0014
0021
0014
0002
0014
0014
0002
0014
0025
001B
0025
0022
0014
0025
0014
0002
0014
0002
0014
0014
0010
0019
0016
0022
0024
0016
0014
0014
0002
0014
0002
0002
0025
001D
0025
0026
0014
0022
0014
0014
0002
0014
0014
0002
0014
0245
0016
0014
0014
02A3
0002
0014
0014
0014
0014
0014
0026
002A
0012
0027
0014
00AC
0014
0002
0014
0014
0014
0002
0018
002C
002D
0027
0014
002E
0014
0014
0014
0002
0014
0002
0022
0247
0030
0027
0014
00AC
0002
0014
0002
0014
0014
0002
0031
0032
0395
0034
0014
0014
036E
0037
017D
0396
00FF
00B2
0397
0034
00B4
0014
0322
00B6
02A8
0398
0399
00BA
02EF
0284
0045
0046
0047
0323
039A
039B
019A
010C
004D
004E
004F
0050
01F2
0052
01F3
0112
00C2
0056
039C
0058
004F
0014
0371
01F6
0355
039D
0031
0137
005F
0101
0061
0014
0062
0063
00CD
00CE
0062
0067
0068
01FB
006A
006B
006C
006D
006E
006F
0190
00D5
0072
00D7
0074
0014
0123
02C0
0193
00DA
0079
0014
0195
007C
0014
0014
007D
007E
025F
0080
00DF
0082
02C2
0084
0085
0014
0163
0164
0088
0089
008A
008B
039E
008D
0035
0014
02C4
008F
0090
0091
0092
0093
039F
02C6
0085
0014
0378
0166
02C7
03A0
02C8
0002
0266
0004
009E
0006
00A0
033E
0009
0212
000B
000C
037A
000E
0173
0018
002C
0019
0013
0014
026C
0014
0002
0002
0014
0014
0014
0016
0023
0012
0018
0014
0019
0002
0014
0014
0014
0014
0014
0023
001B
0016
001D
001E
0025
0002
0002
0014
0002
0002
0014
001A
001D
0016
00F3
0014
0010
0002
0014
0014
0014
0014
0014
001C
001A
0014
0014
0014
0012
0014
0002
0014
0014
0014
0014
0021
001A
0025
0027
0014
0016
0014
0002
0014
0014
0014
0014
0016
00F3
0010
0027
0014
0025
0014
0014
0014
0014
0014
0002
0025
0012
0025
0026
0014
0019
0002
0014
0014
0014
0014
0014
0027
01B3
02EB
0014
0014
0029
0002
0014
0014
0014
0014
0014
0026
03A1
0342
0026
0013
00F6
0014
0014
0014
0014
0014
0014
0026
03A1
002D
0014
0014
0271
0014
0014
0014
0014
0014
0014
0022
00A8
0030
0018
0014
00AC
0002
0014
0002
0014
0014
0002
018C
00F8
01B5
0093
0035
0014
0036
017C
03A2
0275
003A
003B
003C
0101
0002
0014
0347
0348
003F
0040
0041
0042
03A3
0044
0045
0046
0220
0048
03A4
03A5
034D
004C
010D
0380
0061
0014
01C0
027C
01C2
0054
0227
0056
0057
0014
0014
0014
0059
005A
03A6
01C7
0228
005E
0229
0060
0096
0014
00CC
03A7
0064
022C
00CF
00D0
0254
0069
0085
0014
0368
03A8
03A9
03AA
00D4
0071
015C
0073
0074
0014
035D
03AB
0388
0125
032E
007A
02E1
0361
0014
0014
010B
03AC
0233
03AD
0081
00B2
0083
0363
0085
0050
0086
0087
03AE
0238
03AF
01A0
008C
038D
0014
0014
038E
0206
03B0
01DC
0092
0137
0094
0095
0096
0014
00E5
0098
0099
009A
0001
0002
009C
020E
03B1
01E2
03B2
0008
03B3
0391
02E9
01E6
03B4
03B5
0243
0010
0011
0012
0014
0014
0019
0014
0002
0014
0014
0014
0014
0026
0394
001D
0013
0014
00F6
0002
0002
0014
0002
0002
0002
001A
0023
001C
001D
0018
0016
0014
0002
0002
0002
0002
0014
0023
001D
001F
001E
0020
001A
0002
0014
0002
0014
0014
0014
001E
026D
03B6
001E
0014
03B7
0014
0014
0014
0014
0002
0014
0025
001B
0021
0022
0014
0025
0014
0002
0014
0002
0002
0014
0023
0019
0016
0022
0024
0016
0014
0014
0002
0002
0002
0002
0025
001D
0010
0027
0014
0022
0014
0014
0002
0014
0014
0002
0014
0245
0016
0014
0014
0246
0014
0014
0014
0014
0014
0014
0026
002A
0021
0027
0014
00AC
0014
0002
0014
0014
0014
0002
0018
002C
0010
0027
0014
002E
0014
0014
0014
0002
0014
0002
0026
0247
0016
0027
0014
00F6
0014
0014
0014
0014
0014
0002
0059
0032
0395
0034
0014
0014
01E9
00B0
017D
0396
00AE
00B2
03B8
0034
00B4
0014
0322
00B6
02A8
02A9
02FA
021E
0043
0284
0184
00C9
0036
0323
03B9
03BA
00D1
010C
004D
004E
004F
0050
019F
02F2
01F3
03BB
02DA
0114
03BC
03BD
004F
0014
00C4
03BE
03BF
03C0
00C8
0137
005F
0101
0061
0014
0119
03C1
03C2
00CE
022A
0067
0068
01FB
006A
006B
011E
006D
006E
006F
0190
00D5
0072
00D7
0192
0014
0123
02C0
0193
00DA
028A
0014
0195
007C
0014
0014
007D
007E
025F
0080
00DF
0082
03C3
0084
0085
0014
0163
03C4
0088
03C5
019A
008B
03C6
008D
0035
0014
02C4
0377
0207
03C7
01CC
0093
020A
02C6
0085
0014
0378
03C8
03C9
03CA
01E0
0002
009C
020E
0005
009F
00A0
0008
029C
00EE
03CB
01E6
00EF
000E
03CC
0026
0174
0012
0014
0014
00F6
0014
0002
0002
0014
0014
0014
0016
0017
0019
0014
0014
0019
0002
0002
0014
0002
0002
0002
001F
001B
0016
001D
0018
0021
0002
0002
0002
0002
0002
0014
0023
001E
001F
0020
0020
0010
0014
0014
0002
0014
0014
0014
001C
0023
0021
0018
0014
0019
0014
0014
0014
0014
0002
0014
0021
001B
0014
0014
0014
001D
0014
0002
0014
0002
0014
0014
0010
00F3
0016
0018
0024
0012
0014
0014
0002
0014
0002
0002
0025
001D
0025
0027
0014
0022
0014
0014
0002
0014
0014
0002
0027
0028
0016
0014
0014
00F5
0014
0014
0014
0014
0014
0014
0026
03CD
0021
0026
0013
002B
0014
0002
0014
0014
0014
0002
0018
002C
0010
0013
0014
002E
0014
0014
0014
0002
0014
0002
0022
00F7
0016
0014
0014
00AC
0002
0014
0002
0014
0014
0002
0338
00F8
0300
00FA
0014
0014
021B
03CE
00FD
00FE
01E8
003B
003C
0046
0014
0014
01EC
003E
0104
0183
0041
0042
0043
0107
0045
00C9
01F0
03CF
0049
004A
004B
010C
0074
004E
0122
0050
01A6
00C0
03D0
0226
0055
0056
01F5
0324
00B4
0014
00C4
01F6
0116
005C
005D
005E
005F
0014
0014
0014
0062
01F8
0064
0065
0086
0067
0068
01FB
00CB
006B
006C
006D
015A
022F
0121
0071
0072
0073
0288
0014
0123
02C0
0077
00DA
0079
007A
007B
03D1
0014
0014
007D
02FB
03D2
03D3
0081
0082
012B
01FB
0085
0050
0086
03D4
0314
03D5
0113
008B
03D6
0132
0035
0014
0315
008F
03D7
03D8
0209
0137
0138
02C6
0014
0014
0097
0098
03C9
03D9
023C
0002
0266
0004
03DA
0006
03DB
00A1
0009
031D
03DC
000C
0241
0242
03DD
0010
001C
0015
0013
0014
0015
0014
0002
0002
0014
0014
0014
0026
00A9
0012
0018
0014
0176
0002
0014
0014
0014
0014
0014
001A
0010
001C
0022
001E
0016
0014
0002
0014
0002
0002
0014
001A
001D
0016
001E
0014
001A
0002
0014
0014
0014
0014
0014
0015
001A
0025
001E
0014
0021
0014
0002
0014
0014
0014
0014
0026
03DE
0342
0022
0014
03DF
0014
0002
0014
0014
0002
0014
0023
0019
0010
0022
0014
0016
0014
0014
0014
0002
0002
0002
0012
0012
0010
0026
0014
0019
0002
0014
0014
0014
0014
0014
0027
031F
0216
0014
0014
00AB
0002
0014
0014
0014
0014
0014
0027
0320
0342
0027
0014
0271
0014
0014
0014
0014
0014
0014
0026
026E
002D
0027
0014
0271
0014
0014
0014
0014
0014
0014
0026
002F
0030
0018
0014
00F6
0014
0014
0014
0014
0014
0014
01E8
0032
0033
0034
0035
0014
0036
017C
0038
0039
003A
00C9
03E0
0034
0002
0014
003D
03E1
024C
03E2
0399
00BA
0148
0044
004F
0046
0036
014A
03E3
03E4
014D
004C
004D
0380
004F
0014
01C0
027C
0053
0054
024D
01F4
0057
0058
004F
0014
0059
005A
03E5
00C7
034D
03E6
00CA
03E7
0061
0014
01C8
01C9
03E8
03E9
00CF
022D
014E
0069
006A
0014
01C4
02DD
018E
03EA
0258
01FD
015C
0287
0074
0014
035D
0076
01FF
03EB
03EC
006B
03ED
03EE
0014
0014
010B
02E2
007F
03EF
00DF
0235
00E0
03F0
0085
0014
008E
00E1
03F1
0089
019A
01A0
00E2
008D
0035
0014
021B
0292
0090
0091
0228
0093
00E3
0095
0096
0014
00E5
0263
0099
01DF
0001
0002
0003
03F2
03F3
03F4
03F5
0008
03F6
000A
01AF
03F7
0241
00F0
000F
0010
001C
0012
0014
0014
001D
0014
0014
0002
0014
0014
0014
0016
001A
0012
0027
0014
0019
0002
0002
0014
0002
0014
0002
001A
001B
0016
001D
0018
0021
0002
0002
0014
0002
0002
0014
0023
001D
001F
001E
0020
001A
0014
0014
0002
0014
0014
0014
001C
001C
0021
001E
0014
0021
0014
0002
0014
0014
0002
0014
0021
001B
0012
0022
0014
0016
0014
0002
0014
0002
0014
0014
0016
00F3
0010
0018
0014
0012
0014
0014
0002
0002
0014
0014
0012
001D
0025
0026
0014
0022
0014
0014
0014
0014
0014
0002
0027
026D
02EB
0014
0014
00F5
0014
0014
0014
0014
0014
0014
0026
03F8
0342
0013
0014
026F
0014
0014
0014
0014
0014
0014
0026
03F9
03FA
0013
0014
002E
0014
0014
0014
0002
0014
0014
0022
0247
0030
0014
0014
002B
0014
0014
0014
0014
0014
0014
01E8
0032
03FB
00FA
0014
0014
00E5
0037
03FC
02A6
02AA
003B
03FD
0034
0002
0014
03FE
021F
03FF
0400
0401
021E
0402
0107
0045
0046
0108
0055
0403
0404
024D
014F
014E
010E
0074
0050
01F2
0225
02B1
02B2
0405
0056
0057
0060
004F
0014
0406
01C5
0407
01F7
00C8
0250
01D0
0060
0061
0014
0189
01F8
0408
0409
01FA
01BC
0068
011D
0085
0014
018C
02BD
01CE
022F
035C
0071
02DE
00D7
0074
0014
0075
0310
040A
040B
032E
007A
0360
0330
0014
0014
00DD
02FB
040C
040D
00DF
00B2
012B
040E
0085
0014
0086
0203
040F
0410
008A
01A0
03D6
0411
0035
0014
02C4
0206
0412
0208
0092
0093
0138
0095
0014
0014
0097
0166
0413
009A
0414
0002
0415
0416
009E
0006
0007
00A1
0009
0417
000B
000C
0418
01B1
01B2
0026
0174
0015
0013
0014
026C
0014
0002
0014
0014
0014
0014
00F3
0175
0015
0018
0014
002E
0002
0014
0014
0014
0002
0014
0010
001C
001C
001D
001E
0016
0014
0002
0002
0002
0002
0014
001A
0019
0016
0022
0014
0010
0002
0014
0014
0014
0014
0014
0021
001A
0025
0022
0014
0012
0014
0014
0014
0014
0014
0014
0021
001C
0021
0027
0014
001D
0014
0002
0014
0014
0002
0014
0023
0019
0016
0022
0024
0016
0014
0014
0002
0014
0002
0002
0025
0012
0010
0027
0014
0019
0002
0014
0002
0014
0014
0002
0014
0245
0016
0014
0014
02A3
0002
0014
0014
0014
0014
0014
0026
0419
0012
0026
0013
041A
0014
0002
0014
0014
0014
0002
0018
041B
0010
0027
0014
041C
0014
0014
0014
0014
0014
0002
0026
041D
0021
0018
0014
041E
0002
0014
0002
0014
0014
0002
0031
00F8
0272
0034
0035
0014
0036
0248
0038
0275
00FF
0156
036F
0101
00B4
0014
003D
0303
041F
0040
0041
0042
0043
0044
0184
00B2
0047
0420
0049
004A
034D
004C
004D
004E
004F
0014
01C0
0421
0422
0054
0113
027E
01F5
0058
00B4
0014
0371
0325
005B
0356
0117
005E
005F
00E4
0085
0014
00CC
0251
0064
0065
0066
0067
0254
0069
006A
006B
0329
0285
006E
0423
0070
00D5
0072
0073
0192
0014
0123
0424
0077
0125
0425
0014
0195
0191
0014
0014
025E
0426
0427
0428
024D
0082
00E0
0429
0085
0050
008E
0087
042A
042B
042C
008B
00E2
042D
0035
0014
021B
0316
03B0
042E
0136
0046
00E3
00E4
0096
0014
00E5
042F
0099
0430
0431
0002
0266
0432
0005
0006
03B2
029B
01E5
000A
0433
000C
0434
0435
000F
0010
02A0
0012
0013
0014
001E
0014
0014
0014
0014
0014
0014
0016
001A
001D
0027
0014
0019
0014
0002
0014
0002
0014
0014
0023
001B
0010
0027
001E
0012
0002
0002
0014
0002
0014
0014
0023
001D
001F
0022
0020
001A
0014
0014
0002
0014
0014
0014
001C
001A
0021
001E
0014
0021
0014
0002
0014
0014
0002
0014
0021
001B
001D
0018
0014
0019
0014
0002
0014
0002
0002
0014
0023
0019
0010
0027
0014
0020
0014
0014
0014
0002
0002
0002
0025
001D
0010
0026
0014
0022
0014
0014
0014
0014
0014
0014
0014
026D
0216
0014
0014
0436
0014
0014
0014
0014
0014
0014
0026
002C
0021
0026
0013
00F6
0014
0002
0014
0014
0014
0014
0026
002C
0010
0014
0014
002E
0014
0014
0014
0014
0014
0014
0026
002F
0021
0014
0014
00F6
0002
0014
0002
0014
0014
0002
0223
0032
0437
0034
0035
0014
0399
0438
0439
043A
0237
003B
043B
0034
0096
0014
003D
043C
0104
043D
00B9
043E
0148
02AD
00B4
00B2
0047
00BC
043F
0440
01C4
0441
004D
0442
0192
0050
042C
0443
0444
02B2
02DA
0056
0184
0058
004F
0014
02B5
01EC
0445
02B8
00C8
0156
005F
0101
00CB
0014
0062
0063
0446
0447
01C8
0067
0068
028F
0085
0014
00D1
01CD
02F8
018F
0448
0071
015C
0073
0074
0014
0374
0449
025A
044A
044B
0014
0360
03EE
0014
0014
00DD
0331
044C
044D
044E
00C9
012B
0084
0085
0050
0086
044F
0450
0204
0031
01A0
03D6
008D
0014
0014
0451
0452
0453
0208
011E
0093
0138
00E4
0014
0014
0097
036A
0454
00E8
0001
0002
0003
0004
0455
016D
00A0
0456
0009
0457
000B
02CA
00EF
000E
00F1
0018
00F2
0019
0014
0014
026C
0014
0002
0002
0014
0014
0014
00F3
0175
0012
0018
0014
0176
0002
0002
0014
0014
0002
0002
001A
0023
001C
001D
0018
0016
0014
0002
0002
0002
0002
0014
001A
001D
0016
001E
0014
0010
0002
0014
0014
0014
0014
0014
0015
0023
0012
0022
0014
0012
0014
0014
0014
0014
0002
0014
0021
001B
0021
0022
0014
0016
0014
0002
0014
0014
0014
0014
0021
00F3
0016
0022
0024
0016
0014
0014
0002
0014
0002
0002
0012
0012
0025
0027
0014
0019
0002
0014
0002
0014
0014
0002
0027
002F
0016
0014
0014
00AB
0002
0014
0014
0014
0014
0014
0026
002A
0021
0027
0014
00AC
0014
0002
0014
0014
0014
0002
0018
0270
002D
0027
0014
002E
0014
0014
0014
0002
0014
0002
0022
002C
0030
0018
0014
00AC
0014
0014
0014
0014
0014
0002
0031
00F8
0458
00FA
0014
0014
02CF
0037
0459
01B7
00FF
0156
036F
0101
0002
0014
00C5
003E
024C
0040
0102
0042
0043
0044
0045
0046
00FB
0048
0049
004A
010B
004C
010D
004E
004F
0014
01C0
0052
0422
0054
0113
045A
0057
0324
00B4
0014
0059
005A
045B
045C
0117
005E
005F
0060
0061
0014
01BD
011A
0064
0065
0066
00D0
0068
0069
006A
006B
018C
006D
015A
032C
0070
01FD
0072
00D7
0288
0014
0075
0076
045D
0078
028A
007A
0195
045E
0014
0014
0128
007E
045F
03D3
0081
0082
00E0
012C
0085
0014
0163
0087
0460
01D8
0113
008B
00E2
0132
0035
0014
008E
0377
03B0
01DC
0092
0137
00E3
0095
0096
0014
0296
0379
0099
01DF
0001
0002
009C
020E
0461
01E2
03B2
0008
0462
0463
0464
0465
0340
0466
01B2
0026
002C
026D
0014
0014
00F6
0014
0014
0002
0014
0014
0014
0026
00A9
0012
0014
0014
0176
0002
0002
0014
0002
0002
0002
001A
001B
001C
001D
001E
0010
0014
0002
0014
0002
0002
0014
0023
001D
001E
001E
0020
001A
0002
0014
0002
0014
0014
0014
001C
001A
0021
0022
0014
0019
0014
0014
0014
0014
0002
0014
0025
001B
0021
0022
0014
0025
0014
0002
0014
0002
0002
0014
0023
0019
0010
0022
0014
0016
0014
0014
0014
0002
0002
0002
0025
001D
0010
0026
0014
00F3
0014
0014
0002
0014
0014
0002
0014
0467
0177
0014
0014
026F
0014
0014
0014
0014
0014
0014
0027
0217
0216
0013
0014
002E
0014
0014
0014
0014
0014
0014
0026
03A1
002D
0013
0014
0271
0014
0014
0014
0002
0014
0014
0026
0247
0030
0014
0014
00F6
0002
0014
0002
0014
0014
0014
0223
007A
0468
0469
0014
0014
036E
00B0
046A
046B
02FA
00B2
046C
046D
0014
0014
01EF
046E
046F
0470
0471
0472
0043
0284
0184
0046
0108
01F1
0473
0474
00D1
0380
004D
0475
004F
0050
01F2
0150
0476
030B
0477
0056
039C
0058
0002
0014
0223
0478
0479
047A
00C8
0137
005F
0095
0061
0014
047B
01F8
0357
047C
047D
00D0
0068
047E
006A
0014
018C
02BD
047F
006F
0190
00D5
00D6
00D7
0074
0014
0075
0310
0480
00DA
032E
0014
0481
0482
0014
0014
00DD
007E
03D2
03D3
00DF
0235
0483
0484
0085
0014
0128
03C4
0485
0486
019A
01A0
0339
0132
0035
0014
02C4
0452
0487
03D8
00FB
00B2
0488
0095
0014
0014
0097
036A
0489
020B
02C8
0002
0266
0004
0005
0006
00A0
00A1
0009
000A
000B
000C
000D
000E
000F
0010
0011
0022
0013
0014
0015
0014
0002
0002
0014
0014
0014
0016
0017
0015
0018
0014
0019
0002
0014
0014
0014
0014
0014
0023
001F
0016
001D
0014
0016
0002
0002
0002
0002
0002
0014
001A
001D
001F
00F3
0014
0010
0002
0014
0014
0014
0014
0014
0021
0023
0012
001E
0014
0021
0014
0002
0014
0014
0014
0014
0021
001C
0025
0027
0014
0016
0014
0002
0014
0014
0014
0014
0016
00F3
0016
0024
0024
0025
0014
0014
0002
0014
0002
0002
0012
0012
0025
0027
0014
0019
0002
0014
0014
0014
0014
0014
0027
0028
0016
0014
0014
0029
0002
0014
0014
0014
0014
0014
0026
002A
0021
0026
0013
002B
0014
0002
0014
0014
0014
0002
0018
002C
0010
0027
0014
002E
0014
0014
0014
0014
0014
0002
0022
00A8
0021
0018
0014
00AC
0014
0014
0014
0014
0014
0002
0031
0032
0033
048A
0035
0014
0036
0248
0146
0039
003A
003B
003C
0034
0002
0014
003D
01BA
003F
0040
0041
0042
0148
0044
0045
0014
0047
0048
048B
037F
010B
004C
014E
004E
0002
0014
01C0
027C
0053
0054
0130
027E
0057
046D
004F
0014
0371
0325
048C
01C7
0228
005E
005F
0060
0096
0014
00CC
01C9
0064
022C
0066
0067
0068
0069
00CB
006B
0368
048D
048E
0286
00D4
0071
0072
0073
0122
0014
0123
03AB
048F
0125
028A
007A
007B
007C
0014
0014
0128
0375
007F
03EF
0081
0082
0083
0084
0085
0050
008E
0087
0088
0089
0130
008B
008C
008D
0035
0014
021B
01DA
0090
0091
0136
0093
0094
005E
0096
0014
00E5
0297
0099
01DF
0001
0002
009C
020E
0490
0006
03B2
0008
02E7
000A
0141
000C
0142
0491
000F
0010
0016
0012
0013
0014
001E
0014
0014
0014
0014
0014
0014
0016
001A
001D
0014
0014
0019
0002
0002
0014
0002
0002
0002
001A
001B
001C
001D
001E
0021
0002
0002
0014
0002
0002
0014
0023
001D
001F
001E
0020
0010
0014
0014
0002
0014
0014
0014
001C
001A
0021
001E
0014
0021
0014
0014
0014
0014
0002
0014
0021
001B
0021
0022
0014
0025
0014
0002
0014
0002
0002
0014
0023
0019
0010
0022
0014
0016
0014
0014
0014
0002
0002
0002
0025
001D
0010
0026
0014
0022
0014
0014
0002
0014
0014
0002
0014
026D
0216
0014
0014
0436
0014
0014
0014
0014
0014
0014
0027
03A1
0218
0024
0014
00F6
0014
0014
0014
0014
0014
0014
0026
03A1
0492
0014
0014
0271
0014
0014
0014
0002
0014
0014
0026
0247
0016
0014
0014
00F6
0002
0014
0002
0014
0014
0014
0493
0032
0494
0034
0035
0014
00FB
00B0
0495
0496
0237
003B
0497
0034
0014
0014
003D
00B6
0104
0498
035D
021E
0043
0149
0184
00B2
0036
00BC
0499
0474
00D1
0380
004D
0475
004F
0050
01F2
0150
0444
02B2
02DA
0056
02F4
0058
004F
0014
02B5
0106
049A
03C0
00C8
0156
005F
0101
0061
0014
0189
0063
049B
047C
049C
00D0
0068
028F
006A
0014
049D
02BD
047F
006F
0448
0071
00D6
0073
0074
0014
01FE
02C0
025A
00DA
015F
0014
049E
03EE
0014
0014
00DD
007E
025F
0080
00DF
0235
049F
03F0
0085
0014
0086
04A0
0450
04A1
0031
01A0
03D6
04A2
0014
0014
01A2
0452
0453
0208
01CC
0093
0138
0165
0014
0014
0097
036A
04A3
0168
02C8
0002
0266
0004
0005
016D
00A0
01E4
0009
04A4
000B
0214
04A5
000E
026B
0026
00F2
0019
0014
0014
026C
0014
0002
0002
0014
0014
0014
00F3
0175
0012
0018
0014
00F6
0002
0014
0014
0014
0014
0014
0023
0023
0016
001D
0026
0016
0014
0002
0002
0002
0002
0014
001A
001D
0016
00F3
0014
001A
0002
0014
0014
0014
0014
0014
001D
0023
0012
0018
0014
0012
0014
0002
0014
0014
0014
0014
0021
0023
0025
0018
0014
0016
0014
0002
0014
0014
0014
0014
0016
00F3
0016
0018
0024
0025
0014
0014
0002
0014
0002
0002
0012
0012
0025
0027
0014
0019
0002
0014
0014
0014
0014
0014
0027
0245
0016
0014
0014
02A3
0002
0014
0014
0014
0014
0014
0026
002A
0021
0026
0013
00AC
0014
0002
0014
0014
0014
0002
0018
002C
002D
0027
0014
002E
0014
0014
0014
0014
0014
0002
0022
00A8
0030
0018
0014
00AC
0014
0014
0014
0014
0014
0002
0031
00F8
04A6
003B
0014
0014
01C8
017C
04A7
0275
00FF
0156
036F
0101
0002
0014
00C5
01BA
024C
0040
0041
0042
02A4
0044
0045
0046
0220
0048
048B
04A8
010B
004C
010D
004E
0122
0014
027B
027C
0422
0054
0113
0114
0057
02AB
00B4
0014
0059
005A
048C
04A9
0117
005E
0229
0060
0096
0014
00CC
011A
0064
022C
0066
0067
0068
0069
00CB
006B
006C
011F
032B
0286
0070
01FD
0072
0287
0288
0014
0075
0424
0289
04AA
028A
007A
0195
04AB
0014
0014
025E
0375
028D
03AD
0081
0082
00E0
028F
0085
0050
0163
0087
04AC
0238
0130
008B
039E
0132
0035
0014
008E
01DA
03B0
01DC
0092
0137
04AD
0095
0096
0014
0296
0297
0099
01DF
023C
0002
00EA
02FD
04AE
01E2
023E
04AF
02E7
031D
0392
04B0
04B1
04B2
0243
0010
001C
0012
0014
0014
001E
0014
0014
0014
0014
0014
0014
0026
00A9
001D
0027
0014
0176
0014
0002
0014
0002
0014
0014
0015
001A
0021
001D
0014
0025
0014
0002
0014
0002
0002
0014
0023
001D
001F
0022
0020
001A
0014
0014
0002
0014
0014
0014
001C
0021
0021
001E
0014
0021
0014
0002
0014
0014
0002
0014
0026
04B3
0015
0022
0014
04B4
0014
0002
0014
0002
0014
0014
0023
0019
0010
0018
0014
0016
0014
0014
0014
0002
0002
0002
0025
001D
0010
0026
0014
0022
0014
0014
0014
0014
0014
0014
0027
002F
0012
0014
0014
04B5
0014
0014
0014
0014
0014
0014
0026
002A
0012
0013
0014
00AC
0014
0014
0014
0014
0014
0014
0018
00AD
0025
0013
0014
002E
0014
0014
0014
0014
0014
0014
0022
0247
0015
0014
0014
002B
0002
0014
0002
0014
0014
0002
01E8
0032
04B6
0034
0014
0014
0401
04B7
04B8
04B9
003A
00B2
04BA
0034
0002
0014
00B5
04BB
04BC
04BD
035D
04BE
0148
02F9
0045
0014
0036
00BC
04BF
04C0
019A
0380
004D
0132
0192
0050
042C
0186
02F3
0188
02B3
0056
04C1
0058
004F
0014
0371
01F6
04C2
02B8
00C8
03E6
00CA
0101
0061
0014
0189
01C9
04C3
0409
04C4
00D0
0068
028F
00B4
0014
04C5
048D
04C6
035B
0448
00D5
0072
0073
0074
0014
0374
04C7
025A
04C8
0126
006B
0195
007C
0014
0014
00DD
04C9
04CA
04CB
00DF
0082
04CC
0084
0085
0014
0086
04CD
0088
03C5
008A
008B
0260
008D
0035
0014
0451
04CE
0207
04CF
01A6
0093
01A7
04D0
0014
0014
0097
04D1
04D2
04D3
04D4
0002
0003
0319
0005
0006
0007
04D5
0009
04D6
0213
029E
04D7
01B1
0173
0026
00F2
0019
0013
0014
026C
0014
0002
0002
0014
0014
0014
0016
0017
0012
0018
0014
0019
0002
0002
0014
0014
0002
0002
001A
001B
001C
001D
001E
0016
0002
0002
0002
0002
0002
0014
001A
001D
0016
001E
0014
0010
0002
0014
0014
0014
0014
0014
0015
001A
0012
0022
0014
0012
0014
0014
0014
0014
0002
0014
0021
001B
0021
0027
0014
0016
0014
0002
0014
0014
0002
0014
0016
00F3
0016
0022
0024
0016
0014
0014
0002
0014
0002
0002
0012
0012
0010
0027
0014
0019
0002
0014
0002
0014
0014
0002
0027
01B3
00F4
0014
0014
0029
0002
0014
0014
0014
0014
0014
0026
01B4
0021
0026
0013
00F6
0014
0002
0014
0014
0014
0002
0026
01B4
002D
0027
0014
002E
0014
0014
0014
0002
0014
0002
0018
00A8
0030
0018
0014
002E
0014
0014
0014
0014
0014
0002
0031
00F8
02CD
02CE
0035
0014
0036
0037
04D8
04D9
02D1
003B
003C
0101
00B4
0014
0347
003E
003F
0040
0041
0042
0043
0044
0184
0046
0220
0048
0049
004A
010B
004C
010D
004E
004F
0014
01C0
0225
04DA
04DB
0113
027E
0057
0324
00B4
0014
0223
005A
045B
045C
0228
005E
005F
0060
0096
0014
00CC
01F8
0064
0065
0066
0067
0068
0069
006A
006B
006C
032A
022E
032C
0070
0071
00D6
00D7
0288
0014
0075
0076
0289
0078
032E
007A
0360
0232
0014
0014
025E
02E2
0233
0428
0081
00B2
0083
01FB
0085
0050
0163
0087
03AE
0238
01E8
00C9
008C
0132
0035
0014
008E
008F
03B0
01DC
0092
00C9
0094
0095
0096
0014
00E5
0098
0099
020B
01AA
0002
00EA
0004
04DC
016D
00EC
0008
0009
0212
000B
04DD
00EF
04DE
02CC
0018
002C
0015
0014
0014
026C
0014
0002
0002
0014
0014
0014
0016
001A
0012
0018
0014
0019
0002
0014
0014
0014
0002
0002
001A
0023
001C
001D
001E
0016
0014
0002
0014
0002
0002
0014
001A
001D
0016
001E
0014
0010
0002
0014
0014
0014
0014
0014
001D
001A
0012
0022
0014
0012
0014
0014
0014
0014
0002
0014
0021
001B
0021
0022
0014
0025
0014
0002
0014
0014
0002
0014
0023
0019
0010
0018
0014
0025
0014
0014
0014
0014
0014
0002
0025
001D
0010
0027
0014
00F3
0014
0014
0014
0014
0014
0002
0027
026D
04DF
0014
0014
00F5
0014
0014
0014
0014
0014
0014
0026
0320
0177
0027
0014
026F
0014
0014
0014
0014
0014
0014
0026
026E
0021
0027
0014
0271
0014
0014
0014
0002
0014
0014
0018
00A8
0021
0018
0014
002E
0014
0014
0014
0014
0014
0014
018C
00F8
04E0
00FA
0014
0014
0273
017C
04E1
04E2
003A
003B
04E3
0101
0002
0014
04E4
04E5
04E6
04E7
01EF
0042
04E8
0044
0184
00B2
00FB
014A
04E9
04EA
0059
04EB
010D
010E
004F
0014
027B
027C
04EC
04ED
010F
0114
01F5
032D
0096
0014
0059
005A
04EE
04EF
02C4
005E
04F0
0060
0061
0014
02CF
04F1
04F2
04F3
01FA
0358
0068
0359
0085
0014
01CC
0285
04F4
04F5
01FC
0071
0072
04F6
0288
0014
0075
0310
04F7
035F
028A
007A
007B
04F8
0014
0014
0075
007E
0129
0312
00DF
00B2
04F9
04FA
0085
0014
04FB
0336
012E
04FC
01CC
01A0
04FD
038D
0035
0014
0401
0292
04FE
04FF
0136
00B2
0500
0095
0096
0014
00E5
0297
0501
0502
01E0
0002
009C
0503
0005
0006
0504
0505
0506
0507
0508
029E
0509
000E
000F
0010
0011
0012
0013
0014
001D
0014
0002
0014
0014
0014
0014
0026
0394
001D
0027
0014
00F6
0014
0002
0014
0002
0014
0014
0021
001B
0010
001D
0026
0021
0002
0002
0002
0002
0014
0014
0023
001D
001F
00F3
0020
001A
0014
0014
0002
0014
0014
0014
001C
0023
0021
001E
0014
0021
0014
0002
0014
0014
0002
0014
0026
050A
0019
0018
0014
00F4
0014
0002
0014
0002
0014
0014
0021
001E
0016
0022
0024
0016
0014
0014
0002
0002
0002
0002
0014
026D
050B
0026
0014
0176
0002
0014
0002
0014
0014
0002
0014
0245
0016
0014
0014
02A3
0002
0014
0014
0014
0014
0014
0026
002A
0021
0026
0013
00AC
0014
0002
0014
0014
0014
0002
0018
002C
002D
0013
0014
002E
0014
0014
0014
0014
0014
0002
0022
0145
0030
0014
0014
002B
0002
0014
0002
0014
0014
0002
0031
0032
0033
0034
0035
0014
0108
0037
0038
0039
01E8
00B2
050C
0034
0096
0014
003D
003E
050D
01BB
00B9
0305
0043
01BC
0045
0046
0047
03CF
050E
050F
004B
004C
004D
004E
0061
0050
01F2
0225
0053
00C1
0405
0056
0057
0058
004F
0014
02B5
02B6
03E5
005C
0031
0137
0510
0101
0096
0014
0062
0063
0511
0512
0066
0067
0068
0069
006A
006B
006C
032A
015A
006F
0070
0014
0513
0514
0074
0014
0123
0076
0077
0078
032E
0014
025D
007C
0014
0014
007D
0331
007F
0080
0081
0082
02C2
0084
0085
0050
0163
0087
0088
0089
008A
008B
02C3
008D
0035
0014
008E
008F
0090
0091
0092
0093
0515
00E4
0014
0014
0097
0166
02C7
0516
02C8
0002
00EA
0004
009E
016D
0007
0008
0517
000A
000B
04DD
000D
0172
0243
0010
001C
0015
0014
0014
0015
0014
0002
0002
0014
0014
0014
0016
001C
0012
0018
0014
0019
0002
0014
0014
0014
0014
0002
001A
0010
001C
0018
001E
0016
0014
0014
0014
0002
0002
0014
001A
001D
0021
001E
0014
0010
0002
0014
0014
0014
0014
0014
001D
001A
001D
001E
0014
0021
0014
0002
0014
0014
0002
0014
0021
001B
0021
0027
0014
0016
0014
0002
0014
0014
0002
0014
0023
00F3
0010
0027
0014
0025
0014
0014
0014
0014
0014
0002
0025
001D
0010
0027
0014
00F3
0014
0014
0014
0014
0014
0014
0027
026D
04DF
0014
0014
00F5
0014
0014
0014
0014
0014
0014
0026
0320
0177
0026
0013
026F
0014
0014
0014
0014
0014
0014
0026
026E
0010
0027
0014
0271
0014
0014
0014
0002
0014
0014
0018
0270
0021
0018
0014
002E
0014
0014
0014
0014
0014
0014
018C
0032
03FB
00FA
0014
0014
0273
00FC
03FC
0518
00FF
003B
043B
0034
0002
0014
0519
051A
051B
051C
0041
0042
0148
0044
0002
00B2
0036
02D2
051D
051E
034D
051F
014E
010E
0074
0014
027B
0520
0521
04ED
0227
0522
0057
046D
004F
0014
0059
0115
0523
0524
0117
005E
005F
0060
0096
0014
02CF
0525
0526
0527
01FA
0358
0528
011D
0085
0014
0529
052A
03A9
04F5
035C
0071
015C
01FB
0192
0014
01FE
052B
052C
035F
02E0
007A
052D
052E
0014
0014
00DD
052F
0530
044D
0081
00B2
04F9
0531
0085
0050
0315
012D
0532
0204
01CC
01A0
0533
008D
0035
0014
00E5
0534
0535
0536
0136
0093
0500
0095
0096
0014
0537
0538
0539
053A
0001
0002
0003
020E
00EB
0006
053B
0505
01E5
053C
053D
029E
053E
0143
03CC
0026
0174
0012
0013
0014
00F6
0014
0002
0014
0014
0014
0014
0026
0394
001E
0014
0014
00F6
0014
0002
0014
0002
0002
0014
0016
001B
0021
001D
0026
0021
0002
0002
0002
0002
0014
0014
0023
00F3
001F
00F3
0020
001A
0014
0014
0002
0014
0014
0014
001C
0016
0021
0022
0014
001D
0014
0014
0014
0014
0002
0014
0026
02A2
0019
0022
0014
02EB
0014
0002
0014
0002
0014
0014
0016
0019
0016
0022
0024
0016
0014
0014
0002
0002
0002
0002
0014
026D
050B
0026
0014
0176
0002
0014
0002
0014
0014
0002
0014
0245
0016
0014
0014
02A3
0002
0014
0014
0014
0014
0014
0026
03CD
0021
0013
0014
00AC
0014
0002
0014
0014
0014
0002
0018
01B4
002D
0013
0014
002E
0014
0014
0014
0014
0014
0002
0022
002F
0030
0014
0014
002B
0002
0014
0002
0014
0014
0002
014D
00F8
053F
0034
0035
0014
0108
00B0
0038
0540
00B1
00B2
0541
0305
0014
0014
0347
0542
0543
0544
0399
0305
0043
0545
0045
0046
01F0
0538
0546
0547
019A
004C
004D
004E
004F
0050
01F2
02F2
0548
0549
02B3
0056
00C3
0058
0002
0014
02B5
01C5
00C6
0372
00C8
0137
0510
02AB
0061
0014
0062
01F8
054A
054B
0066
0067
0068
0069
006A
006B
006C
006D
006E
006F
0070
0014
054C
0514
0074
0014
0075
0076
0077
0078
0079
0014
0195
03D1
0014
0014
0128
0426
0198
0199
00DF
0082
02C2
054D
0085
0014
0086
0164
054E
054F
008A
008B
02C3
0132
0035
0014
008E
008F
0550
0551
0092
0137
02C5
00E4
0014
0014
0097
0166
02C7
00E8
01AA
0002
016A
0004
0552
016D
0007
0267
0009
02C9
000B
0553
0554
000E
02CC
0018
01B4
0019
0014
0014
026C
0014
0002
0002
0014
0014
0014
0016
001A
0012
0018
0014
0019
0002
0014
0014
0002
0002
0002
001A
0023
001C
001D
001E
0016
0014
0002
0014
0002
0002
0014
001A
001D
0016
001E
0014
0010
0002
0014
0014
0014
0014
0014
0018
001A
0019
0022
0014
0012
0014
0014
0014
0014
0002
0014
0021
001B
0021
0022
0014
0016
0014
0002
0014
0014
0002
0014
0023
0019
0010
0018
0014
0025
0014
0014
0014
0014
0014
0002
0025
0012
0010
0027
0014
0019
0002
0014
0014
0014
0014
0002
0027
01B3
0216
0014
0014
0029
0002
0014
0014
0014
0014
0014
0026
0320
0216
0027
0014
026F
0014
0014
0014
0014
0014
0014
0026
026E
002D
0027
0014
0271
0014
0014
0014
0002
0014
0014
0022
00A8
0030
0018
0014
00AC
0014
0014
0014
0014
0014
0014
01E8
00F8
02CD
02CE
0014
0014
02CF
017C
0274
0275
017F
003B
0276
0101
0002
0014
04E4
01BA
003F
0040
01EC
0042
0555
0044
0045
0046
00FB
0048
0556
0557
010B
004C
010D
0380
004F
0014
027B
027C
01C2
0054
0113
008B
0057
02D6
0096
0014
0059
005A
0558
0559
0117
005E
0281
0060
0061
0014
02CF
011A
055A
055B
00CF
0284
0068
0069
0085
0014
018C
0285
018E
0387
0070
0071
0072
01FB
0288
0014
035D
0076
055C
0125
028A
007A
007B
055D
0014
0014
010B
0197
028D
0234
0081
00B2
0083
055E
0085
0014
008E
0087
03AE
0238
0130
01A0
008C
0132
0035
0014
021B
0292
03B0
01DC
0092
0137
0094
0095
0096
0014
0296
0297
0099
01DF
0298
0002
009C
0503
0005
0006
029A
029B
0506
055F
0141
000C
0560
0561
000F
0010
0011
0012
0013
0014
001E
0014
0002
0014
0014
0014
0014
0026
0394
001D
0027
0014
002E
0014
0002
0014
0014
0014
0014
001E
0562
0021
0027
0014
026D
0002
0002
0002
0002
0014
0014
0023
001D
001F
0022
0020
001A
0014
0014
0002
0014
0014
0014
001C
0025
0021
001E
0014
0021
0014
0002
0014
0014
0002
0014
0026
02A2
0019
0018
0014
002B
0014
0002
0014
0002
0014
0014
0010
001E
0016
0022
0024
0016
0014
0014
0002
0002
0002
0002
0012
001D
0025
0026
0014
0022
0014
0014
0002
0014
0014
0002
0014
0245
0016
0014
0014
0563
0014
0014
0014
0014
0014
0014
0026
002A
0021
0026
0013
00AC
0014
0002
0014
0014
0014
0002
0018
002C
0010
0013
0014
002E
0014
0014
0014
0014
0014
0002
0026
0247
0016
0014
0014
00F6
0002
0014
0002
0014
0014
0002
014D
0032
0395
0034
0035
0014
0108
00B0
017D
0396
00B1
00B2
02A7
0034
0096
0014
003D
00B6
02A8
02A9
00B9
02AB
0564
0060
00CB
0014
0047
00BC
0565
0566
019A
010C
004D
004E
0061
0050
01F2
0150
01F3
03BB
02DA
0056
0567
0058
004F
0014
02B5
0106
03BF
0568
00C8
0137
0569
0101
00CB
0014
0062
0063
056A
02BB
00CC
0067
0068
01FB
006A
006B
0329
02BD
015A
006F
02BF
02F9
00D6
0073
0074
0014
0123
02C0
02C1
00DA
00DB
0014
025D
007C
0014
0014
007D
007E
025F
0080
00DF
0082
03C3
0084
0085
0050
0086
056B
0088
04A1
0031
008B
056C
008D
0035
0014
02C4
008F
0207
0208
018C
0093
056D
00E4
0014
0014
0097
00E6
03C9
00E8
01AA
0002
0266
0004
0552
016D
0007
0267
0009
02C9
000B
04DD
056E
01B1
026B
0018
01B4
0019
0014
0014
026C
0014
0002
0002
0014
0014
0014
0016
001A
0012
0018
0014
0019
0002
0014
0014
0014
0014
0002
001A
0021
001C
00F3
001E
0016
0014
0014
0014
0002
0002
0014
001A
001D
0016
001E
0014
0010
0002
0014
0014
0014
0014
0014
0018
050A
00F3
0022
0014
0218
0014
0002
0014
0014
0002
0014
0021
001B
0021
0022
0014
0016
0014
0002
0014
0014
0002
0014
0023
0019
0010
0018
0014
0025
0014
0014
0014
0014
0014
0002
0025
0012
0010
0027
0014
0019
0002
0014
0014
0014
0014
0014
0027
0216
0216
0014
0014
00AA
0002
0014
0014
0014
0014
0014
0026
0320
0216
0027
0014
026F
0014
0014
0014
0014
0014
0014
0026
026E
002D
0027
0014
0271
0014
0014
0014
0002
0014
0014
0018
00A8
0030
0018
0014
002E
0014
0014
0014
0014
0014
0014
01E8
00F8
0272
003B
0014
0014
0273
017C
056F
0275
00FF
003B
0276
0101
0002
0014
04E4
01BA
003F
0040
0102
0042
0277
0044
0278
0046
00FB
0048
0570
027A
010B
004C
010D
0380
004F
0014
027B
027C
01C2
0054
0113
008B
0571
027E
0096
0014
0059
005A
0572
0559
0117
005E
0281
0060
0061
0014
02CF
011A
0573
0527
00CF
0284
0068
0069
0085
0014
018C
0285
018E
0387
0070
0071
0072
0287
0288
0014
0075
0076
0289
0125
028A
007A
007B
028B
0014
0014
010B
028C
028D
0234
0081
00B2
028E
055E
0085
0014
008E
012D
0290
019E
01CC
01A0
0291
0132
0035
0014
021B
0292
0293
0294
0092
00B2
0295
0095
0096
0014
0296
0297
0264
0265
0298
0002
009C
0503
0005
0006
029A
029B
029C
0574
0141
029E
029F
0143
000F
0010
0011
0012
0013
0014
001E
0014
0002
0014
0014
0014
0014
0026
0394
001D
0014
0014
00F6
0014
0002
0014
0002
0002
0014
00F3
02A1
0021
001D
0014
0216
0002
0002
0002
0002
0014
0014
0023
001D
001F
0022
0020
001A
0014
0014
0002
0014
0014
0014
001C
0025
0021
001E
0014
0021
0014
0014
0014
0014
0002
0014
0026
02A2
0019
0018
0014
00AC
0014
0002
0014
0002
0014
0014
0010
001E
0016
0022
0024
0016
0014
0014
0002
0002
0002
0002
0025
001D
0025
0026
0014
0022
0014
0014
0002
0014
0014
0002
0014
0245
0016
0014
0014
02A3
0002
0014
0014
0014
0014
0014
0026
002A
0021
0026
0013
00AC
0014
0002
0014
0014
0014
0002
0018
002C
0010
0013
0014
002E
0014
0014
0014
0014
0014
0002
0022
0247
0016
0014
0014
002B
0002
0014
0002
0014
0014
0002
014D
0032
0395
0034
0035
0014
0108
00B0
017D
0396
00B1
00B2
02A7
0034
0014
0014
003D
00B6
02A8
02A9
00B9
02AB
02AC
02AD
0045
0014
0047
00BC
0575
0576
00BF
010C
004D
004E
0061
0050
01F2
0150
01F3
03BB
02B3
0056
0567
0058
004F
0014
02B5
02B6
03BF
0568
00C8
0137
02B9
0101
0085
0014
0062
0063
02BA
0577
0086
0067
0068
01FB
006A
006B
00D1
02BD
015A
006F
02BF
00D5
00D6
0073
0074
0014
0123
02C0
02C1
00DA
00DB
0014
025D
007C
0014
0014
007D
007E
025F
0080
00DF
0082
02C2
0084
0085
0050
0086
0164
0088
0089
008A
008B
02C3
008D
0035
0014
02C4
008F
0090
0091
0209
0093
0578
02C6
0014
0014
0097
0166
02C7
00E8
02C8
0002
016A
0004
009E
016D
0007
0267
0009
0579
000B
0553
057A
01B1
02CC
0018
03CD
0015
0014
0014
026C
0014
0002
0002
0014
0014
0014
0016
0023
0012
0018
0014
0019
0002
0014
0014
0014
0002
0002
001A
0010
001C
001D
001E
0016
0014
0014
0002
0002
0002
0014
001A
001D
0016
001E
0014
0010
0002
0014
0014
0014
0014
0014
0018
001A
001D
0022
0014
0012
0014
0002
0014
0014
0002
0014
0021
001B
0021
0027
0014
0016
0014
0002
0014
0014
0002
0014
0023
00F3
0010
0018
0014
0025
0014
0014
0002
0014
0002
0002
0025
0012
0010
0027
0014
0019
0002
0014
0014
0014
0014
0002
0027
0216
0177
0014
0014
00AA
0002
0014
0014
0014
0014
0014
0026
0320
0177
0026
0013
026F
0014
0014
0014
0014
0014
0014
0026
026E
0010
0027
0014
0271
0014
0014
0014
0002
0014
0014
0018
00A8
0021
0018
0014
002E
0014
0014
0014
0014
0014
0014
01E8
00F8
057B
02CE
0014
0014
02CF
017C
056F
0275
00FF
003B
0276
0101
0002
0014
04E4
01BA
003F
0040
0041
0042
0277
0044
0184
00B2
00FB
02D2
057C
057D
034D
004C
010D
004E
004F
0014
027B
027C
01C2
0054
0113
008B
0057
02D6
0096
0014
0059
005A
057E
057F
0117
005E
0580
0060
0096
0014
02CF
02DA
0581
0527
00CF
00D0
0068
0069
0085
0014
018C
02DD
03A9
0387
00D4
0071
02DE
01FB
0192
0014
0075
0076
0582
0125
02E0
007A
02E1
0583
0014
0014
00DD
0197
02E3
0234
0081
00B2
028E
055E
0085
0050
008E
02E4
0290
019E
01CC
01A0
02E5
0132
0035
0014
021B
0292
0293
0294
0136
00B2
0295
0095
0096
0014
0296
0297
0264
0265
0001
0002
009C
02E6
00EB
0006
029A
029B
02E7
02E8
02E9
000C
0319
0143
000F
0010
0011
0012
0013
0014
001E
0014
0002
0014
0014
0014
0014
0026
0394
001D
0014
0014
002E
0014
0002
0014
0002
0014
0014
00F3
02A1
0021
001D
0026
0216
0002
0002
0014
0002
0014
0014
0023
001D
001F
0022
0020
001A
0014
0014
0002
0014
0014
0014
001C
0025
0021
001E
0014
0021
0014
0014
0014
0014
0002
0014
0026
02A2
0019
0022
0014
02EB
0014
0002
0014
0002
0014
0014
0025
0019
0016
0022
0024
0016
0014
0014
0002
0002
0002
0002
0012
001D
0025
0026
0014
0022
0014
0014
0002
0014
0014
0002
0014
0245
0016
0014
0014
02A3
0002
0014
0014
0014
0014
0014
0026
002A
0021
0013
0014
00AC
0014
0002
0014
0014
0014
0002
0018
002C
002D
0013
0014
002E
0014
0014
0014
0014
0014
0002
0022
0247
0030
0014
0014
002B
0002
0014
0002
0014
0014
0002
014D
0032
0395
0034
0035
0014
0108
00B0
017D
0396
00B1
00B2
02A7
0034
0014
0014
003D
00B6
02A8
02A9
02AA
02AB
02EF
0060
0045
0046
0047
014A
02F0
0584
00BF
010C
004D
014F
0061
0050
01F2
02F2
01F3
03BB
02B3
0056
0567
0058
004F
0014
02B5
02B6
03BF
0568
00C8
0137
02F6
0101
0061
0014
0062
0063
02F7
0577
0086
0067
0068
01FB
006A
006B
00D1
006D
006E
006F
0190
02F9
0072
0073
0074
0014
0123
02C0
0077
00DA
0079
0014
0195
007C
0014
0014
0128
007E
025F
0080
00DF
0082
02C2
0084
0085
0014
0086
0164
0088
0089
008A
008B
02C3
008D
0035
0014
02C4
008F
0090
0091
0092
0093
02C5
00E4
0014
0014
0097
0166
02C7
00E8
01E0
0002
009C
009D
0005
0006
00A0
013F
0506
0585
000B
029E
00EF
01B1
03CC
0026
00F2
0019
0013
0014
026C
0014
0002
0002
0014
0014
0014
00F3
0175
0019
0018
0014
00F6
0002
0002
0014
0002
0002
0002
0016
001B
001C
001D
0018
0016
0002
0002
0002
0002
0002
0014
0419
001E
0020
0014
0014
001A
0002
0014
0002
0014
0014
0014
001C
0023
0012
0022
0014
0012
0014
0014
0014
0014
0002
0014
0021
001B
0021
0018
0014
0016
0014
0002
0014
0002
0014
0014
0021
00F3
0016
0022
0024
0016
0014
0014
0002
0002
0002
0002
0014
00AB
0586
0014
0014
0436
0002
0014
0002
0014
0014
0002
0014
0587
00F4
0014
0014
02A3
0002
0014
0014
0014
0014
0014
0026
01B4
0021
0026
0013
041E
0014
0002
0014
0014
0014
0014
0026
01B4
002D
0027
0014
002E
0014
0014
0014
0014
0014
0014
0026
002C
0030
0027
0014
00F6
0002
0014
0002
0014
0014
0002
0031
00F8
0588
00FA
0035
0014
0036
0037
021C
01B7
017F
0156
036F
021E
00B4
0014
003D
003E
0589
0040
0041
0042
0043
0044
0184
0046
0047
0420
0049
004A
004B
058A
0278
0332
0014
0014
0051
0052
058B
0054
0055
0056
0057
0324
058C
0014
0371
005A
0116
005C
005D
005E
005F
005E
0096
0014
0062
0063
0064
0065
0066
0067
0068
0069
006A
006B
006C
006D
015A
032C
0070
0014
054C
0514
0014
0014
0075
0076
0077
0078
0079
0014
0195
058D
0014
0014
025E
007E
058E
03D3
0081
00C9
00E0
01FB
0085
0050
0163
0087
058F
01D8
01E8
01A0
00E2
0132
0035
0014
008E
0206
0590
01DC
0092
00B2
00E3
00E4
0085
0014
0097
0098
02C7
0516
023C
0002
016A
0004
0591
016D
03B2
0592
0009
000A
0593
04B0
0241
00F0
0243
0010
001C
0012
0014
0014
0019
0014
0002
0002
0014
0014
0014
0016
001A
0012
0027
0014
0019
0014
0002
0014
0014
0014
0002
001A
0023
0016
001D
001E
0021
0014
0002
0014
0002
0002
0014
001C
001D
001F
001E
0020
0010
0014
0014
0014
0014
0014
0014
0012
001A
0021
001E
0014
0021
0014
0002
0014
0014
0002
0014
0021
001B
0012
0022
0014
0025
0014
0002
0014
0014
0002
0014
0023
0019
0010
0014
0014
0020
0014
0014
0014
0014
0002
0002
0025
0012
0010
0026
0014
0019
0014
0014
0014
0014
0014
0014
0027
0028
0021
0014
0014
00AA
0002
0014
0014
0014
0014
0014
0026
002A
0021
0013
0014
002B
0014
0014
0014
0014
0014
0002
0018
00AD
0021
0014
0014
002E
0014
0014
0014
0002
0014
0002
0022
002F
0021
0018
0014
00AC
0014
0014
0014
0014
0014
0002
0353
0032
005F
0034
0014
0014
0401
0594
0595
01EB
0399
003B
0596
0034
0002
0014
04E4
0597
0598
0599
059A
0305
059B
0107
0045
00B2
00FB
0055
059C
059D
0406
00E4
004D
004E
004F
0050
059E
059F
05A0
05A1
05A2
01F4
00D6
0058
004F
0014
0406
00DF
05A3
05A4
0075
0250
05A5
0060
0061
0014
00AF
04F1
0252
05A6
01C8
0358
0068
05A7
0014
0014
04C5
05A8
05A9
018F
0448
0071
02DE
0191
0074
0014
01FE
05AA
04F7
035F
025C
007A
052D
007C
0014
0014
00DD
05AB
007F
05AC
00DF
0082
05AD
0084
0085
0014
0086
04CD
0088
03C5
008A
008B
0131
008D
0014
0014
01A2
01DA
0207
0262
0136
0093
0138
0095
0096
0014
00E5
05AE
05AF
0502
0001
0002
0003
05B0
016C
009F
00A0
0505
0506
05B1
000B
0214
05B2
000E
03CC
0026
00F2
0012
0013
0014
00AB
0014
0002
0002
0014
0014
0014
00F3
0175
0019
0018
0014
00F6
0002
0002
0014
0014
0014
0014
0016
001B
0016
001D
0014
0025
0002
0002
0002
0002
0002
0014
001A
00F3
001F
0018
0014
001A
0002
0014
0002
0014
0014
0014
001C
0023
0021
0018
0014
0012
0014
0002
0014
0014
0002
0014
0021
001A
0025
0022
0014
0016
0014
0002
0014
0002
0014
0014
0021
00F3
0016
0022
0024
0016
0014
0014
0002
0014
0002
0002
0012
0012
0025
0027
0014
0019
0002
0014
0002
0014
0014
0002
0027
0245
0016
0014
0014
02A3
0002
0014
0014
0014
0014
0014
0026
002A
0021
0013
0014
041A
0014
0002
0014
0014
0014
0002
0018
002C
0010
0013
0014
002E
0014
0014
0014
0014
0014
0002
0022
00A8
0016
0014
0014
00AC
0002
0014
0002
0014
0014
0002
0031
00F8
0588
036D
0035
0014
00AF
0037
037B
0275
00FF
0156
036F
021A
0002
0014
0322
003E
0589
0040
0102
0042
0043
0044
0045
0014
0047
0048
0049
004A
004B
004C
0061
004E
0096
0014
0051
0052
05B3
0054
0055
0056
0057
0324
00B4
0014
0371
005A
0116
005C
005D
005E
005F
00FA
0061
0014
0062
0063
0064
0065
0066
0067
0068
0069
006A
006B
006C
006D
015A
032C
0070
01FD
0072
0073
0288
0014
0075
0076
0077
0078
0079
007A
0195
03D1
0014
0014
0128
0331
0233
05B4
0081
0082
00E0
01FB
0085
0014
0163
0087
04AC
0238
0113
008B
039E
0132
0035
0014
008E
008F
0590
01DC
0136
0137
05B5
02C6
0014
0014
0378
0098
02C7
0516
05B6
0002
00EA
05B7
009E
0006
03B2
0008
0517
000A
0464
000C
0241
05B8
0243
0010
001C
0015
0014
0014
001E
0014
0002
0002
0014
0014
0014
0016
001C
0012
0013
0014
0019
0002
0002
0014
0002
0002
0002
001A
0023
001C
001D
001E
0016
0014
0002
0014
0002
0002
0014
0016
001D
001E
001E
0020
0010
0002
0014
0014
0014
0014
0014
0012
001A
0025
001E
0014
0021
0014
0014
0014
0014
0002
0014
0021
001B
0021
0013
0014
0019
0014
0002
0014
0014
0002
0014
0023
0019
0010
0027
0014
0012
0014
0014
0014
0002
0002
0002
0025
001D
0010
0026
0014
00F3
0014
0014
0014
0014
0014
0002
0014
026D
0216
0014
0014
00F5
0014
0014
0014
0014
0014
0014
0027
0320
0342
0026
0013
026F
0014
0014
0014
0014
0014
0014
0026
0320
05B9
0027
0014
0271
0014
0014
0014
0002
0014
0014
0026
05BA
0030
0018
0014
026F
0014
0014
0014
0014
0014
0014
0493
0032
05BB
0034
0014
0014
0301
0594
05BC
05BD
02AA
003B
0057
0034
00B4
0014
0347
0597
05BE
05BF
004B
0472
059B
0284
0184
0046
00FB
00BC
059C
0307
05C0
0442
004D
0475
004F
0050
010F
059F
05C1
05C2
05A2
01F4
039C
0058
004F
0014
0223
0062
0479
05C3
0075
0156
05C4
0060
0085
0014
01C8
04F1
05C5
05C6
01FA
0358
0068
05C7
0085
0014
049D
052A
030F
03EA
01FC
0071
02DE
0287
0074
0014
01FE
052B
01FF
035F
03EC
0014
05C8
03EE
0014
0014
00DD
007E
044C
05C9
00DF
0332
049F
03F0
0085
0050
0128
0336
05CA
0204
05CB
01A0
05CC
05CD
0035
0014
01A2
0292
05CE
0262
0228
0093
05CF
0095
0096
0014
00E5
0263
05D0
0502
0001
0002
0003
020E
00EB
0006
05D1
0456
0506
05D2
05D3
029E
05D4
0143
03CC
0026
00F2
0019
0013
0014
00AB
0014
0002
0002
0014
0014
0014
0026
05D5
0019
0018
0014
00F6
0002
0002
0014
0014
0014
0002
0016
001B
001C
001D
0018
0010
0002
0002
0002
0002
0014
0014
001A
001E
001F
00F3
0014
001A
0002
0014
0002
0014
0014
0014
001C
0023
0012
0022
0014
0012
0014
0014
0014
0014
0002
0014
0020
001B
0021
0022
0014
0025
0014
0002
0014
0002
0014
0014
0016
00F3
0016
0022
0024
0016
0014
0014
0002
0014
0002
0002
0014
026D
0586
0027
0014
0176
0002
0014
0002
0014
0014
0002
0027
0245
0016
0014
0014
02A3
0002
0014
0014
0014
0014
0014
0026
03CD
0021
0013
0014
041A
0014
0002
0014
0014
0014
0002
0018
01B4
002D
0013
0014
002E
0014
0014
0014
0014
0014
0002
0022
00A8
0030
0014
0014
00AC
0002
0014
0002
0014
0014
0002
014D
00F8
01B5
036D
0035
0014
0036
00B0
021C
05D6
02D1
00B2
05D7
021E
0035
0014
003D
003E
05D8
01BB
0399
00BA
0043
0044
0045
0046
0047
0048
00BD
00BE
004B
004C
0278
004E
004F
0014
0051
05D9
05DA
05DB
02B3
0056
00D6
0324
00B4
0014
00C4
01C5
0154
005C
00C8
0250
005F
005E
0061
0014
0062
0063
00CD
00CE
0066
0067
0068
0069
006A
006B
006C
032A
015A
032C
0070
0014
0513
0514
0288
0014
0075
0076
0077
0078
032E
007A
025D
03D1
0014
0014
025E
02E2
0233
05B4
0081
0082
00E0
01FB
0085
0014
0163
0087
04AC
05DC
0113
008B
00E2
0132
0035
0014
008E
008F
0590
05DD
0092
0137
00E3
00E4
0014
0014
0097
0166
02C7
05DE
05B6
0002
00EA
0004
05DF
016D
0007
016E
0517
000A
000B
04DD
000D
0172
0243
0010
001F
0012
0014
0014
001D
0014
0002
0002
0014
0014
0014
0016
001A
0012
0027
0014
0019
0014
0002
0014
0002
0002
0002
001A
0023
0021
001D
001E
0016
0014
0002
0014
0002
0002
0014
0016
001D
0021
001E
0020
0010
0014
0014
0014
0014
0014
0014
001D
001A
0021
001E
0014
0021
0014
0002
0014
0014
0002
0014
0021
001B
0012
0027
0014
0016
0014
0002
0014
0014
0002
0014
0023
0019
0010
0024
0014
0012
0014
0014
0014
0002
0002
0002
0025
001D
0010
0026
0014
0022
0014
0014
0014
0014
0014
0002
0027
026D
04DF
0014
0014
00F5
0014
0014
0014
0014
0014
0014
0027
03F8
0177
0026
0013
026F
0014
0014
0014
0014
0014
0014
0026
0320
0010
0027
0014
0271
0014
0014
0014
0002
0014
0014
0026
05BA
0021
0018
0014
026F
0014
0014
0014
0014
0014
0014
018C
0032
03FB
0034
0014
0014
0451
05E0
05E1
0518
003A
003B
05E2
0034
0002
0014
05E3
05E4
05E5
05E6
0041
0042
059B
01BC
0184
00B2
00FB
0323
05E7
04EA
0059
051F
004D
0442
0074
0050
05E8
05E9
0521
05EA
0227
01F4
0057
0058
004F
0014
0059
0115
005B
05EB
0327
005E
05C4
0060
0096
0014
05EC
05ED
05EE
04F3
047B
0358
0068
011D
0085
0014
049D
05EF
018E
035B
0448
0071
0072
0191
0074
0014
01FE
04C7
04F7
035F
0126
006B
007B
052E
0014
0014
00DD
04C9
04CA
04CB
00DF
0332
049F
0531
0085
0050
0128
0336
05CA
05F0
0338
01A0
0533
008D
0035
0014
01A2
04CE
0535
05F1
05F2
0093
0500
0095
0096
0014
05F3
0538
0539
05F4
0298
0002
0003
02E6
0005
0006
03B2
05F5
01E5
05F6
0433
000C
05F7
05F8
000F
0010
001C
0012
0013
0014
001E
0014
0014
0014
0014
0014
0014
0026
002A
001D
0014
0014
002E
0014
0002
0014
0002
0014
0014
0019
001B
0021
0013
001E
0012
0002
0002
0002
0002
0014
0014
0023
001D
001F
0022
0020
001A
0014
0014
0014
0014
0014
0014
001C
001A
0021
001E
0014
0021
0014
0014
0014
0014
0014
0014
0026
02A2
0019
0018
0014
0178
0014
0002
0014
0014
0002
0014
0023
0019
0010
0022
0014
0016
0014
0014
0014
0002
0002
0002
0025
001D
0010
0026
0014
0022
0014
0014
0002
0014
0014
0002
0014
002F
0021
0014
0014
00AB
0002
0014
0014
0014
0014
0014
0026
002A
0021
0026
0013
00AC
0014
0014
0014
0014
0014
0002
0018
00AD
002D
0013
0014
002E
0014
0014
0014
0014
0014
0002
0026
002F
0030
0014
0014
00F6
0002
0014
0002
0014
0014
0002
00C4
0032
04B6
0034
0035
0014
0108
05F9
05FA
05FB
00B1
00B2
05FC
0034
0014
0014
003D
00B6
02A8
02A9
00B9
02CE
0043
02AD
00B4
0046
0047
00BC
05FD
05FE
0353
02B0
004D
014F
0061
0050
010F
0150
02F3
05FF
0493
0056
0600
0058
004F
0014
02B5
0601
0602
0603
0604
00C9
0605
0101
0085
0014
0062
0063
054A
0606
049C
00D0
0068
028F
006A
0014
00D1
02BD
0607
006F
0448
00BA
00D6
0073
0074
0014
01FE
02C0
025A
00DA
015F
0014
0608
007C
0014
0014
00DD
0331
025F
0080
00DF
0082
0609
0084
0085
0050
0086
044F
0088
0204
0031
008B
056C
008D
0035
0014
02C4
008F
0207
0208
005D
0093
060A
00E4
0014
0014
0097
00E6
060B
00E8
01AA
0002
00EA
0004
0455
060C
00A0
04D5
060D
060E
000B
02CA
00EF
000E
02CC
0018
00F2
0019
0014
0014
026C
0014
0002
0002
0014
0014
0014
0016
0017
0012
0018
0014
0019
0002
0002
0014
0014
0002
0002
001A
0023
001C
001D
0018
0016
0014
0002
0014
0002
0002
0014
001A
001D
0021
001E
0014
0010
0002
0014
0002
0014
0014
0014
0018
002F
001D
0022
0014
026D
0014
0002
0014
0014
0002
0014
0021
001B
0021
0022
0014
0016
0014
0002
0014
0002
0014
0014
0021
00F3
0016
0018
0024
0025
0014
0014
0002
0014
0002
0002
0025
0012
0025
0027
0014
0019
0002
0014
0014
0014
0014
0002
0027
0216
00F4
0014
0014
00AA
0002
0014
0014
0014
0014
0014
0026
002C
0021
0027
0014
00F6
0014
0002
0014
0014
0014
0014
0026
002C
0021
0027
0014
0271
0014
0014
0014
0002
0014
0014
0022
002C
0021
0018
0014
00AC
0014
0014
0014
0014
0014
0014
0031
00F8
02CD
00FA
0014
0014
02CF
017C
060F
01B7
00FF
003B
0276
0101
0002
0014
00C5
01BA
003F
0040
0106
0042
0610
0044
0045
00C9
00FB
0048
0611
0612
004B
004C
010D
004E
004F
0014
0051
0186
01C2
0054
0055
008B
0613
032D
0096
0014
0059
005A
0614
0615
005D
005E
03A3
0060
0061
0014
01BD
011A
02DB
0616
0066
0067
0068
0069
00CB
006B
018C
0285
022E
0286
0070
0071
0072
01FB
0288
0014
0075
0076
0193
0125
028A
007A
007B
055D
0014
0014
0128
007E
028D
012A
0081
00B2
0083
028F
0085
0014
008E
0087
058F
01D8
0130
01A0
008C
0132
0035
0014
021B
0292
03B0
01DC
0136
0137
0094
0095
0096
0014
0296
0297
0099
01DF
0001
0002
009C
020E
03B1
01E2
03B2
0008
03B3
0391
02E9
01E6
03B4
03B5
0243
0010
0011
0012
0014
0014
0019
0014
0002
0014
0014
0014
0014
0026
0394
001D
0013
0014
00F6
0002
0002
0014
0002
0002
0002
001A
0023
001C
001D
0018
0016
0014
0002
0002
0002
0002
0014
0023
001D
001F
001E
0020
001A
0002
0014
0002
0014
0014
0014
001E
026D
03B6
001E
0014
03B7
0014
0014
0014
0014
0002
0014
0025
001B
0021
0022
0014
0025
0014
0002
0014
0002
0002
0014
0023
0019
0016
0022
0024
0016
0014
0014
0002
0002
0002
0002
0025
001D
0010
0027
0014
0022
0014
0014
0002
0014
0014
0002
0014
0245
0016
0014
0014
0246
0014
0014
0014
0014
0014
0014
0026
002A
0021
0027
0014
00AC
0014
0002
0014
0014
0014
0002
0018
002C
0010
0027
0014
002E
0014
0014
0014
0002
0014
0002
0026
0247
0016
0027
0014
00F6
0014
0014
0014
0014
0014
0002
0059
0032
0395
0034
0014
0014
01E9
00B0
017D
0396
00AE
00B2
03B8
0034
00B4
0014
0322
00B6
02A8
02A9
02FA
021E
0043
0284
0184
00C9
0036
0323
03B9
03BA
00D1
010C
004D
004E
004F
0050
019F
02F2
01F3
03BB
02DA
0114
03BC
03BD
004F
0014
00C4
03BE
03BF
03C0
00C8
0137
005F
0101
0061
0014
0119
03C1
03C2
00CE
022A
0067
0068
01FB
006A
006B
011E
006D
006E
006F
0190
00D5
0072
00D7
0192
0014
0123
02C0
0193
00DA
028A
0014
0195
007C
0014
0014
007D
007E
025F
0080
00DF
0082
03C3
0084
0085
0014
0163
03C4
0088
03C5
019A
008B
03C6
008D
0035
0014
02C4
0377
0207
03C7
01CC
0093
020A
02C6
0085
0014
0378
03C8
03C9
03CA
02C8
0002
0266
0004
009E
0006
00A0
033E
0009
0212
000B
000C
037A
000E
0173
0018
002C
0019
0013
0014
026C
0014
0002
0002
0014
0014
0014
0016
0023
0012
0018
0014
0019
0002
0014
0014
0014
0014
0014
0023
001B
0016
001D
001E
0025
0002
0002
0014
0002
0002
0014
001A
001D
0016
00F3
0014
0010
0002
0014
0014
0014
0014
0014
001C
001A
0014
0014
0014
0012
0014
0002
0014
0014
0014
0014
0021
001A
0025
0027
0014
0016
0014
0002
0014
0014
0014
0014
0016
00F3
0010
0027
0014
0025
0014
0014
0014
0014
0014
0002
0025
0012
0025
0026
0014
0019
0002
0014
0014
0014
0014
0014
0027
01B3
02EB
0014
0014
0029
0002
0014
0014
0014
0014
0014
0026
03A1
0342
0026
0013
00F6
0014
0014
0014
0014
0014
0014
0026
03A1
002D
0014
0014
0271
0014
0014
0014
0014
0014
0014
0022
00A8
0030
0018
0014
00AC
0002
0014
0002
0014
0014
0002
018C
00F8
01B5
0093
0035
0014
0036
017C
03A2
0275
003A
003B
003C
0101
0002
0014
0347
0348
003F
0040
0041
0042
03A3
0044
0045
0046
0220
0048
03A4
03A5
034D
004C
010D
0380
0061
0014
01C0
027C
01C2
0054
0227
0056
0057
0014
0014
0014
0059
005A
03A6
01C7
0228
005E
0229
0060
0096
0014
00CC
03A7
0064
022C
00CF
00D0
0254
0069
0085
0014
0368
03A8
03A9
03AA
00D4
0071
015C
0073
0074
0014
035D
03AB
0388
0125
032E
007A
02E1
0361
0014
0014
010B
03AC
0233
03AD
0081
00B2
0083
0363
0085
0050
0086
0087
03AE
0238
03AF
01A0
008C
038D
0014
0014
038E
0206
03B0
01DC
0092
0137
0094
0095
0096
0014
00E5
0098
0099
009A
023C
0002
00EA
0617
0005
009F
013E
0008
0506
02FE
0618
0619
0340
00F0
03CC
0026
002C
0012
0013
0014
026F
0014
0014
0002
0014
0014
0014
0016
001A
0012
0014
0014
0019
0002
0002
0014
0002
0014
0002
001A
001A
0010
001D
0018
0021
0002
0002
0014
0002
0002
0014
001C
001D
0016
001E
0020
001A
0002
0014
0002
0014
0014
0014
001C
001F
0021
0022
0014
001D
0014
0014
0014
0014
0002
0014
0021
001B
0025
0022
0014
0025
0014
0002
0014
0002
0014
0014
0016
001E
0010
0022
0014
0016
0014
0014
0014
0002
0002
0002
0012
001D
0025
0026
0014
00F3
0014
0014
0014
0014
0014
0014
0014
01B3
02EB
0014
0014
0029
0002
0014
0014
0014
0014
0014
0026
061A
0342
0026
0013
026F
0014
0014
0014
0014
0014
0002
0026
061B
002D
0014
0014
002E
0014
0014
0014
0002
0014
0002
0022
0247
0030
0014
0014
002B
0014
0014
0014
0014
0014
0002
00AE
00F8
061C
0034
0035
0014
01A2
0594
061D
061E
0399
003B
0596
0101
0014
0014
061F
03E1
0620
0621
004B
00BA
0148
0149
0045
0046
0273
014A
0622
014C
019A
0623
004D
004E
004F
0050
01F2
0624
0625
030B
00C2
01F4
0610
0058
0002
0014
006B
02B6
0355
0626
00C8
0156
005F
0060
0061
0014
04C4
01C9
0408
0627
0628
00D0
0254
0359
006A
0014
049D
05A8
035A
0629
035C
0071
062A
0073
0074
0014
062B
062C
0388
0311
062D
0014
0360
062E
0014
0014
010B
007E
062F
0312
00DF
00C9
0083
0630
0085
0050
0097
0164
01D7
01D8
008A
01A0
008C
038D
0014
0014
0631
01DA
0550
0317
0092
0137
0094
0095
0014
0014
0378
05AE
0099
0632
04D4
0002
0003
03F2
0490
0006
0007
01E4
0009
031D
000B
0633
000D
0172
0243
0010
0011
001E
0014
0014
0015
0014
0002
0002
0014
0014
0014
00F3
0175
001D
0018
0014
00F6
0002
0002
0014
0014
0002
0014
001F
001B
001C
001D
001E
0016
0014
0002
0002
0002
0002
0014
001A
001D
001F
0022
0014
0010
0002
0014
0014
0014
0014
0014
0021
001A
0012
001E
0014
0021
0014
0002
0014
0014
0014
0014
0021
0023
0021
0027
0014
0016
0014
0002
0014
0014
0002
0014
0023
0019
0016
0024
0024
0018
0014
0014
0002
0014
0002
0002
0025
0012
0010
0027
0014
0019
0002
0014
0002
0014
0014
0002
0027
0245
0016
0014
0014
0178
0002
0014
0014
0014
0014
0014
0026
002A
0012
0027
0014
00AC
0014
0002
0014
0014
0014
0014
0018
002C
0010
0027
0014
002E
0014
0014
0014
0014
0014
0014
0018
00A8
0016
0018
0014
002E
0002
0014
0002
0014
0014
0014
0031
0032
0033
02CE
0014
0014
0036
0037
0146
0039
00FF
0156
036F
0034
0002
0014
0634
003E
0589
0040
0106
0042
0043
0044
0184
00B2
0635
03CF
0049
004A
010B
004C
014E
0132
0192
0014
01C0
0052
0053
0054
0113
0056
0057
0324
004F
0014
0636
005A
045B
045C
0117
005E
005F
0101
0096
0014
0086
01F8
0064
0065
0066
0067
0068
0069
00CB
006B
006C
006D
006E
032C
0070
00D5
0072
00D7
0192
0014
0075
0076
0193
0078
0079
007A
0195
007C
0014
0014
007D
00DE
007F
0080
0081
0082
0333
0084
0085
0014
0086
03D4
0088
03C5
0637
008B
03C6
008D
0035
0014
008E
0638
0207
0208
0209
0093
020A
02C6
0096
0014
00E5
0098
0639
009A
023C
0002
00EA
0004
00EB
0006
00A0
0008
02E7
031D
000B
000C
000D
000E
0144
0010
001C
001D
0014
0014
001D
0014
0002
0002
0014
0014
0014
00F3
01E7
0012
0027
0014
0176
0002
0002
0014
0002
0014
0002
0010
001B
0010
001D
0018
0016
0014
0002
0014
0002
0002
0014
0023
001D
001F
0022
0020
001A
0014
0014
0014
0014
0014
0014
0021
001F
0012
001E
0014
0021
0014
0002
0014
0014
0014
0014
0021
001B
0012
0022
0014
0016
0014
0002
0014
0014
0014
0014
0016
0019
0010
0018
0014
0016
0014
0014
0014
0002
0014
0002
0025
001D
0025
0026
0014
00F3
0014
0014
0002
0014
0014
0014
0027
002F
0025
0014
0014
026F
0014
0014
0014
0014
0014
0014
0026
002A
0021
0027
0014
00AC
0014
0014
0014
0014
0014
0002
0018
00AD
002D
0027
0014
002E
0014
0014
0014
0014
0014
0002
0022
05BA
0030
0018
0014
002B
0014
0014
0014
0014
0014
0002
01E8
0032
03FB
00FA
0014
0014
0399
063A
03FC
05FB
003A
0156
063B
0034
0002
0014
0102
063C
063D
0183
01EF
0042
0043
01BC
0045
0046
0108
0477
0049
004A
014D
051F
014E
014F
0192
0050
063E
063F
02F3
0640
0130
0056
0057
0324
004F
0014
0059
019F
0116
0641
02C4
005E
005F
0095
0061
0014
0189
0190
01F9
0065
04C4
00D0
0068
011D
00B4
0014
049D
048D
018E
0642
0121
00BA
0072
0073
0074
0014
0223
0643
0077
025B
0079
006B
0644
007C
0014
0014
01A2
02FB
025F
0080
00DF
0082
0202
0084
0085
0014
0086
04CD
0088
03C5
008A
008B
0260
008D
0035
0014
0451
008F
0207
0208
0092
0093
01A7
0095
0096
0014
0097
0098
05AF
020B
01E0
0002
009C
020E
009E
016D
033D
0645
0009
02FE
0646
0214
0647
0648
03CC
0026
0174
0012
0013
0014
00AB
0014
0002
0002
0014
0014
0014
0016
0017
001D
0018
0014
0019
0002
0002
0014
0014
0002
0002
001A
001A
001C
001D
001E
0010
0002
0002
0002
0002
0002
0014
001A
0019
0012
001E
0014
0010
0002
0014
0002
0014
0014
0014
001C
001A
0021
0022
0014
0012
0014
0014
0014
0014
0002
0014
0021
001A
0021
0014
0014
001D
0014
0002
0014
0002
0002
0014
0023
001E
0016
0022
0024
0016
0014
0014
0002
0014
0002
0002
0025
0012
0010
0027
0014
0019
0002
0014
0014
0014
0014
0002
0027
01B3
00F4
0014
0014
0029
0002
0014
0014
0014
0014
0014
0026
002C
0012
0026
0013
00F6
0014
0002
0014
0014
0014
0014
0026
002C
0010
0014
0014
0271
0014
0014
0014
0002
0014
0014
0018
00A8
0016
0014
0014
002E
0002
0014
0002
0014
0014
0014
0649
00F8
0588
0034
0035
0014
017B
064A
0038
064B
02D1
003B
003C
02AD
0035
0014
0322
003E
003F
01BB
00B9
0305
0148
0044
0184
00B2
0047
0185
064C
064D
004B
004C
004D
004E
004F
0014
0051
05D9
04DA
064E
02DA
064F
00D6
0058
0096
0014
00C4
0650
00C6
0356
0031
0250
005F
0060
0014
0014
00CC
03C1
030C
01CB
0066
0067
0068
0069
006A
006B
006C
032A
015A
006F
00D4
0071
062A
00D7
0192
0014
0075
0076
0651
0078
02E0
007A
02E1
0652
0014
0014
00DD
02E2
02E3
0234
0081
00B2
0083
01FB
0085
0050
0163
0087
03AE
042B
01E8
01A0
008C
0132
0014
0014
008E
0653
01DB
0654
006C
01A0
0094
0165
0014
0014
0296
0655
01DE
01DF
0001
0002
009C
0656
00EB
0006
03B2
0008
029C
055F
0141
000C
05F7
05F8
000F
0010
02A0
0012
0013
0014
001E
0014
0014
0014
0014
0014
0014
0026
002A
001D
0014
0014
002E
0002
0002
0014
0002
0002
0002
0022
001B
0021
001D
0018
0021
0002
0002
0002
0002
0014
0014
0023
001D
001F
0022
0020
001A
0014
0014
0002
0014
0014
0014
001C
0025
0021
001E
0014
0021
0014
0014
0014
0014
0002
0014
0026
02A2
0019
0022
0014
0657
0014
0002
0014
0002
0002
0014
0023
001E
0010
0022
0014
0016
0014
0014
0014
0002
0002
0002
0025
001D
0010
0026
0014
0022
0014
0014
0002
0014
0014
0002
0014
0245
0021
0014
0014
02A3
0002
0014
0014
0014
0014
0014
0026
002A
0021
0013
0014
00AC
0014
0002
0014
0014
0014
0002
0018
002C
0010
0013
0014
002E
0014
0014
0014
0014
0014
0002
0026
0247
0016
0014
0014
00F6
0002
0014
0002
0014
0014
0002
00C4
0032
04B6
0034
0035
0014
0108
00B0
0658
0659
00B1
00B2
05FC
0034
0014
0014
003D
00B6
02A8
02A9
02AA
02AB
0043
02AD
0184
00C9
0047
00BC
065A
065B
01C4
02B0
004D
014F
0061
0050
01F2
0150
02F3
02B2
02DA
0056
02B4
0058
004F
0014
02B5
0106
065C
02B8
00C8
0137
0605
0101
0061
0014
0062
0063
065D
0606
02BC
0067
0068
028F
006A
0014
00D1
02BD
02BE
006F
02BF
00D5
00D6
0073
0074
0014
0123
02C0
02C1
00DA
015F
0014
025D
007C
0014
0014
007D
007E
025F
0080
00DF
0082
03C3
0084
0085
0014
0086
04A0
0088
04A1
0031
008B
056C
008D
0035
0014
02C4
008F
0207
0208
018C
0093
060A
02C6
0014
0014
0097
00E6
060B
00E8
02C8
0002
0266
0004
009E
016D
00A0
065E
0009
065F
000B
02CA
0554
000E
026B
0018
00F2
0019
0014
0014
026C
0014
0002
0002
0014
0014
0014
0016
0017
0012
0018
0014
0019
0002
0014
0014
0014
0014
0002
001A
001F
001C
001D
001E
0016
0014
0014
0014
0002
0002
0014
001A
001D
0016
001E
0014
0010
0002
0014
0014
0014
0014
0014
0018
0660
00F3
0022
0014
026D
0014
0002
0014
0014
0002
0014
0021
001C
0021
0027
0014
0016
0014
0002
0014
0014
0014
0014
0016
0019
0016
0018
0024
0025
0014
0014
0002
0014
0002
0002
0012
0012
0025
0027
0014
0019
0002
0014
0014
0014
0014
0014
0027
0216
00F4
0014
0014
00AA
0002
0014
0014
0014
0014
0014
0026
026E
0021
0026
0013
026F
0014
0002
0014
0014
0014
0014
0026
0270
002D
0027
0014
0271
0014
0014
0014
0002
0014
0014
0022
00A8
0030
0018
0014
00AC
0014
0014
0014
0014
0014
0014
0031
00F8
02CD
003B
0014
0014
02CF
017C
0274
0275
00FF
003B
0276
0101
0002
0014
00C5
01BA
003F
0040
0041
0042
0277
0044
0045
0046
00FB
0048
02D3
0557
010B
004C
010D
004E
004F
0014
027B
027C
01C2
0054
0113
008B
0661
027E
0096
0014
0059
005A
0662
0663
0117
005E
02D9
0060
0096
0014
01BD
011A
02DB
055B
0066
00D0
0254
0069
00CB
006B
018C
0285
006E
0286
0070
0071
0072
0287
0288
0014
0075
0076
0289
0125
028A
007A
007B
055D
0014
0014
010B
028C
028D
03AD
0081
00B2
0083
028F
0085
0050
008E
0087
03AE
0238
0130
01A0
008C
0132
0035
0014
021B
0292
03B0
01DC
0092
0137
0094
0095
0096
0014
0296
0297
0099
01DF
0001
0002
009C
02E6
00EB
0006
023E
0008
02E7
0664
0392
000C
0665
04B2
000F
0010
02A0
0012
0013
0014
001E
0014
0014
0014
0014
0014
0014
0026
002A
001D
0014
0014
002E
0002
0002
0014
0002
0014
0002
00F3
001B
0021
001D
0018
0021
0002
0002
0014
0002
0002
0014
0023
001D
001F
0022
0020
001A
0014
0014
0014
0014
0014
0014
001C
0012
0021
001E
0014
0021
0014
0014
0014
0014
0014
0014
0026
0562
0019
0022
0014
02EB
0014
0002
0014
0014
0014
0014
0010
0019
0010
0022
0014
0016
0014
0014
0014
0002
0002
0002
0025
001D
0025
0026
0014
0022
0014
0014
0002
0014
0014
0002
0014
0245
0025
0014
0014
0246
0014
0014
0014
0014
0014
0014
0026
002A
0021
0013
0014
00AC
0014
0002
0014
0014
0014
0002
0018
002C
002D
0013
0014
002E
0014
0014
0014
0014
0014
0002
0022
0247
0030
0014
0014
002B
0002
0014
0002
0014
0014
0002
01E8
0032
02EC
0034
0035
0014
0108
0037
04B8
0659
003A
00B2
02A7
0034
0014
0014
003D
00B6
02A8
0398
035D
04BE
0043
02AD
0045
0046
0036
00BC
0666
065B
014D
02B0
004D
014F
0061
0050
010F
0052
02F3
0667
0151
0056
04C1
0058
004F
0014
0371
0668
04C2
0669
0604
0137
02F6
0101
0061
0014
0189
0063
066A
0606
04C4
0067
0068
028F
006A
0014
049D
006D
02F8
006F
0190
00BA
0072
0073
0074
0014
02FA
02C0
0077
00DA
0079
0014
0195
007C
0014
0014
0128
02FB
025F
0080
00DF
0082
03C3
0084
0085
0014
0086
04CD
0088
04A1
008A
008B
01A1
008D
0035
0014
02C4
008F
0207
0208
0092
0093
066B
00E4
0014
0014
0097
0166
060B
03A0
02C8
0002
0266
0004
009E
016D
0007
066C
0009
060E
0213
0214
066D
01B1
02CC
0026
00F2
0019
0014
0014
026C
0014
0002
0002
0014
0014
0014
0016
0017
0012
0018
0014
0019
0002
0002
0014
0014
0002
0002
001A
001F
001C
001D
001E
0016
0014
0002
0002
0002
0002
0014
001A
001D
0016
001E
0014
0010
0002
0014
0002
0014
0014
0014
0018
0660
001D
0022
0014
0218
0014
0002
0014
0014
0002
0014
0021
001C
0021
0027
0014
0016
0014
0002
0014
0002
0002
0014
0023
00F3
0016
0018
0024
0025
0014
0014
0002
0014
0002
0002
0025
0012
0010
0027
0014
0019
0002
0014
0014
0014
0014
0002
0027
01B3
00F4
0014
0014
0029
0002
0014
0014
0014
0014
0014
0026
026E
0021
0026
0013
026F
0014
0002
0014
0014
0014
0014
0026
0270
0010
0027
0014
0271
0014
0014
0014
0002
0014
0014
0018
00A8
0021
0018
0014
002E
0014
0014
0014
0014
0014
0014
0031
00F8
02CD
036D
0014
0014
01C8
017C
060F
066E
02D1
003B
0276
0101
0002
0014
00C5
01BA
003F
0040
0041
0042
0567
0044
0184
00B2
0220
0048
0611
0612
004B
004C
010D
004E
004F
0014
0051
066F
01C2
02D5
0055
008B
027D
032D
0096
0014
0223
005A
0614
0670
005D
005E
0671
0060
0096
0014
00CC
011A
02DB
055B
0066
00D0
0254
0069
00CB
006B
006C
02DD
022E
0286
00D4
0071
062A
01FB
0288
0014
0075
0076
02DF
0125
02E0
007A
02E1
028B
0014
0014
00DD
02E2
02E3
0234
0081
00B2
0083
028F
0085
0050
008E
0087
03AE
0238
01CC
01A0
008C
0132
0035
0014
021B
0292
03B0
01DC
0136
01A0
0094
0095
0096
0014
0296
0297
0099
01DF
023C
0002
0266
0004
0552
016D
00EC
0267
0009
000A
000B
04DD
000D
0242
0672
0010
001C
0019
0014
0014
0015
0014
0002
0002
0014
0014
0014
0016
001A
0012
0018
0014
0019
0002
0014
0014
0014
0014
0002
001A
0010
001C
00F3
001E
0016
0014
0002
0014
0002
0002
0014
001A
001D
0021
001E
0014
0010
0002
0014
0014
0014
0014
0014
0022
001A
0019
001E
0014
0021
0014
0002
0014
0014
0002
0014
0021
001B
0021
0022
0014
0016
0014
0002
0014
0014
0002
0014
0023
0019
0010
0027
0014
0025
0014
0014
0014
0002
0014
0002
0025
0012
0010
0027
0014
0019
0002
0014
0014
0014
0014
0014
0027
0216
0216
0014
0014
00AA
0002
0014
0014
0014
0014
0014
0026
0320
0177
0027
0014
026F
0014
0014
0014
0014
0014
0014
0026
026E
002D
0027
0014
0271
0014
0014
0014
0002
0014
0014
0018
002F
0030
0018
0014
00F6
0014
0014
0014
0014
0014
0014
018C
0032
03FB
02D6
0014
0014
0273
017C
0146
0039
003A
003B
01D0
0034
0002
0014
04E4
0673
0674
0675
01EF
0042
0676
0044
0278
0046
00FB
0055
0677
0678
0059
0308
014E
0380
004F
0014
027B
027C
0679
067A
010F
008B
0057
046D
004F
0014
0059
005A
067B
067C
0327
005E
0494
0060
0061
0014
02CF
011A
067D
0527
01FA
0284
0068
011D
0085
0014
018C
02DD
018E
0387
01FC
0071
02DE
0287
0288
0014
035D
0076
01FF
0125
02E0
007A
02E1
067E
0014
0014
010B
02E2
007F
03EF
00DF
00B2
04F9
0531
0085
0014
0315
0336
0532
0204
0338
01A0
04FD
008D
0035
0014
00E5
0292
067F
0262
0092
0093
0500
0095
0096
0014
0296
0297
0501
0502
020C
0002
009C
0503
0005
0006
00A0
029B
0506
0680
0681
029E
0682
000E
03CC
0026
0174
0012
0013
0014
00F6
0014
0002
0014
0014
0014
0014
0026
0683
001E
0014
0014
00F6
0002
0002
0014
0002
0002
0014
001E
001B
0021
001D
0014
0021
0002
0002
0002
0002
0014
0014
0023
001E
001F
0022
0020
001A
0014
0014
0002
0014
0014
0014
001C
0023
0021
0018
0014
001D
0014
0014
0014
0014
0002
0014
0026
0684
001E
0018
0014
002B
0014
0002
0014
0002
0014
0014
0010
001E
0016
0022
0024
0016
0014
0014
0002
0014
0002
0002
0025
001D
0025
0026
0014
0022
0014
0014
0002
0014
0014
0002
0014
0245
0016
0014
0014
02A3
0002
0014
0014
0014
0014
0014
0026
03CD
0021
0026
0013
041A
0014
0002
0014
0014
0014
0002
0018
01B4
0010
0013
0014
002E
0014
0014
0014
0014
0014
0002
0022
00F7
0016
0014
0014
00AC
0002
0014
0002
0014
0014
0002
014D
00F8
01B5
0034
0035
0014
0108
00B0
0249
0685
01E8
00B2
02A7
021A
0014
0014
003D
003E
0686
01BB
00B9
02AB
0043
0545
0045
0014
0047
03CF
0687
050F
004B
004C
004D
004E
0061
0050
01F2
00C0
0688
01C3
00C2
0056
00C3
0058
00B4
0014
02B5
02B6
0689
005C
0031
0137
068A
021A
0085
0014
0062
0063
068B
068C
0066
0067
0068
0069
006A
006B
0329
006D
015A
006F
0070
00D5
0072
0073
0074
0014
0123
00D8
0077
00DA
0079
0014
0195
03D1
0014
0014
007D
02FB
03D2
03D3
0081
0082
02C2
01FB
0085
0050
0086
0087
0314
01D8
0113
008B
068D
0149
0035
0014
008E
008F
023A
0317
0209
0137
068E
02C6
0014
0014
0097
0166
02C7
00E8
02C8
0002
016A
0004
009E
016D
0007
065E
0517
000A
000B
04DD
000D
01B1
0672
0010
001C
0015
0014
0014
0015
0014
0002
0002
0014
0014
0014
0016
001C
0012
0018
0014
0019
0002
0014
0014
0014
0002
0002
001A
0010
001C
001D
0026
0016
0014
0014
0014
0002
0002
0014
001A
001D
0021
001E
0014
0010
0002
0014
0014
0014
0014
0014
0022
0023
0019
001E
0014
0021
0014
0002
0014
0014
0002
0014
0021
0016
0021
0027
0014
0016
0014
0002
0014
0014
0002
0014
0023
00F3
0010
0027
0014
0025
0014
0014
0014
0014
0014
0002
0025
0012
0010
0027
0014
0019
0002
0014
0014
0014
0014
0002
0027
0216
0177
0014
0014
00AA
0002
0014
0014
0014
0014
0014
0026
0320
0177
0026
0013
026F
0014
0014
0014
0014
0014
0014
0026
026E
0010
0027
0014
0271
0014
0014
0014
0002
0014
0014
0018
002C
0021
0018
0014
002E
0014
0014
0014
0014
0014
0014
01E8
0032
03FB
02CE
0014
0014
0273
017C
0146
0039
00FF
003B
043B
0034
0002
0014
0519
051A
051B
0675
0041
0042
0148
0044
0184
006B
0036
02D2
051D
068F
034D
0308
014E
0380
004F
0014
027B
0690
0679
067A
0113
008B
0057
046D
004F
0014
0059
005A
0523
0524
0117
005E
005F
0060
0096
0014
02CF
0525
0526
0691
0628
0358
0068
011D
0085
0014
018C
02DD
03A9
0387
035C
0071
02DE
01FB
0192
0014
0075
0076
0582
0125
02E0
007A
02E1
052E
0014
0014
00DD
0197
007F
03EF
0081
00B2
04F9
0531
0085
0050
0315
012D
0532
0204
01CC
01A0
0533
008D
0035
0014
00E5
0534
0692
0536
0136
0093
0500
0095
0096
0014
0537
0693
0694
0695
0001
0002
009C
02E6
00EB
0006
029A
0008
01E5
053C
0696
029E
050A
0143
03CC
0026
0174
0012
0013
0014
026F
0014
0002
0014
0014
0014
0014
0026
0394
001E
0014
0014
00F6
0002
0002
0014
0002
0014
0002
00F3
02A1
0021
001D
001E
03B6
0002
0002
0002
0002
0014
0014
0023
0019
001F
0022
0020
001A
0014
0014
0002
0014
0014
0014
001C
001A
0021
0022
0014
001D
0014
0014
0014
0014
0002
0014
0026
02A2
0019
0022
0014
02EB
0014
0002
0014
0002
0014
0014
0021
0019
0016
0022
0024
0016
0014
0014
0002
0002
0002
0002
0025
001D
0025
0026
0014
0022
0014
0014
0002
0014
0014
0002
0014
0245
0016
0014
0014
02A3
0002
0014
0014
0014
0014
0014
0026
03CD
0021
0013
0014
00AC
0014
0002
0014
0014
0014
0002
0018
01B4
002D
0013
0014
002E
0014
0014
0014
0014
0014
0002
0022
002F
0030
0014
0014
002B
0002
0014
0002
0014
0014
0002
014D
00F8
053F
0034
0035
0014
0108
00B0
0249
0685
00B1
00B2
02A7
0305
0014
0014
0347
0542
0697
0698
0399
02AB
02EF
0545
0045
0046
01F0
0538
02F0
065B
00BF
004C
004D
004E
0061
0050
01F2
02F2
0548
01C3
02B3
0056
00C3
0058
0002
0014
02B5
02B6
0689
0699
00C8
0137
02F6
02AB
0061
0014
0062
01F8
02F7
069A
0066
0067
0068
0069
006A
006B
00D1
006D
006E
006F
0070
00D5
0072
0073
0074
0014
0123
00D8
0077
00DA
0079
0014
0195
03D1
0014
0014
0128
007E
03D2
03D3
00DF
0082
02C2
054D
0085
0014
0086
0164
0314
01D8
008A
008B
02C3
0623
0035
0014
008E
008F
0550
0317
0092
0137
02C5
00E4
0014
0014
0097
0166
02C7
00E8
069B
0002
00EA
069C
0005
069D
01E3
069E
069F
031D
06A0
0269
000D
06A1
000F
0010
02A0
0012
0014
0014
0015
0014
0002
0002
0014
0014
0014
00F3
01E7
0012
0018
0014
0176
0002
0002
0014
0002
0014
0002
0023
001B
0010
001D
001E
0010
0002
0002
0014
0002
0002
0014
001A
001D
001F
00F3
0020
001A
0002
0014
0014
0014
0014
0014
0012
001A
0021
001E
0014
0021
0014
0014
0014
0014
0002
0014
0021
001A
0025
0018
0014
001D
0014
0002
0014
0014
0014
0014
0023
001E
0010
0022
0014
0016
0014
0014
0002
0002
0002
0002
0015
0015
0010
0026
0014
00F3
0002
0014
0002
0014
0014
0014
0014
0245
0025
0014
0014
06A2
0002
0014
0014
0014
0014
0014
0026
002A
0021
0026
0013
00AC
0014
0002
0014
0014
0014
0014
0018
002C
0010
0014
0014
002E
0014
0014
0014
0002
0014
0014
0022
01B4
0016
0018
0014
002B
0014
0014
0014
0014
0014
0014
0637
0032
0229
0034
0014
0014
06A3
06A4
0038
0039
01B8
0156
036F
0034
0035
0014
00C5
0348
01EE
0183
0041
0042
0043
0044
0045
00B2
0108
03CF
0049
004A
010B
010C
004D
0132
004F
0050
059E
06A5
01F3
03BB
0113
01F4
01F5
0058
004F
0014
0223
0115
005B
005C
0228
005E
005F
0060
0085
0014
0119
01F8
0064
0065
01FA
0067
06A6
01FB
006A
0014
06A7
018D
022E
0423
035C
032D
0072
0191
0074
0014
01FE
0076
06A8
03EB
0079
0014
0195
007C
0014
0014
00DD
007E
025F
0080
0081
0082
03C3
0084
0085
0050
021B
012D
0088
0204
03AF
008B
06A9
008D
0014
0014
0631
0206
0207
0208
05F2
0093
01A7
0095
0096
0014
0378
0098
06AA
020B
0001
0002
0003
0004
06AB
0006
0007
0008
0009
06AC
03DC
029E
06AD
01B1
02CC
0026
0174
0015
0013
0014
00AC
0014
0002
0002
0014
0014
0014
0016
0017
0015
0027
0014
0019
0002
0002
0014
0014
0002
0002
001A
001A
001C
001D
0018
0016
0014
0002
0002
0002
0002
0014
0023
0019
0016
001E
0014
0025
0014
0014
0002
0014
0014
0014
001C
001C
0012
0022
0014
0015
0014
0002
0014
0014
0002
0014
0021
001B
0021
0022
0014
0016
0014
0002
0014
0002
0002
0014
0016
0019
0016
0024
0024
0018
0014
0014
0014
0014
0002
0002
0025
0012
0010
0027
0014
0019
0014
0014
0014
0014
0014
0002
0027
01B3
00F4
0014
0014
0029
0002
0014
0014
0014
0014
0014
0026
03A1
0012
0027
0014
00F6
0014
0002
0014
0014
0014
0002
0026
0270
002D
0027
0014
002E
0014
0014
0014
0014
0014
0002
0018
002F
0030
0027
0014
002E
0002
0014
0002
0014
0014
0002
0031
00F8
053F
036D
0035
0014
0036
0037
06AE
06AF
00FF
003B
0596
0101
0002
0014
003D
00B6
003F
03E2
0399
0472
0148
0107
0184
0046
0047
0055
06B0
06B1
019A
004C
06B2
004E
0074
0014
0051
0052
04DA
0054
0405
0056
0057
005E
0002
0014
0371
005A
0407
06B3
00C8
0250
005F
00E4
0061
0014
00CC
01C9
06B4
06B5
0066
00D0
0068
0069
00CB
006B
06B6
02BD
018E
022F
0070
0071
01D0
0073
0192
0014
034D
00D8
0077
015E
025C
007A
01D3
06B7
0014
0014
06B8
038A
0198
06B9
00DF
00B2
0083
054D
0085
0014
0086
06BA
01D7
0238
05CB
01A0
008C
0623
0035
0014
008E
0377
0550
01DC
005D
00B2
0094
00E4
0085
0014
00E5
03C8
0099
01DF
01E0
0002
0003
0004
03B1
06BB
00EC
013F
0506
0212
000B
0214
0418
0242
03CC
0026
00F2
0015
0013
0014
026C
0014
0002
0002
0014
0014
0014
0016
0017
0012
0018
0014
0019
0002
0014
0014
0014
0014
0002
001A
001A
001C
0022
0018
0016
0002
0002
0002
0002
0002
0014
001A
001D
001F
001E
0014
0010
0002
0014
0014
0014
0014
0014
001C
001F
0012
0022
0014
0012
0014
0002
0014
0014
0014
0014
0021
001B
0021
0027
0014
0016
0014
0002
0014
0014
0002
0014
0023
00F3
0016
0024
0024
0018
0014
0014
0002
0014
0002
0002
0025
0012
0010
0027
0014
0019
0014
0014
0002
0014
0014
0002
0027
0028
0016
0014
0014
0029
0002
0014
0014
0014
0014
0014
0026
002A
0021
0027
0014
002B
0014
0002
0014
0014
0014
0002
0018
002C
002D
0027
0014
002E
0014
0014
0014
0014
0014
0002
0026
00A8
0030
0027
0014
002E
0002
0014
0002
0014
0014
0002
0031
00F8
06BC
064F
0035
0014
00AF
0037
021C
0540
00FF
003B
003C
0101
0002
0014
0322
00B6
003F
0040
0102
0042
0043
0044
0278
0046
0047
014A
0049
004A
0059
004C
010D
004E
0074
0014
027B
0052
04DA
0054
0113
0056
0057
0324
00B4
0014
0059
005A
0116
06BD
0228
005E
005F
0060
0096
0014
00CC
01C9
0064
0065
0066
0067
0068
0069
00CB
006B
006C
006D
06BE
06BF
00D4
0071
0072
0073
0288
0014
0075
00D8
02C1
00DA
028A
007A
007B
03D1
0014
0014
007D
06C0
0198
0199
00DF
0082
0083
01FB
0085
0014
0163
00E1
04AC
0238
01E8
008B
008C
0132
0035
0014
008E
0377
03B0
01DC
0092
0046
0094
0095
0085
0014
0296
0379
0099
01DF
023C
0002
00EA
06C1
009E
0006
00A0
0592
00ED
031D
06C2
000C
0142
000E
0144
0010
001C
0012
0014
0014
001E
0014
0002
0014
0014
0014
0014
0026
00A9
001D
0014
0014
0176
0014
0002
0014
0002
0002
0002
001F
001B
0016
001D
001E
0010
0014
0002
0014
0002
0002
0014
001C
001D
0015
0022
0020
001A
0002
0014
0002
0014
0014
0014
0025
001A
0021
001E
0014
0021
0014
0014
0014
0014
0002
0014
0025
001A
0025
0022
0014
0025
0014
0002
0014
0002
0014
0014
0016
0019
0010
0022
0014
0016
0014
0014
0014
0002
0002
0002
0025
0015
0025
0026
0014
00F3
0002
0014
0014
0014
0014
0002
0027
0467
026D
0014
0014
026F
0014
0014
0014
0014
0014
0014
0026
0320
0218
0026
0013
0271
0014
0014
0014
0014
0014
0014
0026
026E
0010
0013
0014
0271
0014
0014
0014
0002
0014
0014
0022
0247
0016
0018
0014
002B
0014
0014
0014
0014
0014
0014
00AE
0032
0402
0034
0014
0014
0301
0594
06C3
06C4
01B8
00B2
06C5
0034
0014
0014
0347
0348
06C6
06C7
004B
0305
0402
0284
0045
00B2
0108
03CF
06C8
06C9
004B
0380
004D
0058
004F
0050
01A6
0309
02F3
02B2
00C2
01F4
039C
0058
004F
0014
00C4
02B6
06CA
005C
00C8
0137
01D0
0101
0061
0014
047B
03A7
06CB
06CC
01C8
06CD
0068
06CE
006A
0014
0529
05A8
06CF
06D0
0190
00BA
01D0
0191
0074
0014
01FE
0076
06D1
03EB
032E
007A
032F
03EE
0014
0014
010B
02FB
06D2
03EF
0081
00B2
06D3
0531
0085
0050
0128
012D
0532
0204
008A
01A0
06D4
008D
0035
0014
0451
0638
06D5
0208
01A6
0093
06D6
0165
0096
0014
0097
0166
06D7
0168
01E0
0002
009C
0656
0005
016D
0007
013F
0009
00EE
0213
0214
05B2
00A7
0215
0026
00F2
0012
0013
0014
026C
0014
0002
0002
0014
0014
0014
0016
0017
0019
0018
0014
0019
0002
0002
0014
0014
0002
0002
001A
001B
001C
001D
0018
0021
0002
0002
0002
0002
0014
0014
001A
001E
001F
001E
0014
001A
0002
0014
0002
0014
0014
0014
0021
001F
0021
0022
0014
0012
0014
0014
0014
0014
0002
0014
0021
001B
0021
0018
0014
0016
0014
0002
0014
0002
0002
0014
0023
00F3
0016
0022
0024
0016
0014
0014
0002
0002
0002
0002
0025
0012
0010
0014
0014
0019
0014
0014
0014
0014
0014
0002
0027
0028
0016
0014
0014
0029
0002
0014
0014
0014
0014
0014
0026
002A
0021
0026
0013
002B
0014
0002
0014
0014
0014
0002
0018
01B4
002D
0014
0014
002E
0014
0014
0014
0014
0014
0002
0018
00A8
0030
0014
0014
00F6
0002
0014
0002
0014
0014
0002
0031
00F8
01B5
036D
0035
0014
00AF
0037
037B
037C
06D8
003B
003C
021E
0035
0014
0322
00B6
003F
0040
0041
0042
0148
0044
0184
0046
0047
00BC
0221
0222
024D
004C
004F
004E
004F
0014
0051
0225
04DA
0381
0055
0056
0057
0060
00B4
0014
00C4
005A
0116
0372
005D
005E
005F
005E
0096
0014
0062
0063
0064
022C
0066
0067
0254
0069
006A
006B
006C
06D9
048E
06DA
00D4
0071
062A
0073
0014
0014
0075
00D8
048F
015E
032E
007A
0360
03D1
0014
0014
007D
00DE
0233
06DB
00DF
0082
0083
01FB
0085
0050
0163
00E1
04AC
0238
01E8
008B
008C
0132
0014
0014
008E
008F
01DB
01DC
0092
0046
0094
00E4
0014
0014
0378
0098
01DE
009A
023C
0002
00EA
0004
06DC
0006
023E
016E
03B3
031D
03DC
000C
0241
00F0
0243
0010
001F
0015
0014
0014
0019
0014
0002
0002
0014
0014
0014
0026
00A9
0012
0027
0014
0176
0014
0002
0014
0002
0014
0002
0023
001A
0010
001D
001E
0016
0014
0002
0014
0002
0002
0014
001C
001D
0021
0022
0020
0021
0002
0014
0014
0014
0014
0014
001C
001A
0025
001E
0014
0021
0014
0002
0014
0014
0002
0014
0025
001B
0025
0022
0014
0025
0014
0002
0014
0014
0014
0014
0016
0019
0010
0018
0014
0016
0014
0014
0014
0014
0002
0002
0025
0015
0025
0026
0014
00F3
0002
0014
0002
0014
0014
0014
0027
0467
026D
0014
0014
026F
0014
0014
0014
0014
0014
0014
0027
0320
0342
0027
0014
0271
0014
0014
0014
0014
0014
0014
0026
0320
0021
0027
0014
0271
0014
0014
0014
0002
0014
0014
0022
0247
0021
0018
0014
00AC
0014
0014
0014
0014
0014
0002
018C
0032
005F
0034
0014
0014
0301
00FC
06DD
06DE
003A
00C9
024B
0034
0002
0014
0102
0103
0182
06DF
034D
0305
0043
0107
0045
00B2
00FB
0048
0473
050F
034D
0380
004D
010E
0192
0050
06E0
06E1
02F3
0640
05A2
01F4
00D6
0058
004F
0014
0059
0115
05A3
0356
004B
0250
005F
0060
0061
0014
047D
06E2
0408
047C
047B
01D9
0068
0071
00B4
0014
0529
06E3
04C6
06E4
0190
00D5
0072
0191
0074
0014
01FE
06E5
0480
03EB
0126
007A
0644
03EE
0014
0014
0075
007E
025F
0080
0081
00C9
06E6
0531
0085
0014
0128
012D
06E7
04A1
008A
01A0
06E8
008D
0035
0014
01A2
0133
06E9
06EA
01A6
0093
06D6
0095
0096
0014
05F3
04D1
06EB
06EC
0001
0002
009C
0319
0005
009F
00A0
016E
0506
00A3
0392
0214
0509
000E
000F
0010
0011
0012
0013
0014
001D
0014
0002
0002
0014
0014
0014
0026
0394
0015
0027
0014
00F6
0002
0002
0014
0002
0002
0014
001A
001B
0021
001D
0026
0016
0002
0002
0002
0002
0002
0014
0023
001D
001F
001E
0020
001A
0014
0014
0002
0014
0014
0014
001C
001C
0021
001E
0014
0021
0014
0002
0014
0014
0002
0014
0026
04B3
0015
0022
0014
03DF
0014
0002
0014
0002
0014
0014
0010
001E
0016
0027
0024
0020
0014
0014
0002
0014
0002
0002
0014
026C
050B
0026
0014
0563
0002
0014
0002
0014
0014
0002
0014
0245
0016
0014
0014
0246
0014
0014
0014
0014
0014
0014
0026
002A
0021
0026
0013
00AC
0014
0002
0014
0014
0014
0002
0018
002C
002D
0027
0014
002E
0014
0014
0014
0014
0014
0002
0022
0247
0030
0018
0014
00AC
0002
0014
0002
0014
0014
0002
0031
0032
0033
0034
0035
0014
021B
0037
0249
024A
017F
00B2
05FC
0034
00B4
0014
0322
00B6
041F
03E2
00B9
00BA
0043
01BC
0045
0046
0047
0323
050E
06ED
019A
004C
004D
014F
004F
0050
01F2
0052
0053
0054
0405
0056
0057
0058
004F
0014
0371
005A
03E5
0699
0031
0137
00CA
005E
0061
0014
0062
0063
06EE
06EF
0066
0067
0068
0069
00CB
006B
006C
006D
015A
006F
0045
0014
054C
06F0
0074
0014
0075
0076
02C1
0078
0079
0014
0195
007C
0014
0014
007D
06C0
025F
0080
00DF
0082
02C2
0084
0085
0050
0335
0164
0088
0089
008A
008B
039E
008D
0035
0014
049C
008F
0090
0091
0092
0093
04AD
00E4
0096
0014
0378
0166
0099
0516
06F1
0002
00EA
03F2
06F2
0006
00EC
0267
0009
0212
06A0
000C
00EF
06F3
02CC
0018
002C
0019
0014
0014
026C
0014
0014
0002
0014
0014
0014
0016
001C
0012
0018
0014
0019
0002
0014
0014
0014
0014
0002
001F
0016
001C
00F3
001E
0010
0014
0002
0014
0002
0002
0014
001A
001D
0016
0022
0014
0010
0002
0014
0014
0014
0014
0014
0025
001A
0012
0022
0014
0012
0014
0014
0014
0014
0002
0014
0021
001B
0021
0027
0014
0019
0014
0002
0014
0014
0002
0014
0023
0019
0010
0022
0014
0016
0014
0014
0002
0002
0014
0002
0025
0012
0010
0027
0014
0019
0014
0014
0014
0014
0014
0014
0027
01B3
0216
0014
0014
0029
0002
0014
0014
0014
0014
0014
0026
0320
0342
0013
0014
026F
0014
0014
0014
0014
0014
0014
0026
026E
0021
0013
0014
0271
0014
0014
0014
0002
0014
0014
0018
00A8
0021
0014
0014
00F6
0014
0014
0014
0014
0014
0014
0637
00F8
0300
00FA
0014
0014
0036
06A4
03A2
01B7
01B8
003B
06F4
046D
0002
0014
0634
06F5
03FF
06F6
0106
0042
04B6
0044
0288
00B2
00FB
0048
037E
037F
010B
0308
0278
004E
0192
0014
01C0
06F7
06F8
06F9
0113
003B
01F5
032D
058C
0014
0223
0325
06FA
01C7
0117
005E
02A4
0060
0035
0014
047D
04F1
06FB
0386
047D
0358
0254
05A7
006A
0014
049D
06FC
06FD
06FE
06FF
0071
01D0
034F
0192
0014
0406
0700
055C
0701
022A
007A
01D3
0702
0014
0014
0059
0703
0704
0705
024D
00B2
028E
038C
0085
0014
0075
012D
0706
0365
042C
01A0
0707
038D
0035
0014
0371
0133
0708
0709
05F2
00B2
070A
0095
0014
0014
023B
070B
070C
01A9
070D
0002
0003
0656
070E
069D
0007
013F
070F
000A
03CB
04DD
000D
000E
0144
0010
001C
0012
0013
0014
001E
0014
0014
0002
0014
0014
0014
0016
001A
001D
0014
0014
0019
0002
0002
0014
0002
0002
0002
001F
0023
0010
001D
001E
0010
0014
0002
0014
0002
0014
0014
001C
001D
0016
0022
0014
001A
0002
0014
0014
0014
0014
0014
0021
001A
0021
001E
0014
0021
0014
0014
0014
0014
0014
0014
0021
001B
0025
0018
0014
0019
0014
0002
0014
0014
0002
0014
0023
00F3
0010
0022
0014
0016
0014
0014
0014
0002
0014
0002
0025
001D
0010
0027
0014
00F3
0014
0014
0014
0014
0014
0002
0014
0028
0021
0014
0014
0436
0014
0014
0014
0014
0014
0014
0026
002A
0012
0026
0013
002B
0014
0014
0014
0014
0014
0002
0018
00AD
0010
0014
0014
002E
0014
0014
0014
0014
0014
0002
0022
0270
0016
0014
0014
002B
0014
0014
0014
0014
0014
0002
0637
0032
0057
00FA
0035
0014
0273
03CE
0710
02EE
00AE
003B
0596
0034
0014
0014
01EF
0711
0598
0712
0041
0042
00D6
0284
0045
00B2
0108
0713
0221
0222
0714
0623
014E
014F
004F
0014
027B
00C0
05A0
0715
0130
0056
01F5
0060
004F
0014
00C4
0115
0116
0626
0327
005E
05A5
0101
0085
0014
04C4
04F1
01F9
0716
0717
00D0
0068
047E
006A
0014
0529
00D2
0718
0719
04E4
0071
02DE
0073
0192
0014
01FE
071A
0388
071B
071C
0014
071D
007C
0014
0014
0075
071E
0530
071F
00DF
0082
0083
0084
0085
0050
00E5
0164
0088
0089
0113
008B
008C
008D
0014
0014
0631
0377
0090
0091
0136
0093
0094
0165
0014
0014
0631
0379
01DE
01DF
023C
0002
0266
0004
00EB
0006
0720
016E
0009
0463
03DC
0721
0722
0242
0173
0026
0174
0015
0014
0014
00AB
0014
0002
0002
0014
0014
0014
0026
0394
0012
0018
0014
00F6
0002
0002
0014
0014
0014
0002
001A
001B
001C
00F3
0026
0016
0002
0002
0002
0002
0002
0014
001A
001D
001F
001E
0020
0010
0002
0014
0002
0014
0014
0014
001C
0023
0025
0022
0014
0012
0014
0002
0014
0014
0002
0014
0025
001A
0021
0022
0014
0016
0014
0002
0014
0002
0014
0014
0010
0019
0016
0018
0024
0016
0014
0014
0002
0014
0002
0002
0025
0012
0025
0026
0014
0019
0002
0014
0002
0014
0014
0014
0027
0587
00F4
0014
0014
02A3
0002
0014
0014
0014
0014
0014
0026
002C
0021
0027
0014
002E
0014
0002
0014
0014
0014
0014
0026
002C
002D
0027
0014
002E
0014
0014
0014
0002
0014
0014
0018
002F
0030
0018
0014
002E
0002
0014
0002
0014
0014
0002
0031
00F8
053F
0034
0014
0014
0108
017C
0038
021D
003A
00B2
0723
0101
0002
0014
003D
0348
024C
01BB
0399
00BA
0043
0044
0278
0046
0047
0048
00BD
00BE
004B
004C
004D
004E
0074
0050
01F2
0186
01C2
0054
0405
01F4
0057
0058
0002
0014
0059
005A
03E5
0356
00C8
0250
005F
0060
0061
0014
00CC
0063
030C
0724
0066
0067
0068
0069
00B4
006B
006C
0285
006E
0423
0070
00D5
0072
0287
0074
0014
0075
0725
0289
0726
0079
007A
0195
0361
0014
0014
007D
06C0
0233
0727
0081
00B2
03C3
054D
0085
0014
0086
0728
0729
019E
0031
01A0
0205
0132
0035
0014
008E
0206
0487
072A
005D
00B2
020A
0095
0096
0014
00E5
036A
013A
020B
01E0
0002
009C
0319
0005
009F
03DB
016E
0506
000A
0240
0214
04B1
00F0
0243
0010
0011
0012
0013
0014
001D
0014
0002
0002
0014
0014
0014
0016
0017
0015
0027
0014
0019
0002
0002
0014
0002
0002
0014
001A
001B
0021
001D
0026
0016
0014
0002
0002
0002
0002
0014
0023
001D
0010
001E
0014
0010
0014
0014
0002
0014
0014
0014
001C
001C
0021
001E
0014
0021
0014
0002
0014
0014
0002
0014
0021
001B
0015
0027
0014
0016
0014
0002
0014
0002
0002
0014
0023
001E
0016
0027
0024
0012
0014
0014
0002
0014
0002
0002
0025
001E
0010
0014
0014
0022
0014
0014
0014
0014
0014
0002
0014
0028
0016
0014
0014
00F5
0014
0014
0014
0014
0014
0014
0026
002A
0021
0026
0013
002B
0014
0002
0014
0014
0014
0014
0018
002C
002D
0027
0014
002E
0014
0014
0014
0014
0014
0014
0022
002F
0030
0027
0014
00AC
0002
0014
0002
0014
0014
0014
0031
0032
0033
0034
0035
0014
00AF
0037
0249
024A
017F
003B
003C
0034
00B4
0014
0322
00B6
003F
03E2
00B9
00BA
0148
01BC
0045
0046
0047
014A
06B0
06B1
019A
004C
004D
0132
0074
0014
0051
0052
0053
0054
0405
0056
0057
0058
004F
0014
0371
005A
03E5
0699
0031
0156
005F
0060
0096
0014
0062
0063
030C
01CB
0066
0067
0068
0069
00CB
006B
006C
02BD
032B
006F
0045
0071
015C
0073
0014
0014
0075
00D8
072B
015E
044B
0014
0360
007C
0014
0014
007D
007E
0161
0162
00DF
0082
0083
0084
0085
0050
0086
0164
0088
0089
008A
008B
008C
008D
0035
0014
038E
0206
0090
0091
0092
0093
0094
005E
0085
0014
0097
0166
0099
009A
072C
0002
0266
03F2
06F2
0006
00A0
072D
00ED
072E
03CB
000C
037A
01B1
0173
0018
01B4
0019
0014
0014
026C
0014
0002
0002
0014
0014
0014
00F3
01E7
0012
0018
0014
0176
0002
0002
0014
0014
0014
0002
0010
0016
001C
00F3
001E
0010
0002
0014
0014
0002
0002
0014
001A
001D
001F
00F3
0020
001A
0002
0014
0014
0014
0014
0014
0025
001A
0012
0022
0014
0012
0014
0014
0014
0014
0002
0014
0021
001B
0021
0022
0014
0025
0014
0002
0014
0014
0014
0014
0016
0019
0010
0022
0014
0016
0014
0014
0002
0002
0014
0002
0012
0012
0012
0026
0014
0019
0002
0014
0002
0014
0014
0014
0027
031F
02EB
0014
0014
00AB
0002
0014
0014
0014
0014
0014
0026
0320
0342
0013
0014
0271
0014
0014
0014
0014
0014
0002
0026
026E
0021
0013
0014
002E
0014
0014
0014
0002
0014
0002
0018
002C
0021
0018
0014
00F6
0014
0014
0014
0014
0014
0002
0637
00F8
04E0
02D6
0014
0014
0301
06A4
072F
0730
01B8
0156
063B
046D
0002
0014
0634
0731
046F
0183
0106
0042
0043
0044
004F
00B2
00FB
0185
0049
004A
010B
0308
0278
004E
004F
0050
06E0
0732
06F8
06F9
0113
01F4
01F5
0324
00B4
0014
0223
0325
045B
045C
0228
005E
005F
0095
0061
0014
036E
0733
011B
0065
01C8
04EB
0068
05A7
006A
0014
0529
0285
06FD
0387
0734
01FD
0072
04F6
0074
0014
01FE
0076
0735
0736
028A
007A
0644
0232
0014
0014
035D
0737
0738
0739
0081
00B2
0483
073A
0085
0014
0163
012D
073B
073C
018C
01A0
0205
038D
0035
0014
02C4
0316
073D
073E
0136
00B2
020A
0095
0096
0014
00E5
070B
073F
06EC
01E0
0002
0003
0656
070E
06BB
0007
013F
0740
000A
0213
0269
000D
000E
0144
0010
02A0
0012
0013
0014
001D
0014
0014
0002
0014
0014
0014
0016
001A
001D
0024
0014
0019
0002
0002
0014
0002
0002
0002
001F
001A
0021
001D
0018
0021
0014
0002
0014
0002
0014
0014
0023
001D
0016
0022
0014
001A
0014
0014
0014
0014
0014
0014
001C
0016
0021
001E
0014
0021
0014
0014
0014
0014
0014
0014
0021
001B
0015
0018
0014
0016
0014
0002
0014
0014
0002
0014
0023
0022
0010
0022
0014
0016
0014
0014
0014
0002
0014
0002
0025
001D
0010
0014
0014
00F3
0014
0014
0014
0014
0014
0002
0014
0028
0021
0014
0014
00F5
0014
0014
0014
0014
0014
0014
0026
002A
0012
0026
0013
002B
0014
0002
0014
0014
0014
0002
0018
002C
0010
0014
0014
002E
0014
0014
0014
0014
0014
0002
0022
002F
0016
0014
0014
002B
0014
0014
0014
0014
0014
0002
01E8
0032
03FB
00FA
0035
0014
0273
0037
0741
0742
0637
003B
003C
0034
0035
0014
0322
00B6
0743
0712
0041
0042
0148
01BC
0045
00C9
0036
00BC
0221
0222
00AE
010C
014E
014F
004F
0014
027B
0225
01F3
03BB
0227
0056
0057
0060
004F
0014
00C4
0115
0116
0626
0327
005E
005F
0101
0096
0014
0119
01C9
0064
022C
02BC
0067
0254
011D
006A
0014
011E
0744
048E
0745
0438
0071
04B6
0073
0014
0014
0374
0746
0747
0748
071C
0014
0749
007C
0014
0014
00DD
074A
074B
074C
00DF
0082
0083
0084
0085
0050
0128
0164
0088
0089
008A
008B
008C
008D
0014
0014
0451
0377
0090
0091
0136
0093
0094
00E4
0014
0014
0097
0379
01DE
01DF
01AA
0002
0266
0004
00EB
0006
023E
016E
00ED
0463
03DC
0721
0722
0242
0173
0018
0174
0015
0014
0014
00AB
0014
0002
0002
0014
0014
0014
0026
0244
0012
0018
0014
0176
0002
0002
0014
0014
0014
0002
001A
001B
001C
00F3
001E
0016
0002
0002
0002
0002
0002
0014
001A
001D
001F
001E
0020
0010
0002
0014
0002
0014
0014
0014
0025
001A
0025
0022
0014
0012
0014
0002
0014
0014
0002
0014
0025
001C
0021
0022
0014
0025
0014
0002
0014
0002
0014
0014
0010
0019
0016
0018
0024
0016
0014
0014
0002
0014
0002
0002
0025
0012
0025
0026
0014
0019
0002
0014
0002
0014
0014
0014
0027
031F
00F4
0014
0014
00AB
0002
0014
0014
0014
0014
0014
0026
03A1
0021
0027
0014
002E
0014
0002
0014
0014
0014
0014
0026
0270
002D
0027
0014
002E
0014
0014
0014
0002
0014
0014
0018
002C
0030
0018
0014
002E
0002
0014
0002
0014
0014
0002
0031
00F8
0588
0034
0014
0014
0301
017C
0038
021D
003A
00B2
024B
0101
0002
0014
0347
0348
024C
01BB
02AA
00BA
0043
0044
004F
0046
0220
0048
00BD
00BE
004B
004C
004D
004E
0074
0050
01F2
0186
01C2
0054
00C2
01F4
00D6
0058
0096
0014
0059
005A
00C6
0356
00C8
0250
005F
0060
0061
0014
00CC
01F8
0408
047C
0066
00D0
0068
0069
00B4
006B
0329
0285
0256
03EA
0070
00D5
0072
0191
0074
0014
0075
074D
06D1
074E
0079
007A
0644
0361
0014
0014
025E
074F
0233
0750
0081
00B2
0202
0313
0085
0014
0163
0728
0729
0751
006C
01A0
0205
038D
0035
0014
008E
0206
0752
03D8
005D
00B2
020A
0095
0096
0014
00E5
036A
0264
020B
0753
0002
00EA
069C
013D
069D
00EC
013F
0740
000A
000B
04DD
000D
0754
0243
0010
02A0
0015
0013
0014
001E
0014
0014
0002
0014
0014
0014
0016
0023
001D
0027
0014
0019
0002
0014
0014
0002
0014
0002
001A
001B
0021
0022
0018
0016
0014
0002
0014
0002
0002
0014
0023
001D
0016
001E
0014
001A
0002
0014
0014
0014
0014
0014
001C
001C
0012
001E
0014
0021
0014
0002
0014
0014
0014
0014
0021
001B
0025
0018
0014
0019
0014
0002
0014
0014
0002
0014
0023
0022
0010
0022
0014
0016
0014
0014
0002
0002
0002
0002
0025
0019
0010
0027
0014
0022
0014
0014
0014
0014
0014
0014
0014
0028
0021
0014
0014
0436
0014
0014
0014
0014
0014
0014
0026
002A
0012
0026
0013
002B
0014
0002
0014
0014
0014
0002
0018
002C
002D
0027
0014
002E
0014
0014
0014
0014
0014
0002
0026
0179
0030
0027
0014
00F6
0014
0014
0014
0014
0014
0002
01E8
0032
0057
00FA
0035
0014
0273
0755
0710
0756
003A
003B
003C
0034
00B4
0014
00B5
043C
0598
0712
0041
0042
0148
0284
0122
0046
0036
014A
0221
0222
014D
02B0
014E
014F
0074
0014
027B
027C
0757
0758
0130
0056
01F5
0060
004F
0014
0371
0115
0116
0626
0327
005E
005F
0060
00CB
0014
04C4
0063
0064
022C
0628
0067
06A6
0359
006A
0014
049D
0759
075A
075B
035C
0071
02B4
0073
0192
0014
01FE
052B
015D
0311
075C
0014
075D
007C
0014
0014
00DD
02FB
074B
075E
00DF
0082
0083
0084
0085
0050
0128
00E1
0088
0089
0329
008B
008C
008D
0035
0014
0451
008F
0090
0091
0092
0093
0094
0165
0085
0014
0097
0098
01DE
009A
0001
0002
0003
0004
00EB
0006
0504
05F5
00ED
016F
075F
0760
0722
000E
03CC
0026
0174
0012
0014
0014
026C
0014
0002
0002
0014
0014
0014
0026
0244
0012
0018
0014
0176
0002
0002
0014
0014
0002
0002
0016
0023
001C
001D
001E
0021
0002
0002
0002
0002
0002
0014
001A
001D
001F
00F3
0020
0010
0002
0014
0002
0014
0014
0014
0025
001A
0021
0022
0014
0012
0014
0014
0014
0014
0002
0014
0025
001A
0021
0022
0014
0016
0014
0002
0014
0002
0014
0014
0012
0019
0016
0018
0024
0016
0014
0014
0002
0014
0002
0002
0012
0012
0025
0026
0014
0019
0002
0014
0002
0014
0014
0002
0027
00AD
00F4
0014
0014
026C
0002
0014
0014
0014
0014
0014
0026
03A1
0021
0013
0014
002E
0014
0002
0014
0014
0014
0014
0026
0270
0010
0013
0014
002E
0014
0014
0014
0002
0014
0014
0022
0145
0016
0018
0014
00AC
0002
0014
0002
0014
0014
0002
0031
00F8
053F
0034
0014
0014
00FB
0037
0038
021D
02D1
00B2
046C
0101
0002
0014
0102
003E
024C
01BB
02AA
0472
0043
0044
0045
00B2
0220
024E
00BD
00BE
004B
004C
004D
004E
004F
0050
01F2
0225
0548
01C3
0405
01F4
0057
0058
0002
0014
0406
01C5
03E5
0356
0031
0250
005F
0095
0061
0014
022A
0761
0357
0724
0066
04EB
0068
0069
00B4
006B
006C
006D
006E
006F
0070
01FD
0072
00D7
0074
0014
0075
0076
045D
0078
028A
007A
0762
058D
0014
0014
025E
0426
045F
05B4
0081
00B2
0763
054D
0085
0014
0163
03D4
0729
019E
008A
01A0
0205
0132
0035
0014
008E
0764
0487
0765
0136
0137
020A
0095
0096
0014
00E5
0766
013A
0767
0001
0002
0003
0319
0768
009F
0007
016E
03F6
031D
075F
02CA
0241
000E
000F
0010
02A0
0012
0014
0014
001D
0014
0002
0002
0014
0014
0014
0026
00A9
0012
0027
0014
0176
0002
0002
0014
0002
0002
0002
0023
001B
0010
001D
0026
0016
0002
0002
0002
0002
0002
0014
0023
001D
001F
0022
0020
0010
0014
0014
0002
0014
0014
0014
001C
001C
0021
001E
0014
0021
0014
0002
0014
0014
0002
0014
0025
001B
0012
0022
0014
0016
0014
0002
0014
0002
0002
0014
0023
001E
0010
0027
0014
0012
0014
0014
0014
0014
0002
0002
0025
0015
0010
0026
0014
00F3
0002
0014
0014
0014
0014
0002
0014
026C
0769
0014
0014
0246
0014
0014
0014
0014
0014
0014
0026
002C
0021
0027
0014
002E
0014
0002
0014
0014
0014
0014
0026
002C
002D
0027
0014
002E
0014
0014
0014
0002
0014
0014
0022
0247
0030
0018
0014
00AC
0014
0014
0014
0014
0014
0014
018C
0032
03FB
0034
0014
0014
0097
0037
01EA
0742
0237
00B2
03E0
0034
00B4
0014
0322
00B6
01EE
076A
076B
00BA
0148
01BC
0045
0046
0036
0323
059C
0404
024D
010C
004D
0475
004F
0050
01F2
0225
01F3
03BB
0405
0056
0057
0058
004F
0014
0223
02B6
03E5
0626
00C8
0137
005F
0060
0061
0014
0119
0063
0408
0409
0628
0067
0068
011D
0085
0014
011E
006D
032B
006F
076C
00D5
0072
00D7
0074
0014
0123
0076
076D
0078
0079
0014
0195
076E
0014
0014
007D
007E
04CA
03EF
00DF
00C9
0376
0084
0085
0014
0086
0164
03F1
0089
008A
01A0
076F
008D
0035
0014
01A2
0206
0090
0091
0092
0093
0770
0095
0096
0014
0097
0166
0099
009A
0771
0002
0266
02FD
0772
0006
0773
013F
0009
0212
000B
000C
0774
06F3
026B
0026
00F2
0019
0013
0014
026C
0014
0002
0002
0014
0014
0014
0016
0017
001D
0018
0014
0019
0002
0014
0014
0014
0014
0002
001A
0023
001C
0018
001E
0010
0014
0002
0014
0002
0002
0014
001A
0019
0016
001E
0014
001A
0002
0014
0014
0014
0014
0014
0021
001A
0012
0022
0014
0012
0014
0014
0014
0014
0014
0014
0021
001B
0021
0018
0014
001D
0014
0002
0014
0014
0014
0014
0021
0019
0016
0022
0024
0016
0014
0014
0002
0002
0002
0002
0025
0012
0025
0027
0014
0019
0014
0014
0002
0014
0014
0014
0027
0028
0016
0014
0014
0029
0002
0014
0014
0014
0014
0014
0026
002A
0012
0026
0013
002B
0014
0002
0014
0014
0014
0002
0018
0270
0010
0013
0014
002E
0014
0014
0014
0014
0014
0002
0018
00A8
0021
0014
0014
00F6
0002
0014
0002
0014
0014
0002
0031
00F8
01B5
02D6
0035
0014
0036
017C
021C
0275
00FF
003B
003C
01B9
0002
0014
0347
01BA
003F
0040
0041
0042
0043
0044
0288
00B2
0220
0048
0049
004A
010B
004C
0278
004E
0074
0014
01C0
027C
04DA
0054
0113
027E
01F5
0324
00B4
0014
0371
005A
0116
045C
0117
005E
005F
0101
0085
0014
00CC
011A
0064
0065
0066
00D0
0254
0069
006A
006B
0329
06FC
0256
06FE
0070
0071
00D6
0073
0192
0014
0075
0259
0077
025B
071A
007A
01D3
0058
0014
0014
034D
0775
0776
0777
024D
0082
028E
0778
0085
0050
0163
012D
0779
073C
01CC
008B
0291
02F9
0035
0014
008E
01DA
077A
077B
05F2
0046
077C
0165
0014
0014
00E5
0297
077D
077E
01E0
0002
0003
03F2
077F
069D
0007
0008
0780
0781
000B
0782
000D
000E
0144
0010
001A
0012
0013
0014
001D
0014
0014
0002
0014
0014
0014
00F3
01E7
001D
0027
0014
0176
0002
0002
0014
0002
0002
0002
001A
0023
001C
001D
0018
0010
0014
0002
0014
0002
0002
0014
0023
001D
0010
001E
0014
001A
0002
0014
0014
0014
0014
0014
0021
0016
0021
001E
0014
0021
0014
0014
0014
0014
0014
0014
0021
001B
0021
0018
0014
0016
0014
0002
0014
0014
0002
0014
0023
00F3
0021
0024
0014
0012
0014
0014
0002
0002
0002
0002
0025
001D
0010
0027
0014
00F3
0014
0014
0014
0014
0014
0002
0027
002F
0021
0014
0014
04B5
0014
0014
0014
0014
0014
0014
0026
002A
0012
0014
0014
00AC
0014
0014
0014
0014
0014
0002
0018
00AD
0010
0014
0014
002E
0014
0014
0014
0014
0014
0002
0022
0270
0016
0014
0014
002B
0014
0014
0014
0014
0014
0002
01E8
0032
03FB
00FA
0035
0014
00AF
0037
03FC
02A6
017F
0156
063B
0034
0002
0014
01EF
021F
0783
0784
01EC
0042
0402
01BC
0045
00C9
0108
0713
048B
0785
014D
014F
014E
014F
004F
0014
01C0
0052
02B1
0786
0130
0056
0057
0060
004F
0014
0787
0115
0116
0626
02C4
005E
05A5
0101
0096
0014
04C4
011A
01F9
0788
04C4
00D0
0068
011D
0085
0014
011E
006D
01CE
022F
06FF
00BA
0072
0073
0192
0014
01FE
0789
0077
078A
0126
006B
0195
007C
0014
0014
0075
078B
04CA
078C
0220
0082
0333
0084
0014
0014
0296
078D
0088
03C5
0113
008B
078E
008D
0014
0014
0631
0377
0207
078F
0136
0093
0790
0165
0014
0014
0378
0379
04D2
0791
072C
0002
0415
0617
0005
0006
053B
0792
0009
02FE
0618
000C
0793
0242
0173
0026
0174
0015
0014
0014
00AB
0014
0002
0002
0014
0014
0014
0016
0017
0012
0018
0014
0019
0002
0002
0014
0014
0014
0002
0023
001B
0016
0022
001E
0016
0002
0002
0002
0002
0002
0014
001A
001D
001F
00F3
0020
0010
0002
0014
0002
0014
0014
0014
001C
001A
0025
0022
0014
0012
0014
0002
0014
0014
0002
0014
0021
001A
0025
0022
0014
0025
0014
0002
0014
0002
0014
0014
0010
0019
0016
0022
0024
0016
0014
0014
0014
0014
0002
0002
0025
0012
0025
0026
0014
0019
0002
0014
0002
0014
0014
0014
0027
01B3
00F4
0014
0014
0029
0002
0014
0014
0014
0014
0014
0026
01B4
0021
0026
0013
00F6
0014
0002
0014
0014
0014
0014
0026
002C
002D
0027
0014
002E
0014
0014
0014
0002
0014
0014
0018
002F
0030
0018
0014
002E
0002
0014
0002
0014
0014
0002
014D
00F8
053F
0034
0014
0014
0108
0794
0038
064B
01B8
003B
003C
0101
00B4
0014
003D
0348
003F
01BB
00B9
00BA
0043
0044
004F
0046
0047
0048
00BD
00BE
004B
004C
004D
004E
0061
0050
01F2
0624
01C2
02D5
00C2
01F4
00D6
0058
0002
0014
0223
01C5
00C6
0356
00C8
0250
005F
0060
0061
0014
00CC
0063
030C
0724
0066
0067
0068
0069
006A
006B
00D1
0795
006E
0423
0258
0071
00D6
0287
0074
0014
0075
0796
01FF
0125
032E
007A
0360
058D
0014
0014
007D
0797
0233
0798
0081
00B2
0083
054D
0085
0050
0086
0087
0799
079A
0031
01A0
008C
038D
0035
0014
008E
0206
0550
079B
005D
00B2
0094
0095
0096
0014
00E5
036A
0099
020B
01E0
0002
0003
0319
03F3
009F
00EC
016E
0506
000A
000B
04B0
000D
00F0
000F
0010
02A0
0012
0014
0014
001D
0014
0014
0002
0014
0014
0014
0016
001A
0012
0027
0014
0019
0002
0002
0014
0002
0002
0014
001A
001B
0010
001D
0026
0016
0002
0002
0014
0002
0002
0014
0023
001D
001F
001E
0014
001A
0014
0014
0002
0014
0014
0014
001C
001C
0021
001E
0014
0021
0014
0002
0014
0014
0002
0014
0021
001B
0012
0018
0014
0016
0014
0002
0014
0002
0002
0014
0023
001E
0010
0027
0014
0012
0014
0014
0014
0014
0002
0002
0025
0019
0010
0026
0014
0022
0014
0014
0014
0014
0014
0002
0014
00AB
03A1
0014
0014
0436
0014
0014
0014
0014
0014
0014
0026
002C
0021
0027
0014
00F6
0014
0002
0014
0014
0014
0014
0026
002C
002D
0027
0014
002E
0014
0014
0014
0014
0014
0014
0022
002F
0030
0027
0014
00AC
0014
0014
0014
0014
0014
0014
01E8
0032
03FB
0034
0014
0014
038E
0037
05E1
0518
003A
003B
003C
0034
00B4
0014
00B5
00B6
0620
0712
0102
0042
0148
01BC
0045
0046
0036
0323
0221
0222
019A
02B0
004D
04EB
0074
0014
019F
0052
0757
0188
0055
0056
0057
0058
004F
0014
0059
01F6
005B
0626
005D
005E
005F
0060
0096
0014
0189
0063
0064
022C
0628
0067
0068
011D
0085
0014
011E
02BD
079C
006F
035C
0071
015C
0073
0074
0014
0123
052B
079D
040B
044B
0014
0360
079E
0014
0014
007D
007E
079F
05C9
00DF
00C9
0083
0084
0085
0014
0086
0164
03F1
0089
008A
01A0
008C
008D
0035
0014
0451
0206
0090
0091
0092
0093
0094
0095
0085
0014
0097
0098
0099
009A
07A0
0002
0266
03F2
0772
0006
07A1
013F
00ED
07A2
00A4
0633
07A3
01B1
026B
0026
00F2
0019
0013
0014
026C
0014
0002
0014
0014
0014
0014
0026
0244
001D
0018
0014
0176
0002
0002
0014
0014
0014
0002
0016
0023
001C
00F3
001E
0010
0014
0002
0002
0002
0002
0014
001A
0019
0016
00F3
0020
0010
0002
0014
0014
0014
0014
0014
0025
001A
0012
0022
0014
0012
0014
0014
0014
0014
0002
0014
0025
001B
0021
0022
0014
0025
0014
0002
0014
0014
0014
0014
0021
0019
0016
0022
0024
0016
0014
0014
0002
0002
0002
0002
0012
0012
0025
0027
0014
0019
0002
0014
0002
0014
0014
0014
0027
00A8
0016
0014
0014
00AB
0002
0014
0014
0014
0014
0014
0026
002A
0015
0026
0013
041A
0014
0002
0014
0014
0014
0002
0018
0270
0010
0013
0014
002E
0014
0014
0014
0002
0014
0002
0018
002C
0016
0018
0014
00F6
0002
0014
0002
0014
0014
0002
014D
00F8
01B5
021A
0035
0014
0036
0302
056F
0730
02D1
00B2
07A4
01B9
0002
0014
0634
0731
07A5
01BB
00B9
0472
0043
0044
004F
00B2
0220
0048
00BD
00BE
010B
004C
0278
004E
004F
0050
01C0
0732
07A6
0381
00AE
027E
00D6
0324
00B4
0014
00C4
01C5
07A7
045C
004B
0250
005F
0101
0061
0014
022A
011A
03C2
047C
0066
00D0
0068
0069
006A
006B
0329
0285
006E
0286
0070
01FD
0072
07A8
0192
0014
0075
0124
07A9
07AA
07AB
007A
07AC
07AD
0014
0014
0075
07AE
07AF
07B0
0117
0082
0333
012C
0085
0050
0163
07B1
07B2
07B3
01C4
008B
07B4
07B5
0035
0014
008E
063C
077A
07B6
011E
0046
033C
0165
0096
0014
00E5
0079
07B7
077E
01E0
0002
0003
07B8
07B9
069D
0007
0008
070F
000A
000B
04DD
000D
000E
0144
0010
02A0
0012
0014
0014
001D
0014
0014
0002
0014
0014
0014
0016
001A
001D
0027
0014
0019
0002
0014
0014
0002
0002
0002
001A
0023
0021
001D
0018
0021
0014
0002
0014
0002
0002
0014
0023
001D
0021
001E
0014
001A
0014
0014
0014
0014
0014
0014
0021
001F
0021
001E
0014
0021
0014
0014
0014
0014
0014
0014
0021
001B
0015
0018
0014
0016
0014
0002
0014
0014
0002
0014
0023
00F3
0021
0024
0014
0012
0014
0014
0014
0002
0014
0002
0025
001D
0010
0013
0014
00F3
0014
0014
0014
0014
0014
0002
0027
00AB
04DF
0014
0014
0436
0014
0014
0014
0014
0014
0014
0027
002C
0012
0014
0014
00F6
0014
0002
0014
0014
0014
0002
0026
002C
0025
0014
0014
002E
0014
0014
0014
0014
0014
0002
0022
0247
0012
0014
0014
002B
0014
0014
0014
0014
0014
0002
01E8
0032
03FB
00FA
0014
0014
0273
0037
03FC
0518
017F
003B
0596
0034
0002
0014
01EF
021F
07BA
0784
07BB
0042
00D6
01BC
0045
00C9
0108
0713
0221
0222
014D
051F
014E
014F
004F
0014
027B
0052
0521
07BC
010F
0056
0057
0060
004F
0014
0371
0115
0116
0626
02C4
005E
05A5
0101
0096
0014
04C4
011A
0328
0716
04C4
0067
0068
011D
0085
0014
019F
02BD
03A9
022F
0438
0071
02DE
0073
0122
0014
0374
07BD
015D
07BE
071C
006B
071D
07BF
0014
0014
00DD
07C0
07C1
07C2
00DF
0332
07C3
0084
0014
0014
0128
04CD
07C4
0410
008A
01A0
07C5
008D
0014
0014
0451
0377
07C6
03C7
0136
0093
07C7
0165
0014
0014
0097
0379
07C8
07C9
01AA
0002
0415
0617
0005
0006
07CA
01E4
0009
0463
0618
0721
0793
0242
0173
0026
0174
0015
0013
0014
00AB
0014
0002
0002
0014
0014
0014
0026
0394
0012
0018
0014
00F6
0002
0002
0014
0014
0014
0002
001F
001B
001C
00F3
001E
0016
0002
0002
0002
0002
0002
0014
001A
001D
001F
00F3
0020
0010
0002
0014
0002
0014
0014
0014
001C
001A
0025
0022
0014
0012
0014
0002
0014
0014
0002
0014
0025
001A
0021
0022
0014
0025
0014
0002
0014
0002
0014
0014
0010
0019
0016
0022
0024
0016
0014
0014
0002
0014
0002
0002
0025
0012
0025
0026
0014
0019
0002
0014
0002
0014
0014
0014
0027
002F
0016
0014
0014
00AB
0002
0014
0014
0014
0014
0014
0026
03CD
0021
0026
0013
00AC
0014
0002
0014
0014
0014
0014
0018
0270
002D
0027
0014
002E
0014
0014
0014
0002
0014
0014
0018
0179
0030
0018
0014
002E
0002
0014
0002
0014
0014
0002
014D
00F8
0588
0034
0035
0014
0301
0302
0038
064B
01B8
00B2
0723
0101
00B4
0014
003D
0348
024C
01BB
00B9
0305
0043
0044
004F
0046
0047
0048
00BD
00BE
004B
004C
004D
004E
0061
0050
01F2
07CB
01C2
02D5
00C2
01F4
00D6
0058
058C
0014
0223
01C5
00C6
0356
00C8
0250
005F
0060
0061
0014
00CC
0063
030C
0724
0066
00D0
0068
0069
006A
006B
00D1
0285
006E
0423
0070
00D5
0072
0287
0074
0014
0075
0424
0289
04AA
0079
007A
0644
07CC
0014
0014
025E
07CD
0233
07CE
0081
0082
07CF
012C
0085
0050
0163
0087
07D0
079A
006C
008B
00E2
038D
0035
0014
008E
0206
03B0
079B
005D
0046
00E3
0095
0096
0014
00E5
036A
0099
020B
05B6
0002
00EA
0004
07D1
016D
00EC
0267
0009
000A
000B
0553
000D
04DE
03DD
0010
02A0
0012
0014
0014
0015
0014
0002
0002
0014
0014
0014
0016
001A
0015
0018
0014
0019
0002
0014
0014
0002
0014
0002
001A
001B
001C
00F3
0018
0016
0014
0002
0014
0002
0002
0014
001A
001D
0016
001E
0014
001A
0002
0014
0014
0014
0014
0014
0021
001C
0021
001E
0014
0021
0014
0002
0014
0014
0002
0014
0021
001B
0021
0018
0014
0016
0014
0002
0014
0014
0002
0014
0023
00F3
0010
0024
0014
0012
0014
0014
0002
0002
0002
0002
0025
0019
0010
0027
0014
0022
0014
0014
0014
0014
0014
0014
0027
0216
0177
0014
0014
0176
0002
0014
0014
0014
0014
0014
0027
002C
0012
0027
0014
00F6
0014
0002
0014
0014
0014
0014
0026
002C
002D
0027
0014
0271
0014
0014
0014
0002
0014
0014
0026
0145
0030
0018
0014
00F6
0014
0014
0014
0014
0014
0014
01E8
0032
03FB
00FA
0014
0014
00AF
017C
0146
0039
003A
003B
00C3
0034
0002
0014
03FE
063C
07BA
07D2
0102
0042
0402
0044
0122
0046
0108
014A
07D3
03A5
014D
0308
014E
07B5
0074
0014
01C0
027C
0679
067A
0130
0056
0057
0060
004F
0014
0371
005A
0116
0372
02C4
005E
01D0
0060
0096
0014
04C4
01F8
07D4
07D5
0628
0067
0068
011D
0085
0014
01CC
06FC
01CE
07D6
035C
0071
015C
0287
0192
0014
0075
0310
07D7
035F
015F
006B
07D8
052E
0014
0014
00DD
02FB
07D9
075E
044E
0332
07DA
0084
0085
0014
0128
07DB
07DC
07DD
0338
01A0
07DE
008D
0035
0014
0451
0206
07DF
0208
0092
0093
0500
0165
0096
0014
0097
0098
07E0
009A
0001
0002
009C
02E6
0005
0006
0504
05F5
01E5
0463
00A4
000C
0722
000E
03CC
0026
0174
0015
0013
0014
00F6
0014
0002
0002
0014
0014
0014
0026
05D5
0012
0014
0014
041E
0014
0002
0014
0014
0002
0014
0012
001A
0016
001D
001E
0021
0002
0002
0002
0002
0014
0014
0023
001D
001F
00F3
0020
0010
0002
0014
0002
0014
0014
0014
001C
001A
0025
0018
0014
001D
0014
0014
0014
0014
0002
0014
0020
001A
0025
0022
0014
0025
0014
0002
0014
0002
0014
0014
0025
0019
0016
0022
0024
0016
0014
0014
0002
0014
0002
0002
0025
0012
0025
0026
0014
0019
0002
0014
0002
0014
0014
0002
0027
00A8
0016
0014
0014
00AB
0002
0014
0014
0014
0014
0014
0026
03CD
0021
0026
0013
00AC
0014
0002
0014
0014
0014
0002
0018
0270
0010
0013
0014
002E
0014
0014
0014
0014
0014
0002
0022
00A8
0016
0014
0014
00AC
0002
0014
0002
0014
0014
0002
014D
00F8
01B5
0034
0035
0014
0108
00B0
0249
06AF
02D1
00B2
07E1
046D
0014
0014
003D
003E
024C
01BB
00B9
0472
0043
0107
0045
00B2
0047
03CF
0473
050F
004B
004C
004D
004E
004F
0050
01F2
00C0
01C2
01C3
00C2
01F4
00D6
0058
00B4
0014
0406
02B6
05A3
0356
0031
0250
005F
0095
0061
0014
00CC
01C9
07E2
0724
0066
00D0
0068
0069
006A
006B
006C
006D
006E
006F
0070
00D5
0072
0073
0074
0014
0123
0076
0077
0078
028A
007A
0644
03D1
0014
0014
025E
0426
045F
05B4
0081
0082
07E3
01FB
0085
0050
0163
0087
0314
07E4
0113
008B
07E5
0132
0035
0014
008E
0377
07E6
0317
0209
0137
07E7
0095
0014
0014
00E5
0766
07E8
0632
0001
0002
0003
0004
07E9
060C
0007
016E
07EA
031D
0213
0269
000D
000E
000F
0010
001C
0015
0014
0014
0015
0014
0002
0002
0014
0014
0014
00F3
01E7
0012
0018
0014
0176
0002
0002
0014
0002
0002
0002
0023
001B
0010
001D
0014
0016
0002
0002
0002
0002
0002
0014
001A
001D
001F
0022
0020
0021
0002
0014
0002
0014
0014
0014
001C
001C
0025
001E
0014
0021
0014
0014
0014
0014
0002
0014
0021
001B
0025
0022
0014
0016
0014
0002
0014
0002
0002
0014
0023
001E
0010
0027
0014
0012
0014
0014
0014
0014
0002
0002
0025
0015
0010
0026
0014
00F3
0002
0014
0014
0014
0014
0002
0027
0467
0769
0014
0014
026F
0014
0014
0014
0014
0014
0014
0026
0320
04DF
0027
0014
0271
0014
0014
0014
0014
0014
0014
0026
03F8
0010
0027
0014
002E
0014
0014
0014
0002
0014
0014
0022
05BA
0016
0018
0014
00AC
0014
0014
0014
0014
0014
0014
018C
0032
03FB
0034
0014
0014
06A3
0037
01EA
0742
02AA
0156
07EB
0034
0002
0014
00C5
021F
01EE
0784
01EF
0042
0402
0044
0045
0014
01F0
0323
05E7
0785
024D
010C
004D
0475
0061
0050
01F2
0225
01F3
03BB
0055
0056
0057
0058
004F
0014
0223
01F6
005B
07EC
005D
005E
01D0
0060
0061
0014
0062
01F8
011B
07ED
0628
00D0
0068
011D
0085
0014
006C
02BD
032B
006F
0230
00D5
01D0
00D7
0074
0014
0123
0076
0289
0078
032E
006B
025D
07EE
0014
0014
007D
007E
06D2
03EF
00DF
00C9
07EF
07F0
0085
0014
0086
04CD
07F1
0204
008A
01A0
07F2
008D
0035
0014
01A2
0206
0412
0208
0209
0093
01A7
0095
0096
0014
0097
0098
013A
009A
07F3
0002
0415
01AC
0772
0006
07F4
013F
01E5
00EE
03DC
029E
07F5
07F6
026B
0026
00F2
0012
0013
0014
00F6
0014
0002
0002
0014
0014
0014
0016
0017
001D
0027
0014
0019
0002
0014
0014
0014
0014
0002
001A
0023
001C
00F3
001E
0021
0014
0002
0014
0002
0002
0014
0023
0019
0016
001E
0014
001A
0002
0014
0014
0014
0014
0014
0021
001A
0021
0022
0014
001D
0014
0002
0014
0014
0014
0014
0021
001B
0021
0018
0014
001D
0014
0002
0014
0014
0014
0014
0021
0019
0016
0022
0024
0016
0014
0014
0002
0002
0002
0002
0025
0012
0025
0027
0014
0019
0014
0014
0002
0014
0014
0014
0027
0028
0016
0014
0014
0029
0002
0014
0014
0014
0014
0014
0026
03CD
0015
0026
0013
002B
0014
0002
0014
0014
0014
0002
0018
002C
002D
0013
0014
002E
0014
0014
0014
0014
0014
0002
0018
0179
0030
0014
0014
00F6
0002
0014
0002
0014
0014
0002
0031
00F8
01B5
02D6
0035
0014
0036
017C
037B
0275
00FF
003B
003C
01B9
0096
0014
003D
0303
003F
01BB
00BF
0305
0043
0107
00BB
0046
0036
0048
07F7
07F8
010B
004C
00BB
004E
004F
0014
01C0
0421
04DA
0054
0223
027E
00D6
0324
00B4
0014
0371
005A
0154
045C
004B
0250
005F
0101
00CB
0014
01C8
01C9
07F9
047C
0066
0067
0068
0069
006A
006B
01CC
0285
0256
06FE
0258
0071
0072
0073
0192
0014
0075
00D8
025A
025B
0425
007A
007B
0071
0014
0014
035D
07FA
07FB
0777
004B
0082
0083
07FC
0085
0050
0163
0087
07FD
07FE
01CC
008B
008C
02F9
0035
0014
008E
0316
07FF
042E
005D
0046
0094
0165
0014
0014
00E5
0800
0167
0801
04D4
0002
0003
0004
03F3
016D
00EC
0008
07EA
000A
000B
0269
000D
00F0
0144
0010
001C
0012
0014
0014
0015
0014
0002
0002
0014
0014
0014
0016
001A
0012
0018
0014
0019
0002
0002
0014
0002
0002
0002
001A
001B
001C
001D
0018
0016
0014
0002
0014
0002
0002
0014
001A
001D
001F
001E
0014
0021
0002
0014
0002
0014
0014
0014
0021
001C
0021
001E
0014
0021
0014
0002
0014
0014
0002
0014
0021
001B
0021
0027
0014
0016
0014
0002
0014
0002
0002
0014
0023
00F3
0010
0024
0014
0012
0014
0014
0014
0014
0014
0002
0025
001D
0010
0026
0014
00F3
0014
0014
0014
0014
0014
0002
0027
026D
0769
0014
0014
0436
0014
0014
0014
0014
0014
0014
0026
03F8
0769
0027
0014
026F
0014
0014
0014
0014
0014
0014
0026
0320
0010
0027
0014
002E
0014
0014
0014
0002
0014
0014
0022
05BA
0016
0018
0014
00AC
0014
0014
0014
0014
0014
0014
018C
0032
03FB
00FA
0014
0014
0273
0037
0741
0742
003A
003B
03FD
0034
0002
0014
01EC
021F
0743
0784
01EF
0042
0402
0044
0045
00C9
0108
014A
03A4
0785
019A
010C
014E
04EB
0074
0014
0051
0052
01F3
0112
0055
0056
0057
0060
004F
0014
0059
005A
0116
07EC
005D
005E
01D0
0060
0096
0014
0119
01F8
07D4
07D5
0628
01D9
0068
011D
0085
0014
018C
02BD
022E
022F
035C
0071
02DE
00D7
0074
0014
0075
0310
07D7
0802
015F
006B
0360
0803
0014
0014
00DD
02FB
0804
0805
00DF
00C9
012B
0806
0085
0014
0086
04CD
0807
0808
008A
01A0
0131
008D
0035
0014
01A2
0206
0809
0208
0136
0093
0138
0095
0096
0014
0097
0098
013A
009A
072C
0002
0415
080A
009E
0006
0504
0505
01E5
080B
00A4
029E
080C
01B1
03CC
0026
0174
0015
0013
0014
00F6
0014
0002
0014
0014
0014
0014
0026
05D5
0019
0014
0014
002E
0014
0002
0014
0014
0014
0014
0021
001A
0016
0022
001E
0021
0002
0002
0002
0002
0014
0014
001C
0019
0010
00F3
0020
001A
0002
0014
0014
0014
0014
0014
001C
001A
0025
0018
0014
001D
0014
0014
0014
0014
0014
0014
0020
001A
0025
0022
0014
0025
0014
0014
0014
0014
0014
0014
0021
0019
0016
0022
0024
0016
0014
0014
0002
0002
0002
0002
0025
0012
0025
0027
0014
0019
0002
0014
0002
0014
0014
0014
0027
0245
0016
0014
0014
02A3
0002
0014
0014
0014
0014
0014
0026
03CD
0019
0026
0013
041A
0014
0002
0014
0014
0014
0002
0018
002C
002D
0013
0014
002E
0014
0014
0014
0014
0014
0002
0018
0179
0030
0014
0014
00F6
0002
0014
0002
0014
0014
0002
014D
00F8
01B5
0034
0035
0014
0108
0594
0038
064B
02D1
00B2
080D
02AB
0014
0014
003D
01BA
080E
01BB
00B9
0305
0043
0107
004F
0046
0047
03CF
080F
050F
010B
004C
004D
004E
004F
0050
010F
06A5
0810
04DB
00AE
064F
00D6
0058
00B4
0014
02B5
030D
00C6
0356
0338
0250
005F
0305
0061
0014
00CC
01C9
0811
0812
0066
0067
0254
0069
006A
006B
0329
018D
0256
018F
0070
00D5
0072
0073
0192
0014
0123
0124
0077
0125
028A
007A
0195
03D1
0014
0014
025E
0426
0738
0813
0081
0082
02C2
01FB
0085
0050
0163
0087
0814
0815
018C
008B
0816
0545
0035
0014
008E
01DA
0817
0818
005D
0046
0578
01F4
0014
0014
00E5
01DD
0819
081A
02C8
0002
00EA
0004
077F
016D
0007
0008
0517
000A
000B
02CA
000D
000E
0144
0010
001A
0012
0014
0014
0015
0014
0002
0002
0014
0014
0014
0016
001A
0012
0018
0014
0019
0002
0014
0014
0002
0002
0002
001A
0023
001C
001D
0018
0010
0014
0002
0014
0002
0002
0014
001A
001D
0021
001E
0014
001A
0002
0014
0014
0014
0014
0014
0021
0023
0021
001E
0014
0021
0014
0002
0014
0014
0002
0014
0021
001B
0021
0018
0014
0016
0014
0002
0014
0014
0002
0014
0023
001E
0010
0024
0014
0012
0014
0014
0002
0014
0002
0002
0025
001D
0010
0026
0014
00F3
0014
0014
0014
0014
0014
0002
0027
026D
04DF
0014
0014
0436
0014
0014
0014
0014
0014
0014
0027
03F8
04DF
0014
0014
04B5
0014
0014
0014
0014
0014
0014
0026
0320
0021
0014
0014
081B
0014
0014
0014
0002
0014
0014
0022
0270
0021
0018
0014
00AC
0014
0014
0014
0014
0014
0014
01E8
0032
03FB
0034
0014
0014
00AF
00FC
01EA
0742
017F
003B
081C
0034
0002
0014
01EC
051A
0743
081D
01EC
0042
0402
0044
0045
00C9
0108
02D2
05E7
081E
010B
010C
004D
04EB
0074
0014
01C0
0520
01F3
0112
0130
0056
0057
0058
004F
0014
0059
0115
005B
005C
0117
005E
01D0
0060
0096
0014
0119
01EC
07D4
081F
0628
00D0
0068
011D
0085
0014
011E
052A
015A
0423
035C
0071
02DE
0191
0074
0014
01FE
052B
0820
035F
03EC
006B
071D
052E
0014
0014
00DD
04C9
0821
0822
0081
0332
0823
0531
0014
0014
0128
03E1
0824
0825
0130
01A0
0826
008D
0014
0014
0451
0827
0828
0829
0136
0093
082A
0095
0096
0014
0097
082B
013A
013B
0001
0002
009C
02E6
0005
0006
053B
00A1
01E5
082C
0618
000C
082D
0561
0173
0026
0174
0019
0013
0014
00F6
0014
0002
0014
0014
0014
0014
0026
0394
0019
0013
0014
00F6
0014
0002
0014
0014
0014
0014
001F
001B
0016
0022
001E
0016
0002
0002
0002
0002
0014
0014
001C
0019
001F
00F3
0020
0010
0002
0014
0002
0014
0014
0014
001C
001A
0012
0022
0014
001D
0014
0014
0014
0014
0002
0014
0020
001A
0025
0022
0014
0025
0014
0002
0014
0002
0014
0014
0025
0019
0016
0022
0024
0016
0014
0014
0002
0002
0002
0014
0025
0012
0025
0027
0014
0019
0002
0014
0002
0014
0014
0002
0027
0245
0016
0014
0014
02A3
0002
0014
0014
0014
0014
0014
0026
03CD
0021
0026
0013
00AC
0014
0002
0014
0014
0014
0002
0018
002C
002D
0027
0014
002E
0014
0014
0014
0014
0014
0002
0018
002F
0030
0027
0014
00F6
0002
0014
0002
0014
0014
0002
014D
00F8
053F
036D
0035
0014
0108
00B0
082E
0730
00B1
00B2
07E1
0305
00B4
0014
003D
00B6
00B7
082F
00B9
0305
0043
0107
004F
0046
0047
0055
080F
0830
019A
004C
06B2
004E
004F
0050
01F2
02F2
01C2
02D5
02DA
064F
00D6
0324
0002
0014
00C4
01C5
0154
06BD
00C8
0250
005F
0305
0061
0014
00CC
0063
0831
0812
0066
0067
0254
0069
006A
006B
00D1
006D
0256
032C
0070
00D5
0072
0073
0192
0014
035D
0076
0077
0078
0079
007A
0195
03D1
0014
0014
025E
07CD
0233
05B4
00DF
0082
02C2
054D
0085
0050
0163
0832
054E
0833
0031
008B
02C3
0623
0035
0014
008E
008F
0550
0834
005D
0046
0835
00E4
0085
0014
00E5
00E6
00E7
0836
05B6
0002
00EA
0004
0837
016D
03DB
016E
0517
06AC
0240
0553
01B0
04DE
0838
0018
0839
0012
0014
0014
00AB
0014
0002
0002
0014
0014
0014
0016
001A
0015
0018
0014
0019
0002
0014
0014
0002
0014
0002
001A
001F
001C
00F3
0014
0016
0014
0002
0014
0002
0002
0014
001A
0019
0016
001E
0014
0010
0002
0014
0014
0014
0014
0014
0021
001C
0021
0022
0014
0012
0014
0002
0014
0014
0002
0014
0021
001A
0021
0027
0014
0016
0014
0002
0014
0014
0002
0014
0023
00F3
0010
0018
0014
0025
0014
0014
0014
0002
0014
0002
0025
001D
0010
0014
0014
00F3
0014
0014
0014
0014
0014
0014
0027
01B3
0177
0014
0014
0029
0002
0014
0014
0014
0014
0014
0026
002C
0012
0027
0014
00F6
0014
0002
0014
0014
0014
0014
0026
002C
0025
0027
0014
0271
0014
0014
0014
0002
0014
0014
0018
0145
0025
0018
0014
00F6
0014
0014
0014
0014
0014
0014
018C
03E6
083A
00FA
0014
0014
00AF
017C
082E
01B7
003A
003B
083B
0101
0002
0014
03FE
0673
07BA
083C
02AA
00BA
0354
0044
0122
0014
00FB
014A
083D
083E
0059
0308
06B2
083F
0074
0014
01C0
027C
0840
067A
01C4
0056
0057
046D
0002
0014
0371
005A
0841
0842
0239
0156
03A3
0060
0096
0014
02CF
04F1
0843
05C6
0628
0067
0068
011D
0085
0014
01CC
052A
01CE
04F5
035C
0071
02DE
01FB
0014
0014
0075
0310
0844
035F
02E0
007A
052D
0845
0014
0014
0075
007E
0846
0312
044E
00B2
04F9
054D
0085
0014
0075
0847
012E
0848
0649
01A0
0849
0623
0035
0014
0401
0292
084A
0294
084B
00B2
084C
0165
0096
0014
00E5
084D
07E0
0502
0001
0002
0003
02E6
0005
0006
0504
013F
01E5
031D
03CB
000C
000D
000E
000F
0010
0011
0015
0013
0014
0019
0014
0002
0002
0014
0014
0014
00F3
0175
0012
0014
0014
002E
0002
0002
0014
0014
0002
0002
0023
001B
0010
001D
001E
0021
0002
0002
0002
0002
0014
0014
0023
001D
001F
00F3
0020
001A
0014
0014
0002
0014
0014
0014
001C
001A
0025
001E
0014
0021
0014
0014
0014
0014
0002
0014
0021
001B
0012
0022
0014
0025
0014
0002
0014
0002
0014
0014
0016
0019
0016
0022
0024
0016
0014
0014
0002
0014
0002
0002
0025
0012
0025
0026
0014
0019
0002
0014
0002
0014
0014
0002
0013
00A8
0016
0014
0014
002B
0002
0014
0014
0014
0014
0014
0026
002A
0021
0026
0013
00AC
0014
0002
0014
0014
0014
0002
0018
0270
002D
0013
0014
002E
0014
0014
0014
0014
0014
0002
0022
00A8
0030
0014
0014
00AC
0002
0014
0002
0014
0014
0002
0338
0032
0033
0034
0035
0014
0108
03CE
0249
024A
02D1
0156
036F
0034
0014
0014
003D
003E
024C
0040
0041
0042
0043
0107
0045
0046
0047
0420
0049
004A
004B
004C
004D
004E
004F
0050
01F2
00C0
0053
00C1
0055
01F4
01F5
0058
004F
0014
0223
01F6
005B
005C
005D
005E
005F
0095
0061
0014
0062
0063
0064
0065
0066
00D0
0254
0069
006A
006B
006C
006D
006E
006F
0070
00D5
0072
0073
0074
0014
0123
0076
0077
0078
0079
007A
0644
007C
0014
0014
007D
0331
007F
0080
0081
0082
084E
0084
0085
0050
0163
0087
0088
0089
0113
008B
084F
008D
0035
0014
008E
008F
0090
0091
0092
0093
0850
0095
0014
0014
0097
0098
07E8
020B
05B6
0002
00EA
0004
0591
009F
03DB
016E
070F
000A
0240
04DD
0241
00F0
0144
0010
001C
0012
0014
0014
0015
0014
0002
0002
0014
0014
0014
0016
001A
0012
0018
0014
0019
0002
0002
0014
0002
0002
0002
001A
0023
001C
001D
0026
0016
0014
0002
0014
0002
0002
0014
001A
001D
0021
001E
0014
0010
0002
0014
0002
0014
0014
0014
001D
001C
0021
001E
0014
0021
0014
0002
0014
0014
0002
0014
0021
001B
0021
0027
0014
0016
0014
0002
0014
0002
0002
0014
0023
001E
0010
0018
0014
0012
0014
0014
0014
0002
0002
0002
0025
001D
0010
0026
0014
00F3
0014
0014
0014
0014
0014
0002
0027
026D
04DF
0014
0014
00F5
0014
0014
0014
0014
0014
0014
0026
03F8
0177
0027
0014
026F
0014
0014
0014
0014
0014
0014
0026
0320
002D
0027
0014
0271
0014
0014
0014
0002
0014
0014
0022
0247
0030
0018
0014
002B
0014
0014
0014
0014
0014
0014
018C
0032
03FB
0034
0014
0014
0273
017C
05E1
0518
003A
003B
0851
0034
0002
0014
0852
0673
0853
0854
0401
00BA
0402
0044
0045
0046
0108
014A
03E3
0855
019A
051F
004D
04EB
0074
0014
0051
0186
0521
0188
0405
01F4
0057
0058
004F
0014
0059
005A
03E5
07EC
00C8
0156
01D0
0060
0096
0014
04C4
011A
0856
0857
0628
0358
0068
011D
0085
0014
018C
052A
03A9
03EA
035C
0071
02DE
0287
0074
0014
0075
0310
07D7
035F
02E0
007A
052D
0803
0014
0014
00DD
074A
0858
040D
00DF
00B2
0823
0806
0085
0014
0128
04CD
0859
07DD
008A
01A0
085A
008D
0035
0014
01A2
0292
085B
0262
0092
0093
085C
0095
0096
0014
0097
05AE
085D
0502
0001
0002
009C
02E6
0005
0006
0504
013F
0009
0585
03CB
029E
0774
01B1
03CC
0026
00F2
0019
0013
0014
002E
0014
0002
0014
0014
0014
0014
00F3
0175
0019
0014
0014
002E
0002
0002
0014
0014
0014
0002
0010
001B
0010
0022
001E
0021
0002
0002
0002
0002
0014
0014
0023
0019
001F
00F3
0020
001A
0002
0014
0014
0014
0014
0014
001C
001A
0012
0018
0014
001D
0014
0014
0014
0014
0014
0014
0021
001B
0025
0022
0014
0025
0014
0002
0014
0014
0014
0014
0021
0019
0016
0022
0024
0016
0014
0014
0002
0014
0002
0002
0025
0012
0025
0027
0014
0019
0002
0014
0002
0014
0014
0002
0013
0245
0016
0014
0014
02A3
0002
0014
0014
0014
0014
0014
0026
03CD
0021
0026
0013
041A
0014
0002
0014
0014
0014
0002
0018
01B4
0010
0013
0014
002E
0014
0014
0014
0014
0014
0002
0026
00A8
0021
0014
0014
002E
0002
0014
0002
0014
0014
0002
0338
00F8
01B5
064F
0035
0014
0108
03CE
021C
0730
02D1
0156
036F
021A
0014
0014
003D
003E
0589
0040
0041
0042
0043
0107
004F
00B2
0047
03CF
0049
004A
010B
004C
004F
004E
004F
0050
010F
00C0
085E
04DB
0113
0056
01F5
0324
00B4
0014
00C4
0325
0116
045C
0228
005E
005F
085F
0061
0014
00CC
0063
0064
0065
0066
0067
0254
0069
006A
006B
00D1
006D
006E
032C
0070
00D5
0072
0073
0192
0014
0123
0076
0077
0078
0079
007A
0195
03D1
0014
0014
025E
0426
0233
05B4
0081
0082
02C2
01FB
0085
0050
0163
0087
0860
0861
01E8
008B
0816
083F
0035
0014
008E
008F
0862
0863
0209
0046
0864
01F4
0014
0014
00E5
0098
0865
0866
05B6
0002
00EA
0004
077F
069D
0007
0008
070F
000A
000B
0553
000D
000E
0144
0010
001C
0015
0014
0014
0015
0014
0002
0002
0014
0014
0014
0016
001C
0012
0018
0014
0019
0002
0002
0014
0002
0002
0002
001A
0023
001C
001D
0018
0016
0014
0002
0014
0002
0002
0014
001A
001D
0021
001E
0020
001A
0002
0014
0014
0014
0014
0014
001D
0023
0025
001E
0014
0021
0014
0002
0014
0014
0002
0014
0021
001B
0021
0018
0014
0016
0014
0002
0014
0014
0002
0014
0023
001E
0010
0024
0014
0012
0014
0014
0014
0014
0002
0002
0025
001D
0010
0026
0014
00F3
0014
0014
0014
0014
0014
0002
0027
026D
04DF
0014
0014
0436
0014
0014
0014
0014
0014
0014
0027
0320
0177
0027
0014
04B5
0014
0014
0014
0014
0014
0002
0026
0320
0010
0027
0014
002E
0014
0014
0014
0002
0014
0002
0022
05BA
0016
0018
0014
00AC
0014
0014
0014
0014
0014
0002
01E8
0032
03FB
0034
0014
0014
02CF
0248
05E1
0518
017F
003B
0596
0034
0002
0014
05E3
0867
0868
0869
01EC
0042
059B
0044
0045
00C9
025E
024E
05E7
04EA
010B
051F
004D
014F
004F
0050
027B
0520
0521
04ED
0227
01F4
0057
0058
004F
0014
0059
0115
005B
0356
0117
005E
05A5
0060
0096
0014
05EC
018A
086A
086B
0628
0358
0068
011D
0085
0014
011E
052A
03A9
03EA
035C
0071
02DE
0191
0074
0014
01FE
052B
0820
035F
03EC
006B
05C8
07BF
0014
0014
00DD
04C9
0821
04CB
0081
0332
049F
0531
0085
0014
0128
086C
07C4
086D
008A
01A0
086E
008D
0035
0014
0451
086F
07C6
0870
0136
0093
07C7
0095
0096
0014
00E5
0871
0872
0873
0001
0002
009C
02E6
0005
0006
07CA
0505
0009
0874
0618
000C
0875
0561
0173
0026
00F2
0012
0013
0014
00F6
0014
0002
0014
0014
0014
0014
0026
05D5
0019
0014
0014
00F6
0014
0002
0014
0014
0014
0014
0016
001B
0016
0022
001E
0021
0002
0002
0002
0002
0014
0014
0023
0019
001F
00F3
0014
0010
0002
0014
0002
0014
0014
0014
001C
001A
0021
0014
0014
0015
0014
0014
0014
0014
0002
0014
0020
001A
0025
0022
0014
0025
0014
0014
0014
0002
0014
0014
0021
0019
0016
0022
0024
0016
0014
0014
0002
0002
0002
0014
0025
0012
0025
0027
0014
0019
0002
0014
0002
0014
0014
0002
0027
0245
0016
0014
0014
02A3
0002
0014
0014
0014
0014
0014
0026
03CD
0021
0026
0013
00AC
0014
0002
0014
0014
0014
0014
0018
002C
002D
0013
0014
002E
0014
0014
0014
0014
0014
0014
0018
00A8
0030
0014
0014
00F6
0002
0014
0002
0014
0014
0002
014D
00F8
01B5
036D
0035
0014
0108
00B0
037B
0876
00B1
00B2
07E1
0250
0014
0014
003D
00B6
0877
0878
00B9
0305
0043
0107
004F
0046
0047
0055
080F
0830
019A
004C
004F
004E
0061
0014
01F2
02F2
01C2
02D5
02DA
0056
00D6
0324
0014
0014
02B5
01C5
0154
0372
00C8
0250
005F
085F
0061
0014
0062
0063
0831
0879
0066
0067
0254
0069
006A
006B
00D1
006D
006E
032C
0070
00D5
0072
0073
0192
0014
0075
0076
0077
0078
0079
007A
0195
03D1
0014
0014
025E
0426
0233
05B4
00DF
0082
02C2
01FB
0085
0050
0163
0832
087A
087B
01E8
008B
087C
042D
0035
0014
008E
087D
087E
087F
005D
0046
0578
00E4
0014
0014
0097
0880
0881
0882
05B6
0002
0266
0004
0883
069D
03DB
016E
0884
06AC
0885
04DD
0722
04DE
0838
0018
0174
0012
0014
0014
00AB
0014
0002
0002
0014
0014
0014
0016
0017
0012
0018
0014
0019
0002
0002
0014
0002
0014
0002
001A
0023
001C
00F3
001E
0016
0014
0002
0014
0002
0002
0014
001A
001D
0016
001E
0020
0010
0002
0014
0014
0014
0014
0014
0012
001A
0021
0022
0014
0012
0014
0002
0014
0014
0002
0014
0021
001A
0021
0027
0014
0016
0014
0002
0014
0014
0002
0014
0023
00F3
0016
0024
0024
0025
0014
0014
0014
0002
0002
0002
0025
001D
0010
0026
0014
00F3
0014
0014
0014
0014
0014
0014
0027
01B3
07F3
0014
0014
0029
0002
0014
0014
0014
0014
0014
0026
026E
0021
0026
0013
026F
0014
0002
0014
0014
0014
0014
0026
0270
0010
0027
0014
0271
0014
0014
0014
0002
0014
0014
0018
0247
0021
0018
0014
00F6
0014
0014
0014
0014
0014
0014
0031
03E6
083A
02D6
0014
0014
0273
017C
0886
017E
003A
003B
05C4
0101
0002
0014
05E3
0887
0888
0889
00B9
00BA
0354
0044
0122
00B2
00FB
00BC
083D
083E
0059
051F
06B2
034F
0074
0050
027B
088A
088B
088C
01C4
01F4
0057
046D
0002
0014
0059
005A
0841
088D
0075
0156
088E
0060
0096
0014
05EC
04F1
0856
05C6
0062
0358
0068
011D
00CB
006B
01CC
052A
03A9
04F5
088F
0071
02DE
01FB
0074
0014
0075
0310
052C
035F
01D2
007A
052D
0890
0014
0014
035D
02E2
0891
0892
00DF
00B2
049F
054D
0085
0050
0128
0893
012E
0894
0649
01A0
0895
038D
0035
0014
059A
0896
0897
0898
084B
00B2
0899
0095
0096
0014
023B
089A
089B
04D3
0001
0002
0003
02E6
00EB
0006
0390
0456
0009
0391
03CB
029E
000D
000E
000F
0010
02A0
0015
0013
0014
0019
0014
0014
0002
0014
0014
0014
00F3
01E7
001D
0014
0014
002E
0002
0002
0014
0014
0002
0002
0010
001B
0010
001D
0018
0021
0002
0002
0002
0002
0014
0014
0023
001D
001F
0022
0014
001A
0014
0014
0002
0014
0014
0014
001C
0023
0025
001E
0014
0021
0014
0014
0014
0014
0002
0014
0021
001B
001D
0022
0014
0025
0014
0002
0014
0002
0014
0014
0016
0019
0010
0022
0014
0016
0014
0014
0002
0014
0002
0002
0025
0012
0025
0027
0014
0019
0002
0014
0002
0014
0014
0002
0013
0245
0025
0014
0014
0178
0002
0014
0014
0014
0014
0014
0026
002A
0021
0013
0014
00AC
0014
0002
0014
0014
0014
0002
0018
002C
002D
0013
0014
002E
0014
0014
0014
0014
0014
0002
0022
00A8
0030
0014
0014
041A
0002
0014
0002
0014
0014
0002
0637
0032
0033
0034
0035
0014
0108
03CE
0038
0039
02D1
0156
036F
0034
0014
0014
003D
003E
0589
0040
0102
0042
0043
0107
0045
0046
0047
0048
0049
004A
004B
004C
004D
004E
004F
0014
01F2
00C0
0053
00C1
0055
0056
01F5
0058
004F
0014
00C4
01F6
005B
005C
005D
005E
005F
005E
0061
0014
0062
0063
0064
0065
00CF
0067
0254
0069
006A
0014
006C
006D
006E
006F
0070
00D5
0072
0073
0192
0014
0123
0076
0077
0078
0079
007A
0195
007C
0014
0014
007D
02FB
007F
0080
0081
0082
02C2
0084
0085
0014
0163
0087
0088
0089
0113
008B
07E5
008D
0035
0014
008E
008F
0090
0091
0092
0093
089C
00E4
0014
0014
0097
0098
02C7
00E8
0001
0002
0003
0004
089D
01E2
00EC
0008
03B3
000A
0213
089E
000D
089F
000F
0010
001C
0015
0013
0014
0015
0014
0002
0002
0014
0014
0014
0016
001A
0012
0018
0014
0019
0002
0002
0014
0002
0002
0002
001A
001B
001C
001D
001E
0016
0002
0002
0014
0002
0002
0014
001A
001D
0021
001E
0014
001A
0002
0014
0002
0014
0014
0014
0015
001A
0025
001E
0014
0021
0014
0014
0014
0014
0002
0014
0021
001B
0021
0022
0014
0016
0014
0002
0014
0002
0002
0014
0023
0019
0010
0022
0014
0016
0014
0014
0014
0002
0002
0002
0025
001D
0010
0026
0014
00F3
0014
0014
0014
0014
0014
0002
0027
026D
04DF
0014
0014
0436
0014
0014
0014
0014
0014
0014
0027
0320
0177
0027
0014
026F
0014
0014
0014
0014
0014
0014
0026
0320
08A0
0027
0014
0271
0014
0014
0014
0002
0014
0014
0026
050B
08A1
0018
0014
026F
0014
0014
0014
0014
0014
0014
01E8
0032
03FB
0034
0035
0014
08A2
0037
05E1
0518
0237
003B
043B
0034
0002
0014
0519
00B6
08A3
0784
01EC
0042
0148
0044
0184
0046
0036
0323
05E7
0785
024D
051F
004D
08A4
004F
0014
019F
0225
0521
02B2
0055
01F4
0057
0058
004F
0014
0223
01F6
005B
07EC
005D
005E
005F
0060
0061
0014
04C4
0063
08A5
07D5
047D
022D
0068
011D
006A
0014
011E
02BD
018E
006F
0190
0071
01D0
00D7
0074
0014
062B
08A6
0289
0802
032E
006B
01D3
08A7
0014
0014
010B
02FB
06D2
044D
00DF
0235
028E
08A8
0085
0014
0128
08A9
05CA
0204
0031
01A0
03D6
08AA
0035
0014
0451
033A
0692
0208
0092
0093
08AB
08AC
0096
0014
0097
0098
08AD
009A
07F3
0002
0415
08AE
0005
0006
0504
0505
0009
08AF
0392
000C
08B0
000E
08B1
0026
00F2
0012
0014
0014
00F6
0014
0002
0002
0014
0014
0014
0026
0244
0019
0027
0014
0176
0014
0002
0014
0014
0014
0014
0023
001A
0016
001D
0014
0021
0014
0002
0002
0002
0002
0014
0023
00F3
001F
00F3
0020
0010
0002
0014
0014
0014
0014
0014
001C
0023
0021
0018
0014
0015
0014
0002
0014
0014
0014
0014
0020
001A
0025
0027
0014
001D
0014
0014
0014
0014
0014
0014
0010
00F3
0016
0018
0024
0025
0014
0014
0002
0014
0002
0002
0025
0012
0025
0027
0014
0019
0002
0014
0002
0014
0014
0014
0027
0245
0016
0014
0014
02A3
0002
0014
0014
0014
0014
0014
0026
03CD
0021
0026
0013
00AC
0014
0002
0014
0014
0014
0002
0018
002C
0010
0013
0014
002E
0014
0014
0014
0014
0014
0002
0022
0179
0021
0014
0014
00AC
0002
0014
0002
0014
0014
0002
0031
00F8
01B5
0114
0014
0014
0036
017C
037B
0275
00FF
00B2
08B2
021E
0096
0014
0634
0303
08B3
01BB
00B9
0305
0043
0107
0045
0014
0220
0048
07F7
07F8
010B
004C
0061
004E
0061
0050
01C0
0421
08B4
0054
0353
0056
00D6
0324
00B4
0014
0371
005A
0154
045C
019A
0250
005F
005E
00CB
0014
022A
011A
0157
06EF
0066
0067
0068
0069
00CB
006B
0329
048D
015A
0286
00D4
00BA
0072
0073
0288
0014
0075
03AB
02C1
0125
028A
007A
0195
04AB
0014
0014
007D
07CD
02E3
0777
0081
0082
00E0
0429
0085
0050
0163
0087
04AC
05DC
0130
008B
039E
083F
0035
0014
008E
0316
0590
042E
0136
0137
0770
00C9
0014
0014
00E5
0318
08B5
0430
02C8
0002
08B6
069C
077F
016D
0007
0008
0517
00A3
000B
0553
000D
000E
0144
0010
0011
0015
0014
0014
0015
0014
0002
0002
0014
0014
0014
00F3
0175
0012
0018
0014
002E
0002
0002
0014
0002
0014
0002
001A
001A
0021
001D
0018
0016
0014
0002
0002
0002
0002
0014
001A
001D
0010
001E
0020
001A
0002
0014
0014
0014
0014
0014
001C
0023
0025
001E
0014
0021
0014
0002
0014
0014
0014
0014
0021
001B
0012
0018
0014
0016
0014
0002
0014
0014
0002
0014
0023
001E
0016
0024
0024
0012
0014
0014
0002
0014
0002
0002
0025
001D
0010
0026
0014
00F3
0014
0014
0014
0014
0014
0014
0014
0245
0016
0014
0014
0563
0014
0014
0014
0014
0014
0014
0026
002A
0021
0027
0014
00AC
0014
0002
0014
0014
0014
0002
0018
002C
0021
0027
0014
002E
0014
0014
0014
0014
0014
0002
0022
08B7
0021
0018
0014
00AC
0014
0014
0014
0014
0014
0002
0031
0032
03FB
0034
0014
0014
02CF
08B8
017D
0396
017F
0156
063B
0034
00B4
0014
0519
08B9
063D
08BA
0106
0042
0148
0044
0045
00C9
0036
08BB
05E7
08BC
010B
051F
004D
014F
0074
0050
008B
08BB
0521
088C
0130
01F4
0057
0058
004F
0014
0059
08BD
005B
0356
0117
005E
005F
0060
0096
0014
08BE
08BF
01F9
07ED
030D
0067
0068
011D
00CB
006B
011E
08C0
03A9
0257
035C
00BA
0072
0191
0074
0014
01FE
08C1
08C2
08C3
028A
0014
0195
007C
0014
0014
00DD
04C9
04CA
04CB
0081
0082
08C4
0084
0085
0014
0128
08C5
0088
03C5
01F2
008B
08C6
008D
0035
0014
0451
08C7
0207
08C8
0136
0093
08C9
0095
0096
0014
00E5
08CA
08CB
08CC
0001
0002
0003
0004
0005
0006
053B
08CD
01E5
06AC
08CE
000C
08CF
0242
0173
0026
002C
0012
0013
0014
00F6
0014
0014
0002
0014
0014
0014
0016
001A
0015
0027
0014
0019
0014
0002
0014
0014
0002
0002
001F
001B
001C
001D
001E
0010
0002
0002
0014
0002
0002
0014
0023
0019
001F
00F3
0014
0010
0002
0014
0002
0014
0014
0014
0021
001A
0021
0022
0014
0015
0014
0014
0014
0014
0002
0014
0021
001A
0021
0022
0014
0025
0014
0002
0014
0002
0014
0014
0016
0019
0010
0022
0014
0016
0014
0014
0002
0002
0014
0002
0025
0012
0025
0027
0014
0019
0002
0014
0002
0014
0014
0002
0027
01B3
02EB
0014
0014
0029
0002
0014
0014
0014
0014
0014
0026
03A1
0342
0026
0013
00F6
0014
0014
0014
0014
0014
0014
0026
03A1
002D
0013
0014
002E
0014
0014
0014
0002
0014
0014
0018
002F
0030
0014
0014
00F6
0002
0014
0002
0014
0014
0014
00AE
00F8
053F
036D
0035
0014
0301
08D0
082E
037C
00B1
003B
003C
0101
0002
0014
0347
08D1
003F
08D2
00B9
0305
0043
0107
0184
0046
01F0
0055
080F
0830
019A
004C
06B2
004E
004F
0014
01F2
08D3
01C2
02D5
00C2
0056
00D6
0324
0002
0014
00C4
01C5
0154
0372
00C8
0250
005F
00E4
0061
0014
0062
03A7
06EE
00CE
00CF
00D0
0068
0069
006A
0014
00D1
032A
006E
032C
0070
0071
00D6
0073
0192
0014
0075
0076
0077
0078
032E
007A
0360
058D
0014
0014
025E
02E2
0233
05B4
00DF
00B2
0083
08D4
0085
0050
0163
08D5
0799
05DC
0031
01A0
008C
0623
0035
0014
008E
08D6
0550
08D7
005D
00B2
0094
00E4
0014
0014
0097
08D8
0099
08D9
04D4
0002
0003
0004
089D
009F
03DB
016E
0780
000A
0240
04DD
0241
04DE
03DD
0010
001C
0015
0014
0014
001D
0014
0002
0002
0014
0014
0014
0016
001C
0012
0027
0014
0019
0002
0002
0014
0002
0002
0002
001A
0023
001C
001D
001E
0016
0014
0002
0014
0002
0002
0014
001C
001D
0021
001E
0020
001A
0002
0014
0002
0014
0014
0014
001D
001A
0025
001E
0014
0021
0014
0014
0014
0014
0002
0014
0021
0023
0021
0018
0014
0016
0014
0002
0014
0002
0002
0014
0023
001E
0010
0027
0014
0012
0014
0014
0014
0002
0002
0002
0025
001D
0010
0026
0014
00F3
0014
0014
0014
0014
0014
0002
0027
01B3
0177
0014
0014
0029
0002
0014
0014
0014
0014
0014
0026
0320
0342
0027
0014
026F
0014
0014
0014
0014
0014
0014
0026
0320
08DA
0027
0014
0271
0014
0014
0014
0002
0014
0014
0018
0467
0030
0018
0014
00F6
0014
0014
0014
0014
0014
0014
01E8
0032
03FB
0034
0014
0014
06A3
0037
05E1
0518
003A
003B
03FD
0034
0002
0014
0852
021F
0853
0400
0401
00BA
059B
01BC
0184
0046
00FB
0323
059C
08DB
019A
051F
004D
034F
004F
0050
019F
0052
0521
0188
0405
01F4
0057
0058
004F
0014
0059
005A
03E5
08DC
00C8
0156
05C4
0060
0096
0014
02CF
08DD
08DE
08DF
047B
0358
0068
011D
0085
0014
01C4
02BD
01CE
006F
02BF
0071
02DE
00D7
0074
0014
035D
0310
07D7
0802
01D2
007A
052D
0803
0014
0014
010B
074A
08E0
044D
00DF
00B2
049F
08E1
0085
0014
0128
0893
05CA
0204
05CB
01A0
08E2
08E3
0035
0014
0451
08E4
05CE
078F
0228
0093
08E5
0095
0096
0014
00E5
0655
08E6
0502
072C
0002
0415
08E7
0005
0006
0504
013F
0009
05B1
03CB
029E
0418
000E
03CC
0026
00F2
0012
0013
0014
00AB
0014
0002
0002
0014
0014
0014
00F3
0175
0019
0018
0014
002E
0002
0014
0014
0014
0014
0002
0010
001B
0010
001D
0018
0025
0002
0002
0002
0002
0014
0014
001A
00F3
001F
0022
0014
0010
0002
0014
0014
0014
0014
0014
001C
0023
0021
0018
0014
0012
0014
0002
0014
0014
0014
0014
0021
001B
0025
0022
0014
0025
0014
0002
0014
0014
0014
0014
0010
0019
0016
0022
0024
0016
0014
0014
0002
0014
0002
0002
0025
0012
0025
0027
0014
0019
0002
0014
0002
0014
0014
0014
0013
0245
0016
0014
0014
0178
0002
0014
0014
0014
0014
0014
0026
03CD
0021
0026
0013
041A
0014
0002
0014
0014
0014
0002
0018
01B4
0010
0013
0014
002E
0014
0014
0014
0014
0014
0002
0022
08E8
0021
0014
0014
00AC
0002
0014
0002
0014
0014
0002
0338
00F8
01B5
064F
0035
0014
0036
06A4
037B
0540
02D1
0156
036F
021E
0096
0014
003D
0348
0589
0040
0041
0042
0043
0044
0045
00C9
0047
0048
0049
004A
010B
004C
0061
004E
0061
0014
01C0
08E9
085E
04DB
0113
0056
01F5
0324
00B4
0014
00C4
0325
0116
005C
0228
005E
005F
005E
0061
0014
0062
0063
0064
0065
0066
0067
0254
0069
006A
006B
006C
08EA
006E
0286
0070
00D5
0072
0073
0192
0014
0123
03AB
0077
0125
0079
007A
0195
03D1
0014
0014
007D
0426
0198
0199
0081
0082
00E0
01FB
0085
0050
0163
0087
07D0
0861
03AF
008B
08EB
0132
0035
0014
008E
008F
08EC
05DD
0136
0137
08ED
01F4
0014
0014
0097
0098
08EE
08EF
05B6
0002
00EA
0004
077F
069D
0007
016E
0780
000A
000B
0553
000D
000E
0144
0010
001C
0015
0014
0014
001D
0014
0002
0002
0014
0014
0014
0016
001C
0012
0027
0014
001E
0002
0002
0014
0002
0002
0002
001A
0023
001C
001D
0026
0016
0014
0002
0014
0002
0002
0014
001C
001D
0021
001E
0020
001A
0014
0014
0014
0014
0014
0014
001D
0023
0025
001E
0014
0021
0014
0002
0014
0014
0002
0014
0021
0023
0021
0018
0014
0016
0014
0002
0014
0014
0002
0014
0023
001E
0010
0024
0014
0012
0014
0014
0014
0014
0002
0002
0025
001D
0010
0026
0014
00F3
0014
0014
0014
0014
0014
0002
0027
026D
04DF
0014
0014
00F5
0014
0014
0014
0014
0014
0014
0027
0320
0177
0027
0014
026F
0014
0014
0014
0014
0014
0002
0026
0320
002D
0027
0014
002E
0014
0014
0014
0002
0014
0002
0022
031F
0030
0018
0014
00AC
0014
0014
0014
0014
0014
0002
01E8
0032
03FB
0034
0014
0014
02CF
00FC
05E1
0518
017F
003B
0596
0034
0002
0014
05E3
08F0
0868
0869
01EC
0042
059B
01BC
0045
0046
025E
024E
05E7
04EA
010B
051F
004D
014F
0074
0050
01C0
06E1
0521
08F1
0227
01F4
0057
0058
004F
0014
0059
0115
005B
0356
0117
005E
05A5
0060
0096
0014
05EC
08DD
086A
086B
0628
0358
0068
011D
0085
0014
049D
052A
01CE
03EA
035C
0071
02DE
0191
0074
0014
01FE
052B
08F2
035F
03EC
006B
05C8
07BF
0014
0014
00DD
08F3
0821
04CB
0081
0332
049F
0531
0085
0014
0128
08F4
07C4
086D
008A
01A0
086E
008D
0035
0014
0451
08F5
07C6
08F6
0092
0093
07C7
0095
0096
0014
00E5
0871
0872
08F7
0001
0002
009C
020E
0005
0006
07CA
0456
0009
0874
0618
000C
08F8
0561
0215
0026
00F2
0012
0013
0014
00AB
0014
0002
0014
0014
0014
0014
0026
05D5
0019
0018
0014
00F6
0002
0002
0014
0014
0014
0002
0016
001B
0016
00F3
001E
0010
0002
0002
0002
0002
0014
0014
001A
0019
001F
00F3
0014
0010
0002
0014
0002
0014
0014
0014
001C
001A
0021
0014
0014
0012
0014
0014
0014
0014
0002
0014
0020
001B
0025
0022
0014
0025
0014
0002
0014
0002
0014
0014
0021
0019
0016
0022
0024
0016
0014
0014
0002
0002
0002
0002
0025
0012
0025
0027
0014
0019
0002
0014
0002
0014
0014
0002
0027
0245
0016
0014
0014
02A3
0002
0014
0014
0014
0014
0014
0026
03CD
0021
0026
0013
00AC
0014
0002
0014
0014
0014
0014
0018
002C
0010
0013
0014
002E
0014
0014
0014
0014
0014
0014
0018
00A8
0021
0014
0014
00F6
0002
0014
0002
0014
0014
0002
014D
00F8
01B5
036D
0035
0014
0301
00B0
037B
0540
00B1
00B2
07E1
0250
0035
0014
003D
00B6
0877
0878
00B9
0305
0043
0044
0278
00B2
0047
0055
00BD
00BE
019A
004C
0278
004E
004F
0014
01F2
02F2
01C2
02D5
02DA
0056
00D6
0324
0014
0014
00C4
01C5
0154
0372
00C8
0250
005F
00FA
0061
0014
0062
0063
00CD
00CE
0066
0067
0254
0069
006A
006B
006C
006D
006E
032C
0070
00D5
0072
0073
0192
0014
0075
0076
0077
0078
0079
007A
0195
03D1
0014
0014
025E
0426
0198
0199
00DF
0082
02C2
01FB
0085
0050
0163
08F9
07D0
054F
01E8
008B
08FA
0132
0035
0014
008E
087D
087E
08FB
006C
0046
08FC
00E4
0014
0014
0097
0880
0881
08FD
