// Healthy Ranges — Index Table (level 1 of two-level lookup)
// Addr = node_idx * 279 + feature_idx  (16 bits)
// Data = pair_id (12 bits, stored as 16-bit)
// Depth: 59985 (215 nodes x 279 features)
// Populated: 59985, Unique pairs: 2921 (incl. sentinel at id=0)
//
0001
0002
0003
0004
0005
0006
0007
0008
0009
000A
000B
000C
000D
000E
000F
0010
0011
0012
0013
0014
0015
0014
0002
0002
0014
0014
0014
0016
0017
0018
0019
0014
001A
0002
0002
0014
0002
0002
0002
001B
001C
001D
001E
001F
0016
0002
0002
0002
0002
0002
0014
001B
001E
0020
001F
0021
001B
0002
0014
0002
0014
0014
0014
001D
001B
0022
001F
0014
0022
0014
0002
0002
0014
0002
0014
001D
001C
0022
0023
0014
0016
0014
0002
0014
0002
0002
0014
0024
001A
0016
0023
0025
0016
0014
0014
0002
0002
0002
0002
0018
0012
0010
0026
0014
001A
0002
0014
0002
0014
0014
0002
0027
0028
0016
0027
0014
0029
0002
0014
0014
0014
0014
0014
0026
002A
0022
0026
0013
002B
0014
0002
0014
0014
0014
0002
0019
002C
002D
0027
0014
002E
0014
0014
0014
0002
0014
0002
0023
002F
0030
0019
0014
002B
0002
0014
0002
0014
0014
0002
0031
0032
0033
0034
0035
0014
0036
0037
0038
0039
003A
003B
003C
0034
0002
0014
003D
003E
003F
0040
0041
0042
0043
0044
0045
0046
0047
0048
0049
004A
004B
004C
004D
004E
004F
0050
0051
0052
0053
0054
0055
0056
0057
0058
004F
0014
0059
005A
005B
005C
005D
005E
005F
0060
0061
0014
0062
0063
0064
0065
0066
0067
0068
0069
006A
006B
006C
006D
006E
006F
0070
0071
0072
0073
0074
0014
0075
0076
0077
0078
0079
007A
007B
007C
007D
0014
007E
007F
0080
0081
0082
0083
0084
0085
0086
0050
0087
0088
0089
008A
008B
008C
008D
008E
0035
0014
008F
0090
0091
0092
0093
0094
0095
0096
0097
0014
0098
0099
009A
009B
009C
0002
009D
009E
009F
0006
0007
00A0
0009
00A1
00A2
00A3
00A4
000E
000F
0010
001D
0015
0013
0014
0015
0014
0014
0002
0014
0014
0014
0026
00A5
001E
0019
0014
00A6
0002
0002
0014
0002
0014
0002
001B
001C
001D
0019
001F
0016
0002
0002
0002
0002
0014
0014
001B
001E
0016
001F
0014
001B
0002
0014
0002
0014
0014
0014
001D
001B
0018
001F
0014
0022
0014
0002
0014
0014
0002
0014
001D
001C
0022
0019
0014
001E
0014
0002
0014
0002
0014
0014
0022
001F
0010
0023
0014
0016
0014
0014
0002
0014
0002
0002
0018
0012
0018
0026
0014
001A
0014
0014
0002
0014
0014
0002
0014
002F
0012
0014
0014
00A7
0002
0014
0014
0014
0014
0014
0026
002A
0018
0026
0013
00A8
0014
0014
0014
0014
0014
0002
0019
00A9
002D
0027
0014
002E
0014
0014
0014
0014
0014
0002
0026
002F
0030
0027
0014
002E
0002
0014
0002
0014
0014
0002
00AA
0032
0033
0034
0035
0014
00AB
00AC
0038
0039
00AD
00AE
00AF
0034
00B0
0014
00B1
00B2
00B3
00B4
00B5
00B6
0043
0044
00B7
0046
0047
00B8
00B9
00BA
00BB
004C
004D
004E
004F
0014
00BC
00BD
0053
00BE
00BF
0056
00C0
0058
004F
0014
00C1
00C2
00C3
00C4
00C5
008C
005F
005E
00C6
0014
00C7
0063
00C8
00C9
00CA
00CB
0068
0069
006A
0014
00CC
00CD
00CE
006F
0070
00CF
00D0
0073
0074
0014
0075
0076
00D1
00D2
00D3
0014
00D4
007C
0014
0014
007E
00D5
0080
0081
00D6
0083
00D7
0085
0086
0050
0087
00D8
0089
008A
0031
008C
00D9
008E
0035
0014
008F
0090
0091
0092
005D
0094
00DA
00DB
00DC
0014
00DD
00DE
00DF
00E0
00E1
0002
00E2
0004
00E3
0006
00E4
00E5
00E6
00E7
000B
000C
00E8
00E9
00EA
0026
00EB
0012
0014
0014
00A8
0014
0002
0002
0014
0014
0014
0016
0017
0018
0027
0014
001A
0002
0002
0014
0014
0002
0002
0020
0020
0016
001E
0014
0018
0014
0002
0014
0002
0002
0014
0024
001E
0020
0023
0021
0010
0002
0014
0014
0014
0014
0014
0022
0024
0022
0021
0014
0015
0014
0002
0002
0014
0002
0014
0022
001B
0018
0023
0014
0016
0014
0002
0014
0014
0002
0014
0024
001A
0016
0019
0025
0018
0014
0014
0002
0002
0002
0002
0012
0015
0010
0027
0014
00EC
0002
0014
0014
0014
0014
0002
0027
00ED
00EE
0027
0014
00EF
0014
0014
0014
0014
0014
0014
0026
002C
0022
0013
0014
00A6
0014
0002
0014
0014
0014
0014
0019
002C
0010
0013
0014
002E
0014
0014
0014
0002
0014
0014
0023
00F0
0016
0019
0014
002B
0014
0014
0014
0014
0014
0002
0031
00F1
00F2
00F3
0014
0014
00F4
0037
00F5
00F6
00F7
003B
00F8
00F9
0002
0014
00FA
00FB
00FC
00FD
00FE
0042
00D0
00FF
0045
0014
0100
0048
0101
0102
0103
0104
0105
0106
0061
0050
0107
0108
0109
010A
010B
010C
0057
0060
0097
0014
0059
005A
010D
005C
010E
005E
010F
0060
0061
0014
0110
0111
0112
0113
0062
0067
0068
0114
00C6
006B
0115
0116
006E
0117
0118
0071
0072
0119
007D
0014
011A
011B
011C
011D
011E
007A
007B
011F
007D
0014
0120
007F
0121
0122
010E
00AE
0123
0124
00DC
0014
0125
0126
0127
0128
0129
00AE
012A
012B
0035
0014
012C
012D
012E
012F
0130
0083
0131
0096
0097
0014
0132
0133
0134
0135
0136
0014
0003
0137
0138
0006
00E4
0139
013A
013B
013C
013D
013E
013F
0140
0019
0141
0015
0014
0014
00A7
0014
0002
0002
0014
0014
0014
00EC
0142
0018
0019
0014
002E
0002
0002
0014
0014
0002
0014
0024
001C
0016
001E
001F
0016
0002
0002
0002
0002
0014
0014
001B
001E
0020
0023
0021
0010
0002
0014
0002
0014
0014
0014
001D
001B
0018
0023
0014
0012
0014
0002
0002
0014
0002
0014
001D
001C
0012
0027
0014
001E
0014
0002
0014
0002
0014
0014
0016
001A
0016
0021
0025
0021
0014
0014
0014
0014
0002
0002
0018
0012
0018
0026
0014
001A
0002
0014
0014
0014
0014
0002
0027
0143
0144
0027
0014
0145
0002
0014
0014
0014
0014
0014
0026
002C
0022
0027
0014
0146
0014
0002
0014
0014
0014
0014
0019
002C
0022
0027
0014
002E
0014
0014
0014
0014
0014
0014
0019
002F
0022
0027
0014
002E
0014
0014
0014
0014
0014
0014
0147
00F1
0148
0034
0014
0014
0149
014A
014B
014C
014D
014E
014F
0150
0002
0014
0151
0152
0153
0154
00FE
0042
0155
0044
0156
00AE
00F4
0055
0157
0158
00BB
0159
004D
015A
004F
0050
0107
00BD
015B
015C
0055
010C
015D
0058
0002
0014
015E
015F
005B
0160
005D
005E
0161
0060
00C6
0014
0162
0163
0112
0164
0165
0067
0068
0166
0167
006B
0168
006D
0169
006F
016A
00CF
0072
0119
0074
0014
0103
016B
016C
0078
0079
007A
016D
016E
007D
0014
016F
0170
0171
0172
00D6
0083
0173
0174
00DC
0014
0087
00D8
0175
0176
0031
0046
0177
012B
0035
0014
0178
0179
017A
017B
017C
00AE
017D
0096
00DC
0014
017E
0099
017F
0180
0181
0182
0183
0184
0185
0006
0007
00A0
0009
000A
0186
0187
0188
000E
0189
0010
001B
0012
0013
0014
001E
0014
0002
0002
0014
0014
0014
0016
001B
0015
0025
0014
001A
0002
0002
0014
0002
0014
0002
001B
0024
001D
001E
0019
0010
0014
0002
0014
0002
0002
0014
0024
001E
0016
001F
0014
001B
0002
0014
0014
0014
0014
0014
0022
0024
0022
001F
0014
0022
0014
0002
0014
0014
0002
0014
0022
001C
0022
0023
0014
0016
0014
0002
0014
0014
0002
0014
0024
0023
0010
0023
0014
0016
0014
0014
0002
0002
0002
0002
0018
001E
0010
0027
0014
00EC
0014
0014
0002
0014
0014
0014
0013
0028
0022
0014
0014
0029
0002
0014
0014
0014
0014
0014
0026
002A
0012
0026
0013
002B
0014
0014
0014
0014
0014
0002
0019
00A9
002D
0013
0014
002E
0014
0014
0014
0002
0014
0002
0023
018A
0030
0019
0014
002B
0002
0014
0002
0014
0014
0002
018B
0032
0033
00F3
0035
0014
0036
0037
018C
0039
018D
003B
003C
0034
0035
0014
003D
018E
003F
018F
00B5
00B6
0043
0190
0045
0046
0047
0048
0191
0192
0103
004C
0193
004E
0074
0014
0194
0195
0053
0054
0196
0056
0057
0197
004F
0014
0198
005A
0199
005C
004B
014E
005F
00F9
0061
0014
0062
019A
019B
019C
00CA
00CB
0068
0069
006A
0014
00CC
019D
019E
019F
0070
0071
00D0
0073
01A0
0014
010B
0076
0077
01A1
01A2
01A3
01A4
007C
0014
0014
01A5
01A6
01A7
0081
010E
01A8
01A9
0085
0086
0050
008F
01AA
0089
01AB
0129
008C
01AC
008E
0035
0014
008F
01AD
01AE
01AF
0093
0094
01B0
01B1
0097
0014
0098
01B2
0134
01B3
0001
0002
01B4
01B5
0185
0006
0007
00A0
0009
01B6
0186
0187
0188
000E
0189
0010
0011
001A
0013
0014
0015
0014
0002
0002
0014
0014
0014
0026
01B7
0015
0019
0014
01B8
0002
0002
0014
0002
0014
0002
001B
0024
001D
001E
0019
0010
0014
0002
0014
0002
0002
0014
001B
001E
0016
001F
0014
001B
0002
0014
0014
0014
0014
0014
0022
0024
0012
001F
0014
0022
0014
0002
0014
0014
0014
0014
001D
001C
0022
0023
0014
0016
0014
0002
0014
0014
0002
0014
0024
00EC
0016
0019
0025
0012
0014
0014
0002
0002
0002
0002
0012
001E
0010
0027
0014
00EC
0014
0014
0014
0014
0014
0002
0013
01B9
0016
0014
0014
01BA
0002
0014
0014
0014
0014
0014
0026
002A
0012
0026
0013
00A8
0014
0002
0014
0014
0014
0014
0019
002C
002D
0014
0014
002E
0014
0014
0014
0014
0014
0014
0023
002C
0030
0014
0014
002B
0002
0014
0002
0014
0014
0002
0031
0032
0033
00F3
0035
0014
01BB
0037
018C
0039
018D
00AE
01BC
0034
0035
0014
01BD
003E
01BE
018F
00B5
00B6
00D0
0044
0045
0046
01BF
0048
01C0
01C1
0103
004C
0193
012B
0074
0014
01C2
0052
0053
0054
0196
0056
0057
00F9
004F
0014
0198
005A
01C3
01C4
004B
008C
01C5
00F9
0061
0014
00C7
0111
019B
01C6
0066
0067
0068
0069
00C6
006B
006C
00CD
019E
01C7
01C8
01C9
01CA
0073
01A0
0014
01CB
0076
0077
01CC
01A2
01A3
01CD
007C
0014
0014
0103
007F
01CE
01CF
010E
01A8
01D0
0085
0086
0050
008F
01AA
0089
01AB
010B
008C
01D1
008E
0014
0014
008F
01D2
01AE
01D3
0093
0094
01D4
01B1
0014
0014
00DD
01D5
0134
01B3
01D6
0002
01D7
0137
01D8
0006
00E4
0139
013A
01D9
01DA
013D
013E
013F
01DB
0019
002C
0012
0014
0014
00A6
0014
0002
0002
0014
0014
0014
0016
01DC
0018
0027
0014
001A
0002
0002
0014
0014
0002
0002
0024
001C
0016
001E
001F
0016
0002
0002
0002
0002
0002
0014
001D
001E
0020
0023
0021
0010
0002
0014
0002
0014
0014
0014
001D
001B
0022
0023
0014
0015
0014
0002
0002
0014
0002
0014
0022
001C
0018
0027
0014
001E
0014
0014
0014
0002
0014
0014
0016
001A
0010
0023
0014
0016
0014
0014
0014
0014
0002
0002
0018
0012
0018
0026
0014
001A
0002
0014
0002
0014
0014
0002
0027
01DD
01DE
0027
0014
01DF
0002
0014
0014
0014
0014
0014
0026
01E0
0022
0027
0014
00A6
0014
0014
0014
0014
0014
0002
0019
01E1
0022
0027
0014
002E
0014
0014
0014
0002
0014
0002
0019
002F
0022
0019
0014
002E
0014
0014
0014
0014
0014
0002
01E2
00F1
0148
0034
0014
0014
01E3
01E4
01E5
01E6
01E7
003B
01E8
0150
0002
0014
01E9
01EA
01EB
01EC
01ED
0042
0043
00FF
0156
00AE
0036
0055
0049
004A
00BB
015A
004D
004E
004F
0050
0051
01EE
01EF
015C
0055
010C
015D
0058
0002
0014
015E
015F
005B
01F0
005D
005E
005F
0060
00C6
0014
01F1
0063
0112
0065
01F2
00CB
0045
01F3
006A
0014
01F4
01F5
01F6
01F7
01F8
0071
0072
01F9
0074
0014
0120
016B
01FA
011D
0079
007A
007B
01FB
007D
0014
007E
01FC
0171
01FD
00D6
0083
0084
0174
00DC
0014
0087
00D8
0175
0176
0031
0046
008D
01FE
0035
0014
0178
0090
017A
017B
0130
00AE
0095
0096
0097
0014
0132
0099
017F
0180
0001
0002
0003
01FF
0200
0006
00E4
00A0
0009
000A
0201
000C
0188
0202
0189
0010
001D
0012
0013
0014
001F
0014
0002
0002
0014
0014
0014
0016
001B
0018
0027
0014
001A
0002
0002
0014
0014
0014
0002
0020
001C
001D
001E
0019
0022
0014
0002
0014
0002
0014
0014
0024
001E
0016
00EC
0014
001B
0014
0014
0014
0014
0014
0014
001D
0020
0022
001F
0014
0022
0014
0002
0002
0014
0014
0014
0022
001C
0022
0023
0014
0018
0014
0002
0014
0014
0014
0014
0010
0023
0010
0019
0014
0016
0014
0014
0014
0002
0014
0002
0012
001A
0018
0026
0014
0023
0014
0014
0014
0014
0014
0002
0027
0028
0018
0027
0014
0029
0002
0014
0014
0014
0014
0014
0026
002A
0012
0026
0013
002B
0014
0014
0014
0014
0014
0002
0019
00A9
002D
0014
0014
002E
0014
0014
0014
0014
0014
0002
0023
0203
0030
0019
0014
002B
0002
0014
0002
0014
0014
0002
00AA
0032
0033
00F3
0035
0014
0100
0204
018C
0039
00AD
003B
003C
0034
0002
0014
003D
00B2
003F
0205
00B5
00B6
0206
0207
0045
0046
0047
0055
0208
0209
020A
004C
0193
020B
0061
0014
0107
020C
0053
00BE
020D
0056
00C0
005E
004F
0014
020E
011E
020F
0210
0120
014E
005F
005E
0061
0014
00C7
0063
0211
0212
0213
00CB
0068
0069
00B0
0014
00CC
00CD
019E
0214
0070
0071
0215
0073
0074
0014
010B
0076
0216
01CC
00D3
006B
0217
007C
007D
0014
01A5
007F
01CE
01CF
00D6
01A8
0084
0085
0086
0050
008F
0218
0089
008A
008B
008C
008D
008E
0014
0014
008F
0090
0091
0092
0093
0094
0095
01B1
0097
0014
00DD
0219
021A
021B
021C
0002
021D
021E
021F
0006
0007
0139
0220
013B
000B
0221
013E
000E
0222
0019
0141
0015
0014
0014
00A7
0014
0002
0002
0014
0014
0014
00EC
0142
0012
0019
0014
01B8
0002
0002
0014
0002
0002
0002
001B
0024
0016
001E
001F
0016
0002
0002
0002
0002
0002
0014
001B
001E
0020
001F
0021
0010
0002
0014
0002
0014
0014
0014
001E
001B
0018
0021
0014
0012
0014
0002
0014
0014
0002
0014
001D
001C
0018
0027
0014
0016
0014
0002
0014
0002
0002
0014
0024
001A
0016
0023
0025
0016
0014
0014
0002
0014
0002
0002
0018
0012
0010
0027
0014
001A
0002
0014
0002
0014
0014
0002
0027
0143
00EE
0014
0014
0145
0002
0014
0014
0014
0014
0014
0026
002C
0022
0027
0014
002E
0014
0002
0014
0014
0014
0014
0019
002C
0022
0027
0014
002E
0014
0014
0014
0002
0014
0014
0019
0223
0022
0027
0014
002E
0014
0014
0014
0014
0014
0014
0031
00F1
0224
0034
0014
0014
0225
0226
014B
014C
018D
014E
0227
00F9
00B0
0014
0228
00FB
0229
01EC
00FE
0042
0043
0044
0156
00AE
0100
022A
0049
004A
004B
020B
004D
004E
004F
0050
00BC
022B
022C
022D
0055
022E
0057
0058
0097
0014
0059
015F
005B
022F
005D
005E
005F
0060
0097
0014
01F1
0230
0231
0065
0062
0067
0068
0114
006A
006B
0168
01F5
0232
01F7
0233
00CF
0072
0234
01A0
0014
0120
016B
0235
0236
0237
007A
016D
0238
0014
0014
016F
0239
0171
01FD
023A
0083
023B
023C
00DC
0014
0087
023D
0127
023E
0115
0046
023F
012B
0035
0014
0178
0240
0241
0242
0243
00AE
0244
0096
00DC
0014
0132
0245
0246
0247
0181
0002
0248
0249
024A
0006
0007
0008
0009
024B
024C
000C
024D
024E
024F
0026
00EB
001A
0013
0014
002B
0014
0002
0002
0014
0014
0014
0016
0017
0018
0025
0014
001A
0002
0002
0014
0002
0014
0002
0020
001D
0010
00EC
0019
0018
0014
0002
0014
0002
0002
0014
001D
001F
0016
00EC
0021
001B
0002
0014
0014
0014
0014
0014
0022
0024
0012
0021
0014
001E
0014
0002
0002
0014
0002
0014
0022
001C
0018
0023
0014
0016
0014
0002
0014
0014
0002
0014
0024
00EC
0016
0019
0025
0016
0014
0014
0002
0002
0002
0002
0018
001A
0010
0027
0014
0023
0014
0014
0014
0014
0014
0014
0013
0250
00EE
0027
0014
0029
0002
0014
0014
0014
0014
0014
0027
002C
0012
0026
0013
00A6
0014
0002
0014
0014
0014
0002
0026
002C
002D
0013
0014
002E
0014
0014
0014
0002
0014
0002
0026
018A
0030
0019
0014
00A6
0002
0014
0002
0014
0014
0002
0031
0251
0252
00F3
0035
0014
0036
0037
0253
0254
0255
003B
003C
0256
0035
0014
003D
018E
003F
018F
00B5
00B6
0206
0190
004F
0046
0257
0048
0258
0259
0103
004C
00B7
004E
0002
0050
0051
025A
025B
025C
0196
0056
0057
00F9
00B0
0014
00C1
011E
01C3
01C4
004B
014E
005F
00F9
0061
0014
00AB
019A
025D
01C6
0066
0067
0068
0069
00B0
006B
01F4
025E
025F
0260
0070
0071
01CA
0073
01A0
0014
0075
0076
0077
0261
01A2
01A3
01A4
0262
007D
0014
01A5
007F
0263
0264
010E
006B
0084
0124
0086
0050
008F
0088
0175
0265
01F4
0251
008D
0266
0035
0014
008F
01AD
0267
0268
005D
00AE
0095
01B1
0097
0014
00DD
0269
026A
026B
0136
0002
0003
0004
026C
0006
00E4
026D
013A
00A1
000B
026E
000D
00E9
000F
0010
001D
0012
0014
0014
0015
0014
0014
0002
0014
0014
0014
00EC
026F
0012
0019
0014
01B8
0002
0002
0014
0014
0002
0014
001B
001C
001D
001E
001F
0016
0002
0002
0002
0002
0002
0014
001B
001E
0020
001F
0014
0010
0002
0014
0002
0014
0014
0014
001D
001B
0022
001F
0014
0022
0014
0002
0014
0014
0002
0014
001D
001C
0022
0027
0014
001E
0014
0002
0014
0002
0014
0014
0016
001A
0010
0023
0014
0016
0014
0014
0014
0014
0002
0002
0012
0012
0018
0026
0014
001A
0002
0014
0002
0014
0014
0002
0027
002F
0018
0014
0014
002B
0002
0014
0014
0014
0014
0014
0026
002A
0022
0027
0014
00A8
0014
0014
0014
0014
0014
0014
0019
00A9
0022
0027
0014
002E
0014
0014
0014
0014
0014
0014
0023
002F
0022
0027
0014
00A8
0014
0014
0014
0014
0014
0014
018B
0032
005F
0034
0014
0014
0270
0271
0272
0273
00F7
014E
0227
0034
0002
0014
01ED
0274
0275
01EC
0276
0042
0043
0044
0045
00AE
0277
0055
0049
004A
023A
0104
004D
012B
004F
0014
0278
0052
0279
010A
0055
010C
015D
0058
004F
0014
0059
027A
005B
01F0
005D
005E
005F
0060
00C6
0014
0062
0163
027B
0065
01F2
0266
0068
027C
006A
0014
006C
006D
006E
006F
016A
027D
0072
0119
0074
0014
027E
016B
027F
0078
0079
007A
0280
007C
0014
0014
016F
01FC
0080
0081
00D6
0083
0281
0085
00DC
0014
0087
0282
0089
0283
008B
008C
0284
008E
0035
0014
0178
0179
01AE
0285
017C
0094
0286
0096
00DC
0014
0132
0099
0134
0180
0287
0002
0288
0289
028A
028B
0007
00A0
028C
028D
028E
028F
00E8
000E
0290
0026
002C
0015
0014
0014
002E
0014
0014
0002
0014
0014
0014
0016
0024
0018
0027
0014
001A
0002
0002
0014
0014
0002
0002
001B
001C
001D
001E
001F
0010
0002
0002
0014
0002
0002
0014
0024
001A
0020
001F
0014
001B
0002
0014
0014
0014
0014
0014
001D
001B
0012
0023
0014
0015
0014
0002
0002
0014
0002
0014
0022
001C
0022
0019
0014
001A
0014
0002
0014
0014
0014
0014
0010
00EC
0010
0021
0014
0016
0014
0014
0014
0014
0014
0002
0012
0012
0018
0026
0014
001A
0002
0014
0014
0014
0014
0002
0013
0250
01DE
0027
0014
0029
0002
0014
0014
0014
0014
0014
0026
0291
0012
0013
0014
00A6
0014
0014
0014
0014
0014
0002
0019
0292
002D
0013
0014
002E
0014
0014
0014
0002
0014
0002
0023
0223
0030
0014
0014
00A8
0002
0014
0002
0014
0014
0002
01E2
00F1
0293
00F3
0014
0014
00AB
01E4
0294
0295
0255
003B
003C
00F9
0097
0014
0296
0297
00FC
00FD
00FA
0042
0206
00FF
0045
0046
0047
0048
0101
0298
0103
0104
0105
004E
0074
0014
0051
0299
029A
029B
0107
010C
015D
0060
00B0
0014
00C1
015F
010D
022F
029C
005E
005F
005E
00C6
0014
0062
0063
0064
029D
01F2
00CB
0068
027C
0002
0014
00CC
029E
029F
02A0
01F8
0071
01CA
0119
0074
0014
0120
016B
02A1
011D
00D3
007A
01A4
01FB
007D
0014
007E
02A2
02A3
0122
0082
0251
01A9
027C
00DC
0014
0087
02A4
02A5
02A6
02A7
00AE
02A8
02A9
0035
0014
02AA
0090
02AB
02AC
0093
0083
0131
01B1
0014
0014
0132
0099
0134
021B
0001
0002
0003
0137
0005
02AD
00E4
0139
02AE
02AF
02B0
000C
02B1
00E9
02B2
0010
0011
0012
0013
0014
0015
0014
0002
0002
0014
0014
0014
0026
01B7
0012
0019
0014
01B8
0002
0002
0014
0002
0014
0014
0020
0024
0016
0023
0026
0016
0014
0002
0002
0002
0002
0014
001B
001E
0010
0023
0021
0010
0002
0014
0002
0014
0014
0014
0022
001D
0022
001F
0014
0022
0014
0002
0014
0014
0002
0014
001D
001C
0018
0023
0014
0016
0014
0002
0014
0002
0002
0014
0024
001A
0016
0023
0025
0016
0014
0014
0002
0002
0002
0002
0018
001E
0010
0027
0014
0023
0014
0014
0002
0014
0014
0002
0027
01B9
0016
0014
0014
02B3
0002
0014
0014
0014
0014
0014
0026
002A
0022
0026
0013
00A8
0014
0002
0014
0014
0014
0014
0019
002C
0010
0027
0014
002E
0014
0014
0014
0014
0014
0014
0019
0203
0022
0019
0014
00A6
0014
0014
0014
0014
0014
0002
0031
0032
0033
0034
0035
0014
01A5
0037
0038
0039
018D
00AE
02B4
0034
0002
0014
02B5
02B6
02B7
02B8
00B5
0056
0043
0044
02B9
006B
00F4
02BA
00B9
0192
023A
004C
004D
012B
004F
0050
0278
0052
0053
0054
02BB
0056
0057
0058
004F
0014
0059
005A
02BC
02BD
0031
008C
005F
0060
0061
0014
0162
02BE
02BF
019C
0066
0067
02C0
0069
006A
006B
0168
006D
0232
006F
02C1
00CF
0072
0073
01A0
0014
01CB
0076
02C2
00D2
0237
007A
016D
007C
0014
0014
0103
007F
01A7
0081
00D6
0083
02C3
0085
0086
0050
008F
02C4
0089
008A
02C5
008C
02C6
008E
0035
0014
008F
02C7
0091
0092
0168
0094
02C8
0096
0097
0014
00DD
02C9
017F
026B
0001
0002
0003
01B5
009F
0006
0007
02CA
0009
000A
000B
02CB
000D
000E
0189
0010
001B
001E
0013
0014
001E
0014
0002
0002
0014
0014
0014
0016
01DC
0012
0027
0014
001A
0002
0002
0014
0002
0002
0002
001B
001B
001D
001E
001F
0022
0014
0002
0002
0002
0002
0014
001D
001E
0018
001F
0021
001B
0002
0014
0014
0014
0014
0014
001D
001B
0012
001F
0014
0022
0014
0002
0014
0014
0002
0014
001D
001C
0022
0023
0014
0016
0014
0002
0014
0014
0014
0014
0016
00EC
0010
0021
0014
0016
0014
0014
0002
0014
0002
0002
0012
001E
0018
0026
0014
0023
0014
0014
0014
0014
0014
0002
0014
0250
00ED
0014
0014
0029
0002
0014
0014
0014
0014
0014
0026
02CC
02CD
0026
0013
00A6
0014
0014
0014
0014
0014
0014
0026
02CC
0010
0014
0014
002E
0014
0014
0014
0002
0014
0014
0023
002F
0016
0019
0014
00A8
0014
0014
0014
0014
0014
0014
018B
0032
02CE
02CF
0035
0014
01E3
0037
02D0
02D1
003A
003B
02D2
0034
0097
0014
01E9
00B2
02D3
02D4
0041
0042
0206
0190
0045
00AE
0036
0055
02D5
0158
020A
02D6
0193
004E
0074
0050
0194
0052
02D7
02D8
0107
0056
0057
0150
004F
0014
0059
005A
02D9
0210
02DA
005E
005F
0096
0061
0014
02DB
019A
02DC
02DD
01F2
00CB
0068
0114
0002
0014
01F4
006D
02DE
02DF
01F8
0071
0072
0073
0074
0014
0075
0076
0077
02E0
02E1
0014
007B
02E2
0014
0014
0103
02E3
02E4
02E5
00D6
0083
02E6
02E7
0086
0050
02E8
0282
02E9
0283
008B
0046
02EA
008E
0014
0014
02EB
02EC
02ED
02EE
017C
0094
02EF
0096
0097
0014
00DD
02F0
0246
02F1
02F2
0002
00E2
02F3
00E3
0006
00E4
0008
02F4
02F5
02F6
0187
02F7
0202
02F8
0019
0141
0012
0014
0014
02F9
0014
0002
0002
0014
0014
0014
0026
01B7
0018
0019
0014
01B8
0002
0002
0014
0014
0014
0002
0022
001C
0016
00EC
0019
0016
0002
0002
0014
0002
0014
0014
001B
001F
0020
00EC
0014
0010
0002
0014
0002
0014
0014
0014
0022
0024
0022
0019
0014
0012
0014
0002
0002
0014
0002
0014
0021
001C
0018
0013
0014
001E
0014
0002
0014
0002
0002
0014
0024
001A
0016
0023
0025
0016
0014
0014
0002
0002
0002
0002
0018
0012
0010
0027
0014
001A
0002
0014
0002
0014
0014
0014
0027
01B9
0016
0027
0014
0145
0002
0014
0014
0014
0014
0014
0026
002A
0022
0027
0014
00A8
0014
0002
0014
0014
0014
0002
0019
002C
002D
0027
0014
002E
0014
0014
0014
0014
0014
0002
0019
002C
0030
0027
0014
00A6
0002
0014
0002
0014
0014
0002
020A
00F1
02FA
0034
0014
0014
01BB
02FB
0038
0254
02FC
00AE
02FD
02FE
0002
0014
00FA
0297
02FF
018F
01E7
00B6
0043
0044
02B9
0046
0277
0048
00B9
00BA
004B
004C
004D
020B
004F
0014
0300
0301
0302
025C
0303
0304
00D0
0058
00B0
0014
00C1
0305
00C3
022F
00C5
0306
005F
0060
00DC
0014
0062
0163
0307
019C
0066
0067
0308
0069
006A
006B
006C
0309
006E
030A
02C1
00CF
00D0
0119
01A0
0014
030B
016B
027F
030C
00D3
007A
030D
030E
007D
0014
007E
030F
02A3
01FD
0310
01A8
02C3
023C
00DC
0014
0087
0088
0311
0265
006C
008C
0312
012B
0035
0014
0313
0090
0267
017B
005D
0046
02C8
005E
00DC
0014
0132
00DE
026A
009B
0314
0002
0315
0316
0317
0006
0007
0318
0319
000A
028E
031A
000D
000E
0189
0010
001B
0012
0013
0014
0015
0014
0002
0002
0014
0014
0014
0016
01DC
0018
0019
0014
001A
0002
0002
0014
0014
0002
0014
001B
001B
001D
001E
0014
0010
0014
0002
0002
0002
0014
0014
001B
001E
0010
001F
0021
001B
0002
0014
0014
0014
0014
0014
001D
0020
0022
001F
0014
0022
0014
0002
0002
0014
0014
0014
001D
001B
0022
0019
0014
001E
0014
0002
0014
0014
0014
0014
0022
00EC
0022
0019
0014
0016
0014
0014
0002
0014
0002
0002
0018
0012
0018
0027
0014
001A
0014
0014
0014
0014
0014
0002
0027
0028
0018
0027
0014
01DF
0002
0014
0014
0014
0014
0014
0026
002A
0018
0026
0013
002B
0014
0014
0014
0014
0014
0002
0019
00A9
0010
0013
0014
002E
0014
0014
0014
0014
0014
0002
0023
002C
0016
0019
0014
00A8
0002
0014
0002
0014
0014
0002
01E2
0032
01C5
02CF
0035
0014
01E3
031B
018C
0039
01E7
003B
01E8
0034
0002
0014
031C
031D
031E
031F
0041
0042
0155
0044
0045
0014
00F4
00B8
0320
0321
020A
0322
0193
004E
0074
0050
0051
0323
0324
0325
0129
0056
015D
0150
004F
0014
00C1
0326
02D9
0327
02DA
005E
0328
00F9
00C6
0014
0270
0111
02DC
02DD
02DB
00CB
0068
0166
0167
0014
0115
0329
032A
032B
032C
0071
01CA
0073
01A0
0014
01CB
0076
0077
032D
01A2
006B
01A4
007C
007D
0014
016F
01A6
0080
032E
01BF
01A8
01A9
0085
0086
0050
032F
0330
0089
0331
0278
008C
0332
008E
0035
0014
02EB
0333
01AE
0334
0130
0094
02EF
01B1
0097
0014
00DD
0335
0336
0337
0001
0002
0003
01B5
00E3
0006
00E4
0338
02F4
0339
033A
033B
033C
033D
0222
0019
0141
0015
0014
0014
00A8
0014
0002
0002
0014
0014
0014
0026
033E
0012
0013
0014
00A6
0002
0002
0014
0002
0014
0002
0024
001C
0016
00EC
001F
0016
0002
0002
0014
0002
0002
0014
0024
001E
0020
0023
0014
0010
0002
0014
0002
0014
0014
0014
0022
001B
0018
0023
0014
0015
0014
0002
0014
0014
0002
0014
0018
001C
0012
0023
0014
0016
0014
0002
0014
0002
0002
0014
0024
001A
0016
0023
0025
0016
0014
0014
0002
0002
0002
0002
0018
0015
0010
0026
0014
00EC
0002
0014
0002
0014
0014
0002
0027
033F
00EE
0014
0014
01BA
0002
0014
0014
0014
0014
0014
0026
002C
0022
0027
0014
002E
0014
0002
0014
0014
0014
0014
0026
002C
002D
0027
0014
002E
0014
0014
0014
0002
0014
0014
0019
002F
0030
0027
0014
00A6
0014
0014
0014
0014
0014
0002
0031
00F1
0340
0034
0014
0014
0100
0037
0341
0342
018D
00AE
02FD
00F9
00B0
0014
003D
003E
02B7
018F
01E7
0343
0043
00FF
004F
0046
0047
0048
0344
0345
004B
004C
004D
0106
004F
0014
0278
0052
025B
0054
02BB
010C
0057
0058
0002
0014
0059
005A
02BC
005C
00C5
0306
005F
0060
0061
0014
0062
0063
0307
0346
0066
0067
0068
0069
006A
006B
00CC
006D
006E
006F
02C1
00CF
0072
0347
0074
0014
0103
016B
0348
0078
0079
007A
016D
0349
0014
0014
01A5
034A
034B
034C
0082
0083
0173
0174
00DC
0014
034D
0088
034E
0265
0031
0046
02C6
01FE
0035
0014
0125
0179
017A
0268
005D
00AE
034F
0096
00DC
0014
0132
0350
009A
0180
0351
0002
0352
0353
028A
0354
0007
0008
0355
028D
0356
028F
013E
000E
0290
0026
00F0
0015
0013
0014
00A8
0014
0014
0002
0014
0014
0014
0016
0024
001E
0027
0014
001A
0002
0002
0014
0014
0014
0002
0024
001C
001D
001E
001F
0018
0002
0002
0014
0002
0002
0014
0024
001A
0020
00EC
0014
0010
0002
0014
0014
0014
0014
0014
001D
001B
0012
0023
0014
001E
0014
0002
0014
0014
0002
0014
0022
001C
0022
0027
0014
0016
0014
0002
0014
0014
0002
0014
0016
00EC
0010
0023
0014
0016
0014
0014
0014
0014
0014
0002
0018
0012
0010
0026
0014
001A
0002
0014
0014
0014
0014
0002
0013
0250
01DD
0014
0014
0029
0002
0014
0014
0014
0014
0014
0027
0292
0357
0013
0014
00A6
0014
0014
0014
0014
0014
0002
0026
0292
002D
0013
0014
002E
0014
0014
0014
0002
0014
0002
0023
00A5
0030
0014
0014
00A8
0002
0014
0002
0014
0014
0002
0168
00F1
0358
0359
0035
0014
035A
0271
035B
035C
00AD
003B
003C
035D
0097
0014
0110
02B6
00FC
00FD
00FA
0042
00D0
00FF
0045
0046
01BF
0055
035E
035F
015E
0104
00B7
004E
0002
0014
0360
0361
0109
0362
0107
010C
0057
005E
00B0
0014
00C1
015F
010D
0363
029C
005E
01C5
005E
0097
0014
0364
0365
0064
029D
01F2
0366
0068
0114
006A
0014
00CC
006D
029F
0367
01F8
0071
0072
0347
0074
0014
0103
016B
0368
0078
0079
007A
007B
01FB
0014
0014
007E
0369
02A3
036A
00D6
0251
0084
036B
00DC
0014
0087
0218
0175
036C
010B
0251
008D
0266
0035
0014
036D
0090
036E
0268
0093
0083
0095
01B1
0014
0014
017E
0099
021A
021B
0181
0002
00E2
0004
0005
0006
00E4
026D
036F
00A1
0186
000C
02B1
00E9
02B2
0010
0011
0012
0014
0014
0015
0014
0002
0002
0014
0014
0014
0026
01B7
0018
0019
0014
01B8
0002
0002
0014
0002
0002
0014
001B
0024
0016
001E
0026
0016
0014
0002
0002
0002
0002
0014
001B
001E
0010
001F
0021
001B
0002
0014
0002
0014
0014
0014
0022
0024
0022
001F
0014
0022
0014
0002
0002
0014
0002
0014
001D
001C
0018
0023
0014
0018
0014
0002
0014
0002
0014
0014
0024
001A
0016
0026
0025
0012
0014
0014
0002
0002
0002
0002
0018
001E
0010
0027
0014
00EC
0014
0014
0002
0014
0014
0002
0027
01B9
0016
0027
0014
0370
0014
0014
0014
0014
0014
0014
0026
002A
0022
0026
0013
00A8
0014
0002
0014
0014
0014
0014
0019
002C
0010
0027
0014
002E
0014
0014
0014
0014
0014
0014
0019
0371
0022
0019
0014
00A6
0014
0014
0014
0014
0014
0002
0031
0032
0033
0034
0014
0014
0036
0037
0341
0372
018D
00AE
02B4
0034
0002
0014
003D
018E
02B7
018F
00BB
00B6
0043
0044
0156
006B
0036
0373
00B9
0345
004B
004C
004D
012B
004F
0050
0051
022B
0053
0054
00BF
0056
00C0
0058
004F
0014
0059
005A
0374
005C
0031
008C
005F
0060
0061
0014
01F1
0375
02BF
019C
0066
0067
0308
0069
0167
006B
0168
0376
0377
0378
02C1
00CF
00D0
0073
007D
0014
01CB
0379
02C2
01A1
037A
007A
030D
007C
007D
0014
0103
007F
01A7
0081
0082
0083
023B
0085
0086
0050
008F
023D
0089
0283
023A
008C
037B
008E
0035
0014
008F
037C
01AE
037D
006C
0094
037E
0096
0097
0014
0098
037F
0380
01B3
0381
0002
0315
0004
009F
0006
0007
0382
0220
0383
000B
0384
0385
000E
00EA
0019
00EB
001A
0014
0014
02F9
0014
0002
0002
0014
0014
0014
0016
0017
0018
0019
0014
001A
0002
0014
0014
0014
0014
0002
001B
0020
001D
00EC
001F
0016
0014
0014
0014
0002
0002
0014
001B
001E
0016
001F
0014
0010
0002
0014
0014
0014
0014
0014
0019
0386
00EC
0023
0014
00ED
0014
0002
0002
0014
0002
0014
001D
001C
0022
0023
0014
0016
0014
0002
0014
0014
0002
0014
0024
001A
0016
0021
0025
0018
0014
0014
0014
0014
0002
0002
0018
0012
0010
0027
0014
001A
0002
0014
0014
0014
0014
0014
0027
01DD
00EE
0027
0014
01DF
0002
0014
0014
0014
0014
0014
0026
01E0
0022
0026
0013
0387
0014
0002
0014
0014
0014
0014
0026
01E0
002D
0027
0014
0388
0014
0014
0014
0002
0014
0014
0019
00A5
0030
0019
0014
002E
0014
0014
0014
0014
0014
0014
0031
00F1
0389
003B
0014
0014
01E3
0037
038A
038B
00F7
003B
038C
00F9
0002
0014
00C2
018E
003F
0040
0041
0042
038D
0044
02B9
0046
00F4
0048
038E
038F
0103
004C
0105
004E
004F
0014
0051
0195
025B
0054
010B
008C
0390
0391
0097
0014
0059
005A
0392
0393
010E
005E
0394
0060
0061
0014
0257
0111
0395
0396
0066
0058
0068
0069
0167
006B
0168
0397
006E
02A0
0070
0071
0072
0398
0167
0014
0120
016B
02A1
011D
02E1
007A
007B
0399
007D
0014
0103
039A
039B
0172
0082
00AE
01A9
01F3
00DC
0050
0125
0126
039C
039D
01F4
039E
01AC
012B
0035
0014
035A
039F
03A0
03A1
0093
00AE
03A2
0096
0097
0014
03A3
03A4
0134
01B3
03A5
0002
009D
03A6
00E3
0006
00E4
00E5
0319
03A7
0201
0187
03A8
0202
000F
0010
01DC
0012
0013
0014
001F
0014
0014
0014
0014
0014
0014
0026
002A
001E
0014
0014
002E
0014
0002
0014
0002
0002
0014
0023
03A9
0022
001E
0014
01DD
0002
0002
0002
0002
0014
0014
0024
001E
0020
0023
0021
001B
0014
0014
0002
0014
0014
0014
001D
0016
0022
001F
0014
0022
0014
0002
0014
0014
0002
0014
0021
03AA
001A
0019
0014
002B
0014
0002
0014
0002
0014
0014
0010
001F
0010
0023
0014
0016
0014
0014
0002
0002
0002
0002
0018
001E
0018
0026
0014
0023
0014
0014
0002
0014
0014
0002
0014
01B9
0018
0014
0014
01BA
0002
0014
0014
0014
0014
0014
0026
002A
0022
0013
0014
00A8
0014
0002
0014
0014
0014
0002
0019
002C
0010
0013
0014
002E
0014
0014
0014
0014
0014
0002
0023
0371
0016
0014
0014
002B
0002
0014
0002
0014
0014
0002
00AA
0032
03AB
0034
0035
0014
0100
00AC
03AC
03AD
00AD
00AE
03AE
0034
0014
0014
003D
00B2
03AF
03B0
03B1
03B2
03B3
02FE
0045
0014
0047
03B4
03B5
03B6
03B7
03B8
004D
020B
0061
0050
0278
020C
03B9
03BA
03BB
0056
03BC
0058
004F
0014
03BD
0305
03BE
03BF
00C5
0083
03C0
00F9
00DC
0014
0062
0063
03C1
03C2
03C3
0067
0068
0166
006A
0014
00CC
03C4
032A
006F
03C5
00CF
00D0
0073
0074
0014
010B
0076
00D1
00D2
03C6
0014
030D
007C
0014
0014
007E
034A
01A7
0081
00D6
0083
0173
0085
0086
0014
0087
0218
0089
008A
008B
008C
0177
008E
0035
0014
02EB
0090
0091
0092
017C
0094
03C7
03C8
0014
0014
0098
0219
03C9
00E0
03CA
0002
03CB
03CC
009F
0006
0007
03CD
0009
01D9
03CE
028F
03CF
03D0
024F
0026
0141
0012
0014
0014
00A8
0014
0002
0002
0014
0014
0014
0016
0017
0015
0025
0014
001A
0002
0002
0014
0014
0002
0002
001B
001D
001D
001E
0019
0010
0014
0002
0002
0002
0002
0014
0024
001A
0012
001F
0014
001B
0002
0014
0002
0014
0014
0014
0018
0024
0022
0023
0014
001E
0014
0002
0014
0014
0002
0014
001D
001C
0022
0019
0014
0016
0014
0002
0014
0002
0002
0014
0024
001F
0016
0021
0025
0018
0014
0014
0002
0014
0002
0002
0018
0012
0010
0027
0014
001A
0002
0014
0014
0014
0014
0002
0027
01DD
00EE
0014
0014
01DF
0002
0014
0014
0014
0014
0014
0026
03D1
0012
0026
0013
00A6
0014
0002
0014
0014
0014
0014
0019
0291
0010
0014
0014
0388
0014
0014
0014
0002
0014
0014
0019
0223
0016
0014
0014
002E
0002
0014
0002
0014
0014
0014
0031
00F1
03D2
0034
0014
0014
0225
0037
0038
038B
00F7
003B
003C
035D
0035
0014
0296
03D3
003F
018F
00B5
0056
0206
00FF
0156
0251
0047
03D4
03D5
03D6
004B
004C
004D
004E
004F
0014
00BC
022B
03D7
0054
02BB
0056
0057
0058
0097
0014
0198
005A
02BC
02BD
00C5
0306
005F
005E
0097
0014
00C7
03D8
03D9
01C6
0066
00CB
0068
0069
0002
006B
006C
029E
029F
030A
03DA
0071
03DB
0073
01A0
0014
0075
0076
03DC
011D
03DD
007A
03DE
03DF
0014
0014
016F
03E0
03E1
036A
0082
00AE
01A9
027C
0086
0050
008F
02A4
039C
039D
01F4
00AE
02EA
012B
0014
0014
008F
03E2
03E3
03E4
006C
039E
01B0
01B1
0014
0014
00DD
03E5
03E6
01B3
0001
0002
0003
0004
00E3
0006
00E4
0139
03E7
02AF
03E8
000C
000D
00E9
000F
0010
01DC
001E
0013
0014
0015
0014
0002
0002
0014
0014
0014
00EC
026F
0018
0019
0014
01B8
0002
0002
0014
0002
0014
0014
0010
001C
0010
001E
001F
0016
0002
0002
0014
0002
0014
0014
001B
001E
0020
0023
0021
0010
0002
0014
0014
0014
0014
0014
001D
001B
0012
001F
0014
0022
0014
0002
0002
0014
0014
0014
0022
001C
0012
0023
0014
0018
0014
0002
0014
0014
0014
0014
0016
001A
0010
0023
0014
0016
0014
0014
0014
0002
0014
0002
0012
001E
0018
0026
0014
00EC
0014
0014
0002
0014
0014
0002
0027
01B9
0018
0027
0014
01BA
0002
0014
0014
0014
0014
0014
0026
002A
0022
0027
0014
00A8
0014
0002
0014
0014
0014
0002
0019
002C
002D
0027
0014
002E
0014
0014
0014
0014
0014
0002
0023
0371
0030
0019
0014
002B
0014
0014
0014
0014
0014
0002
01F4
0032
03E9
00F3
0035
0014
01E7
014A
03EA
03EB
01E7
014E
03EC
0034
0002
0014
01BD
03ED
03EE
01EC
0276
0042
0043
0044
0045
0046
0100
03EF
0049
004A
0059
0159
0193
020B
0061
0050
0107
00BD
0324
03F0
0129
010C
015D
0197
004F
0014
015E
00C5
010D
03F1
029C
005E
005F
0060
0061
0014
01F1
03F2
027B
0065
03F3
0067
02C0
0166
006A
0014
03F4
006D
0169
0367
03F5
01C9
0072
0119
0074
0014
00AA
03F6
011C
00D2
0079
006B
016D
007C
007D
0014
00DD
030F
01A7
0081
00D6
0083
0173
0085
00DC
0014
0087
0218
0089
008A
008B
008C
00D9
008E
0035
0014
03F7
0090
0091
0092
0093
0094
00DA
0096
0097
0014
0132
0099
009A
0180
03F8
0002
0003
02F3
03F9
0006
0007
026D
0009
01D9
000B
03FA
03FB
000E
03FC
0019
0141
0015
0014
0014
02F9
0014
0002
0002
0014
0014
0014
0016
0017
001E
0019
0014
001A
0002
0002
0014
0002
0002
0002
0020
001C
001D
001E
001F
0016
0014
0002
0014
0002
0002
0014
001B
001A
0020
00EC
0014
0010
0002
0014
0014
0014
0014
0014
0018
001B
0018
0023
0014
0012
0014
0002
0014
0014
0002
0014
0022
0024
0022
0027
0014
0016
0014
0002
0014
0014
0002
0014
0024
001A
0016
0019
0025
0018
0014
0014
0002
0014
0002
0002
0018
0012
0010
0027
0014
001A
0002
0014
0014
0014
0014
0002
0027
0028
0016
0014
0014
01DF
0002
0014
0014
0014
0014
0014
0026
002A
0018
0027
0014
002B
0014
0002
0014
0014
0014
0014
0019
002C
0010
0027
0014
002E
0014
0014
0014
0002
0014
0014
0019
002C
0016
0019
0014
002E
0002
0014
0002
0014
0014
0014
0031
00F1
0252
0034
0014
0014
0036
0037
0038
038B
018D
003B
003C
02FE
0002
0014
02B5
003E
003F
0040
00FA
0042
00D0
0044
0156
00AE
03FD
0048
0101
0158
0103
004C
004D
012B
004F
0014
0194
0052
025B
0054
010B
0056
0057
0058
0086
0014
03FE
005A
005B
02BD
010E
005E
01C5
0060
0097
0014
0087
0163
0064
029D
0066
0067
0068
0069
0167
006B
006C
006D
006E
006F
01C8
0071
0072
0073
01A0
0014
0075
0076
0077
0078
0079
007A
007B
03FF
0014
0014
007E
00D5
02A3
0172
0082
01A8
01A9
027C
0086
0014
0087
02A4
0400
0401
01E2
008C
012A
012B
0035
0014
008F
0402
0403
0404
017C
0046
0131
01B1
0097
0014
00DD
0099
03E6
009B
0405
0002
00E2
0184
0005
0406
00E4
0008
0407
00A1
0201
0408
02B1
00E9
000F
0010
001D
0012
0013
0014
001F
0014
0002
0002
0014
0014
0014
0026
0409
0012
0014
0014
01B8
0002
0002
0014
0014
0014
0002
001B
001B
0016
001E
0019
0022
0002
0002
0002
0002
0014
0014
0024
001E
0016
001F
0021
001B
0002
0014
0014
0014
0014
0014
001D
001D
0022
001F
0014
0022
0014
0014
0014
0014
0014
0014
001D
001C
0012
0023
0014
0018
0014
0002
0014
0014
0014
0014
0016
00EC
0010
0023
0014
0016
0014
0014
0014
0002
0014
0002
0015
001E
0018
0026
0014
0023
0014
0014
0002
0014
0014
0014
0013
040A
01DE
0014
0014
00A7
0002
0014
0014
0014
0014
0014
0026
02CC
040B
0026
0013
002E
0014
0014
0014
0014
0014
0002
0019
01E1
002D
0013
0014
002E
0014
0014
0014
0014
0014
0002
0023
0371
0030
0014
0014
002B
0014
0014
0014
0014
0014
0002
00AA
0032
040C
00F3
0035
0014
040D
040E
040F
0410
01E7
00AE
0411
0034
0014
0014
0412
0413
0153
0414
004B
00B6
0043
0415
0045
0046
0416
03B4
0344
0345
020A
0159
0193
004E
0074
0050
0417
0418
0324
03F0
0419
010C
041A
0197
004F
0014
041B
00D6
041C
041D
041E
008C
005F
0096
0061
0014
041F
019A
0420
0346
0421
00CB
0045
0166
006A
0014
0422
025E
0423
0260
01F8
0424
00D0
0119
0074
0014
027E
0425
0426
01A1
03DD
01A3
0427
0428
0014
0014
0103
007F
01A7
0081
00D6
0083
0429
042A
00DC
0050
0132
0218
042B
008A
008B
0046
00D9
008E
0035
0014
042C
01AD
0091
0092
0093
0094
00DA
0096
0014
0014
042C
01B2
009A
042D
042E
0002
0315
0004
009F
0006
0007
0382
0220
042F
0356
0430
0431
000E
024F
0019
00EB
001A
0014
0014
02F9
0014
0002
0002
0014
0014
0014
0016
0017
0018
0019
0014
001A
0002
0014
0014
0014
0002
0002
001B
0020
001D
001E
001F
0016
0014
0002
0002
0002
0002
0014
001B
001E
0016
001F
0014
0010
0002
0014
0014
0014
0014
0014
0019
001B
001E
0023
0014
0012
0014
0002
0002
0014
0002
0014
001D
001C
0022
0027
0014
0016
0014
0002
0014
0014
0002
0014
0024
00EC
0016
0021
0025
0018
0014
0014
0002
0014
0002
0002
0018
0012
0010
0027
0014
001A
0002
0014
0014
0014
0014
0002
0027
01DD
00EE
0027
0014
01DF
0002
0014
0014
0014
0014
0014
0026
01E0
0022
0026
0013
0387
0014
0002
0014
0014
0014
0014
0019
01E0
0010
0027
0014
0388
0014
0014
0014
0002
0014
0014
0019
00A5
0022
0019
0014
002E
0014
0014
0014
0014
0014
0014
0031
00F1
0432
02CF
0014
0014
02DB
0037
038A
0433
02FC
003B
038C
00F9
0002
0014
00C2
018E
003F
0040
0041
0042
038D
0044
0156
00AE
00F4
0434
0435
0436
0103
004C
0105
004E
004F
0014
0051
025A
025B
0437
010B
008C
0057
0438
0097
0014
015E
005A
0439
043A
010E
005E
043B
0060
0097
0014
0257
043C
043D
043E
0066
00CB
0068
0069
0167
006B
0168
029E
029F
02A0
03DA
0071
03DB
027C
01A0
0014
0120
016B
043F
011D
03DD
007A
03DE
0399
007D
0014
016F
007F
03E1
0172
0082
00AE
01A9
01F3
00DC
0050
0125
0440
039C
039D
01F4
00AE
02EA
012B
0035
0014
035A
039F
03A0
03A1
0130
00AE
03A2
0096
0097
0014
03A3
03A4
0134
01B3
0001
0002
009D
0441
00E3
0006
00E4
00E5
0319
0442
0443
000C
0444
0202
000F
0010
01DC
0012
0013
0014
001F
0014
0014
0014
0014
0014
0014
0026
002A
001E
0014
0014
002E
0014
0002
0014
0002
0014
0014
00EC
03A9
0022
001E
0026
01DD
0002
0002
0014
0002
0014
0014
0024
001E
0020
0023
0021
001B
0014
0014
0002
0014
0014
0014
001D
0016
0022
001F
0014
0022
0014
0002
0014
0014
0002
0014
0026
03AA
001A
0023
0014
01DE
0014
0002
0014
0002
0014
0014
0010
001A
0010
0023
0014
0016
0014
0014
0014
0002
0002
0002
0012
001E
0018
0026
0014
0023
0014
0014
0002
0014
0014
0002
0014
01B9
0018
0014
0014
01BA
0002
0014
0014
0014
0014
0014
0026
002A
0022
0013
0014
00A8
0014
0002
0014
0014
0014
0002
0019
002C
002D
0013
0014
002E
0014
0014
0014
0014
0014
0002
0023
0371
0030
0014
0014
002B
0002
0014
0002
0014
0014
0002
00AA
0032
0445
0034
0035
0014
0100
00AC
0446
0410
00AD
00AE
00AF
0034
0014
0014
003D
00B2
03AF
03B0
03B1
03B2
0447
0060
0045
0046
0047
03B4
0448
0449
03B7
03B8
004D
020B
0061
0050
0278
044A
0324
03BA
03BB
0056
044B
0058
004F
0014
03BD
0305
044C
03BF
00C5
0083
044D
00F9
0061
0014
0062
0063
044E
044F
03C3
0067
0068
0166
006A
0014
00CC
006D
0169
006F
0450
01C9
0072
0073
0074
0014
010B
0076
0077
00D2
0079
0014
016D
007C
0014
0014
01A5
0451
01A7
0081
00D6
0083
0173
0085
0086
0014
0087
0218
0089
008A
008B
008C
00D9
008E
0035
0014
02EB
0090
0091
0092
0093
0094
00DA
00DB
0014
0014
0098
0219
03C9
00E0
0452
0002
00E2
0137
00E3
0006
0007
00E5
0009
01D9
00A2
0187
024D
000E
0453
0026
0141
0012
0013
0014
00A6
0014
0002
0002
0014
0014
0014
0016
0017
0018
0027
0014
001A
0002
0002
0014
0014
0002
0014
0024
001B
0016
001E
001F
0010
0002
0002
0014
0002
0014
0014
0024
001A
0020
00EC
0014
0010
0002
0014
0002
0014
0014
0014
001D
001B
0022
0019
0014
0015
0014
0002
0002
0014
0002
0014
001D
001B
0018
0027
0014
001E
0014
0014
0014
0002
0002
0014
0024
001A
0016
0023
0025
0016
0014
0014
0002
0014
0002
0002
0018
0012
0010
0026
0014
001A
0014
0014
0014
0014
0014
0002
0027
0028
0016
0027
0014
01DF
0002
0014
0014
0014
0014
0014
0026
002A
0022
0013
0014
002B
0014
0002
0014
0014
0014
0002
0019
002C
0018
0013
0014
002E
0014
0014
0014
0014
0014
0002
0023
00A5
0012
0014
0014
00A8
0002
0014
0002
0014
0014
0002
020A
00F1
0293
0034
0035
0014
01BB
02FB
0038
0254
0255
003B
003C
02FE
0002
0014
00FA
0454
00FC
0455
0103
0056
00D0
00FF
0045
00AE
0100
0048
0456
0457
004B
0322
004D
020B
004F
0014
0300
01EE
0458
015C
00BF
0056
00D0
0058
00B0
0014
00C1
0459
00C3
022F
00C5
0306
01C5
0060
0035
0014
01F1
0111
0307
01C6
0165
0067
0308
0166
006A
006B
0168
01F5
0169
01F7
016A
0071
0072
0073
0074
0014
0075
0076
02C2
032D
02E1
007A
007B
0069
007D
0014
007E
007F
03E1
045A
0082
01A8
0084
045B
0086
0014
0087
0088
0311
0265
0278
008C
008D
012B
0035
0014
02E8
045C
0267
017B
0130
0083
0095
01B1
0014
0014
0098
045D
026A
026B
0001
0002
009D
01B5
009F
045E
00E4
03CD
045F
02AF
000B
0384
000D
0460
0461
0010
001B
001E
0014
0014
0015
0014
0002
0002
0014
0014
0014
00EC
0462
0012
0019
0014
00A6
0002
0002
0014
0002
0014
0002
001B
001C
001D
00EC
0019
0016
0014
0002
0002
0002
0002
0014
001B
001E
0016
001F
0021
001B
0002
0014
0014
0014
0014
0014
0022
001D
0012
001F
0014
0022
0014
0002
0014
0014
0002
0014
0022
001C
0022
0023
0014
0016
0014
0002
0014
0014
0014
0014
0022
00EC
0010
0021
0014
0016
0014
0014
0002
0002
0002
0002
0015
0015
0018
0013
0014
00EC
0002
0014
0002
0014
0014
0002
0014
040A
00ED
0014
0014
00A7
0002
0014
0014
0014
0014
0014
0026
02CC
01DD
0026
0013
002E
0014
0014
0014
0014
0014
0014
0026
02CC
002D
0027
0014
002E
0014
0014
0014
0002
0014
0014
0026
0371
0030
0019
0014
00A6
0014
0014
0014
0014
0014
0014
018B
0032
0033
0359
0014
0014
01E3
0037
0463
0372
018D
014E
0227
0034
00B0
0014
0296
00B2
02B7
0040
0041
0042
0043
0044
004F
0046
0047
02BA
0049
004A
020A
004C
0193
004E
0074
0050
0464
0052
0053
0054
0107
0032
0057
0197
004F
0014
0059
005A
010D
0465
02DA
005E
005F
0096
0061
0014
00C7
0063
0466
0065
00CA
00CB
0068
0069
0002
0014
0467
0468
029F
0469
0070
0424
00D0
01F9
007D
0014
027E
016B
011C
0078
00D3
0014
046A
046B
0014
0014
0103
046C
01A7
0081
00D6
0083
023B
046D
00DC
0050
046E
046F
0470
0283
0147
0046
0471
008E
0035
0014
03C3
0472
0473
0285
0093
0094
0474
0096
0097
0014
03A3
0099
0134
0180
042E
0002
0315
0004
0005
0006
0007
0475
0220
000A
000B
000C
000D
000E
0476
0010
0011
0027
0013
0014
0015
0014
0002
0002
0014
0014
0014
0016
0017
0018
0019
0014
001A
0002
0014
0014
0014
0014
0014
0024
001D
0016
001E
0014
0016
0014
0002
0002
0002
0002
0014
001B
001E
0020
00EC
0014
001B
0002
0014
0014
0014
0014
0014
0022
0024
0012
001F
0014
0022
0014
0002
0002
0014
0014
0014
0022
001D
0018
0019
0014
0016
0014
0002
0014
0014
0014
0014
0016
00EC
0016
0026
0025
0018
0014
0014
0002
0014
0002
0002
0018
0012
0018
0027
0014
001A
0002
0014
0014
0014
0014
0014
0027
0028
0016
0027
0014
0029
0002
0014
0014
0014
0014
0014
0026
002A
0022
0026
0013
002B
0014
0002
0014
0014
0014
0002
0019
002C
0010
0027
0014
002E
0014
0014
0014
0014
0014
0002
0023
00A5
0022
0019
0014
00A8
0002
0014
0002
0014
0014
0002
0031
0032
0033
039E
0035
0014
0036
0037
018C
0039
003A
003B
003C
0034
0002
0014
003D
018E
003F
0040
0041
0042
0206
0044
0045
0014
0047
0048
0320
0321
0103
004C
0193
004E
0002
0014
0051
0195
0053
0054
010B
0391
0057
0150
004F
0014
0198
005A
0477
01C4
010E
005E
005F
0060
0097
0014
00C7
019A
0064
029D
0066
0067
0068
0069
0167
006B
0478
0479
047A
02A0
0070
0071
047B
0119
0167
0014
030B
047C
047D
011D
03DD
007A
047E
007C
007D
0014
032F
047F
0080
0480
0082
0083
0084
0085
00DC
0050
0125
0088
0089
008A
0129
008C
008D
008E
0035
0014
035A
01AD
0091
0092
0130
0094
0095
005E
0097
0014
012C
03A4
009A
0481
0001
0002
009D
0353
0482
0006
00E4
0008
0483
0339
0484
0485
033C
0486
0290
0026
02CC
0487
0014
0014
0387
0014
0014
0002
0014
0014
0014
0026
0409
0012
0014
0014
01B8
0002
0002
0014
0002
0002
0002
001B
001C
001D
001E
001F
0010
0002
0002
0014
0002
0002
0014
0024
001E
001A
001F
0021
0010
0002
0014
0002
0014
0014
0014
001D
001B
0022
0023
0014
001F
0014
0002
0014
0014
0002
0014
001D
001C
0022
0023
0014
0018
0014
0002
0014
0002
0002
0014
0024
001A
0010
0023
0014
0016
0014
0014
0014
0002
0002
0002
0018
001E
0010
0026
0014
00EC
0014
0014
0002
0014
0014
0002
0014
0488
0143
0014
0014
0387
0014
0014
0014
0014
0014
0014
0027
02CC
02CD
0013
0014
0388
0014
0014
0014
0014
0014
0014
0026
0489
002D
0013
0014
0388
0014
0014
0014
0002
0014
0014
0026
0371
0030
0014
0014
00A6
0014
0014
0014
0014
0014
0014
048A
048B
048C
048D
0014
0014
0162
00AC
048E
048F
0490
00AE
0491
0150
0014
0014
0276
0492
03EE
0414
0493
0343
0043
0494
0156
0046
034D
0055
0495
0496
00CC
015A
004D
0497
004F
0050
0278
044A
01EF
015C
0303
0056
0498
0058
0002
0014
015E
0499
049A
049B
00C5
008C
005F
0096
0061
0014
01F1
0163
049C
019C
049D
00CB
0068
01F3
006A
0014
0168
006D
049E
006F
0233
00CF
0072
0073
0074
0014
0075
0076
0077
00D2
0079
0014
016D
049F
0014
0014
016F
034A
034B
034C
00D6
04A0
01D0
04A1
0086
0014
032F
04A2
04A3
04A4
0031
039E
0284
012B
0035
0014
02E8
04A5
04A6
04A7
00F4
00AE
04A8
0096
0014
0014
0098
0350
04A9
009B
03F8
0002
0003
0004
009F
04AA
00E4
04AB
04AC
000A
000B
000C
000D
00E9
02B2
0010
001D
0015
0014
0014
001A
0014
0002
0002
0014
0014
0014
0016
001A
0012
0027
0014
001A
0014
0014
0014
0002
0014
0002
001B
0010
0016
00EC
001F
0018
0014
0002
0014
0002
0002
0014
001D
001E
0016
001F
0014
001B
0002
0014
0014
0014
0014
0014
0012
001B
0018
001F
0014
0022
0014
0002
0014
0014
0002
0014
001D
001D
0012
0019
0014
001A
0014
0002
0014
0014
0002
0014
0024
001A
0010
0021
0014
0016
0014
0014
0014
0002
0002
0002
0018
001E
0010
0027
0014
00EC
0014
0014
0014
0014
0014
0002
0027
00ED
01DD
0014
0014
00EF
0014
0014
0014
0014
0014
0014
0026
02CC
040B
0026
0013
0387
0014
0014
0014
0014
0014
0002
0019
02CC
0010
0014
0014
002E
0014
0014
0014
0002
0014
0002
0019
04AD
0022
0019
0014
00A6
0014
0014
0014
0014
0014
0002
018B
0032
005F
0034
0014
0014
01E7
0037
01E5
02D1
003A
003B
01E8
0034
0002
0014
003D
00B2
04AE
02D4
0041
0042
0206
00FF
0167
00AE
0036
0055
0157
0158
020A
04AF
004D
020B
0074
0014
04B0
0052
04B1
04B2
0107
022E
015D
0058
004F
0014
0059
005A
005B
005C
02DA
005E
005F
0060
00C6
0014
0151
019A
04B3
04B4
01F2
04B5
0045
04B6
0167
0014
0196
03C4
04B7
006F
016A
0071
03DB
0347
01A0
0014
0103
04B8
027F
04B9
03DD
007A
0217
0428
0014
0014
016F
007F
04BA
02E5
00D6
00AE
04BB
04BC
00DC
0050
032F
04BD
04BE
04BF
0147
00AE
04C0
008E
0014
0014
02AA
04C1
04C2
02EE
0130
0094
04C3
0096
0097
0014
0132
02F0
04C4
04C5
0181
0002
04C6
04C7
021F
0006
0007
04C8
0009
04C9
04CA
028F
04CB
000E
0290
0026
00EB
0012
0013
0014
00A7
0014
0002
0002
0014
0014
0014
0026
04CC
0018
0019
0014
00A6
0002
0002
0014
0014
0002
0002
0022
001C
001D
001E
0019
0016
0002
0002
0002
0002
0014
0014
001B
001F
0020
0023
0021
0010
0002
0014
0002
0014
0014
0014
001D
0024
0022
0023
0014
0012
0014
0002
0002
0014
0002
0014
0026
001C
0022
0023
0014
0016
0014
0002
0014
0002
0014
0014
0010
00EC
0016
0023
0025
0016
0014
0014
0002
0014
0002
0002
0014
00ED
04CD
0026
0014
01B8
0002
0014
0002
0014
0014
0002
0014
01B9
0016
0027
0014
01BA
0002
0014
0014
0014
0014
0014
0026
04CE
0022
0027
0014
04CF
0014
0002
0014
0014
0014
0014
0019
018A
002D
0027
0014
002E
0014
0014
0014
0014
0014
0014
0023
0223
0030
0027
0014
00A8
0002
0014
0002
0014
0014
0002
0031
00F1
04D0
00F3
0035
0014
00AB
04D1
04D2
0254
02FC
00AE
00AF
0359
00B0
0014
0110
0297
04D3
018F
01E7
0056
0043
0044
0045
0046
01BF
0048
00B9
00BA
004B
004C
02B9
004E
004F
0050
0051
04D4
04D5
04D6
02BB
0056
0057
0197
0086
0014
00C1
0305
0199
04D7
00C5
0083
005F
00F3
0061
0014
0087
0163
00C8
00C9
0066
0067
0068
0069
006A
006B
006C
0397
04D8
02A0
0070
0014
04D9
04DA
0074
0014
010B
04DB
0077
011D
0079
0014
016D
030E
007D
0014
01A5
0451
0171
034C
0310
0083
00D7
0124
0086
0014
008F
0088
04DC
0265
02A7
008C
00D9
012B
0035
0014
008F
0402
04DD
0268
0093
0083
00DA
03C8
00DC
0014
00DD
0219
03C9
04DE
0001
0002
0003
02F3
0005
0006
0007
0139
0009
00E7
000B
04DF
00E8
000E
00EA
0026
0141
0012
0014
0014
00A7
0014
0002
0002
0014
0014
0014
0016
0017
0027
0019
0014
001A
0002
0002
0014
0002
0014
0014
0020
001B
0022
001E
0026
0016
0014
0002
0002
0002
0002
0014
001B
001F
0020
0023
0021
0010
0002
0014
0002
0014
0014
0014
001D
0024
0022
0019
0014
0012
0014
0002
0014
0014
0002
0014
0022
001C
001E
0023
0014
0016
0014
0002
0014
0002
0014
0014
0010
00EC
0016
0019
0025
0012
0014
0014
0002
0014
0002
0002
0018
001E
0018
0027
0014
0023
0014
0014
0002
0014
0014
0002
0027
0028
0016
0014
0014
00EF
0014
0014
0014
0014
0014
0014
0026
002A
0022
0026
0013
002B
0014
0002
0014
0014
0014
0002
0019
002C
002D
0027
0014
002E
0014
0014
0014
0014
0014
0002
0023
00A5
0030
0027
0014
00A8
0002
0014
0002
0014
0014
0002
0031
00F1
0252
00F3
0014
0014
0036
0271
04E0
0342
003A
003B
003C
04E1
0002
0014
00FA
003E
003F
0040
0041
0042
0043
0044
0045
0046
0277
0048
0049
004A
004B
004C
0061
004E
007D
0050
00BC
0052
03D7
0054
0055
0056
0057
0197
00B0
0014
0198
027A
010D
022F
005D
005E
005F
00F3
0061
0014
0062
0111
0064
0065
0066
0067
0068
0069
0167
006B
006C
006D
04D8
0367
0070
0071
0072
0073
007D
0014
010B
0076
0077
00D2
0237
007A
007B
04E2
0014
0014
007E
034A
034B
01FD
010E
0083
0084
0124
0086
0050
0087
0088
0311
0265
010B
008C
008D
012B
0035
0014
008F
04C1
036E
0268
0093
0083
0095
03C8
00DC
0014
0098
02F0
03C9
0481
01D6
0002
0315
0184
0482
0006
00E4
04E3
02F4
02AF
04E4
04E5
02B1
04E6
000F
0010
001D
0015
0013
0014
001A
0014
0002
0002
0014
0014
0014
0026
04E7
04CD
0014
0014
01B8
0002
0014
0014
0014
0002
0002
001B
001C
001D
001E
001F
0010
0002
0002
0014
0002
0002
0014
001D
001E
0016
001F
0014
001B
0002
0014
0014
0014
0014
0014
0015
001B
0018
001F
0014
0022
0014
0002
0002
0014
0002
0014
001D
001C
0022
0019
0014
001A
0014
0002
0014
0014
0002
0014
0024
001A
0010
0023
0014
0016
0014
0014
0014
0002
0002
0002
0018
0012
0010
0026
0014
001A
0002
0014
0014
0014
0014
0002
0027
040A
01DD
0027
0014
00A7
0002
0014
0014
0014
0014
0014
0026
01E0
0022
0013
0014
0388
0014
0014
0014
0014
0014
0014
0026
01E1
0022
0014
0014
0388
0014
0014
0014
0002
0014
0014
0019
0203
0022
0019
0014
00A6
0014
0014
0014
0014
0014
0014
0490
0032
01C5
0034
0035
0014
04E8
0204
0038
0039
027E
0251
04E9
04EA
0014
0014
04EB
01EA
04EC
04ED
027E
00B6
0206
0494
0156
00AE
0036
02BA
03D5
04EE
04EF
0322
004D
015A
004F
0014
0107
04F0
04F1
0325
00AA
04F2
0498
0058
004F
0014
015E
01A2
00C3
02BD
041E
008C
005F
0060
00DC
0014
0225
0063
04F3
04F4
01F2
0366
0045
04B6
006A
0014
0196
029E
04B7
04F5
016A
00CF
03DB
0398
0074
0014
04F6
011B
027F
04F7
00D3
007A
04F8
02E2
007D
0014
0103
030F
0080
0480
00D6
00AE
04F9
0085
00DC
0014
03F7
04BD
04FA
04BF
0031
039E
0284
008E
0014
0014
0132
0179
04FB
0285
0467
0094
04A8
0096
0097
0014
03A3
0350
04FC
009B
0314
0002
00E2
0004
0005
0006
00E4
04FD
0319
01D9
04FE
000C
033C
00E9
024F
0026
00F0
0015
0014
0014
0387
0014
0002
0002
0014
0014
0014
0016
0024
0012
0027
0014
0019
0014
0014
0014
0002
0014
0002
0024
001C
0016
00EC
001F
0022
0014
0002
0002
0002
0002
0014
001D
001E
0016
00EC
0014
0010
0002
0014
0014
0014
0014
0014
001D
001B
0018
0021
0014
001E
0014
0002
0014
0014
0002
0014
001D
001B
0012
0027
0014
001E
0014
0002
0014
0014
0002
0014
0016
001F
0010
0019
0014
0016
0014
0014
0014
0002
0002
0002
0018
001A
0010
0026
0014
0023
0014
0014
0014
0014
0014
0014
0027
00ED
01DD
0014
0014
00EF
0014
0014
0014
0014
0014
0014
0026
02CC
02CD
0026
0013
00A6
0014
0014
0014
0014
0014
0014
0026
02CC
0010
0014
0014
002E
0014
0014
0014
0002
0014
0014
0026
00F0
0022
0019
0014
00A6
0014
0014
0014
0014
0014
0014
0419
00AE
04FF
0034
0014
0014
0036
0204
0500
0501
0255
003B
00F8
00F9
0002
0014
01BD
0297
00FC
0455
004B
00B6
00D0
0415
02B9
00AE
02EB
0048
0502
04EE
0503
00FF
004D
0504
004F
0014
0194
04F0
0505
0506
0419
0056
0507
0058
0097
0014
015E
011E
0508
02BD
004B
014E
010F
0096
0035
0014
00AB
0163
049C
0275
01F2
04B5
0068
04B6
0167
0014
0168
0376
0509
050A
01F8
0071
03DB
0073
0074
0014
0075
0076
050B
032D
00D3
006B
047E
050C
0014
0014
01A5
007F
050D
045A
0082
0083
02E6
050E
0086
0050
02DA
023D
050F
0510
00CC
0046
02EA
012B
0014
0014
02E8
0179
0511
02AC
0478
0251
02EF
0096
0097
0014
00DD
0350
0246
0180
0001
0002
009D
0441
0512
0006
0007
0008
0220
02AF
000B
028F
000D
000E
000F
0010
0011
0012
0013
0014
0015
0014
0002
0014
0014
0014
0014
00EC
0142
0018
0019
0014
0513
0002
0002
0014
0014
0002
0002
001B
0024
001D
001E
0019
0016
0002
0002
0014
0002
0002
0014
001B
001E
0020
001F
0021
001B
0002
0014
0002
0014
0014
0014
0022
0020
0022
001F
0014
0022
0014
0002
0002
0014
0002
0014
0022
001C
0022
0023
0014
0016
0014
0002
0014
0002
0014
0014
0024
001A
0016
0023
0025
0016
0014
0014
0002
0014
0002
0002
0015
0012
0010
0027
0014
001A
0002
0014
0002
0014
0014
0002
0027
01B9
0016
0027
0014
01BA
0002
0014
0014
0014
0014
0014
0026
002A
0012
0027
0014
00A8
0014
0002
0014
0014
0014
0002
0019
002C
002D
0027
0014
002E
0014
0014
0014
0014
0014
0002
0023
002F
0030
0027
0014
00A8
0002
0014
0002
0014
0014
0002
0031
0032
0033
0514
0035
0014
0162
0271
018C
0039
00F7
014E
0515
0034
00B0
0014
0296
00B2
02FF
0040
00FA
0042
0043
0044
0045
0046
0047
02BA
0049
004A
023A
004C
0193
004E
0074
0050
0107
0052
0053
0054
0055
0304
0057
0197
004F
0014
0198
027A
010D
0516
005D
005E
005F
0060
0061
0014
0062
0517
0064
0065
0066
0067
0308
0069
006A
006B
0467
006D
006E
0367
01C8
0424
0072
0119
007D
0014
0518
016B
011C
0078
02E1
007A
016D
007C
007D
0014
016F
0519
0080
0081
00D6
01A8
02C3
0085
00DC
0014
034D
0218
0089
008A
008B
008C
051A
008E
0035
0014
0125
04C1
0091
0092
0093
0094
051B
01B1
00DC
0014
051C
02F0
026A
026B
0405
0002
0315
0004
0317
0006
0007
00A0
0220
000A
000B
051D
000D
000E
0476
0010
001B
001A
0014
0014
0015
0014
0002
0002
0014
0014
0014
0016
01DC
0018
0019
0014
001A
0002
0014
0014
0014
0002
0002
001B
00EC
001D
001E
001F
0016
0014
0014
0014
0002
0002
0014
001B
001E
0016
001F
0014
0010
0002
0014
0014
0014
0014
0014
001F
001B
001A
001F
0014
0022
0014
0002
0002
0014
0002
0014
001D
001C
0022
0023
0014
0016
0014
0002
0014
0014
0002
0014
0024
001A
0010
0021
0014
0018
0014
0014
0002
0014
0002
0002
0012
0012
0010
0027
0014
001A
0002
0014
0014
0014
0014
0002
0027
01DD
01DD
0027
0014
01DF
0002
0014
0014
0014
0014
0014
0026
01E0
0022
0026
0013
0387
0014
0014
0014
0014
0014
0002
0019
01E1
002D
0027
0014
002E
0014
0014
0014
0002
0014
0002
0023
002F
0030
0019
0014
00A8
0014
0014
0014
0014
0014
0002
0168
0032
0033
02CF
0014
0014
01E3
0037
018C
0039
003A
003B
01E8
0034
0002
0014
051E
018E
003F
0040
0041
0042
03DB
0044
0045
0046
00F4
0048
051F
0520
0503
004C
0193
020B
004F
0014
0051
0195
0053
0054
0107
008C
0057
0150
004F
0014
0059
005A
0521
0522
010E
005E
0328
0060
0061
0014
00AB
0111
0523
0524
00CA
00CB
0068
0069
0167
0014
0168
0397
0232
0525
0070
0071
0072
027C
01A0
0014
0120
0526
0527
011D
02E1
007A
007B
0428
007D
0014
0120
0528
0080
0480
0082
00AE
01A9
0085
00DC
0050
0125
0126
0470
0529
008B
00AE
01AC
008E
0035
0014
035A
01AD
0473
037D
0093
0094
03A2
0096
0097
0014
03A3
03A4
0380
01B3
03A5
0002
009D
052A
00E3
0006
00E4
00E5
0009
052B
0201
04DF
052C
052D
0290
0026
0141
0012
0013
0014
00A6
0014
0002
0014
0014
0014
0014
0026
052E
001F
0014
0014
002E
0014
0002
0014
0002
0014
0014
00EC
052F
0022
0013
0014
01DD
0002
0002
0002
0002
0014
0014
0024
001F
0020
00EC
0021
001B
0014
0014
0002
0014
0014
0014
001D
0016
0022
0014
0014
001E
0014
0002
0014
0014
0002
0014
0026
0530
001A
0019
0014
002B
0014
0002
0014
0002
0014
0014
0010
001F
0016
0023
0025
0016
0014
0014
0002
0002
0002
0002
0018
001E
0018
0026
0014
0023
0014
0014
0002
0014
0014
0002
0013
01B9
0016
0014
0014
01BA
0002
0014
0014
0014
0014
0014
0026
04CE
0022
0013
0014
00A8
0014
0002
0014
0014
0014
0014
0019
018A
0010
0013
0014
002E
0014
0014
0014
0014
0014
0014
0026
00F0
0016
0014
0014
00A6
0002
0014
0002
0014
0014
0002
0531
04A0
0532
0034
0035
0014
0100
00AC
014B
00F6
01E2
00AE
03AE
0359
0014
0014
003D
00B2
0533
0534
01E7
03B2
03B3
0535
0035
0014
0047
03B4
0536
0537
00CC
0104
004D
004E
0061
0050
0278
020C
0538
0362
043C
0056
0539
0058
0014
0014
03BD
053A
053B
053C
0031
0083
0148
0359
00DC
0014
0062
0063
053D
053E
0364
0067
0068
027C
006A
006B
00CC
03C4
019E
006F
03C5
00CF
00D0
0073
0074
0014
010B
0076
00D1
00D2
053F
01A3
030D
03FF
0014
0014
007E
007F
034B
034C
00D6
0083
0173
027C
0086
0014
0087
0540
0311
0265
018B
008C
0541
02A9
0035
0014
02EB
04A5
036E
017B
0168
0046
0542
00DB
0014
0014
0098
0350
03C9
00E0
03F8
0002
0003
052A
0005
0006
00E4
00E5
0483
01D9
013C
026E
00E8
013F
024F
0026
0543
0012
0014
0014
0387
0014
0002
0002
0014
0014
0014
0016
001B
001A
0014
0014
001A
0002
0002
0014
0002
0014
0002
001B
001C
0014
0014
0014
0022
0014
0002
0002
0002
0002
0014
0024
001F
0020
001F
0021
0010
0014
0014
0002
0014
0014
0014
001D
001D
0022
0026
0014
001F
0014
0014
0014
0014
0002
0014
0022
001C
001E
0014
0014
001E
0014
0002
0014
0002
0014
0014
0016
001F
0010
0019
0014
0012
0014
0014
0002
0002
0002
0002
0018
001E
0018
0014
0014
00EC
0014
0014
0002
0014
0014
0002
0014
0028
0018
0014
0014
01B8
0002
0014
0014
0014
0014
0014
0026
04CE
0022
0026
0013
002B
0014
0002
0014
0014
0014
0014
0019
002C
0010
0013
0014
002E
0014
0014
0014
0002
0014
0014
0019
002C
0016
0019
0014
00A6
0002
0014
0002
0014
0014
0014
0544
007A
0545
0034
0014
0014
035A
0546
0038
0254
01E2
003B
003C
02CF
0014
0014
01ED
03ED
00FC
01EC
0041
0042
0043
0014
0014
0014
0277
0055
0049
004A
00BB
0104
004D
004E
0074
0050
0278
00BD
029A
0362
0055
0056
015D
0058
0097
0014
00C1
005A
005B
005C
005D
005E
005F
0535
0014
0014
0062
0163
0064
0065
049D
0067
0068
027C
0167
0014
0467
006D
019E
006F
0450
0071
0072
0073
0014
0014
0075
0076
00D1
00D2
0079
0014
007B
03FF
0014
0014
007E
034A
034B
01FD
00D6
0083
02E6
027C
0086
0050
0087
046F
0311
0510
01E2
008C
012A
0207
0035
0014
02E8
0472
0547
04A7
017C
0046
0131
03C8
0097
0014
0098
0099
0548
00E0
0405
0002
0315
0004
0549
0006
0007
00A0
02F4
02AF
033A
000C
02B1
000E
000F
0010
0011
001A
0013
0014
0015
0014
0002
0002
0014
0014
0014
0026
01B7
0018
0019
0014
01B8
0002
0014
0014
0014
0002
0002
001A
054A
054B
001E
001F
054C
0002
0014
0014
0002
0002
0014
001B
001E
0016
00EC
0014
001B
0002
0014
0014
0014
0014
0014
001E
001B
001A
001F
0014
0022
0014
0002
0002
0014
0014
0014
001D
001C
0022
0023
0014
0016
0014
0002
0014
0014
0002
0014
0024
001A
0016
0023
0025
0016
0014
0014
0002
0014
0002
0002
0012
0012
0010
0026
0014
001A
0002
0014
0014
0014
0014
0002
0027
040A
00EE
0027
0014
00A7
0002
0014
0014
0014
0014
0014
0026
01E0
0022
0027
0014
0388
0014
0002
0014
0014
0014
0002
0026
01E0
002D
0027
0014
002E
0014
0014
0014
0014
0014
0002
0023
002F
0030
0027
0014
00A8
0014
0014
0014
0014
0014
0002
0031
0032
0033
02CF
0035
0014
0036
0226
0463
0372
003A
0251
054D
0034
0002
0014
003D
018E
02B7
018F
01E7
054E
054F
0550
0045
0046
0036
0048
0551
0552
0103
004C
0193
020B
004F
0014
0051
0195
0053
0054
00BB
04F2
0057
0150
004F
0014
0059
0553
0554
0555
041E
0306
005F
0060
0061
0014
00AB
019A
0556
0557
0066
00CB
0308
0069
006A
006B
0168
029E
0232
0525
01C8
01C9
01CA
0398
0074
0014
0558
0526
02A1
04F7
03DD
007A
01CD
0428
007D
0014
0103
039A
0080
0480
0082
00AE
00D7
0085
00DC
0014
0125
0088
042B
008A
008B
039E
051A
008E
0035
0014
035A
01AD
0091
0092
0093
0094
051B
0096
00DC
0014
012C
01B2
009A
026B
0314
0002
0315
0004
0005
0006
00E4
00A0
0009
00E7
0356
000C
0559
00E9
00EA
0019
002A
0012
0013
0014
00A7
0014
0002
0002
0014
0014
0014
0016
01DC
0018
0019
0014
001A
0002
0014
0014
0002
0014
0002
001B
0020
001D
0027
0019
0019
0014
0002
0014
0002
0014
0014
001B
001E
0016
001F
0014
0010
0002
0014
0014
0014
0014
0014
0022
0024
0022
0023
0014
0012
0014
0002
0002
0014
0014
0014
001D
001C
0022
0027
0014
0016
0014
0002
0014
0014
0002
0014
0024
00EC
0010
0021
0014
0016
0014
0014
0002
0002
0002
0002
0018
0012
0010
0027
0014
001A
0002
0014
0014
0014
0014
0014
0027
01DD
01DD
0027
0014
01DF
0002
0014
0014
0014
0014
0014
0026
01E0
0022
0026
0013
0387
0014
0014
0014
0014
0014
0014
0026
01E1
0010
0014
0014
002E
0014
0014
0014
0014
0014
0014
0019
00A5
0022
0019
0014
00A6
0014
0014
0014
0014
0014
0002
0168
00F1
0252
0438
0035
0014
0036
0037
04D2
055A
0255
003B
038C
00F9
0002
0014
01BD
018E
003F
0040
0041
0042
0155
0044
00C6
0251
00F4
0048
02D5
0321
0503
004C
0105
015A
0074
0014
0051
025A
025B
055B
0129
0056
0057
055C
0097
0014
015E
005A
02D9
0210
010E
005E
055D
0060
0097
0014
0225
0111
02DC
02DD
0213
00CB
0308
0069
0167
0014
0196
029E
02DE
0525
03DA
0071
03DB
0073
0167
0014
0075
0379
055E
011D
03DD
007A
047E
055F
007D
0014
0103
00D5
039B
0172
0082
00AE
0123
0560
0086
0050
0087
0126
039C
039D
01F4
039E
01AC
01FE
0014
0014
008F
039F
012E
03A1
0130
00AE
03A2
0096
0097
0014
00DD
03A4
0380
01B3
0001
0002
009D
0353
0561
0006
0007
0139
02F4
0562
02B0
028F
0563
000E
000F
0010
0011
0015
0014
0014
001A
0014
0002
0014
0014
0014
0014
0026
033E
001E
0027
0014
00A6
0014
0002
0014
0014
0002
0002
0012
03A9
0022
001E
001F
01E0
0002
0002
0002
0002
0002
0014
0024
001E
0020
00EC
0021
001B
0002
0014
0002
0014
0014
0014
001D
001B
0018
001F
0014
0022
0014
0002
0014
0014
0002
0014
0018
001C
0018
0023
0014
0018
0014
0002
0014
0002
0014
0014
0010
001A
0016
0023
0025
0016
0014
0014
0002
0014
0002
0002
0018
001E
0018
0026
0014
0023
0014
0014
0002
0014
0014
0002
0013
01B9
0016
0014
0014
01BA
0002
0014
0014
0014
0014
0014
0026
002A
0012
0027
0014
00A8
0014
0002
0014
0014
0014
0002
0019
002C
002D
0027
0014
002E
0014
0014
0014
0002
0014
0002
0023
0371
0030
0027
0014
00A8
0002
0014
0002
0014
0014
0002
0031
0032
0564
0034
0014
0014
0162
0271
014B
0565
00F7
00AE
0566
0034
00B0
0014
0296
00B2
03AF
0567
01E7
00B6
0447
0494
0045
0046
0047
0568
0569
056A
023A
0104
004D
004E
004F
0050
0278
0052
0279
010A
00BF
0304
0498
0058
004F
0014
0198
027A
056B
056C
0031
0083
005F
00F9
0061
0014
0062
0063
00C8
00C9
0062
0067
0068
027C
006A
006B
006C
006D
006E
006F
0450
00CF
0072
0347
0074
0014
00AA
03F6
0235
00D2
0079
01A3
016D
007C
0014
0014
007E
007F
01A7
0081
00D6
0083
0173
0085
00DC
0014
034D
0218
0089
008A
008B
008C
00D9
008E
0035
0014
02AA
0090
0091
0092
0093
0094
00DA
03C8
00DC
0014
051C
0219
03C9
056D
0181
0002
0315
02F3
0005
0006
0007
00A0
0009
056E
000B
0187
056F
000E
0290
0026
00EB
0012
0014
0014
00A7
0014
0002
0002
0014
0014
0014
00EC
0142
001A
0019
0014
00A6
0002
0002
0014
0002
0014
0002
001B
001B
0010
001E
0019
0022
0002
0002
0002
0002
0002
0014
001B
0027
0020
001F
0021
001B
0002
0014
0002
0014
0014
0014
001D
0024
0022
0021
0014
0012
0014
0002
0014
0014
0002
0014
0022
001C
0018
0023
0014
0016
0014
0002
0014
0002
0014
0014
0016
001A
0016
0019
0025
0018
0014
0014
0002
0014
0002
0002
0018
0012
0018
0027
0014
001A
0014
0014
0002
0014
0014
0014
0027
0143
00EE
0014
0014
0145
0002
0014
0014
0014
0014
0014
0026
002C
0022
0026
0013
002E
0014
0002
0014
0014
0014
0002
0026
002C
0010
0013
0014
002E
0014
0014
0014
0014
0014
0002
0023
00A5
0016
0019
0014
00A8
0002
0014
0002
0014
0014
0002
0031
00F1
0252
0514
0014
0014
0036
0037
04D2
038B
003A
014E
0515
035D
0002
0014
003D
018E
0570
0040
0041
0042
0043
0044
0045
0251
0047
0048
0049
004A
004B
004C
0571
004E
004F
0050
00BC
022B
0572
0054
0055
0056
0057
0197
00B0
0014
0198
005A
010D
005C
005D
005E
005F
005E
0061
0014
0062
019A
0064
0065
0066
0067
0068
0069
0167
006B
006C
01F5
006E
0573
0070
00B6
0072
0073
0167
0014
010B
0574
02C2
01A1
02E1
007A
016D
0575
0014
0014
007E
00D5
03E1
01FD
0082
0083
00D7
0124
0086
0050
008F
0088
0576
036C
0129
0046
00D9
012B
0035
0014
008F
01AD
04DD
0268
0130
0083
00DA
03C8
0097
0014
0098
03A4
03C9
0481
0351
0002
0577
01B5
0512
0578
00E4
0139
0579
000A
057A
057B
02B1
057C
02B2
0010
001D
0015
0013
0014
001A
0014
0014
0002
0014
0014
0014
0016
001D
0018
0013
0014
001A
0014
0014
0014
0014
0002
0002
0020
001C
001D
001E
001F
0016
0014
0002
0014
0002
0002
0014
0018
04CF
0010
0021
0014
057D
0002
0014
0014
0014
0014
0014
0015
001B
0018
001F
0014
0022
0014
0002
0002
0014
0002
0014
001D
001C
0022
0013
0014
001A
0014
0014
0014
0014
0002
0014
0024
001F
0010
0023
0014
0016
0014
0014
0014
0002
0002
0002
0018
0015
0010
0026
0014
00EC
0002
0014
0014
0014
0014
0002
0027
0028
0022
0027
0014
0029
0002
0014
0014
0014
0014
0014
0026
002A
0022
0027
0014
002B
0014
0014
0014
0014
0014
0014
0019
00A9
002D
0027
0014
002E
0014
0014
0014
0002
0014
0014
0019
04AD
0030
0027
0014
00A6
0014
0014
0014
0014
0014
0014
0490
0032
057E
0034
0035
0014
04E8
00AC
057F
0580
0581
003B
0582
0034
00B0
0014
0583
0584
031E
0585
0586
00B6
00D0
0494
0156
0046
01A5
0568
0587
0588
041B
0589
058A
012B
007D
0014
0115
058B
058C
058D
00AA
04F2
0498
0058
004F
0014
015E
0499
0508
058E
020E
014E
055D
0060
00DC
0014
0270
0365
058F
04F4
03F3
0366
02C0
04B6
006A
0014
0196
03C4
0590
006F
0233
0071
01CA
0347
0074
0014
0103
016B
02A1
0078
00D3
007A
01A4
007C
007D
0014
0103
007F
0591
0480
00D6
01A8
01A9
0085
00DC
0014
032F
0592
0089
04BF
023A
008C
04C0
008E
0035
0014
0178
04A5
01AE
0285
029C
0094
0593
0096
00DC
0014
0594
0350
0595
009B
0181
0002
0315
02F3
0005
0006
0007
0596
0009
000A
000B
028F
000D
000E
0476
0010
0011
0012
0014
0014
0015
0014
0002
0002
0014
0014
0014
0016
0017
001E
0019
0014
001A
0002
0002
0014
0014
0014
0014
0024
001B
0016
001E
0014
0018
0014
0002
0002
0002
0002
0014
001B
001E
0020
0026
0014
001F
0002
0014
0002
0014
0014
0014
001D
0024
0022
001F
0014
0022
0014
0002
0014
0014
0002
0014
0022
001B
0015
0023
0014
0016
0014
0002
0014
0002
0014
0014
0010
00EC
0016
0019
0025
0019
0014
0014
0002
0014
0002
0014
0018
0012
0018
0027
0014
001A
0014
0014
0002
0014
0014
0014
0027
0028
0016
0014
0014
01DF
0002
0014
0014
0014
0014
0014
0026
002A
0022
0026
0013
002B
0014
0002
0014
0014
0014
0002
0019
002C
0010
0013
0014
002E
0014
0014
0014
0014
0014
0002
0023
002F
0022
0014
0014
00A8
0014
0014
0014
0014
0014
0002
0031
0032
0033
0514
0014
0014
00AB
04D1
018C
0039
003A
003B
003C
0034
0002
0014
00C2
018E
003F
0040
0041
0042
0043
0044
0045
0014
0277
0048
0049
004A
004B
004C
0193
004E
0086
0014
00BC
022B
0053
0054
0055
0056
0057
0197
004F
0014
0198
027A
010D
022F
005D
005E
005F
0060
0061
0014
0062
0111
0064
0065
0066
0067
0068
0069
0167
006B
006C
0116
04D8
0597
0070
0071
0072
0073
0167
0014
010B
0598
00D1
01A1
02E1
007A
007B
007C
0014
0014
01A5
01A6
0080
0081
0082
01A8
0084
0085
0086
0050
0087
0088
0089
008A
008B
008C
008D
008E
0035
0014
008F
01AD
0091
0092
0130
0094
0095
005E
0014
0014
0098
03A4
0599
0481
03F8
0002
0003
01B5
0549
0006
00E4
0008
04AC
013B
04E4
000C
033C
059A
0290
0019
002C
0015
0013
0014
002E
0014
0002
0002
0014
0014
0014
0026
002C
0018
0013
0014
002E
0002
0002
0014
0002
0002
0002
001B
001C
001D
001E
001F
0016
0002
0002
0014
0002
0002
0014
001D
0145
001A
001F
0021
059B
0002
0014
0014
0014
0014
0014
0012
001B
0018
0023
0014
0015
0014
0002
0002
0014
0002
0014
001D
001C
0022
0019
0014
001A
0014
0002
0014
0014
0002
0014
0024
001A
0010
0023
0014
0016
0014
0014
0014
0002
0002
0002
0018
0015
0010
0026
0014
00EC
0002
0014
0014
0014
0014
0002
0014
040A
01DD
0027
0014
00A7
0002
0014
0014
0014
0014
0014
0026
01E0
0022
0027
0014
002E
0014
0014
0014
0014
0014
0014
0026
0292
002D
0027
0014
002E
0014
0014
0014
0002
0014
0014
0026
01E0
0030
0019
0014
00A6
0002
0014
0002
0014
0014
0014
0490
059C
059D
0034
0035
0014
01BB
0204
057F
0501
030B
0251
059E
00F9
00B0
0014
003D
00B2
059F
0585
015E
00B6
0206
0494
0156
0046
0036
00B8
0587
0588
04EF
04AF
05A0
0497
004F
0050
0107
058B
05A1
05A2
00AA
04F2
0498
0058
0097
0014
015E
01A2
0508
02BD
041E
008C
005F
0096
00DC
0014
0225
0063
05A3
04F4
03F3
0366
0045
04B6
006A
0014
0196
03C4
04B7
006F
0233
00CF
01CA
0347
0074
0014
0120
016B
02A1
0078
00D3
0014
01CD
0349
007D
0014
016F
034A
05A4
0122
00D6
0083
05A5
027C
00DC
0014
012C
05A6
05A7
0510
018B
0046
0284
01FE
0035
0014
051C
04A5
02AB
04A7
00F4
00AE
04A8
0096
0097
0014
012C
0350
05A8
009B
0001
0002
009D
0353
00E3
0006
00E4
0008
0319
05A9
0201
000C
05AA
05AB
000F
0010
0011
0012
0013
0014
001F
0014
0002
0014
0014
0014
0014
0026
033E
001E
0014
0014
00A6
0002
0002
0014
0002
0002
0002
001B
001C
001D
001E
0019
0022
0002
0002
0014
0002
0014
0014
0024
001E
0020
001F
0021
001B
0014
0014
0002
0014
0014
0014
001D
00EC
0022
001F
0014
0022
0014
0014
0014
0014
0002
0014
0021
0530
0022
0023
0014
05AC
0014
0002
0014
0002
0014
0014
0010
001A
0016
0023
0025
0016
0014
0014
0002
0002
0002
0002
0018
001E
0018
0026
0014
0023
0014
0014
0002
0014
0014
0002
0014
01B9
0016
0014
0014
01BA
0002
0014
0014
0014
0014
0014
0026
002A
0022
0013
0014
00A8
0014
0002
0014
0014
0014
0002
0019
002C
0010
0013
0014
002E
0014
0014
0014
0014
0014
0002
0023
0371
0016
0014
0014
002B
0002
0014
0002
0014
0014
0002
020A
0032
05AD
0034
0035
0014
0100
00AC
014B
0565
00AD
00AE
00AF
0034
0014
0014
003D
00B2
03AF
03B0
04F6
03B2
0043
00F9
0045
0251
0036
03B4
05AE
05AF
023A
03B8
004D
020B
004F
0050
0278
020C
03B9
03BA
03BB
0056
05B0
0058
004F
0014
03BD
0305
05B1
03BF
00C5
0083
05B2
00F9
0061
0014
01F1
0063
05B3
05B4
0087
0067
0068
0166
006A
006B
0422
03C4
0169
006F
0450
00CF
00D0
0073
0074
0014
010B
0076
0077
00D2
00D3
0014
030D
007C
0014
0014
007E
034A
01A7
0081
00D6
0083
05B5
0085
0086
0014
0087
0282
0089
0283
008B
008C
05B6
008E
0035
0014
02EB
0090
01AE
0285
017C
0094
05B7
03C8
0014
0014
0098
0219
05B8
00E0
042E
0002
0315
0004
009F
0006
0007
05B9
02F4
05BA
000B
0430
05BB
000E
00EA
0026
04CE
001A
0014
0014
02F9
0014
0002
0002
0014
0014
0014
0016
01DC
0018
0019
0014
001A
0002
0014
0014
0014
0014
0002
0024
0016
0016
0023
001F
0016
0014
0002
0002
0002
0002
0014
001B
001E
0016
00EC
0014
0010
0002
0014
0014
0014
0014
0014
0019
05BC
001F
0014
0014
0357
0014
0002
0002
0014
0002
0014
001D
0020
0018
0027
0014
0016
0014
0002
0014
0014
0002
0014
0024
00EC
0010
0021
0014
0018
0014
0014
0002
0014
0002
0002
0012
0012
0010
0027
0014
001A
0002
0014
0014
0014
0014
0014
0027
01DD
01DD
0027
0014
01DF
0002
0014
0014
0014
0014
0014
0026
01E0
0022
0026
0013
0387
0014
0014
0014
0014
0014
0014
0026
01E1
002D
0027
0014
0388
0014
0014
0014
0002
0014
0014
0019
00A5
0030
0019
0014
002E
0014
0014
0014
0014
0014
0002
018B
00F1
0432
003B
0014
0014
02DB
0037
05BD
038B
00F7
003B
038C
00F9
0002
0014
00C2
018E
003F
0040
0041
0042
05BE
0044
02B9
0046
01BF
0048
05BF
05C0
0103
004C
0105
004E
0002
0014
0051
0195
025B
0054
010B
008C
05C1
05C2
0014
0014
0059
005A
05C3
05C4
010E
005E
05C5
0060
0097
0014
00C7
0111
05C6
05C7
00CA
00CB
0308
0069
0167
0014
006C
05C8
029F
02A0
03DA
0071
0072
0398
0167
0014
0120
05C9
05CA
011D
02E1
007A
007B
0399
007D
0014
0103
039A
039B
0172
0082
00AE
0084
01F3
00DC
0050
0125
0088
0576
036C
03F4
0251
008D
012B
0035
0014
035A
039F
05CB
0268
0093
04A0
0095
0096
0097
0014
03A3
03A4
009A
026B
0314
0002
0315
0004
009F
0006
0007
04FD
0009
028D
000B
000C
0559
000E
0222
0019
002C
001A
0013
0014
02F9
0014
0002
0002
0014
0014
0014
0016
01DC
0018
0019
0014
001A
0002
0014
0014
0014
0014
0014
0024
001C
0016
001E
001F
0018
0002
0002
0014
0002
0002
0014
001B
001E
0016
00EC
0014
0010
0002
0014
0014
0014
0014
0014
001D
001B
0014
0014
0014
0012
0014
0002
0002
0014
0014
0014
001D
001B
0018
0027
0014
0016
0014
0002
0014
0014
0014
0014
0016
00EC
0010
0021
0014
0018
0014
0014
0014
0014
0014
0002
0018
0012
0018
0026
0014
001A
0002
0014
0014
0014
0014
0014
0027
0250
01DE
0027
0014
0029
0002
0014
0014
0014
0014
0014
0026
01E0
0022
0026
0013
00A6
0014
0014
0014
0014
0014
0014
0026
03D1
002D
0014
0014
0388
0014
0014
0014
0014
0014
0014
0023
00A5
0030
0019
0014
00A8
0002
0014
0002
0014
0014
0002
0168
00F1
0252
0094
0035
0014
0036
0037
05CC
038B
003A
003B
003C
00F9
0002
0014
01BD
0297
003F
0040
0041
0042
0155
0044
0045
0046
01BF
0048
02D5
0298
0503
004C
0105
015A
0061
0014
0051
0195
025B
0054
0107
0056
0057
0014
0014
0014
0059
005A
02D9
0210
029C
005E
01C5
0060
0097
0014
00C7
0450
0064
029D
00CA
00CB
0308
0069
0167
0014
0478
05CD
02DE
05CE
03DA
0071
03DB
0073
0074
0014
0075
0574
055E
011D
00D3
007A
03DE
050C
007D
0014
0103
01A6
02A3
0172
0082
00AE
0084
045B
0086
0050
0087
0088
0576
036C
02A7
039E
008D
01FE
0014
0014
008F
0179
05CB
0268
0093
0083
0095
0096
0097
0014
00DD
0099
009A
009B
0001
0002
009D
0353
05CF
0006
00E4
0008
05D0
0562
0443
026E
05D1
05D2
02B2
0010
0011
0012
0014
0014
001A
0014
0002
0014
0014
0014
0014
0026
033E
001E
0013
0014
00A6
0002
0002
0014
0002
0002
0002
001B
0024
001D
001E
0019
0016
0014
0002
0002
0002
0002
0014
0024
001E
0020
001F
0021
001B
0002
0014
0002
0014
0014
0014
001F
00ED
02CD
001F
0014
05D3
0014
0014
0014
0014
0002
0014
0018
001C
0022
0023
0014
0018
0014
0002
0014
0002
0002
0014
0024
001A
0016
0023
0025
0016
0014
0014
0002
0002
0002
0002
0018
001E
0010
0027
0014
0023
0014
0014
0002
0014
0014
0002
0014
01B9
0016
0014
0014
0370
0014
0014
0014
0014
0014
0014
0026
002A
0022
0027
0014
00A8
0014
0002
0014
0014
0014
0002
0019
002C
0010
0027
0014
002E
0014
0014
0014
0002
0014
0002
0019
0371
0016
0027
0014
00A6
0014
0014
0014
0014
0014
0002
0531
0032
0564
0034
0014
0014
0270
00AC
014B
0565
00AA
00AE
05D4
0034
00B0
0014
0296
00B2
03AF
03B0
0490
035D
0043
0494
0156
0251
0036
0568
05D5
05AF
00CC
0104
004D
004E
004F
0050
05D6
044A
0279
05D7
043C
022E
05D8
05D9
004F
0014
00C1
053A
053B
05DA
00C5
0083
005F
00F9
0061
0014
0110
05DB
05DC
00C9
0364
0067
0068
027C
006A
006B
0115
006D
006E
006F
0450
00CF
0072
0119
01A0
0014
00AA
03F6
05DD
00D2
02E1
0014
016D
007C
0014
0014
007E
034A
01A7
0081
00D6
0083
05B5
0085
00DC
0014
034D
05A6
0089
0283
023A
008C
05DE
008E
0035
0014
02AA
04C1
01AE
02EE
01F4
0094
05B7
03C8
00DC
0014
051C
05DF
05E0
05E1
0136
0002
009D
0441
00E3
0006
0007
00E5
0319
0339
0186
04DF
033C
03D0
01DB
0026
0543
0012
0014
0014
0387
0014
0002
0002
0014
0014
0014
0026
002A
0018
0014
0014
00A6
0014
0002
0014
0002
0002
0002
001B
001C
0010
001E
001F
0012
0002
0002
0014
0002
0002
0014
0024
001E
0020
001F
0021
0022
0014
0014
0002
0014
0014
0014
001D
001B
0022
0023
0014
0026
0014
0002
0002
0014
0002
0014
0018
001C
0012
0014
0014
001E
0014
0002
0014
0002
0002
0014
0024
001A
0010
0023
0014
0016
0014
0014
0002
0002
0002
0002
0018
001E
0010
0026
0014
0023
0014
0014
0014
0014
0014
0002
0014
01B9
0022
0027
0014
05E2
0014
0014
0014
0014
0014
0014
0026
04CE
0022
0013
0014
00A8
0014
0002
0014
0014
0014
0002
0019
018A
002D
0013
0014
002E
0014
0014
0014
0002
0014
0002
0019
0371
0030
0014
0014
00A6
0002
0014
0002
0014
0014
0002
0168
04A0
048C
0034
0014
0014
0100
0271
03AC
05E3
003A
00AE
0566
0150
0014
0014
003D
00B2
03EE
05E4
03B1
035D
0206
0415
0156
0046
0047
03B4
05E5
05E6
023A
03B8
004D
004E
0074
0050
0107
0052
05E7
022D
00BF
0056
05E8
0058
0002
0014
0059
015F
05E9
05EA
00C5
0083
005F
0096
0014
0014
0062
0063
05EB
05EC
0151
0067
0068
0166
006A
0014
006C
03C4
0169
006F
0450
00CF
05ED
0073
0074
0014
0075
0076
02C2
02E0
00D3
0014
030D
03FF
007D
0014
007E
034A
05EE
05EF
00D6
01A8
05F0
0174
0086
0014
0087
05F1
0311
02A6
0031
008C
05B6
012B
0035
0014
02E8
0090
05F2
04A7
005D
0046
05B7
0096
0014
0014
0098
00DE
05F3
0180
0381
0002
0315
0004
009F
0006
00E4
00A0
0220
000A
0356
0384
000D
00E9
0476
0010
0011
001F
0013
0014
0015
0014
0002
0002
0014
0014
0014
0016
0017
0015
0019
0014
001A
0002
0014
0014
0014
0014
0002
0020
0024
001D
001E
0019
0016
0014
0002
0002
0002
0014
0014
001B
001E
0016
00EC
0014
001B
0002
0014
0014
0014
0014
0014
001F
01B9
001A
001F
0014
05F4
0014
0002
0014
0014
0014
0014
001D
001C
0022
0023
0014
0016
0014
0002
0014
0014
0014
0014
0016
00EC
0016
0021
0025
0018
0014
0014
0014
0014
0002
0002
0012
0012
0018
0027
0014
001A
0002
0014
0002
0014
0014
0014
0027
0250
00EE
0014
0014
0029
0002
0014
0014
0014
0014
0014
0026
01E1
0018
0026
0013
00A6
0014
0002
0014
0014
0014
0014
0026
01E0
0010
0027
0014
002E
0014
0014
0014
0014
0014
0014
0023
00A5
0022
0019
0014
00A8
0014
0014
0014
0014
0014
0002
0031
0032
0033
003B
0035
0014
01E3
0037
018C
0039
02FC
003B
05F5
0034
0002
0014
00C2
018E
003F
0040
0041
0042
0043
0044
0045
0251
00F4
0048
0049
004A
0103
004C
0193
015A
004F
0014
0464
025A
0053
00BE
010B
0391
05F6
0197
004F
0014
00C1
005A
05F7
0465
010E
005E
005F
0060
0061
0014
0257
0111
0231
0065
0066
0366
0308
0069
0167
006B
01F4
0397
029F
02A0
01C8
0071
0072
0398
0167
0014
011A
0526
02A1
011D
02E1
007A
007B
02E2
0014
0014
0103
039A
0080
0081
0082
0083
0084
0085
00DC
0050
0125
0088
042B
008A
0278
0046
008D
008E
0035
0014
035A
039F
0091
0092
0130
0094
0095
01B1
0097
0014
03A3
03A4
009A
026B
0405
0002
0315
0004
009F
0006
0007
0475
02F4
000A
000B
000C
000D
000E
0476
0010
001D
0015
0014
0014
001E
0014
0002
0002
0014
0014
0014
0016
001B
0018
0027
0014
001A
0014
0002
0014
0014
0014
0002
001B
0010
001D
0023
0026
0016
0014
0002
0014
0002
0002
0014
001D
001E
0022
001F
0014
001B
0002
0014
0002
0014
0014
0014
0015
0024
0018
001F
0014
0022
0014
0002
0002
0014
0002
0014
001D
001A
0022
0023
0014
0016
0014
0014
0014
0002
0002
0014
0024
001A
0010
0021
0014
0018
0014
0014
0014
0002
0002
0002
0018
001E
0010
0027
0014
00EC
0014
0014
0014
0014
0014
0014
0027
01DD
01DD
0027
0014
01B8
0002
0014
0014
0014
0014
0014
0026
01E0
0022
0026
0013
0387
0014
0014
0014
0014
0014
0002
0019
01E1
002D
0027
0014
002E
0014
0014
0014
0002
0014
0002
0019
002F
0030
0019
0014
00A6
0014
0014
0014
0014
0014
0002
018B
0032
02CE
0034
0014
0014
0036
0037
0038
0039
003A
003B
01E8
0034
0002
0014
003D
018E
04AE
05F8
0041
0042
0206
00FF
004F
0046
0036
0048
0157
05F9
004B
0322
004D
020B
0074
0014
0051
022B
04F1
022D
0055
022E
0057
0058
004F
0014
0059
005A
005B
02BD
005D
005E
005F
0060
0061
0014
0225
019A
0523
05FA
0421
04B5
0193
0114
0167
0014
0196
019D
0232
04F5
01F8
0071
03DB
0398
01A0
0014
0120
04B8
027F
05FB
03DD
007A
0217
0428
007D
0014
016F
007F
05FC
02E5
0082
00AE
04BB
0085
00DC
0050
032F
0126
04BE
04BF
0147
00AE
0332
008E
0035
0014
0149
01AD
04C2
037D
0093
0094
04C3
0096
0097
0014
012C
03A4
05FD
04C5
0136
0002
009D
0353
05FE
0006
00E4
0008
0483
05FF
0484
028F
0600
0202
0290
0026
00EB
0012
0013
0014
00A7
0014
0002
0014
0014
0014
0014
0026
052E
001F
0019
0014
00A6
0002
0002
0014
0002
0002
0002
001A
001C
0010
001E
001F
0022
0002
0002
0002
0002
0014
0014
001B
001A
0020
0023
0021
0010
0002
0014
0014
0014
0014
0014
001D
001B
0022
0014
0014
0012
0014
0014
0014
0014
0014
0014
0026
0601
001F
0014
0014
0145
0014
0002
0014
0014
0014
0014
0010
00EC
0016
0023
0025
0016
0014
0014
0002
0014
0002
0002
0018
0012
0018
0026
0014
001A
0002
0014
0002
0014
0014
0002
0014
01B9
0016
0014
0014
01BA
0002
0014
0014
0014
0014
0014
0026
04CE
0022
0013
0014
04CF
0014
0002
0014
0014
0014
0014
0019
018A
0010
0013
0014
002E
0014
0014
0014
0014
0014
0014
0023
00F0
0016
0014
0014
00A8
0002
0014
0002
0014
0014
0002
020A
00F1
0252
00F3
0035
0014
035A
00AC
04E0
0342
01E2
00AE
0602
0359
0035
0014
01ED
0152
0603
0604
03B1
03B2
0043
0044
0045
00AE
0277
0055
00B9
00BA
027E
004C
006A
004E
004F
0050
0605
044A
0606
025C
030B
0056
00C0
0197
0014
0014
03BD
00D6
0607
0608
041E
0083
05B2
00F3
0014
0014
0062
0163
0609
060A
0066
0067
0068
0069
006A
006B
006C
006D
019E
0367
01C8
00CF
0072
0073
0074
0014
010B
0076
0077
0078
0079
0014
016D
03FF
0014
0014
01A5
0451
0171
034C
00D6
0083
0173
027C
0086
0014
008F
0218
0311
0265
010B
008C
060B
012B
0035
0014
008F
0472
036E
017B
017C
0083
060C
03C8
0014
0014
0098
0219
03C9
060D
0136
0002
009D
0353
0005
0006
0007
0008
0319
00E7
028E
026E
00E8
000E
0290
0026
0141
0012
0014
0014
00A6
0014
0002
0002
0014
0014
0014
0016
0017
001A
0014
0014
001A
0002
0002
0014
0002
0002
0002
0020
001C
0016
001E
0019
0022
0002
0002
0002
0002
0002
0014
0024
001A
0020
0021
0021
0010
0014
0014
0002
0014
0014
0014
001D
0024
0022
0019
0014
001A
0014
0014
0014
0014
0002
0014
001D
001C
0014
0014
0014
001E
0014
0002
0014
0002
0014
0014
0010
00EC
0016
0019
0025
0012
0014
0014
0002
0014
0002
0002
0018
001E
0018
0027
0014
0023
0014
0014
0002
0014
0014
0002
0027
0028
0016
0014
0014
00EF
0014
0014
0014
0014
0014
0014
0026
04CE
0022
0026
0013
002B
0014
0002
0014
0014
0014
0002
0019
002C
0010
0013
0014
002E
0014
0014
0014
0002
0014
0002
0023
00F0
0016
0014
0014
00A8
0002
0014
0002
0014
0014
0002
0147
00F1
0293
00F3
0014
0014
035A
014A
00F5
00F6
018B
003B
003C
060E
0014
0014
01ED
003E
00FC
01EC
0041
0042
0043
00FF
0045
0251
0277
0048
0049
004A
004B
0104
0074
004E
007D
0050
0243
00BD
029A
0362
0055
0056
015D
0197
00B0
0014
00C1
027A
010D
022F
005D
005E
005F
0014
0014
0014
0062
0163
0064
0065
0087
0067
0068
027C
0167
006B
006C
006D
019E
0367
032C
0071
0072
0073
0167
0014
010B
0076
0077
00D2
0079
007A
007B
03FF
0014
0014
007E
0451
034B
01FD
0082
01A8
0123
027C
0086
0050
0087
02A4
0311
02A6
010B
008C
02A8
012B
0035
0014
02E8
0090
0547
04A7
017C
0083
0131
03C8
0014
0014
0098
0099
05E0
060D
0405
0002
0315
0004
0549
0006
00E4
0475
02F4
02AF
033A
000C
02B1
0460
060F
0010
001D
0015
0013
0014
0015
0014
0002
0002
0014
0014
0014
0026
0409
0018
0019
0014
01B8
0002
0014
0014
0014
0014
0014
001B
001D
001D
0023
001F
0016
0014
0002
0014
0002
0002
0014
001B
001E
0016
001F
0014
001B
0002
0014
0014
0014
0014
0014
0015
001B
0018
001F
0014
0022
0014
0002
0002
0014
0014
0014
0021
04E7
040B
0023
0014
0610
0014
0002
0014
0014
0002
0014
0024
001A
0010
0023
0014
0016
0014
0014
0014
0002
0002
0002
0012
0012
0010
0026
0014
001A
0002
0014
0014
0014
0014
0014
0027
040A
01DD
0027
0014
00A7
0002
0014
0014
0014
0014
0014
0026
01E0
0022
0027
0014
002E
0014
0014
0014
0014
0014
0014
0019
01E1
002D
0027
0014
002E
0014
0014
0014
0014
0014
0014
0019
002F
0030
0019
0014
00A6
0014
0014
0014
0014
0014
0014
018B
0032
0033
0034
0035
0014
0036
0037
0038
0039
003A
00AE
04E9
0034
0002
0014
003D
0413
02B7
02B8
01E7
00B6
0206
0044
004F
0046
0036
0055
0611
0612
020A
004C
004D
015A
004F
0014
0051
0195
0053
0054
00BB
04F2
0057
0058
004F
0014
0059
005A
02BC
02BD
0503
059C
0613
0614
0061
0014
0225
019A
04F3
0557
00CA
0366
0193
0069
006A
0014
0196
029E
0232
04F5
02C1
027D
0215
0398
0074
0014
04F6
016B
027F
04F7
0615
006B
04F8
0616
007D
0014
0103
007F
0080
0480
00D6
0083
00D7
0085
00DC
0014
0125
00D8
042B
008A
023A
0046
051A
008E
0035
0014
035A
039F
0091
0092
029C
0094
051B
0096
0097
0014
012C
037F
009A
026B
042E
0002
0315
0004
0185
0006
0007
0475
04AC
01D9
000B
000C
03FB
000E
00EA
0019
002A
0015
0014
0014
00A6
0014
0002
0002
0014
0014
0014
0016
01DC
0018
0027
0014
001F
0002
0002
0014
0002
0014
0002
001B
001B
001D
001E
0026
0016
0014
0002
0002
0002
0002
0014
0024
001E
0022
001F
0014
001B
0002
0014
0014
0014
0014
0014
001D
0024
0018
0023
0014
001E
0014
0002
0002
0014
0002
0014
001D
001B
0022
0019
0014
0019
0014
0002
0014
0014
0002
0014
0016
001F
0010
0021
0014
0018
0014
0014
0002
0002
0002
0002
0018
001E
0010
0027
0014
00EC
0014
0014
0014
0014
0014
0014
0027
00ED
01DD
0027
0014
00EF
0014
0014
0014
0014
0014
0014
0026
01E0
0022
0026
0013
00A6
0014
0014
0014
0014
0014
0014
0026
01E1
002D
0027
0014
002E
0014
0014
0014
0002
0014
0014
0023
00F0
0030
0019
0014
002B
0014
0014
0014
0014
0014
0002
018B
00F1
0293
0034
0014
0014
0036
0037
01E5
0617
003A
003B
00C0
00F9
0002
0014
01BD
018E
02D3
031F
0041
0042
0155
00FF
0045
0046
00F4
0048
0157
0321
0103
00FF
004D
0106
0074
0014
0051
0195
0618
02D8
0107
010C
015D
0058
0097
0014
0059
005A
005B
02BD
010E
005E
0161
0060
00DC
0014
00AB
0111
0112
0164
01F2
00CB
0068
04B6
0002
0014
01F4
0397
0590
04F5
01F8
0071
0072
0234
0167
0014
0120
04B8
0619
05FB
02E1
007A
007B
011F
007D
0014
0120
061A
0587
061B
0082
0083
02E6
0124
00DC
0050
032F
023D
061C
061D
0129
0046
061E
01FE
0035
0014
0149
039F
061F
0620
0093
0083
0621
0096
0097
0014
012C
03A4
0246
04C5
0001
0002
009D
0441
0138
0006
00E4
0008
0009
0622
024C
028F
0623
00E9
000F
0010
0011
0012
0013
0014
0015
0014
0002
0014
0014
0014
0014
0026
033E
001E
0019
0014
002E
0002
0002
0014
0014
0002
0002
0022
001C
0010
001E
001F
0022
0002
0002
0014
0002
0014
0014
001B
001E
0020
0023
0021
0010
0002
0014
0002
0014
0014
0014
0022
001B
0022
001F
0014
0022
0014
0002
0014
0014
0002
0014
0021
0530
001E
0023
0014
01E0
0014
0002
0014
0002
0014
0014
0024
001A
0016
0023
0025
0016
0014
0014
0002
0014
0002
0002
0018
0012
0010
0026
0014
001A
0002
0014
0002
0014
0014
0002
0014
01B9
0016
0014
0014
01BA
0002
0014
0014
0014
0014
0014
0026
002A
0022
0013
0014
00A8
0014
0002
0014
0014
0014
0002
0019
002C
0018
0013
0014
002E
0014
0014
0014
0014
0014
0002
0019
002F
0015
0014
0014
002E
0002
0014
0002
0014
0014
0002
0031
0032
0033
00F3
0035
0014
035A
0271
018C
0039
0624
00AE
0625
0034
0097
0014
0296
00B2
0626
02B8
01E7
0056
0043
0044
0156
00AE
0047
02BA
00B9
00BA
00BB
004C
0193
004E
004F
0050
0278
0361
0053
00BE
02BB
0056
0057
0197
004F
0014
03BD
00FA
0199
0516
00C5
0083
05B2
00F9
0061
0014
0062
0063
0627
0628
0066
0067
0308
0069
006A
006B
006C
03C4
006E
0367
01C8
00CF
00D0
0073
0074
0014
010B
0076
0077
0078
00D3
0014
030D
007C
0014
0014
007E
034A
0080
0081
00D6
01A8
0173
0085
0086
0014
008F
02C4
0089
008A
0031
008C
0177
008E
0035
0014
008F
0090
0091
0092
0168
0094
0629
00DB
0014
0014
0098
00DE
062A
04DE
0136
0002
0003
01B5
009F
0006
0007
00A0
0009
000A
02B0
000C
0188
024E
02B2
0010
01DC
0012
0013
0014
001E
0014
0014
0002
0014
0014
0014
0016
01DC
0018
0013
0014
001A
0002
0014
0014
0002
0014
0002
0020
001B
0010
0023
0019
0016
0014
0002
0014
0002
0002
0014
0024
001E
001F
00EC
0014
0010
0002
0014
0014
0014
0014
0014
001D
0020
0022
001F
0014
0022
0014
0002
0002
0014
0002
0014
0022
001C
0018
0027
0014
0016
0014
0002
0014
0014
0002
0014
0024
0026
0010
0019
0014
0018
0014
0014
0002
0002
0002
0002
0018
001E
0010
0027
0014
00EC
0014
0014
0014
0014
0014
0002
0014
0250
01DD
0027
0014
0029
0002
0014
0014
0014
0014
0014
0027
002C
0012
0026
0013
00A6
0014
0002
0014
0014
0014
0014
0027
002C
002D
0027
0014
0388
0014
0014
0014
0002
0014
0014
0026
00A5
0030
0027
0014
0387
0014
0014
0014
0014
0014
0002
018B
0032
02CE
00F3
0035
0014
0036
0037
018C
0039
003A
003B
062B
0034
00B0
0014
01BD
02B6
00FC
062C
00B5
00B6
00D0
0190
02B9
0046
0100
00B8
062D
0209
0059
0104
0193
0497
0061
0014
0051
0052
0279
010A
00BB
0056
0057
0060
004F
0014
0198
005A
0199
005C
0120
014E
010F
0060
0097
0014
0110
0111
02BF
062E
041F
0067
062F
0114
00DC
0014
0168
006D
0630
0631
0632
0071
0072
0073
01A0
0014
0075
0076
055E
02E0
011E
0014
007B
0616
007D
0014
007E
034A
02E4
02E5
016F
01A3
0084
0085
0086
0050
02E8
0633
042B
008A
03FD
048B
008D
008E
0035
0014
02E8
02C7
0091
0092
005D
0094
0095
01B1
00DC
0014
0098
0634
009A
026B
0635
0002
0315
02F3
0138
0006
00E4
0636
013A
013B
01DA
0637
013E
013F
01DB
0019
0141
0015
0014
0014
00A7
0014
0002
0002
0014
0014
0014
00EC
0142
0012
0019
0014
01B8
0002
0002
0014
0014
0002
0014
001B
001C
001D
001E
001F
0022
0002
0002
0002
0002
0014
0014
001B
001E
0020
001F
0021
001B
0002
0014
0002
0014
0014
0014
0015
001B
0018
0023
0014
0012
0014
0002
0014
0014
0002
0014
001D
001C
0022
0023
0014
0018
0014
0002
0014
0002
0014
0014
0014
0638
01E0
0023
0025
0639
0014
0014
0002
0014
0002
0002
0012
0012
0018
0026
0014
001A
0002
0014
0002
0014
0014
0002
0027
002F
0016
0014
0014
002B
0002
0014
0014
0014
0014
0014
0026
002A
0022
0013
0014
04CF
0014
0002
0014
0014
0014
0002
0019
01E0
0010
0013
0014
002E
0014
0014
0014
0014
0014
0002
0023
0371
0016
0019
0014
00A8
0002
0014
0002
0014
0014
0002
0147
00F1
0340
0034
0014
0014
046E
063A
0341
063B
02FC
014E
0515
0150
0002
0014
063C
0297
02B7
0040
00FA
0042
0043
0044
0045
00AE
0047
0048
0049
004A
004B
004C
004D
004E
004F
0050
0243
01EE
063D
025C
0055
010C
015D
0058
0002
0014
015E
027A
005B
063E
005D
005E
005F
0096
0061
0014
00C7
0063
0064
0065
0066
0014
063F
0640
006A
006B
0467
0329
0377
04F5
0070
027D
00D0
0234
0074
0014
011A
0641
0642
0236
00D3
007A
0427
03FF
0014
0014
0120
030F
0171
01FD
0082
0083
0643
0174
00DC
0014
0087
023D
0311
0644
008B
008C
05B6
01FE
0035
0014
0313
0090
05F2
04A7
0130
0083
05B7
0096
0097
0014
012C
0099
0645
0180
0314
0002
00E2
0646
0200
0006
00E4
0647
0319
000A
04E4
000C
0188
0648
02B2
0010
01DC
0012
0014
0014
001A
0014
0002
0014
0014
0014
0014
0016
001B
0018
0014
0014
001A
0014
0014
0014
0014
0014
0002
0020
001C
0016
0023
0014
0010
0014
0002
0014
0002
0002
0014
001D
001E
0015
0023
0014
001B
0002
0014
0014
0014
0014
0014
0022
0024
0022
001F
0014
0022
0014
0002
0002
0014
0002
0014
0022
001B
0018
0019
0014
001E
0014
0014
0014
0014
0002
0014
0024
001A
001A
0023
0014
0016
0014
0014
0002
0002
0002
0002
0018
0015
0010
0026
0014
00EC
0002
0014
0002
0014
0014
0014
0027
00ED
01DD
0027
0014
00EF
0014
0014
0014
0014
0014
0014
0026
002C
0012
0026
0013
00A6
0014
0002
0014
0014
0014
0002
0026
002C
0010
0013
0014
002E
0014
0014
0014
0002
0014
0002
0019
0649
0022
0019
0014
00A6
0014
0014
0014
0014
0014
0002
00AA
0032
064A
0034
0014
0014
01BB
0204
03AC
02D1
02FC
003B
01E8
0034
0014
0014
003D
0297
00FC
064B
03B7
0343
0043
0494
007D
0014
0036
0048
0344
0345
0103
020B
004D
020B
01A0
0014
0300
04F0
03B9
064C
0490
0056
0498
0058
004F
0014
00C1
01A2
0508
02BD
00BB
014E
005F
0060
00DC
0014
00AB
0063
02BF
019C
0571
0067
0068
01F3
006A
0014
03F4
05CD
064D
064E
0233
0071
00D0
0073
0074
0014
01CB
0076
0077
011D
00D3
007A
01A4
0428
007D
0014
0103
01A6
01A7
0081
0310
00AE
01A9
0085
0086
0050
02E8
0126
04BE
064F
00CC
039E
0332
008E
0035
0014
02EB
0090
02ED
0285
0115
0094
02EF
01B1
0097
0014
00DD
00DE
0650
009B
0001
0002
0003
0004
021F
0006
0007
0008
02F4
0651
000B
026E
013E
000E
0222
0026
0141
001E
0013
0014
00A7
0014
0002
0002
0014
0014
0014
00EC
0142
0012
0019
0014
01B8
0002
0002
0014
0002
0002
0002
001B
001B
001D
001E
001F
0016
0002
0002
0002
0002
0002
0014
001B
001E
0020
001F
0021
0010
0002
0014
0002
0014
0014
0014
001D
001B
0012
0023
0014
0012
0014
0002
0014
0014
0002
0014
001D
001C
0022
0023
0014
0016
0014
0002
0014
0002
0014
0014
0014
05E2
0652
0026
0025
0653
0014
0014
0014
0014
0002
0002
0012
0012
0018
0027
0014
001A
0014
0014
0014
0014
0014
0002
0027
002F
0016
0014
0014
00A7
0002
0014
0014
0014
0014
0014
0026
002A
0022
0027
0014
00A8
0014
0002
0014
0014
0014
0014
0019
01E0
002D
0027
0014
002E
0014
0014
0014
0014
0014
0014
0023
002F
0030
0027
0014
00A8
0002
0014
0002
0014
0014
0014
0031
00F1
0340
0514
0035
0014
00AB
0271
0654
035C
003A
014E
0515
00F9
0002
0014
01ED
02B6
02B7
0040
00FA
0042
00D0
0044
0045
0046
0277
0655
035E
035F
023A
004C
0656
004E
004F
0050
00BC
0052
025B
0054
0055
0304
0057
0060
0002
0014
0059
015F
010D
0516
005D
005E
01C5
0096
0061
0014
0062
0111
0064
029D
0066
0014
0657
0658
0167
006B
006C
006D
04D8
0367
0070
027D
0072
0119
0167
0014
0103
0659
05CA
01CC
02E1
007A
0280
03FF
0014
0014
007E
0170
0171
065A
00D6
0083
00D7
0174
00DC
0014
0087
0218
0311
036C
008B
008C
00D9
012B
0035
0014
0313
02EC
017A
0268
0093
0083
00DA
0096
00DC
0014
0132
02F0
009A
042D
0136
0002
0003
065B
009F
0006
00E4
00A0
0009
000A
033A
000C
065C
00E9
000F
0010
0011
0015
0013
0014
001E
0014
0002
0002
0014
0014
0014
0016
0017
0018
0027
0014
001A
0002
0014
0014
0002
0014
0002
001B
001C
0010
0023
001F
0010
0002
0002
0014
0002
0002
0014
0024
001E
0022
001F
0014
001B
0002
0014
0014
0014
0014
0014
001D
001B
0012
001F
0014
0022
0014
0002
0002
0014
0014
0014
0022
001C
0018
0019
0014
0016
0014
0002
0014
0014
0002
0014
0024
0023
0016
0019
0025
0016
0014
0014
0002
0002
0002
0002
0018
001F
0010
0027
0014
0027
0014
0014
0014
0014
0014
0002
0027
00A7
00EE
0027
0014
065D
0014
0014
0014
0014
0014
0014
0027
002C
0018
0026
0013
00A6
0014
0002
0014
0014
0014
0014
0026
002C
002D
0014
0014
0388
0014
0014
0014
0014
0014
0014
0026
00A5
0030
0014
0014
00A6
0014
0014
0014
0014
0014
0002
0031
0032
02CE
00F3
0035
0014
0036
0271
065E
0565
003A
003B
02D2
0034
0002
0014
003D
00B2
00FC
062C
00B5
00B6
0206
00FF
02B9
0046
0047
03B4
062D
065F
020A
020B
0193
0106
0074
0014
0051
0052
03B9
0660
00BB
0056
0057
0060
004F
0014
0198
015F
0199
01F0
041E
0306
005F
0060
0097
0014
0062
0063
02BF
062E
0062
0067
062F
0114
0167
006B
006C
00CD
0661
0662
032C
0071
0663
0073
01A0
0014
0075
0076
055E
02E0
00D3
007A
0217
0616
007D
0014
016F
007F
04BA
02E5
0664
0251
0084
0085
0086
0050
032F
02C4
042B
008A
018B
007A
008D
008E
0014
0014
02EB
0665
0091
0092
005D
0094
0095
005E
0014
0014
0098
0666
026A
009B
0635
0002
0315
0667
0138
0668
0007
0139
0669
013B
028E
0430
013E
000E
066A
0019
002C
0012
0014
0014
00A7
0014
0002
0002
0014
0014
0014
00EC
0462
0012
0019
0014
01B8
0002
0002
0014
0014
0002
0002
0024
0024
001D
001E
0026
0016
0014
0002
0002
0002
0002
0014
001B
001E
0020
00EC
0021
0010
0002
0014
0002
0014
0014
0014
0015
0024
0022
0023
0014
0012
0014
0002
0014
0014
0002
0014
001D
001B
0022
0023
0014
0018
0014
0002
0014
0002
0014
0014
0016
001A
0010
0023
0014
0016
0014
0014
0014
0014
0002
0002
0014
02CC
04E7
0026
0014
0146
0002
0014
0002
0014
0014
0002
0027
0223
0018
0014
0014
066B
0002
0014
0014
0014
0014
0014
0026
002A
0022
0027
0014
04CF
0014
0014
0014
0014
0014
0002
0019
066C
0010
0027
0014
002E
0014
0014
0014
0002
0014
0002
0023
0203
0016
0019
0014
00A8
0002
0014
0002
0014
0014
0002
01F4
00F1
0340
0034
0014
0014
03C3
0546
0038
035C
02FC
014E
0515
00F9
00B0
0014
01ED
03D3
02B7
0040
00FE
0042
0043
0044
0045
006B
01A5
0373
0049
004A
004B
004C
004D
004E
004F
0050
0278
01EE
066D
025C
0055
04F2
015D
0058
0002
0014
015E
005A
005B
02BD
005D
005E
005F
0096
0061
0014
066E
0230
0064
0065
00CA
066F
0068
0069
006A
0014
01F4
0397
006E
030A
01C8
0014
0670
0671
0074
0014
030B
016B
02A1
0672
02E1
007A
0673
03FF
0014
0014
032F
0674
0675
0676
0082
0083
0643
0174
00DC
0014
035A
023D
0311
0644
008B
008C
0677
01FE
0035
0014
049D
045C
05F2
0678
0300
0083
0286
0096
0097
0014
03A3
0133
0134
0679
03F8
0002
0003
0137
009F
0006
00E4
0475
0009
01D9
067A
000C
03CF
067B
024F
0026
0141
0015
0013
0014
0387
0014
0002
0002
0014
0014
0014
0016
0017
0018
0027
0014
001A
0002
0002
0014
0002
0014
0014
0020
0024
0010
0023
001F
0016
0014
0002
0002
0002
0014
0014
001D
001A
0016
0023
0014
001B
0002
0014
0014
0014
0014
0014
0022
001B
0018
0023
0014
001E
0014
0002
0002
0014
0014
0014
0022
0024
0018
0019
0014
001E
0014
0002
0014
0014
0014
0014
0022
001A
0016
0023
0025
0016
0014
0014
0002
0002
0002
0002
0018
0015
0018
0027
0014
00EC
0002
0014
0002
0014
0014
0002
0027
0028
0016
0027
0014
0029
0002
0014
0014
0014
0014
0014
0026
002A
00EC
0026
0013
002B
0014
0002
0014
0014
0014
0002
0019
002C
002D
0027
0014
002E
0014
0014
0014
0014
0014
0002
0019
002F
0030
0019
0014
00A6
0002
0014
0002
0014
0014
0002
020A
00F1
0340
0034
0035
0014
0036
067C
0038
067D
0255
003B
003C
02FE
0002
0014
003D
003E
003F
018F
00B5
0056
0043
0207
007D
0046
0047
0048
067E
0192
0103
004C
004D
004E
01A0
0014
0051
067F
025B
0437
048A
0056
00C0
0058
0002
0014
00C1
01A2
00C3
02BD
004B
014E
005F
0060
00C6
0014
00C7
019A
0307
0680
0066
0067
0308
0069
006A
006B
0467
0468
0377
006F
0070
0071
00D0
0073
01A0
0014
010B
0076
0077
0078
03DD
006B
01A4
03FF
007D
0014
01A5
02E3
0681
0682
0082
0083
0084
0174
0086
0050
008F
0088
0683
0684
0147
008C
008D
04AF
0035
0014
008F
04C1
017A
0685
005D
0046
0095
01B1
0097
0014
00DD
05DF
021A
0686
0381
0002
00E2
0184
0687
0006
0007
0008
00E6
00A1
000B
026E
000D
000E
000F
0010
001D
0012
0014
0014
0015
0014
0002
0002
0014
0014
0014
00EC
026F
0012
0019
0014
002E
0002
0002
0014
0014
0002
0002
001B
001C
001D
001E
0019
0010
0002
0002
0014
0002
0002
0014
001B
001E
0020
001F
0021
0010
0002
0014
0002
0014
0014
0014
001D
001D
0022
001F
0014
0022
0014
0014
0014
0014
0002
0014
001D
001C
0022
0023
0014
0016
0014
0002
0014
0002
0002
0014
0024
00EC
0010
0026
0014
0012
0014
0014
0014
0014
0014
0002
0018
0012
0010
0026
0014
001A
0014
0014
0014
0014
0014
0002
0027
05F4
05F4
0014
0014
002B
0002
0014
0014
0014
0014
0014
0026
0688
0689
0014
0014
0388
0014
0014
0014
0014
0014
0014
0026
02CC
0022
0014
0014
002E
0014
0014
0014
0002
0014
0014
0023
0291
0022
0014
0014
00A8
0014
0014
0014
0014
0014
0014
018B
0032
02CE
00F3
0014
0014
0162
0226
068A
0273
0130
014E
068B
0034
0035
0014
01ED
068C
0275
068D
01ED
0042
057E
0044
0045
0251
0100
0055
068E
0298
023A
0104
0193
015A
004F
0050
0278
022B
0279
010A
0055
0304
0057
0060
004F
0014
0059
015F
010D
01F0
005D
005E
01CA
0096
0061
0014
0110
0163
0112
0164
041F
00CB
0068
0114
0167
0014
0168
0397
04D8
0117
068F
00B6
0072
027C
0074
0014
0103
04B8
0690
0691
0079
007A
016D
0692
0014
0014
016F
030F
0080
0693
0664
00AE
0694
0695
0014
0014
0087
0696
0697
0698
02A7
039E
0284
008E
0014
0014
0178
0472
0699
0285
0130
0094
0286
0096
0014
0014
0132
0099
0134
009B
0001
0002
0003
02F3
05CF
0668
00E4
0008
045F
000A
024C
069A
02B1
00E9
000F
0010
001D
0012
0014
0014
001E
0014
0002
0002
0014
0014
0014
0016
001B
0012
0027
0014
001A
0002
0002
0014
0002
0014
0002
001B
001C
0016
001E
0019
0022
0002
0002
0014
0002
0002
0014
0024
001E
0020
001F
0021
001B
0014
0014
0002
0014
0014
0014
001D
001D
0022
001F
0014
0022
0014
0002
0014
0014
0002
0014
0022
001C
0012
0023
0014
0016
0014
0002
0014
0002
0014
0014
0016
00EC
0010
0021
0014
0012
0014
0014
0002
0002
0014
0014
0012
001E
0018
0026
0014
0023
0014
0014
0014
0014
0014
0002
0027
00ED
01DE
0014
0014
00EF
0014
0014
0014
0014
0014
0014
0026
0688
040B
0013
0014
0387
0014
0014
0014
0014
0014
0014
0019
069B
002D
0013
0014
002E
0014
0014
0014
0002
0014
0014
0023
0371
0030
0014
0014
002B
0014
0014
0014
0014
0014
0014
018B
0032
02CE
00F3
0014
0014
012C
0271
02D0
03AD
014D
003B
062B
0034
0002
0014
069C
02B6
01EB
069D
069E
035D
057E
00FF
0045
0046
0100
0055
069F
06A0
00BB
020B
0193
0106
0074
0050
0278
0361
03B9
03BA
02BB
010C
0057
0060
004F
0014
06A1
0459
0199
01F0
00C5
0306
01CA
0060
0061
0014
01F1
0163
06A2
06A3
01F2
0190
0068
0114
0167
0014
0168
03C4
02DE
0367
06A4
0071
05ED
0347
0074
0014
0120
04B8
06A5
06A6
00D3
007A
047E
046B
0014
0014
016F
030F
04BA
06A7
00D6
00AE
0123
06A8
00DC
0014
0087
06A9
06AA
06AB
008B
00AE
02A8
008E
0035
0014
02AA
0179
06AC
0285
0093
0094
0131
0096
0014
0014
0132
0219
06AD
009B
0314
0002
03CB
0667
009F
0006
0007
0475
0009
06AE
000B
000C
03FB
024E
024F
0026
0141
0015
0013
0014
02F9
0014
0002
0014
0014
0014
0014
00EC
0142
0018
0019
0014
002E
0002
0014
0014
0014
0002
0014
0020
001D
001D
001E
001F
0016
0014
0002
0002
0002
0002
0014
001B
001A
0016
0023
0014
0010
0002
0014
0014
0014
0014
0014
0022
001B
0018
0023
0014
0012
0014
0002
0002
0014
0014
0014
001D
001D
0022
0027
0014
001E
0014
0002
0014
0014
0002
0014
0024
001A
0016
0023
0025
0016
0014
0014
0002
0014
0002
0002
0018
0012
0010
0027
0014
001A
0002
0014
0002
0014
0014
0002
0014
01B9
0016
0027
0014
01BA
0002
0014
0014
0014
0014
0014
0026
06AF
0012
0026
0013
04CF
0014
0002
0014
0014
0014
0002
0019
06B0
0010
0027
0014
0146
0014
0014
0014
0014
0014
0002
0026
06B1
0022
0019
0014
0146
0002
0014
0002
0014
0014
0002
0031
00F1
0389
0034
0035
0014
0036
0037
0038
038B
00F7
014E
0515
00F9
00B0
0014
003D
0454
01BE
0040
0041
0042
0043
0044
0156
00AE
0047
06B2
0049
004A
0503
004C
004D
004E
004F
0014
0051
06B3
06B4
0054
010B
0056
015D
0058
00B0
0014
0198
005A
005B
02BD
010E
005E
005F
00DB
00DC
0014
00C7
0375
0064
0065
0066
0067
0308
0069
006A
006B
0467
0397
006E
030A
0070
00CF
0072
0073
01A0
0014
010B
0598
0077
011D
011E
0014
016D
0234
007D
0014
01A5
02E3
06B5
06B6
00BB
0083
00D7
06B7
0086
0050
008F
0088
06B8
06B9
03F4
008C
00D9
02A9
0035
0014
008F
045C
05CB
06BA
0130
0046
00DA
00DB
0097
0014
00DD
0133
009A
06BB
03F8
0002
0003
0137
03F9
0006
0007
0475
0009
06BC
00A2
0187
06BD
024E
024F
0026
0141
001A
0013
0014
00A6
0014
0002
0014
0014
0014
0014
0016
0017
0018
0027
0014
001A
0002
0002
0014
0002
0014
0014
0020
001C
0016
0023
001F
0016
0014
0002
0014
0002
0014
0014
0024
001A
0016
0023
0021
001B
0002
0014
0014
0014
0014
0014
0022
001B
0012
0023
0014
001E
0014
0002
0002
0014
0014
0014
0022
0024
0018
0019
0014
001E
0014
0002
0014
0014
0014
0014
0022
001A
0016
0023
0025
0016
0014
0014
0002
0002
0002
0002
0018
0012
0018
0027
0014
001A
0002
0014
0002
0014
0014
0002
0027
0028
0016
0027
0014
0029
0002
0014
0014
0014
0014
0014
0026
002A
001E
0027
0014
002B
0014
0002
0014
0014
0014
0002
0019
002C
00EC
0027
0014
002E
0014
0014
0014
0014
0014
0002
0019
002F
001E
0019
0014
00A6
0002
0014
0002
0014
0014
0002
020A
00F1
0340
0438
0035
0014
0036
0204
0654
06BE
0255
003B
003C
02FE
0002
0014
003D
003E
003F
018F
01E7
0056
0043
00FF
007D
00AE
0047
0048
067E
0192
0103
004C
0656
004E
01A0
0050
0051
00BD
03D7
055B
0419
0056
00D0
0197
0002
0014
00C1
01A2
020F
0465
004B
0306
005F
0060
00DC
0014
00C7
0063
0307
019C
0066
0067
0068
0069
006A
006B
0467
006D
0377
0469
0070
0071
0072
0073
01A0
0014
010B
0076
0077
0078
0079
007A
007B
03FF
007D
0014
01A5
007F
02A3
0682
0082
0083
0084
0174
0086
0014
008F
0088
0683
06BF
0147
008C
008D
04AF
0035
0014
008F
0090
017A
06C0
0168
0046
0095
005E
0097
0014
00DD
00DE
026A
009B
0381
0002
00E2
0184
0005
0006
00E4
0008
06C1
02AF
000B
0384
000D
00E9
000F
0010
001D
0012
0014
0014
0015
0014
0014
0002
0014
0014
0014
00EC
026F
0012
0019
0014
00A6
0002
0002
0014
0014
0002
0002
001B
001B
001D
001E
0019
0010
0002
0002
0002
0002
0002
0014
001B
001E
0020
001F
0014
0010
0002
0014
0002
0014
0014
0014
001D
001D
0022
001F
0014
0022
0014
0002
0014
0014
0002
0014
001D
001C
0022
0023
0014
0016
0014
0002
0014
0002
0002
0014
0024
001F
0010
0026
0014
0012
0014
0014
0014
0014
0002
0002
0018
001E
0010
0026
0014
00EC
0014
0014
0014
0014
0014
0002
0014
0488
0143
0014
0014
06C2
0014
0014
0014
0014
0014
0014
0026
02CC
0143
0026
0013
0388
0014
0014
0014
0014
0014
0014
0026
02CC
06C3
0014
0014
002E
0014
0014
0014
0002
0014
0014
0023
0291
0030
0014
0014
00A8
0014
0014
0014
0014
0014
0014
018B
0032
02CE
0034
0014
0014
04E8
0226
0272
06C4
0130
014E
068B
0034
0097
0014
01ED
06C5
0275
068D
0041
0042
057E
0044
0045
0046
0100
03B4
0157
06C6
023A
0104
004D
0497
004F
0014
0278
022B
0279
010A
0055
04F2
0057
0058
004F
0014
0059
015F
005B
041D
005D
005E
01CA
0096
0061
0014
0110
0111
0112
0164
0421
0266
06C7
0114
0167
0014
0168
0329
0630
030A
06A4
00B6
03DB
0234
0074
0014
0103
04B8
06C8
06C9
0615
0014
06CA
0692
0014
0014
016F
06CB
06CC
0693
00D6
0251
06CD
0695
00DC
0050
0087
0330
06CE
04BF
0278
039E
0284
06CF
0014
0014
0178
06D0
06AC
06D1
0093
0094
0286
0096
0014
0014
0132
0245
0134
06D2
0001
0002
0003
0353
03F9
0006
0007
0008
06D3
02AF
00A2
033B
02B1
000E
02B2
0010
001D
0012
0014
0014
001F
0014
0002
0002
0014
0014
0014
0026
06D4
0018
0014
0014
01B8
0002
0002
0014
0002
0014
0002
001B
001C
001D
00EC
0019
0022
0014
0002
0002
0002
0002
0014
0024
001E
0016
001F
0014
001B
0014
0014
0014
0014
0014
0014
001D
001D
0022
001F
0014
0022
0014
0002
0002
0014
0002
0014
001D
001C
0022
0023
0014
0018
0014
0002
0014
0014
0014
0014
0016
00EC
0010
0021
0014
0016
0014
0014
0014
0002
0014
0002
0018
001A
0018
0026
0014
0023
0014
0014
0014
0014
0014
0002
0013
0488
01DE
0027
0014
06C2
0014
0014
0014
0014
0014
0014
0013
01E0
0022
0025
0014
06D5
0014
0014
0014
0014
0014
0014
0014
01E1
0010
0014
0014
06D6
0014
0014
0014
0002
0014
0014
0026
04AD
0016
0014
0014
0387
0014
0014
0014
0014
0014
0002
00AA
0032
0564
00F3
0014
0014
01A5
00AC
068A
06C4
014D
007A
06D7
0034
0014
0014
003D
00B2
03EE
05E4
03B1
035D
0206
0415
02B9
0251
0047
03B4
06D8
06A0
00AA
0104
0193
0504
004F
0014
0115
00BD
0279
05D7
06D9
010C
05E8
00F9
004F
0014
06A1
0459
06DA
06DB
0503
008C
005F
0096
0061
0014
00C7
0063
0420
062E
0421
00CB
0068
027C
0167
0014
006C
03C4
029F
0367
01F8
00CF
03DB
0347
0074
0014
0120
04B8
06C8
06A6
00D3
01A3
06DC
0616
007D
0014
032F
007F
06DD
02E5
00D6
01A3
02C3
0085
00DC
0014
032F
00D8
042B
008A
023A
0014
00D9
008E
0014
0014
0149
0179
0091
0092
006C
0094
00DA
0096
0014
0014
012C
06DE
017F
009B
01D6
0002
021D
0004
0005
0006
00E4
0475
0009
01D9
000B
013D
03FB
00E9
0290
0019
0141
0015
0013
0014
00A7
0014
0002
0014
0014
0014
0014
0016
0017
0015
0019
0014
001A
0002
0002
0014
0014
0002
0014
0020
0024
0016
001E
001F
0016
0002
0002
0014
0002
0002
0014
001B
001A
0020
0023
0021
0010
0002
0014
0002
0014
0014
0014
0022
001B
0018
0019
0014
0012
0014
0002
0014
0014
0002
0014
0022
0024
0018
0027
0014
0016
0014
0002
0014
0002
0002
0014
0024
001A
0016
0023
0025
0016
0014
0014
0002
0014
0002
0002
0012
0012
0010
0027
0014
001A
0002
0014
0002
0014
0014
0002
0027
0028
0016
0014
0014
0029
0002
0014
0014
0014
0014
0014
0026
002A
0022
0026
0013
002B
0014
0002
0014
0014
0014
0002
0019
002C
002D
0027
0014
0513
0014
0014
0014
0014
0014
0002
0023
00A5
0030
0019
0014
04CF
0002
0014
0002
0014
0014
0002
0031
00F1
0389
0034
0035
0014
01E3
0037
0038
038B
00F7
003B
003C
00F9
0002
0014
0276
03D3
003F
0040
0041
0042
0043
0044
0045
0046
0100
06B2
0049
004A
004B
004C
004D
004E
0061
0050
00BC
022B
03D7
0054
0055
0056
0057
0058
00B0
0014
0198
005A
005B
005C
005D
005E
005F
0060
0097
0014
01F1
06DF
0064
0065
0066
0067
0308
0069
006A
006B
0196
05C8
0232
01F7
01C8
0071
0072
0073
01A0
0014
01CB
0598
0077
011D
02E1
007A
007B
03FF
0014
0014
016F
06E0
03E1
06B6
0082
0083
02E6
027C
0086
0050
008F
023D
06B8
023E
0107
008C
02A8
02A9
0035
0014
008F
045C
06E1
03E4
0093
0083
0131
01B1
0097
0014
0098
0133
0380
06E2
0181
0002
00E2
06E3
009F
0006
0007
0008
0009
01D9
0356
000C
00E8
06E4
024F
0026
0141
0012
0013
0014
00A8
0014
0002
0002
0014
0014
0014
0016
0017
0012
0025
0014
001F
0002
0014
0014
0002
0014
0002
001B
001B
001D
00EC
0019
0018
0014
0002
0002
0002
0002
0014
0024
001E
0016
001F
0014
0022
0014
0014
0014
0014
0014
0014
001D
0024
0022
0023
0014
0015
0014
0014
0014
0014
0002
0014
001D
001C
0022
0023
0014
0016
0014
0002
0014
0014
0014
0014
0016
001A
0016
0021
0025
0016
0014
0014
0002
0002
0002
0002
0018
0015
0018
0027
0014
00EC
0002
0014
0014
0014
0014
0014
0013
0250
00EE
0014
0014
0029
0002
0014
0014
0014
0014
0014
0013
01E1
0022
0026
0013
0387
0014
0002
0014
0014
0014
0014
0014
0291
0010
0014
0014
06D5
0014
0014
0014
0002
0014
0014
0014
0649
0022
0019
0014
06E5
0014
0014
0014
0014
0014
0002
0031
00F1
0252
0034
0035
0014
01A5
0037
0341
0342
0255
003B
00F8
00F9
0035
0014
00FA
0454
003F
0040
0041
0042
00D0
0190
02B9
0251
00F4
0048
0101
0321
0503
004C
004D
0504
0074
0014
01C2
06E6
025B
025C
0129
0056
0057
0058
0097
0014
015E
005A
005B
02BD
010E
005E
010F
0096
0061
0014
0162
0111
02DC
0113
0066
00CB
0068
0069
0002
006B
0168
0329
0232
04F5
0070
0071
03DB
0073
01A0
0014
0075
0076
02C2
011D
03BB
01A3
03DE
06E7
0014
0014
0103
007F
06E8
0122
00B5
01A3
0084
023C
0086
0050
0087
0088
0175
0265
01F4
0014
008D
012B
0014
0014
008F
06E9
05CB
0268
0300
0014
0095
0096
0097
0014
00DD
0133
009A
026B
0351
0002
0003
065B
0138
0006
00E4
026D
02F4
06EA
033A
026E
06EB
0202
000F
0010
01DC
001E
0014
0014
0015
0014
0014
0002
0014
0014
0014
0026
002C
0018
0019
0014
00A6
0002
0002
0014
0014
0002
0014
0022
001C
0016
001E
001F
0016
0002
0002
0014
0002
0002
0014
001B
001E
0020
0023
0021
001B
0002
0014
0002
0014
0014
0014
0022
001B
0012
001F
0014
0022
0014
0002
0002
0014
0002
0014
0021
001C
0018
0019
0014
001E
0014
0002
0014
0002
0002
0014
0024
00EC
0010
0023
0014
0016
0014
0014
0002
0014
0014
0002
0012
0012
0010
0026
0014
001A
0014
0014
0002
0014
0014
0002
0027
01B9
0022
0027
0014
0145
0002
0014
0014
0014
0014
0014
0026
002A
0022
0027
0014
00A8
0014
0002
0014
0014
0014
0002
0019
002C
002D
0027
0014
002E
0014
0014
0014
0014
0014
0002
0023
002F
0030
0027
0014
06EC
0002
0014
0002
0014
0014
0002
018B
0032
005F
0514
0014
0014
00AB
0271
018C
0039
00F7
00AE
02FD
0034
0002
0014
0296
00B2
06ED
0567
03B1
00B6
0043
0044
0045
0046
0047
02BA
00B9
0345
023A
0104
0193
004E
004F
0050
0051
0052
0279
010A
03BB
0304
00D0
0197
004F
0014
0198
027A
020F
0516
0031
0306
005F
0060
00C6
0014
0062
0063
0307
00C9
01F2
0067
02C0
027C
006A
0014
00CC
006D
019E
06EE
06EF
027D
0072
01F9
0074
0014
030B
03F6
011C
00D2
0079
007A
016D
007C
007D
0014
007E
01FC
0080
0081
00D6
0083
023B
0085
00DC
0014
034D
0282
0089
0283
008B
008C
023F
008E
0035
0014
02AA
0090
01AE
0285
0093
0094
06F0
005E
00DC
0014
051C
0219
06F1
056D
06F2
0002
0315
0646
0005
0006
00E4
00E5
0009
000A
06F3
000C
06F4
06F5
000F
0010
01DC
0012
0013
0014
001F
0014
0002
0014
0014
0014
0014
0016
001B
001E
0027
0014
001A
0014
0002
0014
0002
0014
0014
0024
001C
0010
0027
001F
0012
0002
0002
0014
0002
0014
0014
0024
001E
0020
0023
0021
001B
0014
0014
0002
0014
0014
0014
001D
001B
0022
001F
0014
0022
0014
0002
0014
0014
0002
0014
0022
001C
001E
0019
0014
001A
0014
0002
0014
0002
0002
0014
0024
001A
0010
0027
0014
0021
0014
0014
0014
0002
0002
0002
0018
001E
0010
0026
0014
0023
0014
0014
0014
0014
0014
0014
0013
00ED
01DD
0014
0014
065D
0014
0014
0014
0014
0014
0014
0026
002C
0022
0026
0013
00A6
0014
0002
0014
0014
0014
0014
0019
002C
0010
0014
0014
002E
0014
0014
0014
0014
0014
0014
0019
002F
0022
0014
0014
00A6
0002
0014
0002
0014
0014
0002
015E
0032
06F6
0034
0035
0014
01E7
06F7
06F8
06F9
014D
003B
02D2
0034
0097
0014
003D
01EA
00FC
06FA
00B5
0535
0206
02FE
00B0
00AE
0047
03B4
06FB
06FC
0196
0589
004D
06FD
01A0
0050
0544
06FE
06FF
03BA
043C
0056
0156
0058
004F
0014
03BD
053A
0700
03BF
00C5
014E
005F
00F9
00C6
0014
0062
0063
0701
0702
03F3
0067
0068
01F3
00DC
0014
00CC
025E
064D
01F7
0450
0071
0215
0073
0074
0014
02A7
0379
02C2
032D
00D3
01A3
047E
0616
0014
0014
016F
01A6
0703
032E
0704
0083
02E6
0085
0086
0050
0087
0705
0706
0283
0031
0046
02A8
008E
0014
0014
02EB
04A5
0707
0285
0115
0094
0131
00DB
0014
0014
0098
0350
0708
00E0
0001
0002
0003
0004
0709
0006
0007
04C8
0220
070A
000B
0430
00E8
000E
00EA
0019
00EB
001A
0014
0014
02F9
0014
0002
0002
0014
0014
0014
00EC
0142
0018
0019
0014
01B8
0002
0002
0014
0014
0002
0002
001B
0024
001D
001E
0019
0016
0014
0002
0002
0002
0002
0014
001B
001E
0016
001F
0014
0010
0002
0014
0014
0014
0014
0014
0015
0024
0012
0023
0014
0012
0014
0002
0002
0014
0002
0014
001D
001C
0022
0023
0014
0016
0014
0002
0014
0014
0014
0014
0022
00EC
0016
0023
0025
0016
0014
0014
0002
0014
0002
0002
0012
0012
0018
0027
0014
001A
0002
0014
0002
0014
0014
0002
0027
002F
0016
0027
0014
00A7
0002
0014
0014
0014
0014
0014
0026
002A
0022
0027
0014
00A8
0014
0002
0014
0014
0014
0002
0019
01E0
002D
0027
0014
002E
0014
0014
0014
0002
0014
0002
0023
002C
0030
0019
0014
00A8
0014
0014
0014
0014
0014
0002
0031
00F1
070B
00F3
0014
0014
02DB
0037
070C
0254
00F7
014E
0515
00F9
0002
0014
00C2
003E
02B7
0040
00FA
0042
0043
0044
0045
0046
00F4
0048
0049
004A
0103
004C
0105
004E
004F
0014
0051
0052
06B4
0054
010B
05C2
0057
0197
00B0
0014
0059
005A
05F7
0465
010E
005E
005F
0060
0061
0014
0257
0111
0064
0065
0066
00CB
0068
0069
006A
006B
0168
006D
029F
0469
01C8
027D
0072
0119
0167
0014
0120
016B
05DD
0078
02E1
007A
016D
04E2
007D
0014
032F
034A
070D
01FD
0082
01A8
00D7
0124
00DC
0014
034D
0088
04DC
0265
010B
008C
051A
012B
0035
0014
0125
04C1
05CB
0268
0093
0083
051B
0096
0097
0014
03A3
02F0
009A
026B
0001
0002
009D
0353
070E
0006
00E4
0008
0483
0339
0484
0485
033C
0486
0290
0026
002C
0357
0014
0014
00A6
0014
0014
0002
0014
0014
0014
0026
0409
0012
0014
0014
01B8
0002
0002
0014
0002
0002
0002
001B
001C
001D
001E
001F
0010
0002
0002
0002
0002
0002
0014
0024
001E
001F
001F
0021
001B
0002
0014
0002
0014
0014
0014
001D
001B
0022
0023
0014
001A
0014
0002
0014
0014
0002
0014
001D
001C
0022
0023
0014
0018
0014
0002
0014
0002
0002
0014
0024
001A
0010
0023
0014
0016
0014
0014
0014
0002
0002
0002
0018
0015
0010
0026
0014
00EC
0002
0014
0002
0014
0014
0002
0014
0488
0143
0014
0014
0387
0014
0014
0014
0014
0014
0014
0027
0292
02CD
0013
0014
002E
0014
0014
0014
0014
0014
0014
0026
03D1
002D
0013
0014
0388
0014
0014
0014
0002
0014
0014
0026
0371
0030
0014
0014
00A6
0002
0014
0002
0014
0014
0014
015E
0251
048C
04EA
0014
0014
0162
0204
048E
0501
0490
00AE
0491
0150
0014
0014
0276
0492
03EE
0414
00C1
0343
0043
0494
0156
0046
0100
0055
0495
0192
00CC
015A
004D
0497
004F
0050
0278
044A
01EF
015C
0303
0056
0498
0058
0002
0014
015E
01A2
049A
005C
00C5
008C
005F
0096
0061
0014
01F1
0163
049C
0680
03F3
00CB
0068
01F3
006A
0014
0168
006D
049E
006F
0233
00CF
0072
0073
0074
0014
0075
0076
0077
0078
0079
0014
070F
0710
0014
0014
016F
034A
034B
034C
00D6
04A0
0711
04A1
0086
0014
032F
04A2
05A7
04A4
0031
039E
0284
012B
0035
0014
02EB
04A5
0712
04A7
00F4
00AE
04A8
0096
0014
0014
0098
0350
04A9
0180
042E
0002
0315
0004
0005
0006
0007
0475
0220
000A
000B
000C
000D
000E
0476
0010
0011
0023
0013
0014
0015
0014
0002
0002
0014
0014
0014
0016
0017
0018
0019
0014
001A
0002
0014
0014
0014
0014
0014
0024
001D
0016
001E
0014
0016
0014
0002
0014
0002
0002
0014
001B
001E
0020
00EC
0014
0010
0002
0014
0014
0014
0014
0014
0022
0024
0012
001F
0014
0022
0014
0002
0002
0014
0014
0014
0022
001D
0015
0027
0014
0016
0014
0002
0014
0014
0014
0014
0016
00EC
0016
0021
0025
0019
0014
0014
0002
0014
0002
0002
0012
0012
0018
0027
0014
001A
0014
0014
0014
0014
0014
0014
0027
0028
0016
0027
0014
0029
0002
0014
0014
0014
0014
0014
0026
002A
0022
0026
0013
002B
0014
0002
0014
0014
0014
0002
0019
002C
0010
0027
0014
002E
0014
0014
0014
0014
0014
0002
0023
00A5
0022
0019
0014
00A8
0014
0014
0014
0014
0014
0002
0031
0032
0033
01A3
0035
0014
0036
04D1
018C
0039
003A
003B
003C
0034
0002
0014
003D
018E
003F
0040
0041
0042
0206
0044
0045
0014
0047
0048
0320
0713
0103
004C
0193
004E
0002
0014
0051
0195
0053
0054
0129
0391
0057
0150
004F
0014
0198
0326
0477
0714
010E
005E
005F
0060
0097
0014
00C7
019A
0064
029D
0066
0067
0068
0069
0167
006B
0478
0715
029F
0716
0070
0071
047B
0119
007D
0014
030B
0717
047D
0261
03DD
007A
047E
007C
007D
0014
032F
039A
0080
01CF
0082
0083
0084
0085
00DC
0050
0125
0088
0089
008A
0129
008C
008D
008E
0035
0014
035A
01AD
0091
0092
0130
0094
0095
005E
0097
0014
012C
03A4
009A
026B
0718
0002
00E2
0004
0709
0006
0007
0139
03E7
02AF
000B
013D
000D
000E
0189
0010
001D
0015
0014
0014
0015
0014
0014
0002
0014
0014
0014
00EC
0462
0018
0019
0014
01B8
0002
0002
0014
0002
0014
0014
0024
001B
0010
001E
0014
0016
0014
0002
0002
0002
0002
0014
001B
001E
0020
0023
0021
001B
0002
0014
0014
0014
0014
0014
001D
0020
0012
001F
0014
0022
0014
0002
0002
0014
0014
0014
0022
001C
0012
0019
0014
0016
0014
0002
0014
0014
0014
0014
0016
001A
0010
0019
0014
0016
0014
0014
0014
0002
0014
0002
0018
001E
0018
0026
0014
00EC
0014
0014
0014
0014
0014
0014
0027
002F
0018
0027
0014
06C2
0014
0014
0014
0014
0014
0014
0026
002A
0022
0027
0014
00A8
0014
0014
0014
0014
0014
0002
0019
00A9
0022
0027
0014
002E
0014
0014
0014
0014
0014
0002
0023
04AD
0022
0027
0014
002B
0014
0014
0014
0014
0014
0002
018B
0032
02CE
00F3
0014
0014
01E3
0719
02D0
0580
003A
014E
03EC
0034
0002
0014
00B1
071A
071B
031F
01ED
0042
0206
0044
0045
0014
0036
03B4
035E
035F
020A
02D6
0193
020B
01A0
0050
0051
071C
0324
071D
0107
010C
0057
0060
004F
0014
0059
0031
010D
03F1
0098
005E
005F
0096
0097
0014
01F1
019A
027B
0164
041F
00CB
0068
0114
0167
0014
03F4
071E
0232
071F
03F5
00B6
0072
0119
0074
0014
027E
0720
011C
0721
0237
006B
016D
007C
007D
0014
0120
039A
02E4
0722
00D6
0083
023B
0085
00DC
0014
0087
0282
0089
0283
008B
008C
05DE
008E
0035
0014
0149
0333
01AE
0723
0130
0094
05B7
0096
00DC
0014
0132
0335
0595
0724
0001
0002
0725
0353
0005
0006
00E4
03CD
0009
01D9
0726
0187
03CF
052D
0222
0026
0141
0012
0013
0014
00A6
0014
0002
0002
0014
0014
0014
0016
0017
0015
0014
0014
001A
0002
0002
0014
0014
0002
0002
001B
001C
001D
001E
001F
0010
0002
0002
0014
0002
0002
0014
0024
001A
0016
001F
0014
0010
0002
0014
0002
0014
0014
0014
0018
001B
0022
0023
0014
0015
0014
0002
0014
0014
0002
0014
001D
001C
0022
0023
0014
0018
0014
0002
0014
0002
0002
0014
0024
001F
0016
0023
0025
0016
0014
0014
0002
0014
0002
0002
0018
0012
0010
0027
0014
001A
0002
0014
0002
0014
0014
0002
0027
0250
00EE
0014
0014
0029
0002
0014
0014
0014
0014
0014
0026
018A
0022
0026
0013
00A6
0014
0002
0014
0014
0014
0014
0019
002C
002D
0014
0014
002E
0014
0014
0014
0002
0014
0014
0019
00A5
0030
0019
0014
002E
0002
0014
0002
0014
0014
0014
0059
00F1
04D0
0034
0035
0014
01BB
0727
0038
067D
02FC
003B
003C
02FE
0014
0014
01BD
003E
003F
018F
00B5
0056
0043
00FF
0156
0046
01BF
06B2
0344
0345
004B
004C
004D
004E
004F
0014
0278
067F
03D7
0728
043C
0056
00D0
0058
0097
0014
00C1
0729
00C3
02BD
00C5
0306
005F
0060
0061
0014
00C7
0163
0307
0680
0066
0067
0068
0069
006A
006B
006C
0468
029F
006F
03DA
0071
00D0
0073
01A0
0014
0075
0076
00D1
0078
00D3
007A
047E
0349
0014
0014
007E
03E0
02A3
06B6
0082
00AE
0084
027C
0086
0050
008F
0088
0576
06B9
018B
00AE
008D
012B
0014
0014
008F
0179
072A
072B
005D
039E
0095
01B1
0097
0014
00DD
0350
021A
021B
0001
0002
009D
0353
03F9
0006
00E4
0008
0319
000A
0201
000C
0188
0486
000F
0010
0016
0012
0013
0014
001F
0014
0014
0014
0014
0014
0014
0016
001B
001E
0014
0014
001A
0002
0002
0014
0002
0002
0002
001B
001C
001D
001E
001F
0022
0002
0002
0014
0002
0002
0014
0024
001E
0020
001F
0021
0010
0014
0014
0002
0014
0014
0014
001D
001B
0022
001F
0014
0022
0014
0002
0014
0014
0002
0014
001D
001C
0022
0023
0014
0018
0014
0002
0014
0002
0002
0014
0024
001A
0010
0023
0014
0016
0014
0014
0014
0002
0002
0002
0018
001E
0010
0026
0014
0023
0014
0014
0002
0014
0014
0002
0014
00ED
01DD
0014
0014
065D
0014
0014
0014
0014
0014
0014
0026
03D1
072C
0025
0014
00A6
0014
0014
0014
0014
0014
0014
0019
03D1
0010
0014
0014
0388
0014
0014
0014
0002
0014
0014
0019
0371
0016
0014
0014
00A6
0002
0014
0002
0014
0014
0014
048A
0032
072D
0034
0035
0014
00F4
00AC
072E
072F
014D
003B
05F5
0034
0014
0014
003D
00B2
00FC
0730
04F6
035D
0043
0207
0156
00AE
0036
03B4
0731
0496
00CC
015A
004D
0497
004F
0050
0278
020C
06FF
03BA
043C
0056
044B
0058
004F
0014
03BD
053A
0732
05DA
00C5
014E
005F
00F9
0061
0014
01F1
0063
0733
0680
049D
00CB
0068
01F3
006A
0014
0422
03C4
049E
006F
0450
0071
00D0
0073
0074
0014
01CB
0076
02C2
00D2
00D3
0014
0734
0616
0014
0014
016F
034A
01A7
0081
00D6
04A0
0735
02E7
0086
0014
0087
0736
0706
064F
0031
00AE
02A8
008E
0014
0014
02E8
04A5
0707
0285
01F4
0094
0131
01B1
0014
0014
0098
0350
0737
021B
042E
0002
0315
0004
0005
0006
0007
026D
0220
0738
000B
028F
0739
000E
00EA
0026
00EB
001A
0014
0014
02F9
0014
0002
0002
0014
0014
0014
00EC
0142
0018
0019
0014
00A6
0002
0014
0014
0014
0014
0014
0024
0024
0016
001E
0026
0016
0014
0002
0002
0002
0002
0014
001B
001E
0016
00EC
0014
001B
0002
0014
0014
0014
0014
0014
001E
0024
0012
0021
0014
0012
0014
0002
0002
0014
0014
0014
0022
0024
0018
0019
0014
0016
0014
0002
0014
0014
0014
0014
0016
00EC
0016
0021
0025
0018
0014
0014
0002
0014
0002
0002
0012
0012
0018
0027
0014
001A
0002
0014
0014
0014
0014
0014
0027
01B9
0016
0027
0014
01BA
0002
0014
0014
0014
0014
0014
0026
002A
0022
0026
0013
00A8
0014
0002
0014
0014
0014
0002
0019
002C
002D
0027
0014
002E
0014
0014
0014
0014
0014
0002
0023
00A5
0030
0019
0014
00A8
0014
0014
0014
0014
0014
0002
0031
00F1
073A
003B
0014
0014
03F3
0037
073B
038B
00F7
014E
0515
00F9
0002
0014
00C2
018E
02B7
0040
0041
0042
03AB
0044
0045
0046
01BF
0048
0320
0713
0103
004C
0105
004E
007D
0014
0051
0195
06B4
0054
010B
022E
0057
03B2
00B0
0014
0059
005A
0477
073C
010E
005E
01C5
0060
0097
0014
00C7
0111
0064
029D
0066
0067
0068
0069
0167
006B
006C
0116
029F
02A0
01C8
027D
0072
0119
0167
0014
0120
0641
02A1
030C
02E1
007A
016D
073D
007D
0014
01A5
039A
039B
0172
0082
0083
00D7
01F3
00DC
0050
034D
0088
0400
036C
0129
008C
02C6
012B
0035
0014
0125
01AD
05CB
0268
0093
0083
034F
0096
0097
0014
03A3
03A4
009A
026B
0181
0002
00E2
0137
073E
0006
00E4
073F
0319
02AF
02B0
013D
065C
05AB
02B2
0010
001D
0012
0014
0014
001F
0014
0014
0014
0014
0014
0014
0026
0409
001E
0027
0014
01B8
0014
0002
0014
0002
0014
0014
0010
001B
0022
001E
0014
0018
0014
0002
0014
0002
0002
0014
0024
001E
0020
0023
0021
001B
0014
0014
0002
0014
0014
0014
001D
0022
0022
001F
0014
0022
0014
0002
0014
0014
0002
0014
0021
0740
0015
0023
0014
0741
0014
0002
0014
0002
0014
0014
0024
001A
0010
0019
0014
0016
0014
0014
0014
0002
0002
0002
0018
001E
0010
0026
0014
0023
0014
0014
0014
0014
0014
0014
0027
002F
0012
0014
0014
06C2
0014
0014
0014
0014
0014
0014
0026
002A
0012
0013
0014
00A8
0014
0014
0014
0014
0014
0014
0019
00A9
0018
0013
0014
002E
0014
0014
0014
0014
0014
0014
0023
0371
0015
0014
0014
002B
0002
0014
0002
0014
0014
0002
018B
0032
0742
0034
0014
0014
040D
0743
0744
0745
003A
00AE
0746
0034
0002
0014
00B1
071A
0747
0748
04F6
054E
0206
01C9
0045
0014
0036
03B4
0749
074A
023A
015A
004D
012B
01A0
0050
0544
022B
0324
022D
03BB
0056
074B
0058
004F
0014
0198
027A
074C
03BF
00C5
059C
0613
00F9
0061
0014
01F1
019A
074D
074E
041F
00CB
0068
01F3
00B0
0014
074F
071E
0750
050A
0450
00CF
0072
0073
0074
0014
02A7
0379
02C2
032D
0237
006B
016D
007C
0014
0014
016F
0451
02E4
032E
00D6
01A8
0751
0085
0086
0014
0087
0330
0089
0331
008B
008C
05DE
008E
0035
0014
02EB
0752
01AE
0334
0243
0094
05B7
0753
0014
0014
0098
0754
0336
0755
03F8
0002
0003
01B5
0005
0006
0007
0756
02F4
0757
0356
0187
0758
000E
0290
0026
00EB
001A
0013
0014
02F9
0014
0002
0002
0014
0014
0014
0016
0017
0018
0019
0014
001A
0002
0002
0014
0014
0002
0002
001B
001C
001D
001E
001F
0016
0002
0002
0002
0002
0002
0014
001B
001E
0016
001F
0014
0010
0002
0014
0014
0014
0014
0014
0015
001B
0012
0023
0014
0012
0014
0002
0002
0014
0002
0014
001D
001C
0022
0027
0014
0016
0014
0002
0014
0014
0002
0014
0016
00EC
0016
0023
0025
0016
0014
0014
0002
0014
0002
0002
0012
0012
0010
0027
0014
001A
0002
0014
0002
0014
0014
0002
0027
0250
00EE
0027
0014
0029
0002
0014
0014
0014
0014
0014
0026
018A
0022
0026
0013
00A6
0014
0002
0014
0014
0014
0002
0026
018A
002D
0027
0014
002E
0014
0014
0014
0002
0014
0002
0019
00A5
0030
0019
0014
002E
0014
0014
0014
0014
0014
0002
0031
00F1
0432
02CF
0035
0014
0036
0037
0759
075A
02FC
003B
003C
00F9
00B0
0014
01BD
003E
003F
0040
0041
0042
0043
0044
0156
0046
01BF
0048
0049
004A
0103
004C
0105
004E
004F
0014
0051
0361
03D7
075B
010B
0391
0057
0197
00B0
0014
015E
005A
05F7
0465
029C
005E
005F
0060
0097
0014
00C7
0163
0064
0065
0066
0067
0068
0069
006A
006B
006C
0468
029F
0469
01C8
0071
00D0
0119
0167
0014
0120
016B
02A1
0078
00D3
007A
047E
01FB
007D
0014
01A5
007F
02A3
01FD
0082
0083
0084
027C
00DC
0050
034D
0088
0576
036C
018B
0046
008D
012B
0035
0014
0125
0090
05CB
0268
0093
0251
0095
0096
0097
0014
012C
0099
009A
0180
0452
0002
04C6
0184
0317
0006
0007
00A0
0009
000A
033A
075C
0188
000E
000F
0010
001B
0012
0013
0014
001E
0014
0014
0002
0014
0014
0014
0016
001B
0018
0027
0014
001A
0002
0014
0014
0014
0014
0002
001B
0024
0016
001E
0019
0010
0002
0002
0014
0002
0002
0014
0024
001E
0016
001F
0014
0010
0002
0014
0014
0014
0014
0014
0022
0024
0022
001F
0014
0022
0014
0002
0002
0014
0002
0014
001D
001C
0018
0027
0014
0016
0014
0002
0014
0014
0002
0014
0024
001A
0010
0023
0014
0016
0014
0014
0002
0014
0002
0002
0018
001E
0010
0026
0014
0023
0014
0014
0014
0014
0014
0014
0027
0028
0022
0027
0014
00EF
0014
0014
0014
0014
0014
0014
0026
002A
0018
0026
0013
002B
0014
0014
0014
0014
0014
0002
0019
00A9
0010
0014
0014
002E
0014
0014
0014
0002
0014
0002
0023
0649
0022
0014
0014
00A8
0002
0014
0002
0014
0014
0002
05D6
0032
02CE
00F3
0035
0014
00AB
04D1
02D0
075D
075E
003B
003C
0034
0097
0014
00B1
018E
031E
075F
00B5
00B6
0206
0190
0045
0251
0036
0048
062D
065F
0760
03B8
0193
004E
0074
0014
0051
0195
0761
0762
0196
0056
0057
0060
004F
0014
0763
0326
0199
022F
041E
014E
005F
00F9
0097
0014
01F1
019A
019B
0212
041F
00CB
0308
0114
006A
0014
0115
0764
0232
0765
032C
0071
01CA
0073
0074
0014
01CB
04DB
0077
032D
01A2
007A
01A4
007C
007D
0014
0103
0451
0591
032E
00B5
0083
02E6
0085
0086
0050
02E8
023D
0089
0283
0129
008C
02A8
008E
0014
0014
02E8
01AD
01AE
037D
0130
0094
01B0
01B1
0014
0014
0098
01B2
0595
0766
0001
0002
0003
02F3
00E3
0006
00E4
0139
02F4
0339
0767
000C
013E
0768
024F
0026
0141
0015
0014
0014
00A7
0014
0002
0002
0014
0014
0014
00EC
0142
0012
0019
0014
01B8
0002
0002
0014
0002
0002
0014
0024
001C
001D
001E
001F
0016
0014
0002
0002
0002
0014
0014
001B
001E
0020
0023
0021
001B
0002
0014
0002
0014
0014
0014
001D
001B
0018
0023
0014
0012
0014
0002
0014
0014
0002
0014
0022
001C
0022
0023
0014
0018
0014
0002
0014
0002
0014
0014
0016
001F
0016
0021
0025
0018
0014
0014
0002
0002
0002
0002
0018
0012
0018
0027
0014
001A
0002
0014
0002
0014
0014
0002
0027
033F
00EE
0014
0014
01BA
0002
0014
0014
0014
0014
0014
0026
002C
0022
0027
0014
002E
0014
0002
0014
0014
0014
0014
0026
002C
002D
0027
0014
002E
0014
0014
0014
0014
0014
0014
0026
002F
0030
0019
0014
00A6
0014
0014
0014
0014
0014
0002
0147
00F1
0340
0034
0014
0014
00F4
0546
0038
035C
0769
014E
0227
0150
0002
0014
02B5
0152
02B7
0040
00FE
0042
0043
0044
0156
0046
01BF
00B8
0049
004A
00CC
004C
004D
015A
004F
0050
0278
00BD
025B
025C
0055
076A
015D
0058
0002
0014
015E
005A
005B
02BD
005D
005E
005F
0060
0061
0014
0364
0163
0112
0065
0066
0067
0068
0069
0002
006B
00CC
006D
029F
006F
03DA
00CF
0072
0347
007D
0014
0120
016B
076B
0078
0079
007A
016D
0349
0014
0014
007E
007F
0171
076C
00D6
0251
02C3
0174
00DC
0014
0087
00D8
0175
0176
0147
039E
051A
01FE
0035
0014
0313
0179
017A
017B
0093
00AE
051B
0096
0097
0014
012C
0099
017F
009B
0381
0002
00E2
0004
0709
0006
00E4
0008
0220
028D
000B
031A
00E8
00E9
076D
0019
002C
0015
0014
0014
02F9
0014
0002
0002
0014
0014
0014
0016
01DC
0012
0019
0014
001A
0002
0014
0014
0014
0002
0002
001B
0024
001D
001E
001F
0016
0014
0002
0014
0002
0002
0014
001B
001E
0016
001F
0014
0010
0002
0014
0014
0014
0014
0014
001E
001B
0012
0023
0014
0012
0014
0014
0014
0014
0002
0014
001D
001C
0022
0023
0014
0018
0014
0002
0014
0014
0002
0014
0024
001A
0010
0021
0014
0018
0014
0014
0014
0014
0014
0002
0018
001E
0010
0027
0014
00EC
0014
0014
0014
0014
0014
0002
0027
00ED
0143
0014
0014
00EF
0014
0014
0014
0014
0014
0014
0026
02CC
0143
0027
0014
00A6
0014
0014
0014
0014
0014
0014
0019
01E1
0022
0027
0014
002E
0014
0014
0014
0002
0014
0014
0019
00A5
0022
0019
0014
002E
0014
0014
0014
0014
0014
0014
0168
00F1
076E
00F3
0014
0014
01E3
0226
076F
0770
003A
003B
0771
00F9
0002
0014
051E
0772
0773
0774
01ED
0042
0775
0044
0156
00AE
00F4
03B4
0776
05F9
0059
066F
0105
0106
004F
0014
0464
0195
0777
04B2
0278
022E
015D
0424
0097
0014
0059
015F
0778
0779
02AA
005E
05BE
0060
0061
0014
02DB
077A
077B
077C
01F2
04B5
0068
04B6
0167
0014
01F4
0397
04B7
032B
01F8
0071
0072
077D
0167
0014
0103
04B8
077E
05FB
02E1
007A
007B
077F
0014
0014
0120
007F
0780
045A
00D6
0083
02E6
0781
00DC
0014
0120
046F
0127
0510
01F4
0046
061E
01FE
0035
0014
040D
039F
061F
0782
0130
00AE
0621
0096
0097
0014
012C
03A4
05FD
04C5
0136
0002
009D
052A
0005
0006
0007
0783
0009
0784
0785
0187
0623
000E
000F
0010
0011
0012
0013
0014
001E
0014
0002
0014
0014
0014
0014
0026
033E
0018
0027
0014
00A6
0014
0002
0014
0002
0014
0014
0020
001C
0010
001E
0026
0022
0002
0002
0002
0002
0014
0014
0024
001E
0020
00EC
0021
001B
0014
0014
0002
0014
0014
0014
001D
0024
0022
001F
0014
0022
0014
0002
0002
0014
0002
0014
0026
0786
001A
0019
0014
0639
0014
0002
0014
0002
0014
0014
0022
001F
0016
0023
0025
0016
0014
0014
0002
0002
0002
0002
0014
00ED
0787
0026
0014
01B8
0002
0014
0002
0014
0014
0002
0014
01B9
0016
0027
0014
01BA
0002
0014
0014
0014
0014
0014
0026
002A
0022
0026
0013
00A8
0014
0002
0014
0014
0014
0002
0019
002C
002D
0013
0014
002E
0014
0014
0014
0014
0014
0002
0023
0203
0030
0014
0014
002B
0002
0014
0002
0014
0014
0002
0031
0032
0033
0034
0035
0014
0100
0037
0038
0039
018B
00AE
0788
0034
0097
0014
003D
003E
0626
018F
00B5
0056
0043
0190
0045
0046
0047
0048
0191
0192
004B
004C
004D
004E
0061
0050
0107
0361
0053
00BE
02BB
0056
0057
0058
004F
0014
03BD
011E
02BC
005C
0031
0083
05B2
00F9
0097
0014
0062
0063
0627
0789
0066
0067
0068
0069
006A
006B
006C
0468
019E
006F
01C8
0014
078A
078B
0074
0014
010B
0076
0077
0078
00D3
0014
030D
007C
007D
0014
007E
06E0
0080
0081
0082
01A8
0173
0085
0086
0050
008F
0088
0089
008A
008B
008C
0177
008E
0035
0014
008F
0090
0091
0092
0093
0094
0629
00DB
0014
0014
0098
0219
03C9
04DE
01D6
0002
0315
0004
0549
0006
00E4
00A0
02F4
02AF
0785
000C
02B1
04E6
000F
0010
001D
0015
0013
0014
0015
0014
0002
0002
0014
0014
0014
0026
04E7
05AC
0019
0014
01B8
0002
0014
0014
0014
0002
0002
001B
001C
001D
001E
001F
0016
0002
0002
0014
0002
0002
0014
001B
001E
0016
001F
0014
001B
0002
0014
0014
0014
0014
0014
0015
001B
0018
001F
0014
0022
0014
0002
0002
0014
0002
0014
001D
001C
0022
0019
0014
0016
0014
0002
0014
0014
0002
0014
0024
001A
0010
0023
0014
0016
0014
0014
0014
0002
0002
0002
0018
0012
0010
0026
0014
001A
0002
0014
0014
0014
0014
0002
0027
040A
01DD
0027
0014
00A7
0002
0014
0014
0014
0014
0014
0027
01E0
0022
0027
0014
0388
0014
0014
0014
0014
0014
0014
0026
01E1
002D
0027
0014
0388
0014
0014
0014
0002
0014
0014
0026
05F4
0030
0019
0014
00A6
0014
0014
0014
0014
0014
0014
018B
0032
02CE
0034
0035
0014
01BB
0037
078C
0273
027E
0251
04E9
078D
0002
0014
003D
01EA
04EC
078E
01E7
00B6
0206
0044
0156
0046
0036
02BA
0611
04EE
00AA
02D6
004D
015A
004F
0014
0107
025A
02D7
078F
00BB
04F2
0057
0058
004F
0014
015E
0790
02BC
02BD
041E
008C
005F
0060
0097
0014
0225
0063
04F3
04F4
01F2
0366
0045
0114
006A
0014
0196
029E
0232
04F5
016A
00CF
03DB
0398
0074
0014
04F6
016B
027F
04F7
03C6
006B
04F8
0616
007D
0014
0103
007F
0080
0480
00D6
04A0
04F9
0085
00DC
0014
032F
04BD
04FA
04BF
0031
039E
0284
008E
0035
0014
0149
0179
04FB
0285
029C
0094
04A8
0096
0097
0014
012C
0350
0791
009B
0001
0002
009D
0353
0005
0006
0007
00E5
0009
00E7
000B
026E
00E8
000E
00EA
0026
00EB
0012
0014
0014
00A6
0014
0002
0002
0014
0014
0014
0016
0017
0021
0014
0014
001A
0002
0002
0014
0002
0014
0014
0020
001B
0016
001E
0014
0022
0014
0002
0002
0002
0002
0014
0024
001F
0020
0023
0021
0010
0014
0014
0002
0014
0014
0014
001D
0024
0022
0019
0014
001E
0014
0014
0014
0014
0002
0014
0022
001C
001E
0023
0014
0018
0014
0002
0014
0002
0014
0014
0010
00EC
0016
0019
0025
0012
0014
0014
0002
0014
0002
0002
0018
001E
0018
0027
0014
0023
0014
0014
0002
0014
0014
0002
0027
0028
0016
0014
0014
01B8
0002
0014
0014
0014
0014
0014
0026
04CE
0022
0026
0013
002B
0014
0002
0014
0014
0014
0002
0019
002C
0010
0013
0014
002E
0014
0014
0014
0014
0014
0002
0023
00A5
0016
0014
0014
00A8
0002
0014
0002
0014
0014
0002
0031
00F1
0252
00F3
0014
0014
00AB
0271
04D2
0254
003A
003B
003C
048B
0014
0014
01ED
003E
003F
0040
0041
0042
0043
00FF
0045
0014
0277
0048
0049
004A
004B
004C
007D
004E
007D
0050
00BC
0052
03D7
0054
0055
0056
015D
0197
00B0
0014
0198
027A
010D
022F
005D
005E
005F
0438
0061
0014
0062
0111
0064
0065
0066
0067
0068
0069
0167
006B
006C
006D
04D8
0367
0070
0071
0072
0073
0167
0014
010B
0076
0077
00D2
0237
007A
007B
04E2
0014
0014
007E
0451
034B
01FD
010E
0083
0084
0124
0086
0050
008F
0088
0311
0265
010B
008C
008D
012B
0035
0014
008F
04C1
036E
017B
017C
0083
0095
03C8
0014
0014
0098
02F0
03C9
06BB
0001
0002
009D
0353
0549
0006
0007
0475
0009
01D9
000B
000C
03FB
000E
0222
0019
0141
0015
0013
0014
00A8
0014
0002
0002
0014
0014
0014
0016
0017
0018
0013
0014
001A
0014
0002
0014
0014
0014
0002
001B
001C
001D
001E
0014
0016
0002
0002
0014
0002
0002
0014
0024
001F
0020
001F
0021
0010
0002
0014
0002
0014
0014
0014
0022
001D
0018
0023
0014
0015
0014
0002
0002
0014
0002
0014
0022
001D
0022
0023
0014
0016
0014
0002
0014
0002
0002
0014
0024
001A
0016
0026
0025
0021
0014
0014
0002
0014
0002
0002
0018
0012
0010
0027
0014
001A
0002
0014
0014
0014
0014
0002
0013
01DD
00EE
0027
0014
01DF
0002
0014
0014
0014
0014
0014
0026
01E0
0018
0027
0014
00A6
0014
0002
0014
0014
0014
0014
0019
01E0
0018
0027
0014
0388
0014
0014
0014
0002
0014
0014
0023
00A5
0012
0019
0014
00A8
0002
0014
0002
0014
0014
0014
0031
00F1
0358
0034
0035
0014
01E7
0271
014B
0792
00F7
003B
062B
035D
00B0
0014
020A
02B6
00FC
00FD
00FA
0042
00D0
0190
0045
0014
02C5
03B4
0101
0158
023A
0104
004D
015A
0074
0050
0793
0052
0109
010A
0055
0056
0057
0058
0097
0014
0198
015F
005B
0794
005D
005E
010F
00F9
0061
0014
0531
0365
02DC
0113
0062
0366
0068
0114
0167
006B
00CC
006D
006E
006F
0450
0071
0072
0073
01A0
0014
0075
0076
0077
0078
0079
01A3
007B
0349
007D
0014
016F
01A6
02A3
0172
00D6
04A0
0084
027C
0086
0014
0087
0218
0795
036C
010B
00AE
008D
02A9
0035
0014
04F6
0472
0267
0268
0130
0083
0095
01B1
0097
0014
015E
0099
026A
009B
0796
0002
00E2
0004
0005
0797
00E4
0008
0407
00A1
04E4
0798
02B1
0799
02B2
0010
01DC
0012
0014
0014
0015
0014
0002
0002
0014
0014
0014
0026
06D4
0012
0019
0014
01B8
0002
0002
0014
0002
0002
0002
0024
001B
0016
001E
001F
0010
0014
0002
0002
0002
0014
0014
001B
001E
0016
00EC
0014
001B
0002
0014
0014
0014
0014
0014
001D
001B
0022
001F
0014
0022
0014
0002
0014
0014
0014
0014
001D
001C
0018
0019
0014
001E
0014
0002
0014
0014
0014
0014
0016
00EC
0010
0023
0014
0016
0014
0014
0002
0002
0002
0002
0018
001E
0018
0026
0014
0023
0014
0014
0002
0014
0014
0002
0027
01B9
0018
0014
0014
01BA
0002
0014
0014
0014
0014
0014
0026
002A
0022
0026
0013
00A8
0014
0002
0014
0014
0014
0002
0019
002C
002D
0014
0014
002E
0014
0014
0014
0014
0014
0002
0019
0203
0030
0014
0014
00A6
0014
0014
0014
0014
0014
0002
0490
0032
0033
00F3
0014
0014
02DB
0204
018C
0039
0255
00AE
02FD
0034
0002
0014
079A
018E
02B7
018F
004B
00B6
0043
0044
0156
0046
01E3
0373
00B9
0192
0103
004C
0193
004E
004F
0014
079B
04F0
0053
00BE
0419
04F2
00D0
0197
004F
0014
015E
01A2
020F
005C
004B
0306
005F
0060
00C6
0014
079C
0517
0307
0346
00CA
0067
02C0
0069
006A
0014
0168
0309
00CE
079D
03DA
00CF
00D0
01F9
0074
0014
00AA
0659
0426
01A1
03DD
007A
030D
007C
0014
0014
032F
034A
01A7
0081
0082
0083
023B
0085
00DC
0050
035A
023D
0089
0283
0147
008C
079E
008E
0014
0014
049D
01AD
01AE
037D
005D
0094
03AE
0096
0014
0014
042C
0269
0380
0679
079F
0002
00E2
065B
0709
0006
0007
0008
0220
00A1
000B
07A0
000D
000E
02B2
0010
001B
0012
0014
0014
0015
0014
0002
0002
0014
0014
0014
00EC
0462
0012
0019
0014
002E
0002
0014
0014
0014
0014
0002
001B
001D
0016
001E
0019
0016
0014
0014
0002
0002
0002
0014
001B
001E
0020
001F
0014
001B
0002
0014
0014
0014
0014
0014
0022
0024
0022
001F
0014
0022
0014
0002
0014
0014
0002
0014
0022
001C
0018
0019
0014
0016
0014
0002
0014
0014
0002
0014
0024
00EC
0010
0026
0014
0012
0014
0014
0002
0014
0002
0002
0018
001E
0010
0027
0014
00EC
0014
0014
0014
0014
0014
0014
0027
002F
0022
0014
0014
0387
0014
0014
0014
0014
0014
0014
0026
002A
0022
0027
0014
00A8
0014
0014
0014
0014
0014
0014
0019
00A9
0022
0027
0014
002E
0014
0014
0014
0002
0014
0014
0023
01E0
0022
0027
0014
00A8
0002
0014
0002
0014
0014
0014
018B
0032
02CE
00F3
0014
0014
00AB
07A1
02D0
075D
00F7
014E
07A2
0034
0002
0014
00B1
07A3
071B
07A4
00FA
0042
0206
0044
0045
0251
0036
07A5
0320
0713
0103
02D6
0193
012B
0074
0014
008C
07A6
07A7
04B2
0107
0304
0057
0150
004F
0014
0059
0553
07A8
0714
010E
005E
005F
0096
0097
0014
00AB
07A9
027B
07AA
041F
00CB
0068
0114
0167
0014
0115
07AB
07AC
07AD
07AE
00CF
0072
0119
01A0
0014
011A
07AF
07B0
0721
011E
007A
016D
007C
0014
0014
016F
0592
02E4
07B1
00BB
01A8
07B2
0085
00DC
0014
0125
07B3
0089
0331
0278
008C
07B4
008E
0035
0014
0132
07B5
01AE
07B6
0130
0094
07B7
0096
00DC
0014
03A3
07B8
05F3
07B9
0001
0002
0003
01B5
0005
0006
00E4
07BA
0009
01D9
07BB
000C
07BC
0460
0290
0026
0141
0015
0013
0014
00A6
0014
0002
0002
0014
0014
0014
0016
0017
0018
0014
0014
001A
0014
0002
0014
0002
0002
0014
0020
001C
001D
001E
001F
0022
0002
0002
0014
0002
0014
0014
0024
001A
0016
00EC
0021
0010
0002
0014
0002
0014
0014
0014
001D
001B
0018
0023
0014
0015
0014
0002
0002
0014
0002
0014
001D
001C
0022
0023
0014
0018
0014
0002
0014
0002
0014
0014
0016
001A
0016
0023
0025
0016
0014
0014
0002
0002
0002
0002
0012
0012
0018
0026
0014
001A
0002
0014
0002
0014
0014
0002
0013
0250
00EE
0027
0014
0029
0002
0014
0014
0014
0014
0014
0026
018A
0022
0026
0013
00A6
0014
0002
0014
0014
0014
0002
0026
002C
002D
0013
0014
002E
0014
0014
0014
0014
0014
0002
0026
002F
0030
0019
0014
00A6
0014
0014
0014
0014
0014
0002
020A
00F1
0340
0034
0035
0014
0100
07BD
0038
07BE
00AD
003B
003C
00F9
0014
0014
01BD
07BF
003F
07C0
00B5
0056
0043
00FF
0156
0046
0277
0055
0344
0345
023A
004C
004D
004E
004F
0050
0107
07C1
025B
0437
00BF
0056
00D0
0058
0002
0014
03BD
011E
00C3
005C
00C5
0306
005F
0060
0061
0014
0062
07C2
0307
07C3
0066
0067
0068
0069
006A
006B
00CC
0468
006E
006F
0070
0071
00D0
0073
0074
0014
0075
0076
0077
0078
00D3
007A
047E
01FB
007D
0014
01A5
007F
0171
076C
00D6
0083
0084
0174
0086
0050
0087
00D8
07C4
07C5
0031
0046
008D
04AF
0035
0014
008F
0090
017A
0685
005D
00AE
0095
005E
0097
0014
0098
00DE
009A
07C6
07C7
0002
0315
0004
009F
0006
00E4
0008
02F4
000A
000B
031A
000D
00E9
02B2
0010
001D
0015
0014
0014
001A
0014
0002
0002
0014
0014
0014
0016
001D
0018
0027
0014
001F
0002
0014
0014
0014
0002
0002
001B
0010
001D
001E
001F
0016
0014
0002
0014
0002
0002
0014
0016
001E
0016
001F
0014
0010
0002
0014
0014
0014
0014
0014
001E
001B
001E
001F
0014
0022
0014
0002
0002
0014
0002
0014
001D
001C
0022
0027
0014
001A
0014
0002
0014
0014
0002
0014
0024
001A
0010
0021
0014
0018
0014
0014
0014
0002
0014
0002
0018
001E
0010
0027
0014
00EC
0014
0014
0014
0014
0014
0002
0027
00ED
0143
0027
0014
00EF
0014
0014
0014
0014
0014
0014
0026
01E0
0022
0026
0013
0387
0014
0014
0014
0014
0014
0014
0019
01E1
0010
0027
0014
0388
0014
0014
0014
0002
0014
0014
0019
002F
0022
0019
0014
00A6
0014
0014
0014
0014
0014
0014
0168
0032
005F
02CF
0014
0014
01E3
0037
03EA
02D1
003A
003B
0215
0034
0002
0014
051E
07C8
07C9
07CA
0041
0042
07CB
00FF
0156
00AE
00F4
0055
07CC
07CD
0059
07CE
0193
0106
004F
0014
0051
0195
07CF
04B2
0107
022E
015D
0150
004F
0014
0059
005A
07D0
0522
02DA
005E
072D
0060
00C6
0014
0225
077A
07D1
07D2
01F2
04B5
0193
04B6
0167
0014
0196
0329
04B7
032B
01F8
0071
03DB
0398
01A0
0014
0103
04B8
027F
05FB
03DD
007A
0217
07D3
007D
0014
0103
007F
07D4
02E5
00D6
00AE
04BB
0085
00DC
0050
032F
04BD
04FA
04BF
0147
00AE
07D5
008E
0035
0014
0178
039F
07D6
037D
0130
0094
0621
0096
0097
0014
012C
03A4
05FD
04C5
0001
0002
009D
052A
00E3
0006
0007
0783
0009
07D7
04CA
0187
04CB
000E
0290
0026
0141
0012
0013
0014
00A7
0014
0002
0014
0014
0014
0014
0026
052E
001F
0019
0014
00A6
0002
0002
0014
0002
0014
0014
0022
001C
0022
001E
0026
0022
0002
0002
0002
0002
0014
0014
001B
001F
0020
0023
0021
001B
0002
0014
0002
0014
0014
0014
001D
0024
0022
0019
0014
0012
0014
0014
0014
0014
0002
0014
0026
0530
001A
0023
0014
0639
0014
0002
0014
0002
0014
0014
0022
001F
0016
0023
0025
0016
0014
0014
0002
0014
0002
0002
0014
00ED
0787
0026
0014
01B8
0002
0014
0002
0014
0014
0002
0014
01B9
0016
0014
0014
01BA
0002
0014
0014
0014
0014
0014
0026
04CE
0022
0013
0014
04CF
0014
0002
0014
0014
0014
0002
0019
018A
002D
0013
0014
002E
0014
0014
0014
0014
0014
0002
0023
002C
0030
0014
0014
00A8
0002
0014
0002
0014
0014
0002
0031
00F1
0252
0034
0035
0014
0100
0271
0038
0254
018B
00AE
03AE
0359
0035
0014
003D
003E
07D8
018F
01E7
0056
0043
0044
0045
0046
0047
0048
00B9
00BA
004B
004C
004D
004E
0061
0050
0278
0361
07D9
07DA
02BB
0056
0057
0058
00B0
0014
03BD
0305
02BC
022F
0031
0083
05B2
00F3
0061
0014
0062
0063
0627
0628
0066
0067
0068
0069
006A
006B
006C
006D
019E
006F
01C8
0014
04D9
078B
0074
0014
010B
0076
0077
0078
0079
0014
016D
03FF
0014
0014
007E
0451
0171
034C
0082
0083
0173
027C
0086
0014
008F
0088
04DC
0265
010B
008C
060B
012B
0035
0014
008F
0090
07DB
0268
0093
0083
0629
03C8
0014
0014
0098
0219
03C9
04DE
042E
0002
00E2
0004
009F
0006
0007
0008
06D3
000A
000B
031A
000D
000E
02B2
0010
001D
0015
0014
0014
0015
0014
0002
0002
0014
0014
0014
0016
01DC
0012
0019
0014
001A
0002
0014
0014
0014
0014
0002
001B
0010
001D
0019
001F
0016
0014
0014
0014
0002
0002
0014
001B
001E
0022
001F
0014
0010
0002
0014
0014
0014
0014
0014
001E
001B
001E
001F
0014
0022
0014
0002
0014
0014
0002
0014
001D
001C
0022
0027
0014
0016
0014
0002
0014
0014
0002
0014
0024
00EC
0010
0021
0014
0018
0014
0014
0014
0014
0014
0002
0018
001E
0010
0027
0014
00EC
0014
0014
0014
0014
0014
0014
0027
00ED
0143
0014
0014
00EF
0014
0014
0014
0014
0014
0014
0026
02CC
0143
0026
0013
0387
0014
0014
0014
0014
0014
0014
0019
01E1
0010
0027
0014
0388
0014
0014
0014
0002
0014
0014
0019
01E0
0022
0019
0014
002E
0014
0014
0014
0014
0014
0014
0168
0032
02CE
00F3
0014
0014
01E3
07DC
02D0
0580
00F7
003B
02D2
0034
0002
0014
07DD
07DE
07DF
07E0
0041
0042
0206
0044
0002
00AE
0036
0434
07E1
07E2
0503
02D6
0193
0106
0074
0014
0464
071C
02D7
04B2
0107
060E
0057
0150
004F
0014
0059
0553
07E3
07E4
010E
005E
005F
0060
0097
0014
02DB
07E5
07E6
07D2
01F2
04B5
06C7
0114
0167
0014
03F4
0329
02DE
032B
01F8
0071
03DB
027C
01A0
0014
027E
07E7
07E8
05FB
03DD
007A
0217
07D3
0014
0014
016F
07E9
07D4
0693
0082
00AE
04BB
07EA
00DC
0050
03F7
0126
04FA
04BF
01F4
00AE
07D5
008E
0035
0014
012C
06D0
07EB
07EC
0130
0094
0621
0096
0097
0014
07ED
01E4
07EE
07EF
0001
0002
0003
0353
00E3
0006
00E4
0783
0009
07F0
07F1
0187
07F2
0202
0290
0026
0141
0012
0013
0014
00A6
0014
0002
0014
0014
0014
0014
0026
033E
0018
0014
0014
00A6
0014
0002
0014
0002
0002
0014
0020
001C
0010
001E
0026
0022
0002
0002
0002
0002
0014
0014
0024
00EC
0020
00EC
0021
001B
0014
0014
0002
0014
0014
0014
001D
0020
0022
0023
0014
001E
0014
0002
0002
0014
0002
0014
0026
03AA
001A
0023
0014
05AC
0014
0002
0014
0002
0014
0014
0016
001A
0016
0023
0025
0016
0014
0014
0002
0002
0002
0002
0014
00ED
0787
0026
0014
01B8
0002
0014
0002
0014
0014
0002
0014
01B9
0016
0027
0014
01BA
0002
0014
0014
0014
0014
0014
0026
04CE
0022
0013
0014
00A8
0014
0002
0014
0014
0014
0002
0019
018A
002D
0013
0014
002E
0014
0014
0014
0014
0014
0002
0023
002F
0030
0014
0014
002B
0002
0014
0002
0014
0014
0002
020A
00F1
0340
0034
0035
0014
0100
0204
0038
07BE
00AD
00AE
0602
0056
0014
0014
01BD
0584
07F3
07F4
01E7
0056
0043
07F5
0045
0046
0277
0055
07F6
0192
023A
004C
004D
004E
004F
0050
0107
044A
066D
07F7
03BB
0056
00C0
0058
0002
0014
03BD
011E
00C3
005C
00C5
0083
05B2
03B2
0061
0014
0062
0163
0609
07F8
0066
0067
0068
0069
006A
006B
006C
006D
006E
006F
01C8
0014
04D9
078B
0074
0014
0075
0076
0077
0078
0079
0014
016D
03FF
007D
0014
01A5
02E3
0171
076C
00D6
0083
0173
0174
0086
0014
0087
0218
0683
07F9
008B
008C
0177
012B
0035
0014
008F
0090
017A
07FA
0093
0083
03C7
00DB
0014
0014
0098
0219
03C9
00E0
0136
0002
0003
07FB
009F
0006
00E4
0008
0009
000A
04E4
07FC
07FD
07FE
000F
0010
0011
0012
0013
0014
001A
0014
0002
0002
0014
0014
0014
0016
0017
0018
0014
0014
001A
0002
0002
0014
0014
0014
0002
001B
001C
001D
0023
0019
0022
0002
0002
0002
0002
0002
0014
0024
001E
0016
001F
0014
001B
0002
0014
0002
0014
0014
0014
0022
0024
0022
001F
0014
0022
0014
0002
0002
0014
0002
0014
0022
001C
0022
0019
0014
001E
0014
0002
0014
0002
0002
0014
0024
00EC
0016
0023
0025
0016
0014
0014
0002
0002
0002
0014
0018
001E
0010
0026
0014
0023
0014
0014
0014
0014
0014
0002
0027
0028
0016
0027
0014
0029
0002
0014
0014
0014
0014
0014
0026
002A
0012
0026
0013
002B
0014
0002
0014
0014
0014
0002
0019
002C
0010
0014
0014
002E
0014
0014
0014
0002
0014
0002
0019
0371
0016
0014
0014
00A6
0002
0014
0002
0014
0014
0002
07FF
0032
0033
0514
0035
0014
00AB
0800
0463
0372
02FC
003B
003C
0034
0014
0014
00B1
003E
003F
018F
039E
035D
0206
0801
02B9
0251
0036
0048
0802
0209
004B
004C
0193
004E
004F
0014
0051
058B
0053
00BE
043C
0056
00C0
0060
004F
0014
00C1
01A2
0803
005C
00C5
014E
005F
005E
00DC
0014
01F1
0063
0211
0804
0066
0067
0068
0069
006A
006B
0168
03C4
0805
0367
0070
0071
05ED
0073
0074
0014
0075
0076
055E
01CC
00D3
007A
0217
007C
007D
0014
007E
01A6
01CE
01CF
0082
0083
0084
0085
0086
0050
0087
0088
0089
008A
0031
008C
008D
008E
0014
0014
008F
0090
0091
0092
006C
0094
0095
03C8
0014
0014
0098
00DE
03C9
060D
0806
0002
00E2
0004
00E3
0006
0007
05B9
02F4
0339
000B
000C
00E8
000E
024F
0019
00F0
0015
0014
0014
02F9
0014
0002
0002
0014
0014
0014
00EC
0462
0012
0019
0014
01B8
0002
0002
0014
0002
0002
0014
0020
001B
0016
001E
001F
0016
0014
0002
0014
0002
0002
0014
001B
001E
0020
0023
0021
0022
0002
0014
0014
0014
0014
0014
001D
001B
0018
0021
0014
0012
0014
0002
0014
0014
0014
0014
001D
001C
0018
0023
0014
0016
0014
0002
0014
0014
0014
0014
0022
001A
0010
0021
0014
0012
0014
0014
0014
0014
0002
0002
0018
0012
0018
0027
0014
001A
0002
0014
0002
0014
0014
0002
0027
05F4
01DE
0014
0014
002B
0002
0014
0014
0014
0014
0014
0026
02CC
040B
0027
0014
0388
0014
0014
0014
0014
0014
0014
0026
01E1
002D
0027
0014
002E
0014
0014
0014
0014
0014
0014
0023
00A5
0030
0019
0014
00A8
0014
0014
0014
0014
0014
0002
0168
00F1
0358
0034
0014
0014
01BB
0226
0038
0254
003A
014E
0227
00F9
0002
0014
00FA
0807
0275
01EC
0583
0042
0043
0044
0045
0046
01BF
0808
0049
004A
020A
0104
004D
015A
0061
0050
04B0
0809
0109
010A
0278
076A
0057
0058
0097
0014
0059
0553
005B
00C4
0149
005E
005F
0060
0061
0014
0364
032C
0112
0065
0151
00CB
0068
0114
0167
0014
00CC
05C8
006E
030A
0233
00CF
0072
0119
01A0
0014
027E
047C
011C
011D
0237
007A
016D
011F
0014
0014
0120
034A
0171
01FD
016F
0251
0694
080A
00DC
0014
0125
0330
080B
02A6
0129
039E
07B4
01FE
0035
0014
012C
0752
012E
080C
0093
0083
0244
0096
0097
0014
017E
080D
0134
0247
0381
0002
021D
0004
080E
0006
0007
0382
0220
042F
000B
080F
0810
000E
024F
0019
018A
001A
0014
0014
02F9
0014
0002
0002
0014
0014
0014
0016
01DC
0018
0019
0014
001A
0002
0014
0014
0002
0002
0002
001B
0024
001D
001E
001F
0016
0014
0002
0014
0002
0002
0014
001B
001E
0016
001F
0014
0010
0002
0014
0014
0014
0014
0014
0019
001B
001A
0023
0014
0012
0014
0002
0002
0014
0002
0014
001D
001C
0022
0023
0014
0016
0014
0002
0014
0014
0002
0014
0024
001A
0010
0021
0014
0018
0014
0014
0014
0014
0014
0002
0018
0012
0010
0027
0014
001A
0002
0014
0014
0014
0014
0002
0027
0250
01DD
0027
0014
0029
0002
0014
0014
0014
0014
0014
0026
01E0
0022
0027
0014
00A6
0014
0014
0014
0014
0014
0014
0026
01E1
002D
0027
0014
002E
0014
0014
0014
0002
0014
0014
0023
00A5
0030
0019
0014
00A8
0014
0014
0014
0014
0014
0014
018B
00F1
0432
02CF
0014
0014
02DB
0037
038A
038B
018D
003B
038C
00F9
0002
0014
051E
018E
003F
0040
01ED
0042
0811
0044
0045
0046
00F4
0048
0812
0813
0103
004C
0105
015A
004F
0014
0051
0195
025B
0054
010B
008C
0057
0438
0097
0014
0059
005A
0814
0815
010E
005E
0394
0060
0061
0014
00AB
0111
0816
05C7
00CA
0058
0068
0069
0167
0014
0168
0397
0232
0525
0070
0071
0072
027C
0167
0014
04F6
016B
0527
011D
02E1
007A
007B
0817
007D
0014
0103
07E9
039B
0172
0082
0083
0084
01F3
00DC
0014
0125
0088
0576
036C
0129
0046
008D
012B
0035
0014
035A
039F
05CB
0268
0093
0083
0095
0096
0097
0014
03A3
03A4
009A
026B
03A5
0002
009D
052A
0005
0006
00E4
00E5
0009
0818
0201
000C
0819
067B
000F
0010
0011
0012
0013
0014
001F
0014
0002
0014
0014
0014
0014
0026
033E
001E
0027
0014
002E
0014
0002
0014
0014
0014
0014
001F
0530
0022
0027
0014
00ED
0002
0002
0002
0002
0014
0014
0024
001E
0020
0023
0021
001B
0014
0014
0002
0014
0014
0014
001D
0016
0022
001F
0014
0022
0014
0002
0014
0014
0002
0014
0021
03AA
001A
0019
0014
002B
0014
0002
0014
0002
0014
0014
0010
001F
0016
0023
0025
0016
0014
0014
0002
0002
0002
0002
0012
001E
0018
0026
0014
0023
0014
0014
0002
0014
0014
0002
0014
01B9
0016
0014
0014
05E2
0014
0014
0014
0014
0014
0014
0026
002A
0022
0026
0013
00A8
0014
0002
0014
0014
0014
0002
0019
002C
0010
0013
0014
002E
0014
0014
0014
0014
0014
0002
0019
0371
0016
0014
0014
00A6
0002
0014
0002
0014
0014
0002
020A
0032
0564
0034
0035
0014
0100
00AC
014B
0565
00AD
00AE
03AE
0034
0097
0014
003D
00B2
03AF
03B0
00B5
03B2
081A
0060
00C6
0014
0047
03B4
081B
081C
023A
0104
004D
004E
0061
0050
0278
020C
0279
05D7
043C
0056
0539
0058
004F
0014
03BD
053A
053B
053C
00C5
0083
081D
00F9
00C6
0014
0062
0063
081E
03C2
00C7
0067
0068
027C
006A
006B
0467
03C4
019E
006F
03C5
01C9
00D0
0073
0074
0014
010B
0076
00D1
00D2
053F
0014
030D
007C
0014
0014
007E
034A
01A7
0081
00D6
01A8
05F0
0085
0086
0050
0087
081F
0089
01AB
0031
008C
0820
008E
0035
0014
02EB
0090
01AE
0285
0168
0094
0821
00DB
0014
0014
0098
00DE
05E0
00E0
03CA
0002
03CB
03CC
009F
0006
0007
00A0
0220
013B
00A2
028F
03CF
0822
024F
0026
0141
0012
0014
0014
02F9
0014
0002
0002
0014
0014
0014
0026
033E
0015
0019
0014
00A6
0002
0002
0014
0014
0002
0002
001B
001D
001D
001E
0019
0010
0014
0002
0002
0002
0002
0014
001B
001A
0020
001F
0014
001B
0002
0014
0002
0014
0014
0014
0022
0024
0022
0023
0014
0012
0014
0002
0014
0014
0002
0014
001D
001C
0022
0019
0014
001E
0014
0002
0014
0002
0002
0014
0024
001F
0016
0021
0025
0018
0014
0014
0002
0014
0002
0002
0018
0012
0010
0027
0014
001A
0014
0014
0014
0014
0014
0002
0027
05F4
0144
0014
0014
002B
0002
0014
0014
0014
0014
0014
0026
03D1
0012
0026
0013
002E
0014
0002
0014
0014
0014
0014
0019
0291
0010
0014
0014
0388
0014
0014
0014
0002
0014
0014
0019
0223
0016
0014
0014
002E
0002
0014
0002
0014
0014
0014
020A
00F1
03D2
0034
0014
0014
00AB
0204
0038
067D
02FC
00AE
0566
035D
0097
0014
0296
07DE
0823
018F
00B5
00B6
0206
0044
0156
0251
0047
0824
0611
0612
004B
004C
004D
004E
004F
0014
00BC
01EE
063D
075B
00BF
0304
00D0
0058
0097
0014
00C1
0230
00C3
02BD
00C5
0306
005F
005E
00C6
0014
00C7
0825
03D9
01C6
0066
00CB
0068
0069
0002
006B
006C
019D
029F
030A
03DA
00CF
03DB
0234
01A0
0014
0120
0659
0826
0827
03DD
007A
0828
0710
0014
0014
016F
0829
03E1
082A
0082
00AE
082B
027C
00DC
0050
0125
02A4
039C
082C
01F4
00AE
0677
012B
0014
0014
035A
03E2
03E3
082D
006C
00AE
0286
01B1
0014
0014
03A3
03E5
03E6
01B3
0001
0002
0003
0004
00E3
0006
00E4
0139
0483
000A
000B
000C
000D
00E9
000F
0010
01DC
001E
0013
0014
001E
0014
0002
0002
0014
0014
0014
0016
001B
0018
0027
0014
001A
0014
0002
0014
0002
0014
0014
0020
001C
0010
001E
001F
0016
0002
0002
0014
0002
0002
0014
0024
001E
0016
0023
0021
0010
0014
0014
0014
0014
0014
0014
001D
001B
0012
001F
0014
0022
0014
0002
0002
0014
0014
0014
0022
001C
0012
0023
0014
0016
0014
0002
0014
0014
0014
0014
0016
001A
0010
0023
0014
0016
0014
0014
0014
0002
0014
0002
0012
0015
0018
0026
0014
00EC
0002
0014
0002
0014
0014
0002
0027
0028
0018
0027
0014
0029
0002
0014
0014
0014
0014
0014
0026
002A
0022
0027
0014
002B
0014
0002
0014
0014
0014
0002
0019
002C
002D
0027
0014
002E
0014
0014
0014
0014
0014
0002
0023
0371
0030
0019
0014
002B
0014
0014
0014
0014
0014
0002
0168
0032
02CE
00F3
0035
0014
01E7
0271
02D0
0410
003A
003B
01E8
0034
0002
0014
01BD
02B6
00FC
01EC
0276
0042
0043
0190
0045
0046
0100
082E
0049
004A
020A
02D6
0193
020B
0061
0050
0107
0052
0324
082F
0129
0056
0057
0197
004F
0014
0059
0255
010D
0830
029C
005E
005F
0060
0061
0014
01F1
0831
02DC
0065
0151
0067
02C0
0114
006A
0014
0422
006D
0232
0367
032C
0071
0072
0073
0074
0014
010B
0076
0077
0078
0079
006B
007B
007C
007D
0014
01A5
007F
01A7
0081
00D6
0083
0084
0085
0086
0014
02DA
0218
0089
008A
008B
008C
008D
008E
0035
0014
02E8
0090
0091
0092
0093
0094
0095
0096
0097
0014
0098
0099
009A
0180
0381
0002
0315
0004
080E
0006
0007
0382
0220
042F
000B
031A
05BB
000E
00EA
0019
018A
001A
0014
0014
02F9
0014
0002
0002
0014
0014
0014
0016
01DC
0018
0019
0014
001A
0002
0014
0014
0014
0014
0002
001B
0022
001D
00EC
001F
0016
0014
0014
0014
0002
0002
0014
001B
001E
0016
001F
0014
0010
0002
0014
0014
0014
0014
0014
0019
0786
00EC
0023
0014
0357
0014
0002
0002
0014
0002
0014
001D
001C
0022
0023
0014
0016
0014
0002
0014
0014
0002
0014
0024
001A
0010
0021
0014
0018
0014
0014
0014
0014
0014
0002
0018
0012
0010
0027
0014
001A
0002
0014
0014
0014
0014
0014
0027
01DD
01DD
0027
0014
01DF
0002
0014
0014
0014
0014
0014
0026
01E0
0022
0027
0014
0387
0014
0014
0014
0014
0014
0014
0026
01E1
002D
0027
0014
0388
0014
0014
0014
0002
0014
0014
0019
00A5
0030
0019
0014
002E
0014
0014
0014
0014
0014
0014
018B
00F1
0389
003B
0014
0014
01E3
0037
0832
038B
00F7
003B
038C
00F9
0002
0014
051E
018E
003F
0040
00FA
0042
038D
0044
02B9
0046
00F4
0048
0833
038F
0103
004C
0105
015A
004F
0014
0051
0195
025B
0054
010B
008C
0834
0391
0097
0014
0059
005A
0835
0815
010E
005E
0394
0060
0061
0014
00AB
0111
0836
07D2
00CA
0058
0068
0069
0167
0014
0168
0397
0232
0525
0070
0071
0072
0398
0167
0014
0120
016B
02A1
011D
02E1
007A
007B
0399
007D
0014
0103
039A
039B
0172
0082
00AE
01A9
01F3
00DC
0014
0125
0126
039C
039D
01F4
039E
01AC
012B
0035
0014
035A
039F
03A0
03A1
0093
00AE
03A2
0096
0097
0014
03A3
03A4
0380
01B3
03A5
0002
009D
052A
0005
0006
00E4
00E5
0319
0837
0201
0187
03A8
0202
000F
0010
0011
0012
0013
0014
001F
0014
0002
0014
0014
0014
0014
0026
033E
001E
0014
0014
00A6
0014
0002
0014
0002
0002
0014
00EC
03A9
0022
001E
0014
01DD
0002
0002
0002
0002
0014
0014
0024
001E
0020
0023
0021
001B
0014
0014
0002
0014
0014
0014
001D
0016
0022
001F
0014
0022
0014
0002
0014
0014
0002
0014
0021
03AA
001A
0019
0014
00A8
0014
0002
0014
0002
0014
0014
0010
001F
0016
0023
0025
0016
0014
0014
0002
0002
0002
0002
0018
001E
0018
0026
0014
0023
0014
0014
0002
0014
0014
0002
0014
01B9
0016
0014
0014
01BA
0002
0014
0014
0014
0014
0014
0026
002A
0022
0026
0013
00A8
0014
0002
0014
0014
0014
0002
0019
002C
0010
0013
0014
002E
0014
0014
0014
0014
0014
0002
0023
0371
0016
0014
0014
002B
0002
0014
0002
0014
0014
0002
020A
0032
0564
0034
0035
0014
0100
00AC
014B
0565
00AD
00AE
03AE
0034
0014
0014
003D
00B2
03AF
03B0
00B5
03B2
03B3
02FE
0045
0014
0047
03B4
0838
0839
03B7
0104
004D
004E
0061
0050
0278
020C
0279
05D7
03BB
0056
0539
0058
004F
0014
03BD
0305
053B
053C
00C5
0083
03C0
00F9
00DC
0014
0062
0063
03C1
03C2
0087
0067
0068
027C
006A
006B
00CC
03C4
019E
006F
03C5
00CF
00D0
0073
0074
0014
010B
0076
00D1
00D2
053F
0014
030D
007C
0014
0014
007E
034A
01A7
0081
00D6
0083
0173
0085
0086
0050
0087
0218
0089
008A
008B
008C
0177
008E
0035
0014
02EB
0090
0091
0092
017C
0094
083A
03C8
0014
0014
0098
0219
03C9
00E0
042E
0002
021D
0004
009F
0006
0007
0382
0220
083B
000B
080F
083C
000E
076D
0019
04CE
0015
0014
0014
02F9
0014
0002
0002
0014
0014
0014
0016
01DC
0018
0019
0014
001A
0002
0014
0014
0014
0002
0002
001B
0010
001D
001E
001F
0016
0014
0014
0002
0002
0002
0014
001B
001E
0016
001F
0014
0010
0002
0014
0014
0014
0014
0014
0019
001B
001E
0023
0014
0012
0014
0002
0002
0014
0002
0014
001D
001C
0022
0027
0014
0016
0014
0002
0014
0014
0002
0014
0024
00EC
0010
0021
0014
0018
0014
0014
0002
0014
0002
0002
0018
0012
0010
0027
0014
001A
0002
0014
0014
0014
0014
0002
0027
01DD
0143
0027
0014
01DF
0002
0014
0014
0014
0014
0014
0026
01E0
0022
0026
0013
0387
0014
0014
0014
0014
0014
0014
0019
01E1
0010
0027
0014
0388
0014
0014
0014
0002
0014
0014
0019
00A5
0022
0019
0014
002E
0014
0014
0014
0014
0014
0014
018B
00F1
083D
02CF
0014
0014
02DB
0037
0832
038B
00F7
003B
038C
00F9
0002
0014
051E
018E
003F
0040
0041
0042
038D
0044
0156
00AE
00F4
0434
083E
083F
0503
004C
0105
004E
004F
0014
0051
0195
025B
0054
010B
008C
0057
0438
0097
0014
0059
005A
0840
0841
010E
005E
05B0
0060
0097
0014
00AB
043C
05C6
07D2
00CA
00CB
0068
0069
0167
0014
0168
029E
02DE
0525
03DA
0071
03DB
027C
01A0
0014
0120
016B
0842
011D
03DD
007A
03DE
0843
007D
0014
016F
07E9
03E1
0172
0082
00AE
01A9
01F3
00DC
0050
0125
0440
039C
039D
01F4
00AE
02EA
012B
0035
0014
035A
039F
03A0
03A1
0130
00AE
03A2
0096
0097
0014
03A3
03A4
0380
01B3
0001
0002
009D
0441
00E3
0006
00E4
00E5
0319
0442
0443
000C
01B5
0202
000F
0010
0011
0012
0013
0014
001F
0014
0002
0014
0014
0014
0014
0026
033E
001E
0014
0014
002E
0014
0002
0014
0002
0014
0014
00EC
03A9
0022
001E
0026
040B
0002
0002
0014
0002
0014
0014
0024
001E
0020
0023
0021
001B
0014
0014
0002
0014
0014
0014
001D
0016
0022
001F
0014
0022
0014
0002
0014
0014
0002
0014
0026
03AA
001A
0023
0014
01DE
0014
0002
0014
0002
0014
0014
0018
001A
0016
0023
0025
0016
0014
0014
0002
0002
0002
0002
0012
001E
0018
0026
0014
0023
0014
0014
0002
0014
0014
0002
0014
01B9
0016
0014
0014
01BA
0002
0014
0014
0014
0014
0014
0026
002A
0022
0013
0014
00A8
0014
0002
0014
0014
0014
0002
0019
002C
002D
0013
0014
002E
0014
0014
0014
0014
0014
0002
0023
0371
0030
0014
0014
002B
0002
0014
0002
0014
0014
0002
020A
0032
0564
0034
0035
0014
0100
00AC
014B
0565
00AD
00AE
00AF
0034
0014
0014
003D
00B2
03AF
03B0
03B1
03B2
0447
0060
0045
0046
0047
03B4
0448
0844
03B7
0104
004D
020B
0061
0050
0278
044A
0279
05D7
03BB
0056
0539
0058
004F
0014
03BD
0305
053B
053C
00C5
0083
044D
00F9
0061
0014
0062
0063
044E
0845
0087
0067
0068
027C
006A
006B
00CC
006D
006E
006F
0450
01C9
0072
0073
0074
0014
010B
0076
0077
00D2
0079
0014
016D
007C
0014
0014
01A5
034A
01A7
0081
00D6
0083
0173
0085
0086
0014
0087
0218
0089
008A
008B
008C
00D9
008E
0035
0014
02EB
0090
0091
0092
0093
0094
00DA
00DB
0014
0014
0098
0219
03C9
00E0
0136
0002
009D
009E
0005
0006
0007
00A0
0009
0846
000B
0187
00E8
000E
0290
0026
00EB
001A
0013
0014
02F9
0014
0002
0002
0014
0014
0014
00EC
0142
0018
0019
0014
00A6
0002
0002
0014
0002
0002
0002
0020
001C
001D
001E
0019
0016
0002
0002
0002
0002
0002
0014
06AF
001F
0021
0014
0014
001B
0002
0014
0002
0014
0014
0014
001D
0024
0012
0023
0014
0012
0014
0002
0002
0014
0002
0014
0022
001C
0022
0019
0014
0016
0014
0002
0014
0002
0014
0014
0022
00EC
0016
0023
0025
0016
0014
0014
0002
0002
0002
0002
0014
00A7
04CD
0027
0014
065D
0002
0014
0002
0014
0014
0002
0013
033F
00EE
0027
0014
01BA
0002
0014
0014
0014
0014
0014
0026
018A
0022
0026
0013
0146
0014
0002
0014
0014
0014
0014
0026
018A
002D
0027
0014
002E
0014
0014
0014
0014
0014
0014
0026
002C
0030
0027
0014
00A6
0002
0014
0002
0014
0014
0002
0031
00F1
04D0
00F3
0035
0014
0036
0037
035B
0254
018D
014E
0515
035D
00B0
0014
003D
003E
0570
0040
0041
0042
0043
0044
0156
0046
0047
0048
0049
004A
004B
0847
02B9
048B
0014
0014
0051
0052
0848
0054
0055
0056
0057
0197
0086
0014
0198
005A
010D
005C
005D
005E
005F
005E
0097
0014
0062
0063
0064
0065
0066
0067
0068
0069
006A
006B
006C
006D
019E
0469
01C8
0014
04D9
078B
0167
0014
0075
0076
0077
0078
0079
01A3
016D
0349
007D
0014
01A5
007F
0849
01FD
0082
0251
00D7
027C
0086
0050
008F
0088
034E
0265
018B
039E
051A
012B
0035
0014
008F
0179
04DD
0268
0093
00AE
051B
00DB
00DC
0014
0098
0099
03C9
04DE
0405
0002
021D
0004
084A
0006
00E4
04AB
0220
000A
084B
013D
02B1
00E9
02B2
0010
001D
0012
0014
0014
001A
0014
0002
0002
0014
0014
0014
0016
001B
0012
0027
0014
001A
0014
0002
0014
0014
0014
0002
001B
0024
0016
001E
001F
0022
0014
0002
0014
0002
0002
0014
001D
001E
0020
001F
0021
0010
0002
0014
0014
0014
0014
0014
0012
001B
0022
001F
0014
0022
0014
0002
0014
0014
0002
0014
001D
001C
0012
0023
0014
0018
0014
0002
0014
0014
0002
0014
0024
001A
0010
0021
0014
0021
0014
0014
0014
0014
0002
0002
0018
0012
0010
0026
0014
001A
0014
0014
0014
0014
0014
0014
0027
0028
0022
0014
0014
01DF
0002
0014
0014
0014
0014
0014
0026
002A
0022
0013
0014
002B
0014
0014
0014
0014
0014
0002
0019
00A9
0022
0014
0014
002E
0014
0014
0014
0002
0014
0002
0023
002F
0022
0019
0014
00A8
0014
0014
0014
0014
0014
0002
0419
0032
005F
0034
0014
0014
040D
084C
084D
0273
01E7
003B
01E8
0034
0002
0014
051E
084E
031E
084F
0503
0056
0155
00FF
0045
00AE
00F4
0055
03D5
0850
06A1
00DB
004D
004E
004F
0050
0417
0418
058C
0851
06D9
04F2
00D0
0058
004F
0014
06A1
00D6
0852
0160
0120
0306
0328
0060
0061
0014
00AB
077A
058F
0853
03F3
04B5
0068
0854
0002
0014
074F
0309
0855
01F7
0450
0071
03DB
0234
0074
0014
027E
0856
077E
05FB
037A
007A
0857
007C
0014
0014
016F
0858
0080
0693
00D6
0083
02E6
0085
00DC
0014
0087
0282
0089
0283
008B
008C
012A
008E
0014
0014
0178
01AD
01AE
037D
0130
0094
0131
0096
0097
0014
012C
01B2
0595
04C5
0181
0002
0315
02F3
0005
0006
0007
00A0
0009
056E
000B
028F
056F
000E
0859
0019
00EB
0012
0014
0014
00A7
0014
0002
0002
0014
0014
0014
00EC
0142
0018
0019
0014
00A6
0002
0002
0014
0014
0014
0002
001B
001B
0010
001E
0019
0022
0014
0002
0002
0002
0002
0014
001B
0019
0020
001F
0021
001B
0002
0014
0002
0014
0014
0014
001D
0024
0022
0021
0014
0012
0014
0002
0002
0014
0002
0014
0022
001C
001E
0023
0014
0016
0014
0002
0014
0002
0014
0014
0010
00EC
0016
0019
0025
0019
0014
0014
0002
0014
0002
0002
0018
0012
0018
0027
0014
001A
0002
0014
0002
0014
0014
0014
0027
0143
00EE
0027
0014
0145
0002
0014
0014
0014
0014
0014
0026
002C
0022
0026
0013
002E
0014
0002
0014
0014
0014
0002
0026
002C
0010
0013
0014
002E
0014
0014
0014
0014
0014
0002
0023
00A5
0022
0019
0014
00A8
0014
0014
0014
0014
0014
0002
0031
00F1
0252
0514
0014
0014
00AB
04D1
04D2
038B
003A
014E
0515
0032
0002
0014
00C2
018E
0570
0040
0041
0042
0043
0044
0045
0251
0277
0048
0049
004A
004B
004C
00C6
004E
004F
0050
0051
022B
085A
0054
0055
0056
0057
0197
00B0
0014
0198
027A
010D
022F
005D
005E
005F
00F3
0061
0014
0062
0111
0064
0065
0066
0067
0068
0069
0167
006B
006C
01F5
047A
02A0
0070
00B6
0072
0073
007D
0014
010B
0574
00D1
011D
011E
006B
016D
0575
007D
0014
007E
01A6
03E1
01FD
00B5
0083
00D7
01F3
0086
0050
008F
0088
0576
036C
0129
0046
00D9
012B
0035
0014
008F
01AD
04DD
0268
0130
0083
00DA
0391
0097
0014
0098
03A4
085B
0481
0351
0002
0003
01B5
0549
0006
00E4
0139
045F
000A
04E4
000C
02B1
059A
000F
0010
0020
0015
0013
0014
001A
0014
0014
0002
0014
0014
0014
0016
001D
0012
0013
0014
001A
0014
0002
0014
0002
0002
0002
0020
001C
001D
001E
001F
0016
0002
0002
0014
0002
0002
0014
0022
0145
0010
0023
0014
085C
0002
0014
0014
0014
0014
0014
0015
001B
0018
001F
0014
0022
0014
0002
0014
0014
0002
0014
001D
001C
0022
0013
0014
001A
0014
0002
0014
0014
0002
0014
0024
001A
0010
0023
0014
0016
0014
0014
0014
0002
0002
0002
0018
001E
0010
0026
0014
00EC
0014
0014
0014
0014
0014
0002
0027
0028
0022
0014
0014
0029
0002
0014
0014
0014
0014
0014
0026
002A
0022
0027
0014
002B
0014
0014
0014
0014
0014
0014
0019
00A9
002D
0027
0014
002E
0014
0014
0014
0002
0014
0014
0019
04AD
0030
0027
0014
00A6
0002
0014
0002
0014
0014
0014
0490
0032
005F
0034
0035
0014
01BB
0204
057F
02D1
030B
003B
0582
0034
00B0
0014
003D
00B2
031E
0585
06A1
00B6
0206
00FF
0156
0046
0036
02BA
0587
0588
041B
04AF
085D
012B
0061
0014
04B0
058B
058C
058D
00AA
04F2
00D0
0058
004F
0014
015E
01A2
0852
02BD
0147
0306
005F
0060
00DC
0014
03F3
0063
058F
04F4
01F2
0366
0068
04B6
006A
0014
0196
03C4
04B7
006F
06EF
0071
01CA
0347
0074
0014
0103
04B8
02A1
06A6
00D3
007A
01A4
007C
0014
0014
0103
034A
0591
02E5
00D6
01A8
01A9
0085
00DC
0014
032F
04BD
0089
04BF
0031
008C
02A8
008E
0035
0014
0178
0179
01AE
0285
029C
0094
085E
0096
00DC
0014
0594
0350
0595
009B
0635
0002
00E2
0004
021F
04AA
0007
04C8
05D0
00A1
0186
085F
02B1
024E
02B2
0010
0011
0012
0014
0014
0015
0014
0002
0002
0014
0014
0014
0026
01B7
0012
0019
0014
01B8
0002
0002
0014
0002
0002
0002
0020
001C
0016
001E
001F
0010
0014
0002
0002
0002
0002
0014
001B
001E
0010
00EC
0021
0010
0002
0014
0014
0014
0014
0014
0022
001B
0022
001F
0014
0022
0014
0002
0014
0014
0002
0014
001D
001C
0018
0023
0014
0016
0014
0002
0014
0014
0014
0014
0024
001A
0016
0023
0025
0016
0014
0014
0002
0002
0002
0002
0018
001E
0010
0026
0014
00EC
0014
0014
0002
0014
0014
0002
0027
01B9
0016
0014
0014
01BA
0002
0014
0014
0014
0014
0014
0026
002A
0022
0013
0014
00A8
0014
0002
0014
0014
0014
0002
0019
002C
0010
0014
0014
002E
0014
0014
0014
0002
0014
0002
0019
0203
0016
0014
0014
00A6
0002
0014
0002
0014
0014
0002
0031
0032
0033
0034
0014
0014
00AB
0037
0038
0039
003A
00AE
02FD
0034
0002
0014
00B1
0297
02B7
018F
03B1
00B6
0043
0044
0156
00AE
0036
0860
00B9
0345
0103
004C
004D
004E
004F
0050
0861
0195
0053
0054
0196
0304
0057
0058
004F
0014
0059
005A
02BC
005C
004B
0306
005F
0060
0061
0014
079C
0063
0307
019C
0066
0067
0068
0069
006A
006B
0168
0376
0232
0378
01C8
00CF
00D0
0234
0074
0014
00AA
0659
0235
0862
00D3
007A
030D
007C
0014
0014
032F
034A
01A7
0081
0082
0083
023B
0085
00DC
0014
035A
023D
0089
0283
0147
008C
0863
008E
0014
0014
049D
0090
01AE
0285
0115
0094
03AE
0096
0014
0014
051C
00DE
0380
009B
03F8
0002
0352
0353
009F
0006
00E4
0139
0009
028D
0864
000C
013E
013F
0290
0026
002C
0015
0013
0014
002E
0014
0002
0002
0014
0014
0014
0016
0024
0018
0013
0014
001A
0014
0002
0014
0014
0014
0014
001B
001B
001D
001E
0026
0016
0002
0002
0014
0002
0014
0014
0024
001F
0020
001F
0014
001B
0014
0014
0002
0014
0014
0014
001D
0020
0012
0023
0014
0015
0014
0002
0002
0014
0002
0014
0022
001B
0022
0019
0014
001A
0014
0002
0014
0002
0002
0014
0016
0023
0010
0026
0014
0026
0014
0014
0014
0014
0014
0002
0018
0012
0010
0027
0014
001A
0002
0014
0014
0014
0014
0002
0013
01DD
01DD
0027
0014
01DF
0002
0014
0014
0014
0014
0014
0026
0291
0018
0026
0013
0387
0014
0014
0014
0014
0014
0014
0019
0865
002D
0027
0014
0388
0014
0014
0014
0014
0014
0014
0023
00A5
0030
0019
0014
00A8
0014
0014
0014
0014
0014
0014
01E2
00F1
0866
0514
0035
0014
0103
014A
0867
01E6
027E
003B
062B
0256
00B0
0014
01A5
03ED
00FC
00FD
0041
0042
00D0
0207
0045
0046
016F
0655
035E
035F
00BB
0104
004F
015A
0074
0014
0868
00BD
0109
0362
0055
0056
015D
005E
0097
0014
00C1
015F
010D
0869
005D
005E
010F
00F9
00DC
0014
0120
077A
02DC
0113
02DB
00CB
0068
027C
0167
0014
0581
006D
019E
0367
032C
0071
0072
0073
01A0
0014
0075
0076
0216
0078
011E
01A3
007B
086A
007D
0014
016F
01A6
03E1
0172
086B
04A0
0084
023C
0086
0050
0087
0218
0175
0176
010B
00AE
008D
02A9
0035
0014
02EB
086C
036E
017B
0093
0083
0095
01B1
0097
0014
00DD
02F0
021A
0686
0001
0002
0003
01B5
0005
0006
00E4
03CD
0009
06BC
086D
000C
086E
0460
0290
0026
0141
001A
0013
0014
00A7
0014
0002
0002
0014
0014
0014
0016
0017
0018
0019
0014
001A
0002
0002
0014
0002
0002
0002
001B
001C
001D
001E
001F
0010
0002
0002
0014
0002
0002
0014
001B
001A
0016
001F
0014
0010
0002
0014
0002
0014
0014
0014
001D
001B
0012
0023
0014
0012
0014
0002
0002
0014
0002
0014
001D
001C
0022
0023
0014
0018
0014
0002
0014
0002
0014
0014
0016
001A
0016
0023
0025
0016
0014
0014
0002
0002
0002
0002
0018
0012
0018
0027
0014
001A
0002
0014
0002
0014
0014
0002
0027
0250
00EE
0027
0014
0029
0002
0014
0014
0014
0014
0014
0026
018A
0022
0026
0013
00A6
0014
0002
0014
0014
0014
0002
0026
002C
002D
0013
0014
002E
0014
0014
0014
0002
0014
0002
0019
002F
0030
0019
0014
00A6
0002
0014
0002
0014
0014
0002
020A
00F1
0340
0514
0035
0014
01BB
086F
0654
055A
00AD
003B
003C
00F9
0035
0014
01BD
0870
003F
07C0
00B5
0056
0043
0044
0156
0046
0277
0055
00B9
0345
023A
004C
0656
004E
004F
0014
0107
0871
025B
0437
00BF
0056
00D0
0197
0002
0014
00C1
011E
020F
005C
00C5
0306
005F
0060
0061
0014
0062
03F2
0307
00C9
0066
0067
0068
0069
006A
006B
00CC
0468
006E
0469
0070
0071
00D0
0073
0167
0014
0075
0076
0077
0078
00D3
007A
047E
01FB
007D
0014
01A5
03E0
02A3
0682
00D6
00AE
0084
0174
0086
0050
0087
00D8
07C4
07C5
0031
039E
008D
04AF
0035
0014
008F
0090
017A
0685
005D
00AE
0095
005E
0097
0014
0098
00DE
009A
07C6
079F
0002
00E2
065B
0709
0872
0007
0139
0873
00A1
000B
07A0
000D
000E
0189
0010
001B
0012
0014
0014
001E
0014
0014
0002
0014
0014
0014
00EC
0462
0012
0027
0014
002E
0002
0002
0014
0014
0014
0014
0024
0024
0010
001E
0014
0016
0014
0002
0002
0002
0002
0014
001D
001E
0020
0023
0021
001B
0014
0014
0014
0014
0014
0014
0022
0024
0022
001F
0014
0022
0014
0002
0014
0014
0014
0014
0022
001C
0012
0019
0014
0016
0014
0014
0014
0014
0002
0014
0024
001F
0010
0026
0014
0012
0014
0014
0002
0014
0002
0002
0018
001E
0010
0026
0014
00EC
0014
0014
0014
0014
0014
0014
0027
002F
0022
0014
0014
06C2
0014
0014
0014
0014
0014
0014
0026
002A
0022
0027
0014
00A8
0014
0014
0014
0014
0014
0014
0019
00A9
0022
0027
0014
002E
0014
0014
0014
0014
0014
0014
0023
01E0
0022
0027
0014
00A8
0014
0014
0014
0014
0014
0002
018B
0032
02CE
0034
0014
0014
0416
0874
078C
075D
00F7
014E
07A2
0034
0002
0014
07DD
0875
071B
07A4
01ED
0042
0206
0190
0045
0014
0036
07A5
0157
0713
0103
02D6
004D
012B
0097
0050
008C
0876
07A7
0877
0107
04F2
0057
0058
004F
0014
0059
0878
005B
063E
010E
005E
005F
0096
0097
0014
00AB
03D8
027B
07AA
041F
00CB
0068
0114
0167
0014
0115
07AB
07AC
050A
03C5
00B6
0072
0119
0074
0014
027E
07AF
07B0
0721
0237
006B
016D
007C
0014
0014
016F
061A
02E4
0722
023A
0083
023B
0085
00DC
0014
046E
023D
0089
0283
0278
008C
07B4
008E
0035
0014
0879
087A
01AE
0723
0130
0094
07B7
0096
00DC
0014
087B
087C
05F3
087D
0001
0002
0003
087E
021F
0006
0007
0783
0009
056E
000B
028F
056F
000E
0290
0026
00EB
0012
0013
0014
00A7
0014
0002
0002
0014
0014
0014
00EC
0142
0018
0019
0014
00A6
0002
0002
0014
0014
0014
0014
0020
001C
0016
001E
0014
0018
0002
0002
0002
0002
0002
0014
001B
00EC
0020
0019
0014
001B
0002
0014
0002
0014
0014
0014
001D
0024
0022
0019
0014
0012
0014
0002
0002
0014
0002
0014
0022
001B
0018
0023
0014
0016
0014
0002
0014
0002
0014
0014
0022
00EC
0016
0023
0025
0016
0014
0014
0002
0014
0002
0002
0012
0012
0018
0027
0014
001A
0002
0014
0002
0014
0014
0002
0027
01B9
0016
0027
0014
01BA
0002
0014
0014
0014
0014
0014
0026
002A
0022
0013
0014
04CF
0014
0002
0014
0014
0014
0002
0019
002C
0010
0013
0014
002E
0014
0014
0014
0014
0014
0002
0023
00A5
0016
0014
0014
00A8
0002
0014
0002
0014
0014
0002
0031
00F1
04D0
0514
0035
0014
00AB
0037
04D2
038B
00F7
014E
0515
0359
0002
0014
0296
003E
0570
0040
00FA
0042
0043
0044
0045
0014
0047
0048
0049
004A
004B
004C
0061
004E
0097
0014
0051
0052
087F
0054
0055
0056
0057
0197
00B0
0014
0198
005A
010D
005C
005D
005E
005F
00F3
0061
0014
0062
0063
0064
0065
0066
0067
0068
0069
006A
006B
006C
006D
019E
0469
01C8
027D
0072
0073
0167
0014
0075
0076
0077
0078
0079
007A
016D
03FF
007D
0014
01A5
00D5
02A3
01FD
0082
01A8
00D7
027C
0086
0014
008F
0088
0400
036C
010B
008C
02C6
012B
0035
0014
008F
0090
04DD
0268
0130
0083
0880
03C8
0014
0014
0098
0099
03C9
04DE
07C7
0002
00E2
0184
009F
0006
00E4
0008
04AC
000A
0881
000C
02B1
0882
02B2
0010
001D
0015
0014
0014
001F
0014
0002
0002
0014
0014
0014
0016
001D
0012
0013
0014
001A
0002
0002
0014
0002
0002
0002
001B
0024
001D
001E
001F
0016
0014
0002
0014
0002
0002
0014
0016
001E
001A
001F
0021
0010
0002
0014
0014
0014
0014
0014
0012
001B
0018
001F
0014
0022
0014
0002
0014
0014
0002
0014
001D
001C
0022
0013
0014
001A
0014
0002
0014
0014
0002
0014
0024
001A
0010
0021
0014
0012
0014
0014
0014
0002
0002
0002
0018
001E
0010
0026
0014
00EC
0014
0014
0014
0014
0014
0002
0013
00ED
01DD
0014
0014
00EF
0014
0014
0014
0014
0014
0014
0026
02CC
040B
0026
0013
00A6
0014
0014
0014
0014
0014
0014
0019
02CC
002D
0027
0014
002E
0014
0014
0014
0002
0014
0014
0019
04AD
0030
0019
0014
00A6
0014
0014
0014
0014
0014
0014
048A
0032
0883
0034
0014
0014
01BB
02FB
0884
0885
03B1
003B
0057
0034
00B0
0014
01BD
084E
0886
0887
004B
0343
0155
0494
0156
0046
00F4
0888
03D5
0850
041B
06FD
004D
0497
004F
0050
04B0
0418
0889
088A
06D9
04F2
0498
0058
004F
0014
015E
0062
0508
058E
0120
014E
0161
0060
00DC
0014
03F3
077A
088B
088C
01F2
04B5
0068
088D
0002
0014
0422
0329
01F6
04F5
01F8
0071
03DB
0398
0074
0014
027E
07E7
027F
05FB
03DD
01A3
0217
0616
0014
0014
016F
007F
0703
02E5
00D6
0083
02E6
04BC
00DC
0050
032F
046F
02E9
0283
02C5
0046
061E
008E
0035
0014
0178
039F
088E
037D
029C
0094
088F
0096
0097
0014
012C
037F
0890
04C5
0001
0002
0003
0353
0005
0006
00E4
04C8
0009
0891
067A
0187
086E
0202
0290
0026
00EB
001A
0013
0014
00A7
0014
0002
0002
0014
0014
0014
0026
033E
0018
0019
0014
00A6
0002
0002
0014
0014
0014
0002
0020
001C
001D
001E
0019
0010
0002
0002
0002
0002
0014
0014
001B
001F
0020
00EC
0014
001B
0002
0014
0002
0014
0014
0014
001D
0024
0012
0023
0014
0012
0014
0002
0002
0014
0002
0014
0021
001C
0022
0023
0014
0018
0014
0002
0014
0002
0014
0014
0016
00EC
0016
0023
0025
0016
0014
0014
0002
0014
0002
0002
0014
00ED
04CD
0027
0014
01B8
0002
0014
0002
0014
0014
0002
0027
01B9
0016
0027
0014
01BA
0002
0014
0014
0014
0014
0014
0026
04CE
0022
0026
0013
04CF
0014
0002
0014
0014
0014
0002
0019
018A
002D
0013
0014
002E
0014
0014
0014
0014
0014
0002
0023
00A5
0030
0014
0014
00A8
0002
0014
0002
0014
0014
0002
020A
00F1
0252
0514
0035
0014
0036
0204
035B
0433
02FC
00AE
0892
035D
0097
0014
003D
003E
0823
018F
00B5
00B6
0043
0044
0045
0046
0047
0048
00B9
0345
004B
004C
02B9
004E
004F
0014
0051
067F
0893
0894
03BB
0056
00D0
0197
00B0
0014
00C1
011E
020F
005C
00C5
0306
005F
005E
0061
0014
0062
0063
03D9
00C9
0066
0067
0068
0069
006A
006B
006C
0468
019E
0469
01C8
0014
078A
078B
0167
0014
0075
0076
0077
0078
00D3
007A
030D
03FF
007D
0014
01A5
03E0
02A3
0682
0082
01A8
00D7
027C
0086
0050
008F
0088
0400
07C5
010B
008C
051A
012B
0035
0014
008F
0090
04DD
0685
0093
0083
051B
00DB
0014
0014
0098
0219
03C9
0895
07C7
0002
00E2
0004
0709
0006
0007
0139
06D3
000A
000B
031A
000D
000E
02B2
0010
0020
0012
0014
0014
001E
0014
0002
0002
0014
0014
0014
0016
001B
0012
0027
0014
001A
0014
0002
0014
0002
0002
0002
001B
0024
0022
001E
001F
0016
0014
0002
0014
0002
0002
0014
0016
001E
0022
001F
0021
0010
0014
0014
0014
0014
0014
0014
001E
001B
0022
001F
0014
0022
0014
0014
0014
0014
0002
0014
001D
001C
0012
0027
0014
0016
0014
0002
0014
0014
0002
0014
0024
001A
0010
0021
0014
0012
0014
0014
0014
0002
0002
0002
0018
001E
0010
0026
0014
0023
0014
0014
0014
0014
0014
0002
0027
00ED
0143
0014
0014
00EF
0014
0014
0014
0014
0014
0014
0026
0688
0143
0027
0014
00A6
0014
0014
0014
0014
0014
0014
0019
02CC
0022
0027
0014
002E
0014
0014
0014
0002
0014
0014
0019
04AD
0022
0019
0014
00A6
0014
0014
0014
0014
0014
0014
0168
0032
02CE
0034
0014
0014
0149
0896
078C
0580
003A
003B
0897
0034
0002
0014
0583
0898
0899
089A
01ED
0042
0155
0190
0156
00AE
00F4
0568
0157
05F9
0059
02D6
004D
06FD
0074
0050
089B
089C
02D7
089D
0107
04F2
0057
0058
004F
0014
0059
0553
005B
089E
02AA
005E
0161
0060
0097
0014
089F
08A0
08A1
077C
0151
04B5
0068
0114
0167
0014
0422
07AB
0232
050A
0450
0071
0072
0234
0074
0014
027E
0720
077E
05FB
0237
006B
007B
07D3
0014
0014
016F
061A
02E4
0722
00D6
0083
02E6
07EA
00DC
0014
032F
046F
02E9
0283
0147
0046
061E
008E
0035
0014
0178
0752
088E
0723
0300
0094
0621
0096
0097
0014
0594
0655
07EE
08A2
0181
0002
00E2
0004
00E3
0006
0007
0008
0009
0339
000B
000C
00E8
000E
024F
0026
0543
0015
0014
0014
02F9
0014
0014
0002
0014
0014
0014
00EC
026F
0012
0019
0014
01B8
0002
0002
0014
0002
0014
0002
001B
001B
0016
001E
0019
0016
0014
0002
0002
0002
0002
0014
001B
001E
0020
001F
0014
0010
0002
0014
0014
0014
0014
0014
001D
001D
0018
0026
0014
0012
0014
0002
0014
0014
0002
0014
0022
001C
0018
0023
0014
0016
0014
0002
0014
0014
0002
0014
0016
001F
0010
0019
0014
0018
0014
0014
0002
0014
0002
0002
0018
0015
0010
0027
0014
00EC
0002
0014
0002
0014
0014
0014
0027
033F
01DD
0014
0014
01BA
0002
0014
0014
0014
0014
0014
0026
002C
0022
0027
0014
002E
0014
0002
0014
0014
0014
0014
0026
002C
0010
0027
0014
002E
0014
0014
0014
0002
0014
0014
0023
00A5
0016
0027
0014
00A8
0002
0014
0002
0014
0014
0014
05D6
00F1
0252
0034
0014
0014
0036
0226
0038
0254
003A
014E
0227
00F9
0002
0014
01BD
08A3
02B7
0040
01ED
0042
0043
0044
0045
0251
01BF
03B4
0049
004A
0059
004C
004D
004E
004F
0014
0194
0195
025B
0054
08A4
0056
0057
0058
0097
0014
0059
015F
005B
00C4
02AA
005E
005F
0060
0061
0014
00C7
0111
02DC
0065
0213
0067
0068
0069
0167
0014
0467
01F5
07AC
01F7
0070
00CF
0072
0073
01A0
0014
0075
0574
0077
011D
0237
007A
016D
011F
0014
0014
0103
034A
034B
01FD
01BF
0251
08A5
0124
0086
0014
0087
0330
08A6
08A7
0129
007A
05DE
01FE
0035
0014
008F
08A8
02AB
03A1
0300
0083
05B7
0096
00DC
0014
00DD
03A4
0380
01B3
03F8
0002
0003
0441
009F
0006
00E4
08A9
02F4
000A
04E4
0430
07FD
08AA
000F
0010
0011
0012
0013
0014
001A
0014
0002
0002
0014
0014
0014
0016
0017
0018
0014
0014
001A
0002
0002
0014
0014
0002
0014
0024
001C
001D
001E
001F
0012
0002
0014
0014
0002
0014
0014
0024
001E
0016
0023
0021
001B
0014
0014
0002
0014
0014
0014
0018
001B
0022
001F
0014
0022
0014
0002
0002
0014
0002
0014
001D
001B
0022
0019
0014
001E
0014
0014
0014
0002
0014
0014
0024
001A
0016
0023
0025
0016
0014
0014
0014
0002
0002
0002
0012
0012
0010
0026
0014
001A
0014
0014
0014
0014
0014
0002
0027
0028
0016
0027
0014
01DF
0002
0014
0014
0014
0014
0014
0026
002A
0012
0026
0013
002B
0014
0002
0014
0014
0014
0002
0019
01E0
002D
0013
0014
002E
0014
0014
0014
0014
0014
0002
0019
0371
0030
0019
0014
00A6
0014
0014
0014
0014
0014
0002
07FF
0032
0564
0514
0035
0014
03C3
0204
065E
0565
02FC
003B
003C
0034
0014
0014
0296
003E
00FC
0455
00BB
0056
0206
00B6
0156
0046
0036
0048
0208
0209
004B
0104
0193
020B
01A0
0050
0300
058B
0279
05D7
02B9
010C
05E8
0060
004F
0014
03BD
01A2
08AB
005C
0031
014E
005F
005E
00DC
0014
0110
0063
0211
08AC
0165
00CB
0068
027C
006A
006B
0115
00CD
006E
08AD
016A
0071
03DB
0347
0074
0014
030B
07E7
08AE
04B9
00D3
007A
0217
007C
007D
0014
007E
030F
0080
08AF
0082
0083
0084
0085
00DC
0050
012C
0088
0089
008A
0031
008C
008D
008E
0035
0014
042C
0090
0091
0092
005D
0094
0095
0056
0097
0014
051C
00DE
00DF
08B0
03A5
0002
0003
0441
0005
0006
00E4
08B1
0009
05A9
06F3
000C
08B2
08B3
000F
0010
001D
0012
0013
0014
001F
0014
0002
0014
0014
0014
0014
0026
002A
001E
0014
0014
00A6
0014
0002
0014
0002
0014
0014
0010
001C
0022
0013
001F
0012
0002
0002
0002
0002
0014
0014
0024
001E
0020
0023
0021
001B
0014
0014
0014
0014
0014
0014
001D
001B
0022
001F
0014
0022
0014
0002
0014
0014
0014
0014
0021
0530
001A
0019
0014
0145
0014
0002
0014
0014
0002
0014
0024
001A
0010
0023
0014
0016
0014
0014
0014
0002
0002
0002
0018
001E
0010
0026
0014
0023
0014
0014
0002
0014
0014
0002
0014
002F
0022
0014
0014
00A7
0002
0014
0014
0014
0014
0014
0026
002A
0022
0026
0013
00A8
0014
0014
0014
0014
0014
0002
0019
00A9
002D
0013
0014
002E
0014
0014
0014
0014
0014
0002
0019
002F
0030
0014
0014
00A6
0002
0014
0002
0014
0014
0002
00C1
0032
0742
0034
0035
0014
0100
08B4
08B5
08B6
00AD
00AE
00AF
0034
0014
0014
003D
00B2
03AF
03B0
00B5
02CF
0043
02FE
00B0
0046
0047
03B4
08B7
08B8
0419
03B8
004D
020B
0061
0050
04B0
020C
0324
08B9
048A
0056
08BA
0058
004F
0014
03BD
0364
08BB
08BC
041E
039E
08BD
00F9
00DC
0014
0062
0063
0609
08BE
049D
00CB
0068
01F3
006A
0014
00CC
03C4
08BF
006F
0450
00B6
00D0
0073
0074
0014
01CB
0076
02C2
00D2
00D3
0014
0427
007C
0014
0014
016F
06E0
01A7
0081
00D6
0083
08C0
0085
0086
0050
0087
0705
0089
0283
0031
008C
05B6
008E
0035
0014
02EB
0090
01AE
0285
005D
0094
05B7
00DB
0014
0014
0098
00DE
05B8
00E0
0381
0002
00E2
0004
0709
0006
0007
0756
00E6
08C1
000B
0430
00E8
000E
024F
0019
00EB
001A
0014
0014
02F9
0014
0002
0002
0014
0014
0014
0016
0017
0018
0019
0014
001A
0002
0002
0014
0014
0002
0002
001B
0024
001D
001E
0019
0016
0014
0002
0014
0002
0002
0014
001B
001E
0022
001F
0014
0010
0002
0014
0002
0014
0014
0014
0019
002F
0015
0023
0014
00ED
0014
0002
0002
0014
0002
0014
001D
001C
0022
0023
0014
0016
0014
0002
0014
0002
0014
0014
0022
00EC
0016
0021
0025
0018
0014
0014
0002
0014
0002
0002
0018
0012
0018
0027
0014
001A
0002
0014
0014
0014
0014
0002
0027
01DD
00EE
0027
0014
01DF
0002
0014
0014
0014
0014
0014
0026
002C
0022
0027
0014
00A6
0014
0002
0014
0014
0014
0014
0026
002C
0022
0027
0014
0388
0014
0014
0014
0002
0014
0014
0023
002C
0022
0019
0014
00A8
0014
0014
0014
0014
0014
0014
0031
00F1
0432
00F3
0014
0014
02DB
0037
08C2
0254
00F7
003B
038C
00F9
0002
0014
00C2
018E
003F
0040
00FE
0042
041A
0044
0045
0251
00F4
0048
08C3
08C4
004B
004C
0105
004E
004F
0014
0051
022B
025B
0054
0055
008C
08C5
0424
0097
0014
0059
005A
08C6
08C7
005D
005E
03DB
0060
0061
0014
0257
0111
08C8
08C9
0066
0067
0068
0069
0167
006B
0168
0397
029F
02A0
01C8
0071
0072
0119
0167
0014
0120
016B
05DD
011D
02E1
007A
007B
0817
007D
0014
032F
007F
039B
0172
0082
00AE
0084
01F3
00DC
0014
0125
0088
034E
0265
0129
039E
008D
012B
0035
0014
035A
039F
05CB
0268
0130
0083
0095
0096
0097
0014
03A3
03A4
009A
026B
0181
0002
00E2
0289
0005
0006
00E4
0008
0009
01D9
04E4
08CA
033C
00E9
0290
0026
002C
0012
0013
0014
0387
0014
0002
0002
0014
0014
0014
0016
01DC
0018
0014
0014
001A
0002
0002
0014
0002
0014
0002
001B
001B
0016
001E
0019
0022
0002
0002
0014
0002
0002
0014
001D
001E
0016
001F
0021
001B
0002
0014
0002
0014
0014
0014
001D
001D
0022
0023
0014
001E
0014
0002
0002
0014
0002
0014
001D
001C
0018
0023
0014
0018
0014
0002
0014
0002
0014
0014
0016
001F
0010
0023
0014
0016
0014
0014
0014
0002
0002
0002
0012
001E
0018
0026
0014
00EC
0014
0014
0014
0014
0014
0014
0013
0250
01DE
0027
0014
0029
0002
0014
0014
0014
0014
0014
0026
0291
0022
0026
0013
0387
0014
0014
0014
0014
0014
0002
0019
0865
002D
0014
0014
002E
0014
0014
0014
0002
0014
0002
0023
0371
0030
0014
0014
002B
0014
0014
0014
0014
0014
0002
00AA
00F1
08CB
0034
0035
0014
0178
084C
08CC
08CD
01E7
003B
01E8
00F9
0014
0014
0412
0413
08CE
08CF
004B
00B6
0206
0207
0045
0046
01E3
03B4
0587
0588
023A
0159
004D
004E
004F
0050
0107
08D0
08D1
015C
00BF
0056
041A
0058
0002
0014
006B
0305
0508
041D
00C5
014E
005F
0060
0061
0014
08D2
019A
02BF
08D3
0421
00CB
0308
0166
006A
0014
0422
0309
0423
08D4
01F8
0071
03DB
0073
0074
0014
01CB
0379
055E
032D
03DD
01A3
047E
08D5
007D
0014
0103
007F
08D6
05EF
00D6
0251
0084
0174
0086
0050
02EB
0218
0175
0265
008B
00AE
008D
01FE
0014
0014
02EB
01AD
017A
017B
0093
0083
0095
0096
0014
0014
0098
01B2
009A
042D
03F8
0002
0003
02F3
03F9
0006
0007
026D
02F4
02AF
000B
04DF
000D
000E
02B2
0010
0011
001F
0014
0014
0015
0014
0002
0002
0014
0014
0014
00EC
0142
001E
0019
0014
00A6
0002
0002
0014
0014
0002
0014
0020
001C
001D
001E
001F
0016
0014
0002
0002
0002
0002
0014
001B
001E
0020
0023
0014
0010
0002
0014
0014
0014
0014
0014
0022
001B
0012
001F
0014
0022
0014
0002
0014
0014
0014
0014
0022
0024
0022
0027
0014
0016
0014
0002
0014
0014
0002
0014
0024
001A
0016
0026
0025
0019
0014
0014
0002
0014
0002
0002
0018
0012
0010
0027
0014
001A
0002
0014
0002
0014
0014
0002
0027
01B9
0016
0014
0014
0145
0002
0014
0014
0014
0014
0014
0026
002A
0018
0027
0014
00A8
0014
0002
0014
0014
0014
0014
0019
002C
0010
0027
0014
002E
0014
0014
0014
0014
0014
0014
0019
00A5
0016
0019
0014
002E
0002
0014
0002
0014
0014
0014
0031
0032
0033
02CF
0014
0014
0036
0037
018C
0039
00F7
014E
0515
0034
0002
0014
02B5
003E
0570
0040
00FE
0042
0043
0044
0156
00AE
03FD
0860
0049
004A
0103
004C
0193
012B
01A0
0014
0194
0052
0053
0054
010B
0304
0057
0197
004F
0014
08D7
005A
05F7
0465
010E
005E
005F
00F9
0097
0014
0087
0163
0064
0065
0066
0067
0068
0069
0167
006B
006C
006D
006E
0469
01C8
00CF
0072
0347
01A0
0014
0120
016B
0235
0078
0079
007A
016D
007C
0014
0014
007E
01FC
0080
0081
0082
0083
023B
0085
00DC
0014
0087
023D
0089
0283
01E2
008C
0677
008E
0035
0014
0125
0402
01AE
0285
017C
0094
0286
03C8
0097
0014
012C
0099
03E6
009B
0405
0002
00E2
0004
00E3
0006
0007
0008
03E7
02AF
000B
000C
000D
000E
0189
0010
001D
001E
0014
0014
001E
0014
0002
0002
0014
0014
0014
00EC
0462
0018
0027
0014
01B8
0002
0002
0014
0002
0014
0002
0010
001C
0010
001E
0019
0016
0014
0002
0014
0002
0002
0014
0024
001E
0020
0023
0021
001B
0014
0014
0014
0014
0014
0014
0022
0020
0012
001F
0014
0022
0014
0002
0002
0014
0014
0014
0022
001C
0012
0023
0014
0016
0014
0002
0014
0014
0014
0014
0016
001A
0010
0019
0014
0016
0014
0014
0014
0002
0014
0002
0018
001E
0018
0026
0014
00EC
0014
0014
0002
0014
0014
0014
0027
002F
0018
0027
0014
0387
0014
0014
0014
0014
0014
0014
0026
002A
0022
0027
0014
00A8
0014
0014
0014
0014
0014
0002
0019
00A9
002D
0027
0014
002E
0014
0014
0014
0014
0014
0002
0023
04AD
0030
0019
0014
002B
0014
0014
0014
0014
0014
0002
018B
0032
02CE
00F3
0014
0014
01E7
08D8
02D0
08B6
003A
014E
03EC
0034
0002
0014
00FA
068C
071B
01EC
0276
0042
0043
0190
0045
0046
0100
0303
0049
004A
020A
02D6
0193
020B
01A0
0050
0115
08D9
0324
08DA
0129
010C
0057
0197
004F
0014
0059
05D6
010D
0830
02AA
005E
005F
0096
0061
0014
01F1
0233
027B
0065
041F
00CB
0068
0114
0167
0014
0422
071E
0232
071F
03F5
00B6
0072
0119
0074
0014
00AA
0425
011C
01A1
0079
006B
0280
007C
007D
0014
03F7
030F
01A7
0081
00D6
01A8
06CD
0085
00DC
0014
0087
0330
0089
0331
008B
008C
05DE
008E
0035
0014
0149
0090
01AE
0285
0093
0094
05B7
0096
0097
0014
0132
0099
0595
0180
0136
0002
009D
0353
009F
0006
00E4
07BA
0009
01D9
08DB
028F
03CF
08DC
0290
0026
0141
0012
0013
0014
00A7
0014
0002
0002
0014
0014
0014
0016
0017
0015
0019
0014
001A
0002
0002
0014
0014
0002
0002
001B
001B
001D
001E
001F
0010
0002
0002
0002
0002
0002
0014
001B
001A
0012
001F
0014
0010
0002
0014
0002
0014
0014
0014
001D
001B
0022
0023
0014
0012
0014
0002
0014
0014
0002
0014
001D
001B
0022
0014
0014
001E
0014
0002
0014
0002
0002
0014
0024
001F
0016
0023
0025
0016
0014
0014
0002
0014
0002
0002
0018
0012
0010
0027
0014
001A
0002
0014
0014
0014
0014
0002
0027
0250
00EE
0014
0014
0029
0002
0014
0014
0014
0014
0014
0026
002C
0012
0026
0013
00A6
0014
0002
0014
0014
0014
0014
0019
002C
0010
0014
0014
002E
0014
0014
0014
0002
0014
0014
0019
00A5
0016
0014
0014
002E
0002
0014
0002
0014
0014
0014
07FF
00F1
04D0
0034
0035
0014
0225
08DD
0038
067D
02FC
003B
003C
02FE
0035
0014
0296
003E
003F
018F
00B5
0056
0206
0044
0156
00AE
0047
022A
08DE
0588
004B
004C
004D
004E
004F
0014
00BC
067F
03D7
08DF
043C
0056
00D0
0058
0097
0014
00C1
08E0
00C3
02BD
0031
0306
005F
0060
0014
0014
00C7
05DB
0307
01C6
0066
0067
0068
0069
006A
006B
006C
0468
029F
006F
03DA
0071
03DB
0073
01A0
0014
0075
0076
03DC
0078
03DD
007A
03DE
03DF
0014
0014
016F
03E0
03E1
036A
0082
0083
0084
027C
0086
0050
008F
0088
0576
06B9
018B
0046
008D
012B
0014
0014
008F
02EC
0267
06C0
006C
039E
0095
01B1
0014
0014
00DD
02C9
026A
026B
0001
0002
009D
07FB
00E3
0006
00E4
0008
0319
05A9
0201
000C
08B2
08E1
000F
0010
01DC
0012
0013
0014
001F
0014
0002
0014
0014
0014
0014
0026
002A
001E
0014
0014
00A6
0002
0002
0014
0002
0002
0002
0010
001C
0022
001E
0019
0022
0002
0002
0002
0002
0014
0014
0024
001E
0020
0023
0021
001B
0014
0014
0002
0014
0014
0014
001D
0012
0022
001F
0014
0022
0014
0014
0014
0014
0002
0014
0021
0530
001A
0023
0014
05AC
0014
0002
0014
0002
0002
0014
0024
001F
0010
0023
0014
0016
0014
0014
0014
0002
0002
0002
0018
001E
0010
0026
0014
0023
0014
0014
0002
0014
0014
0002
0014
01B9
0022
0014
0014
01BA
0002
0014
0014
0014
0014
0014
0026
002A
0022
0013
0014
00A8
0014
0002
0014
0014
0014
0002
0019
002C
0010
0013
0014
002E
0014
0014
0014
0014
0014
0002
0019
0371
0016
0014
0014
00A6
0002
0014
0002
0014
0014
0002
030B
0032
0498
0034
0035
0014
0100
00AC
0446
08E2
00AD
00AE
00AF
0034
0014
0014
003D
00B2
03AF
03B0
04F6
03B2
0043
02FE
0156
0251
0257
03B4
08E3
08E4
0196
03B8
004D
020B
0061
0050
0278
020C
0324
03BA
043C
0056
03BC
0058
004F
0014
03BD
053A
08E5
03BF
00C5
0083
08BD
00F9
0061
0014
01F1
0063
08E6
08BE
03C3
0067
0068
0166
006A
0014
0422
03C4
032A
006F
0450
00CF
00D0
0073
0074
0014
010B
0076
00D1
00D2
00D3
0014
030D
007C
0014
0014
007E
034A
01A7
0081
00D6
0083
05B5
0085
0086
0014
0087
05A6
0089
0283
0031
008C
05B6
008E
0035
0014
02EB
0090
01AE
0285
0168
0094
05B7
03C8
0014
0014
0098
00DE
05B8
00E0
042E
0002
0315
0004
009F
0006
0007
05B9
02F4
08E7
000B
0430
0810
000E
00EA
0019
00EB
001A
0014
0014
02F9
0014
0002
0002
0014
0014
0014
0016
0017
0018
0019
0014
001A
0002
0014
0014
0014
0014
0002
001B
0020
001D
001E
001F
0016
0014
0002
0014
0002
0002
0014
001B
001E
0016
001F
0014
0010
0002
0014
0014
0014
0014
0014
0019
0386
00EC
0023
0014
0357
0014
0002
0002
0014
0002
0014
001D
001D
0022
0027
0014
0016
0014
0002
0014
0014
0014
0014
0016
001A
0016
0021
0025
0018
0014
0014
0002
0014
0002
0002
0012
0012
0018
0027
0014
001A
0002
0014
0014
0014
0014
0014
0027
01DD
00EE
0027
0014
01DF
0002
0014
0014
0014
0014
0014
0026
01E0
0022
0026
0013
0387
0014
0002
0014
0014
0014
0014
0026
01E0
002D
0027
0014
0388
0014
0014
0014
0002
0014
0014
0023
00A5
0030
0019
0014
00A8
0014
0014
0014
0014
0014
0014
0031
00F1
0432
003B
0014
0014
02DB
0037
05BD
038B
00F7
003B
038C
00F9
0002
0014
00C2
018E
003F
0040
0041
0042
038D
0044
0045
0046
01BF
0048
0435
0813
0103
004C
0105
004E
004F
0014
0051
0195
025B
0054
010B
008C
08E8
0391
0097
0014
0059
005A
08E9
08EA
010E
005E
043B
0060
0097
0014
00C7
0111
043D
05C7
0066
00CB
0308
0069
0167
006B
006C
0397
006E
02A0
01C8
0071
0072
0398
0167
0014
0120
016B
02A1
011D
02E1
007A
007B
0817
007D
0014
0103
039A
039B
0172
0082
00AE
0084
01F3
00DC
0050
0125
0088
0576
036C
0129
039E
008D
012B
0035
0014
035A
039F
05CB
0268
0093
0083
0095
0096
0097
0014
03A3
03A4
009A
026B
0001
0002
009D
0441
00E3
0006
00E4
0008
0319
08EB
02B0
000C
03A8
05AB
000F
0010
01DC
0012
0013
0014
001F
0014
0002
0014
0014
0014
0014
0026
002A
001E
0014
0014
002E
0002
0002
0014
0002
0014
0002
00EC
001C
0022
001E
0019
0022
0002
0002
0014
0002
0002
0014
0024
001E
0020
0023
0021
001B
0014
0014
0014
0014
0014
0014
001D
0012
0022
001F
0014
0022
0014
0014
0014
0014
0014
0014
0021
0530
001A
0023
0014
01DE
0014
0002
0014
0014
0014
0014
0010
001A
0010
0023
0014
0016
0014
0014
0014
0002
0002
0002
0018
001E
0018
0026
0014
0023
0014
0014
0002
0014
0014
0002
0014
01B9
0018
0014
0014
0370
0014
0014
0014
0014
0014
0014
0026
002A
0022
0013
0014
00A8
0014
0002
0014
0014
0014
0002
0019
002C
002D
0013
0014
002E
0014
0014
0014
0014
0014
0002
0023
0371
0030
0014
0014
002B
0002
0014
0002
0014
0014
0002
018B
0032
0445
0034
0035
0014
0100
0271
0446
08EC
003A
00AE
00AF
0034
0014
0014
003D
00B2
03AF
0567
04F6
054E
0043
02FE
0045
0046
0036
03B4
08ED
08E4
020A
03B8
004D
020B
0061
0050
04B0
0052
0324
0762
020D
0056
074B
0058
004F
0014
0198
08EE
074C
08EF
041E
0083
044D
00F9
0061
0014
01F1
0063
08F0
08F1
041F
0067
0068
0166
006A
0014
0422
006D
0169
006F
0450
00B6
0072
0073
0074
0014
010B
0076
0077
00D2
0079
0014
016D
007C
0014
0014
01A5
0451
01A7
0081
00D6
0083
05B5
0085
0086
0014
0087
0282
0089
0283
008B
008C
05B6
008E
0035
0014
02EB
0090
01AE
0285
0093
0094
05B7
00DB
0014
0014
0098
0219
05B8
056D
042E
0002
0315
0004
009F
0006
0007
08F2
02F4
08C1
0356
028F
08F3
000E
024F
0026
00EB
001A
0014
0014
02F9
0014
0002
0002
0014
0014
0014
0016
0017
0018
0019
0014
001A
0002
0002
0014
0014
0002
0002
001B
0020
001D
001E
001F
0016
0014
0002
0002
0002
0002
0014
001B
001E
0016
001F
0014
0010
0002
0014
0002
0014
0014
0014
0019
0386
001E
0023
0014
0357
0014
0002
0002
0014
0002
0014
001D
001D
0022
0027
0014
0016
0014
0002
0014
0002
0002
0014
0024
00EC
0016
0021
0025
0018
0014
0014
0002
0014
0002
0002
0018
0012
0010
0027
0014
001A
0002
0014
0014
0014
0014
0002
0027
0250
00EE
0027
0014
0029
0002
0014
0014
0014
0014
0014
0026
01E0
0022
0026
0013
0387
0014
0002
0014
0014
0014
0014
0026
01E0
0010
0027
0014
0388
0014
0014
0014
0002
0014
0014
0019
00A5
0022
0019
0014
002E
0014
0014
0014
0014
0014
0014
0031
00F1
0432
0514
0014
0014
03F3
0037
08C2
08F4
02FC
003B
038C
00F9
0002
0014
00C2
018E
003F
0040
0041
0042
0539
0044
0156
00AE
01BF
0048
08F5
08F6
004B
004C
0105
004E
004F
0014
0051
04D4
025B
0437
0055
008C
0390
0424
0097
0014
015E
005A
08C6
08F7
005D
005E
08F8
0060
0097
0014
00C7
0111
043D
05C7
0066
00CB
0068
0069
0167
006B
006C
029E
029F
02A0
03DA
0071
03DB
027C
0167
0014
0120
016B
043F
011D
03DD
007A
03DE
0399
007D
0014
016F
007F
03E1
0172
0082
00AE
0084
01F3
00DC
0050
0125
0088
0576
036C
01F4
039E
008D
012B
0035
0014
035A
039F
05CB
0268
0130
039E
0095
0096
0097
0014
03A3
03A4
009A
026B
0381
0002
00E2
0004
0709
0006
00E4
0008
0220
024B
000B
031A
00E8
00E9
076D
0019
018A
0015
0014
0014
02F9
0014
0002
0002
0014
0014
0014
0016
01DC
0012
0019
0014
001A
0002
0014
0014
0014
0002
0002
001B
001D
001D
001E
001F
0016
0014
0002
0014
0002
0002
0014
001B
001E
0022
001F
0014
0010
0002
0014
0014
0014
0014
0014
0019
001B
001E
0023
0014
0012
0014
0014
0014
0014
0002
0014
001D
001C
0022
0023
0014
0016
0014
0002
0014
0014
0002
0014
0024
001A
0010
0021
0014
0018
0014
0014
0014
0014
0014
0002
0018
0012
0010
0027
0014
001A
0002
0014
0014
0014
0014
0002
0027
01DD
01DD
0014
0014
01DF
0002
0014
0014
0014
0014
0014
0026
02CC
01DD
0027
0014
00A6
0014
0014
0014
0014
0014
0014
0019
01E1
002D
0027
0014
002E
0014
0014
0014
0002
0014
0014
0019
00A5
0030
0019
0014
002E
0014
0014
0014
0014
0014
0014
0168
00F1
00F2
00F3
0014
0014
01E3
0037
0253
0254
003A
003B
01CA
00F9
0002
0014
051E
018E
08F9
08FA
01ED
0042
0775
0044
0156
0046
00F4
0048
08FB
07E2
0103
0322
0105
015A
004F
0014
0464
0195
08FC
08FD
0278
008C
0057
0424
0097
0014
0059
005A
08FE
08FF
010E
005E
0900
0060
0061
0014
00AB
0111
0901
07D2
01F2
04B5
0068
0114
0167
0014
0168
0397
0232
032B
01F8
0071
0072
027C
0167
0014
0120
016B
0527
011D
02E1
007A
007B
0902
0014
0014
0120
007F
06B5
0172
0082
0083
02E6
0781
00DC
0014
036D
023D
0127
0510
01F4
0046
061E
012B
0035
0014
0903
039F
061F
03A1
0093
00AE
0621
0096
0097
0014
03A3
03A4
05FD
04C5
03A5
0002
009D
052A
0005
0006
0007
0783
0009
0818
0904
0187
0905
000E
000F
0010
0011
0012
0013
0014
001A
0014
0002
0014
0014
0014
0014
0026
033E
0018
0027
0014
002E
0014
0002
0014
0002
0014
0014
00EC
03A9
0010
001E
0014
05D3
0002
0002
0002
0002
0014
0014
0024
001E
0020
00EC
0021
001B
0014
0014
0002
0014
0014
0014
001D
0020
0022
001F
0014
0022
0014
0002
0002
0014
0002
0014
0026
03AA
001A
0019
0014
00A8
0014
0002
0014
0002
0014
0014
0022
001F
0016
0023
0025
0016
0014
0014
0002
0002
0002
0002
0014
002B
0787
0026
0014
0906
0014
0014
0002
0014
0014
0002
0014
01B9
0016
0027
0014
01BA
0002
0014
0014
0014
0014
0014
0026
002A
0022
0026
0013
00A8
0014
0002
0014
0014
0014
0002
0019
002C
0010
0013
0014
002E
0014
0014
0014
0014
0014
0002
0023
0371
0016
0014
0014
002B
0002
0014
0002
0014
0014
0002
020A
0032
0033
0034
0035
0014
0100
00AC
0341
0372
01E2
00AE
0907
0034
0097
0014
003D
00B2
0626
00B4
00B5
076A
03B3
07F5
0045
0014
0047
03B4
0908
0909
023A
004C
004D
004E
0061
0050
0107
00BD
0053
00BE
00BF
0056
00C0
0058
004F
0014
03BD
0305
090A
0608
0031
0083
090B
00F9
00C6
0014
0062
0063
03C1
0845
0066
0067
0068
0069
006A
006B
00CC
090C
019E
006F
03DA
0014
078A
078B
0074
0014
010B
0076
00D1
00D2
053F
0014
030D
007C
007D
0014
007E
06E0
01A7
0081
00D6
01A8
0173
0085
0086
0050
0087
0218
0089
008A
008B
008C
0177
008E
0035
0014
008F
0090
0091
0092
017C
0094
060C
00DB
0014
0014
0098
0219
03C9
00E0
0405
0002
0315
0004
0549
0006
00E4
0475
02F4
02AF
033A
000C
02B1
0460
060F
0010
001D
0015
0013
0014
0015
0014
0002
0002
0014
0014
0014
0026
0409
0018
0019
0014
01B8
0002
0014
0014
0014
0014
0014
001B
001D
001D
0023
001F
0016
0014
0002
0014
0002
0002
0014
001B
001E
0016
001F
0014
001B
0002
0014
0014
0014
0014
0014
0015
001B
0018
001F
0014
0022
0014
0002
0002
0014
0014
0014
0021
04E7
040B
0023
0014
0610
0014
0002
0014
0014
0002
0014
0024
001A
0010
0023
0014
0016
0014
0014
0014
0002
0002
0002
0012
0012
0010
0026
0014
001A
0002
0014
0014
0014
0014
0014
0027
040A
01DD
0027
0014
00A7
0002
0014
0014
0014
0014
0014
0026
01E0
0022
0027
0014
002E
0014
0014
0014
0014
0014
0014
0019
01E1
002D
0027
0014
002E
0014
0014
0014
0014
0014
0014
0019
002F
0030
0019
0014
00A6
0014
0014
0014
0014
0014
0014
018B
0032
0033
0034
0035
0014
0036
0037
0038
0039
003A
00AE
04E9
0034
0002
0014
003D
0413
02B7
02B8
01E7
00B6
0206
0044
004F
0046
0036
0055
0611
0612
020A
004C
004D
015A
004F
0014
0051
0195
0053
0054
00BB
04F2
0057
0058
004F
0014
0059
005A
02BC
02BD
0503
059C
0613
0614
0061
0014
0225
019A
04F3
0557
00CA
0366
0193
0069
006A
0014
0196
029E
0232
04F5
02C1
027D
0215
0398
0074
0014
04F6
016B
027F
04F7
0615
006B
04F8
0616
007D
0014
0103
007F
0080
0480
00D6
0083
00D7
0085
00DC
0014
0125
00D8
042B
008A
023A
0046
051A
008E
0035
0014
035A
039F
0091
0092
029C
0094
051B
0096
0097
0014
012C
037F
009A
026B
0136
0002
009D
0353
0005
0006
0007
0008
0319
00E7
028E
026E
00E8
000E
0290
0026
0141
0012
0014
0014
00A6
0014
0002
0002
0014
0014
0014
0016
0017
001A
0014
0014
001A
0002
0002
0014
0002
0002
0002
0020
001C
0016
001E
0019
0022
0002
0002
0002
0002
0002
0014
0024
001A
0020
0021
0021
0010
0014
0014
0002
0014
0014
0014
001D
0024
0022
0019
0014
001A
0014
0014
0014
0014
0002
0014
001D
001C
0014
0014
0014
001E
0014
0002
0014
0002
0014
0014
0010
00EC
0016
0019
0025
0012
0014
0014
0002
0014
0002
0002
0018
001E
0018
0027
0014
0023
0014
0014
0002
0014
0014
0002
0027
0028
0016
0014
0014
00EF
0014
0014
0014
0014
0014
0014
0026
04CE
0022
0026
0013
002B
0014
0002
0014
0014
0014
0002
0019
002C
0010
0013
0014
002E
0014
0014
0014
0002
0014
0002
0023
00F0
0016
0014
0014
00A8
0002
0014
0002
0014
0014
0002
0147
00F1
0293
00F3
0014
0014
035A
014A
00F5
00F6
018B
003B
003C
060E
0014
0014
01ED
003E
00FC
01EC
0041
0042
0043
00FF
0045
0251
0277
0048
0049
004A
004B
0104
0074
004E
007D
0050
0243
00BD
029A
0362
0055
0056
015D
0197
00B0
0014
00C1
027A
010D
022F
005D
005E
005F
0014
0014
0014
0062
0163
0064
0065
0087
0067
0068
027C
0167
006B
006C
006D
019E
0367
032C
0071
0072
0073
0167
0014
010B
0076
0077
00D2
0079
007A
007B
03FF
0014
0014
007E
0451
034B
01FD
0082
01A8
0123
027C
0086
0050
0087
02A4
0311
02A6
010B
008C
02A8
012B
0035
0014
02E8
0090
0547
04A7
017C
0083
0131
03C8
0014
0014
0098
0099
05E0
060D
03F8
0002
0003
02F3
0549
0006
0007
0475
0009
01D9
000B
0187
03FB
000E
0222
0019
0141
0015
0013
0014
00A8
0014
0002
0002
0014
0014
0014
0016
0017
0018
0027
0014
001A
0014
0002
0014
0014
0002
0002
001B
001C
001D
001E
001F
0016
0002
0002
0014
0002
0002
0014
0024
001A
0020
001F
0021
0010
0002
0014
0002
0014
0014
0014
0022
001B
0018
0023
0014
0015
0014
0002
0002
0014
0002
0014
0022
001D
0022
0027
0014
0016
0014
0002
0014
0002
0002
0014
0024
001A
0016
0019
0025
0021
0014
0014
0002
0014
0002
0002
0018
0012
0010
0027
0014
001A
0002
0014
0014
0014
0014
0002
0027
0028
0016
0027
0014
01DF
0002
0014
0014
0014
0014
0014
0026
002A
0018
0027
0014
002B
0014
0002
0014
0014
0014
0014
0019
01E0
0018
0027
0014
002E
0014
0014
0014
0002
0014
0014
0023
00A5
0012
0019
0014
00A8
0002
0014
0002
0014
0014
0014
0031
00F1
0358
0034
0035
0014
01BB
0271
014B
0792
00F7
003B
003C
02FE
0002
0014
0100
02B6
00FC
00FD
00FA
0042
00D0
00FF
0045
00AE
090D
0055
0101
0158
023A
0104
004D
012B
0074
0050
03F4
0052
0109
010A
0055
0056
0057
0058
0097
0014
0198
015F
005B
0160
005D
005E
01C5
0060
0097
0014
0518
0163
0064
029D
0062
00CB
0068
0114
0167
006B
00CC
006D
006E
006F
0450
0071
0072
0073
01A0
0014
0075
0076
0077
0078
0079
007A
007B
030E
007D
0014
016F
01A6
02A3
0172
0664
01A8
01A9
06B7
0086
0014
0087
0696
0400
039D
010B
008C
02A8
0266
0035
0014
04F6
0472
0403
0404
0130
0083
0131
01B1
0097
0014
015E
0099
03E6
009B
0635
0002
00E2
0184
0005
090E
00E4
0008
0407
00A1
0201
090F
02B1
0799
02B2
0010
01DC
0012
0014
0014
0015
0014
0002
0002
0014
0014
0014
0026
06D4
0012
0019
0014
01B8
0002
0002
0014
0002
0014
0002
0024
001B
0016
0023
0019
0022
0014
0002
0002
0002
0014
0014
001B
001E
0018
00EC
0014
001B
0002
0014
0014
0014
0014
0014
001D
0024
0022
001F
0014
0022
0014
0002
0014
0014
0014
0014
001D
001C
0018
0023
0014
0018
0014
0002
0014
0014
0014
0014
0016
00EC
0010
0023
0014
0016
0014
0014
0014
0002
0014
0002
0018
001E
0018
0026
0014
0023
0014
0014
0002
0014
0014
0014
0027
033F
01DE
0014
0014
01BA
0002
0014
0014
0014
0014
0014
0026
002C
0022
0026
0013
002E
0014
0002
0014
0014
0014
0002
0019
002C
002D
0014
0014
002E
0014
0014
0014
0014
0014
0002
0019
0203
0030
0014
0014
00A6
0014
0014
0014
0014
0014
0002
030B
0032
0033
00F3
0014
0014
01E3
0204
018C
0039
0255
00AE
0411
0034
0097
0014
0910
018E
02B7
018F
004B
00B6
0043
0044
02B9
0046
01E3
0373
00B9
0345
0103
004C
0193
004E
004F
0014
079B
0911
0053
00BE
0419
04F2
00C0
0197
004F
0014
015E
01A2
020F
005C
004B
008C
005F
0096
0061
0014
0912
0517
0420
0346
0213
0067
0045
0069
006A
0014
0168
0309
00CE
0260
03DA
00CF
00D0
0119
0074
0014
00AA
0659
0426
01A1
03DD
007A
030D
0428
0014
0014
032F
034A
01A7
0081
0082
0083
00D7
0085
00DC
0050
035A
0088
042B
008A
023A
0046
0541
008E
0014
0014
049D
01AD
0091
0092
005D
0094
0913
0096
0014
0014
042C
0269
009A
042D
0914
0002
04C6
0915
080E
0006
0007
08B1
0220
01D9
000B
07FC
00E8
000E
024F
0019
002A
0012
0014
0014
00A8
0014
0014
0002
0014
0014
0014
0016
01DC
0015
0027
0014
001A
0002
0014
0014
0014
0002
0002
001B
001D
001D
001E
0026
0010
0014
0002
0002
0002
0002
0014
001D
001A
0020
001F
0014
001B
0002
0014
0014
0014
0014
0014
001E
0024
0022
0023
0014
001E
0014
0002
0014
0014
0002
0014
001D
001B
0022
0019
0014
0016
0014
0014
0014
0014
0002
0014
0024
001F
0010
0021
0014
0018
0014
0014
0002
0014
0002
0002
0018
0012
0010
0027
0014
001A
0014
0014
0014
0014
0014
0002
0027
0028
0022
0014
0014
01DF
0002
0014
0014
0014
0014
0014
0026
002A
0018
0014
0014
002B
0014
0014
0014
0014
0014
0014
0019
066C
0018
0014
0014
002E
0014
0014
0014
0002
0014
0014
0019
018A
0012
0014
0014
002E
0002
0014
0002
0014
0014
0014
018B
00F1
0916
0034
0014
0014
0225
0037
0038
0254
00F7
003B
0582
035D
0097
0014
063C
0917
031E
07A4
00FA
0042
0206
00FF
0156
006B
0036
0918
0157
0713
0103
0322
004D
004E
004F
0014
0194
0108
0919
08FD
010B
022E
0057
0058
0097
0014
0763
005A
005B
02BD
010E
005E
005F
005E
0097
0014
00AB
01CB
027B
07AA
0421
00CB
0068
0114
0167
0014
0168
0397
02DE
04F5
06A4
0071
0072
0119
01A0
0014
0120
091A
091B
091C
02E1
007A
007B
091D
0014
0014
016F
06CB
03E1
091E
0082
0083
02E6
023C
0014
0014
0125
023D
0311
0510
01F4
008C
012A
012B
0014
0014
0132
091F
0403
0242
0130
0046
0131
01B1
0014
0014
03A3
0133
0336
0920
0001
0002
0003
0004
0005
0006
00E4
03CD
0009
02AF
0921
000C
02B1
00E9
000F
0010
0011
001E
0013
0014
0015
0014
0002
0002
0014
0014
0014
0026
01B7
0018
0019
0014
01B8
0002
0002
0014
0002
0014
0002
0020
001C
0010
001E
001F
0016
0002
0002
0014
0002
0014
0014
001B
001E
0016
0023
0021
0010
0002
0014
0002
0014
0014
0014
001D
001B
0012
001F
0014
0022
0014
0002
0002
0014
0002
0014
0026
0740
0012
0023
0014
0741
0014
0002
0014
0002
0014
0014
0016
001A
0016
0023
0025
0016
0014
0014
0002
0002
0002
0002
0012
0015
0018
0026
0014
00EC
0002
0014
0002
0014
0014
0002
0027
033F
00EE
0027
0014
01BA
0002
0014
0014
0014
0014
0014
0026
002C
0022
0026
0013
002E
0014
0002
0014
0014
0014
0002
0026
002C
002D
0027
0014
002E
0014
0014
0014
0014
0014
0002
0023
002F
0030
0019
0014
002B
0014
0014
0014
0014
0014
0002
020A
0032
0033
0514
0035
0014
0100
00AC
0463
0372
00AD
00AE
02FD
0034
0002
0014
01BD
0922
02B7
0923
00B5
0056
0043
0044
0045
0046
0277
00BF
00B9
00BA
023A
004C
0193
020B
0061
0050
0107
0924
0053
00BE
00BF
0056
00C0
0197
004F
0014
015E
0305
0607
0608
00C5
0083
0613
0060
0061
0014
0062
0925
0307
0346
0066
0067
0068
0069
006A
006B
00CC
0468
006E
0469
0070
027D
00D0
0073
0074
0014
010B
0076
0077
0078
00D3
006B
030D
0428
007D
0014
01A5
007F
01A7
0081
00D6
0251
0173
0085
0086
0050
0087
0218
042B
008A
008B
039E
00D9
008E
0035
0014
008F
0090
0091
0092
0093
0094
00DA
0096
0097
0014
0098
0219
009A
0180
0405
0002
0315
0004
080E
0006
00E4
0382
0220
000A
000B
031A
000D
00E9
0476
0010
001D
001A
0014
0014
0015
0014
0002
0002
0014
0014
0014
0016
01DC
0018
0019
0014
001A
0002
0014
0014
0014
0014
0002
001B
001D
001D
00EC
001F
0016
0014
0002
0014
0002
0002
0014
001B
001E
0022
001F
0014
0010
0002
0014
0014
0014
0014
0014
0023
001B
001A
001F
0014
0022
0014
0002
0002
0014
0002
0014
001D
001C
0022
0023
0014
0016
0014
0002
0014
0014
0002
0014
0024
001A
0010
0021
0014
0018
0014
0014
0014
0002
0014
0002
0018
0012
0010
0027
0014
001A
0002
0014
0014
0014
0014
0014
0027
01DD
01DD
0027
0014
01DF
0002
0014
0014
0014
0014
0014
0026
01E0
0022
0027
0014
00A6
0014
0014
0014
0014
0014
0014
0019
01E1
002D
0027
0014
002E
0014
0014
0014
0002
0014
0014
0019
002F
0030
0019
0014
00A6
0014
0014
0014
0014
0014
0014
0168
0032
02CE
0438
0014
0014
01E3
0037
018C
0039
003A
003B
01CA
0034
0002
0014
051E
08A3
08F9
0926
01ED
0042
07CB
0044
02B9
0046
00F4
0055
0927
07CD
0059
0322
0193
015A
004F
0014
0051
0195
04F1
08FD
0278
008C
0057
0150
004F
0014
0059
005A
0521
0522
02DA
005E
072D
0060
0061
0014
00AB
0111
0928
07D2
01F2
0058
0068
0114
0167
0014
0168
029E
0232
0525
01F8
0071
03DB
0398
0167
0014
04F6
016B
027F
011D
03DD
007A
03DE
02E2
007D
0014
0103
007F
0080
0480
00D6
0083
02E6
0085
00DC
0014
03F7
046F
04FA
0283
0147
0046
061E
008E
0035
0014
012C
039F
088E
037D
0093
0094
0621
0096
0097
0014
03A3
03A4
05FD
04C5
0351
0002
009D
052A
0005
0006
0007
00E5
0009
0929
092A
0187
092B
000E
0290
0026
0141
0012
0013
0014
00A6
0014
0002
0014
0014
0014
0014
0026
052E
001F
0014
0014
00A6
0002
0002
0014
0002
0002
0014
001F
001C
0022
001E
0014
0022
0002
0002
0002
0002
0014
0014
0024
001F
0020
0023
0021
001B
0014
0014
0002
0014
0014
0014
001D
0024
0022
0021
0014
001E
0014
0002
0014
0014
0002
0014
0026
092C
001F
0019
0014
002B
0014
0002
0014
0002
0014
0014
0010
001F
0016
0023
0025
0016
0014
0014
0002
0014
0002
0002
0018
001E
0018
0026
0014
0023
0014
0014
0002
0014
0014
0002
0014
01B9
0016
0014
0014
01BA
0002
0014
0014
0014
0014
0014
0026
04CE
0022
0026
0013
04CF
0014
0002
0014
0014
0014
0002
0019
018A
0010
0013
0014
002E
0014
0014
0014
0014
0014
0002
0023
00F0
0016
0014
0014
00A8
0002
0014
0002
0014
0014
0002
020A
00F1
0252
0034
0035
0014
0100
00AC
0341
0342
018B
00AE
03AE
0359
0014
0014
003D
003E
092D
018F
00B5
03B2
0043
07F5
0045
0014
0047
0048
092E
092F
004B
004C
004D
004E
0061
0050
0278
00BD
0930
025C
00BF
0056
00C0
0058
00B0
0014
03BD
0305
090A
022F
0031
0083
0931
0359
00DC
0014
0062
0063
0932
0933
0066
0067
0068
0069
006A
006B
0467
006D
019E
006F
01C8
00CF
0072
0073
0074
0014
010B
0076
0077
00D2
0079
0014
016D
03FF
0014
0014
007E
0451
034B
034C
0082
01A8
0173
027C
0086
0050
0087
0088
0311
0265
010B
008C
060B
0207
0035
0014
008F
0090
036E
017B
017C
0083
0934
03C8
0014
0014
0098
0219
03C9
00E0
042E
0002
021D
0004
009F
0006
0007
05B9
06D3
000A
000B
031A
000D
000E
0476
0010
001D
0015
0014
0014
0015
0014
0002
0002
0014
0014
0014
0016
01DC
0012
0019
0014
001A
0002
0014
0014
0014
0002
0002
001B
001D
001D
001E
0026
0016
0014
0014
0014
0002
0002
0014
001B
001E
0022
001F
0014
0010
0002
0014
0014
0014
0014
0014
0023
0024
001A
001F
0014
0022
0014
0002
0014
0014
0002
0014
001D
0016
0022
0027
0014
0016
0014
0002
0014
0014
0002
0014
0024
00EC
0010
0021
0014
0018
0014
0014
0014
0014
0014
0002
0018
0012
0010
0027
0014
001A
0002
0014
0014
0014
0014
0002
0027
01DD
0143
0014
0014
01DF
0002
0014
0014
0014
0014
0014
0026
02CC
0143
0026
0013
00A6
0014
0014
0014
0014
0014
0014
0019
01E1
0010
0027
0014
002E
0014
0014
0014
0002
0014
0014
0019
002C
0022
0019
0014
002E
0014
0014
0014
0014
0014
0014
018B
0032
02CE
02CF
0014
0014
01E3
0037
018C
0039
00F7
003B
02D2
0034
0002
0014
07DD
07DE
07DF
0926
0041
0042
0206
0044
0156
006B
0036
0434
07E1
0935
0503
0322
0193
015A
004F
0014
0464
0108
04F1
08FD
010B
008C
0057
0150
004F
0014
0059
005A
07E3
0936
010E
005E
005F
0060
0097
0014
00AB
07E5
07E6
0937
0421
04B5
0068
0114
0167
0014
0168
029E
02DE
0525
01F8
0071
03DB
027C
01A0
0014
0120
016B
0842
011D
03DD
007A
03DE
07D3
0014
0014
016F
07E9
0080
0480
0082
0083
02E6
07EA
00DC
0050
03F7
023D
04FA
0283
01F4
0046
061E
008E
0035
0014
012C
06D0
088E
0723
0130
0094
0621
0096
0097
0014
07ED
0133
04FC
0920
0001
0002
009D
0441
00E3
0006
00E4
0008
0009
07F0
0484
0187
0786
0202
0290
0026
0141
0012
0013
0014
0387
0014
0002
0014
0014
0014
0014
0026
033E
0018
0014
0014
00A6
0002
0002
0014
0002
0014
0002
00EC
03A9
0010
001E
001F
05D3
0002
0002
0002
0002
0014
0014
0024
001A
0020
0023
0021
001B
0014
0014
0002
0014
0014
0014
001D
001B
0022
0023
0014
001E
0014
0002
0002
0014
0002
0014
0026
03AA
001A
0023
0014
01DE
0014
0002
0014
0002
0014
0014
0022
001A
0016
0023
0025
0016
0014
0014
0002
0002
0002
0002
0018
001E
0018
0026
0014
0023
0014
0014
0002
0014
0014
0002
0014
01B9
0016
0027
0014
01BA
0002
0014
0014
0014
0014
0014
0026
04CE
0022
0013
0014
00A8
0014
0002
0014
0014
0014
0002
0019
018A
002D
0013
0014
002E
0014
0014
0014
0014
0014
0002
0023
002F
0030
0014
0014
002B
0002
0014
0002
0014
0014
0002
020A
00F1
0340
0034
0035
0014
0100
00AC
0341
0342
00AD
00AE
03AE
0056
0014
0014
01BD
0584
0938
0604
01E7
03B2
0447
07F5
0045
0046
0277
0655
0908
08E4
03B7
004C
004D
004E
0061
0050
0107
044A
066D
025C
03BB
0056
00C0
0058
0002
0014
03BD
0305
090A
0608
00C5
0083
044D
03B2
0061
0014
0062
0163
044E
0939
0066
0067
0068
0069
006A
006B
00CC
006D
006E
006F
01C8
00CF
0072
0073
0074
0014
010B
0076
0077
00D2
0079
0014
016D
03FF
007D
0014
01A5
034A
034B
034C
00D6
01A8
0173
0174
0086
0014
0087
0218
0311
0265
008B
008C
0177
04AF
0035
0014
008F
0090
017A
017B
0093
0083
03C7
00DB
0014
0014
0098
0219
03C9
00E0
079F
0002
00E2
0004
009F
0006
0007
0008
0220
000A
02B0
000C
0188
024E
02B2
0010
01DC
0012
0013
0014
001A
0014
0002
0002
0014
0014
0014
0016
01DC
0018
0027
0014
001A
0002
0002
0014
0002
0014
0002
0024
001B
0010
0021
0019
0016
0014
0002
0002
0002
0002
0014
0024
001E
0020
0023
0014
0010
0002
0014
0014
0014
0014
0014
001D
0020
0022
001F
0014
0022
0014
0002
0002
0014
0002
0014
001D
001C
0018
0027
0014
001E
0014
0002
0014
0014
0002
0014
0024
0021
0010
0019
0014
0016
0014
0014
0002
0002
0002
0002
0018
001E
0010
0027
0014
00EC
0014
0014
0014
0014
0014
0014
0027
0250
01DD
0027
0014
0029
0002
0014
0014
0014
0014
0014
0027
002C
0012
0026
0013
00A6
0014
0002
0014
0014
0014
0014
0027
002C
0010
0027
0014
0388
0014
0014
0014
0002
0014
0014
0026
00A5
0016
0027
0014
00A6
0014
0014
0014
0014
0014
0002
018B
0032
01C5
00F3
0035
0014
0036
0037
018C
0039
003A
003B
0043
0034
0002
0014
00FA
093A
093B
093C
004B
00B6
00D0
0494
02B9
0251
0100
00B8
0802
0209
020A
0104
0193
0497
0061
0014
0051
06B3
0279
010A
00AA
076A
0498
0060
004F
0014
0198
005A
020F
005C
0120
014E
055D
0060
00DC
0014
0110
0111
06A2
06A3
0151
0067
0769
027C
00B0
0014
0115
071E
0630
0117
03F5
0071
0072
0119
01A0
0014
027E
07E7
047D
093D
0237
006B
007B
0616
007D
0014
0103
007F
02E4
02E5
01BF
048B
0084
0085
00DC
0050
0125
0633
042B
008A
0196
04A0
008D
008E
0035
0014
012C
093E
0091
0092
0115
0094
0095
01B1
00DC
0014
0132
093F
009A
026B
0001
0002
009D
0353
021F
0006
00E4
0940
0009
013B
0356
0637
03FB
00E9
01DB
0019
0141
0015
0014
0014
00A7
0014
0002
0002
0014
0014
0014
00EC
0142
0012
0019
0014
01B8
0002
0002
0014
0014
0002
0014
001B
001C
001D
001E
001F
0022
0002
0002
0014
0002
0014
0014
001B
001E
0016
001F
0021
001B
0002
0014
0002
0014
0014
0014
0022
001B
0018
0023
0014
0012
0014
0002
0014
0014
0002
0014
0022
0024
0022
0023
0014
0016
0014
0002
0014
0002
0014
0014
0014
002E
01E0
0023
0025
0639
0014
0014
0002
0014
0002
0002
0014
0487
04CD
0026
0014
00A6
0002
0014
0002
0014
0014
0002
0027
002F
0016
0014
0014
002B
0002
0014
0014
0014
0014
0014
0026
002A
0022
0013
0014
04CF
0014
0002
0014
0014
0014
0002
0019
01E0
002D
0013
0014
002E
0014
0014
0014
0014
0014
0002
0023
0371
0030
0019
0014
00A8
0002
0014
0002
0014
0014
0002
0031
00F1
0340
0034
0014
0014
035A
0271
0341
0941
02FC
014E
0515
0150
0097
0014
00B1
003E
02B7
0040
00FA
0042
0043
0044
0045
0046
0047
0048
0049
004A
004B
004C
004D
004E
004F
0050
0243
0361
063D
075B
0055
0056
0057
0058
0002
0014
015E
015F
005B
063E
005D
005E
005F
0096
0061
0014
00C7
0063
0064
0065
0066
0014
0942
0640
006A
006B
0467
0468
0232
006F
01C8
0014
0943
0944
0074
0014
0075
0076
0077
0078
00D3
007A
0427
03FF
0014
0014
007E
00D5
02A3
01FD
0082
0083
0643
0174
0086
0014
0087
023D
0683
023E
008B
008C
0284
01FE
0035
0014
008F
0090
05F2
0404
0093
0083
01D4
0096
0097
0014
00DD
0099
0645
0180
0136
0002
0003
087E
0005
0006
00E4
0008
0009
0945
000B
0187
013E
00E9
0290
0019
00EB
001E
0013
0014
02F9
0014
0002
0002
0014
0014
0014
00EC
0142
0012
0019
0014
00A6
0002
0014
0014
0014
0014
0002
001B
001C
001D
001E
0019
0016
0002
0002
0002
0002
0002
0014
001B
001E
0020
001F
0014
001B
0002
0014
0014
0014
0014
0014
001D
0024
0012
0023
0014
0012
0014
0002
0014
0014
0014
0014
0022
001C
0022
0019
0014
0016
0014
0002
0014
0014
0014
0014
0014
05E2
0291
0023
0025
054C
0014
0014
0002
0014
0002
0014
0012
0012
0018
0027
0014
001A
0002
0014
0002
0014
0014
0002
0027
002F
0016
0014
0014
00A7
0002
0014
0014
0014
0014
0014
0026
002A
0022
0026
0013
00A8
0014
0002
0014
0014
0014
0002
0019
01E0
002D
0027
0014
002E
0014
0014
0014
0014
0014
0002
0023
00A5
0030
0027
0014
00A8
0002
0014
0002
0014
0014
0002
0031
00F1
02FA
076A
0035
0014
0036
0037
035B
035C
00F7
014E
0515
0150
0002
0014
003D
003E
02B7
0040
0041
0042
0043
0044
0045
0046
0047
0048
0049
004A
0103
004C
0946
004E
0074
0014
0194
0052
0947
0054
0129
0056
0057
0197
00B0
0014
0059
005A
010D
005C
029C
005E
005F
0096
0097
0014
0062
0063
0064
0065
0066
0014
0657
0948
006A
006B
006C
006D
0949
0367
03DA
027D
0072
0073
007D
0014
0075
0076
00D1
0078
0079
007A
0280
03FF
0014
0014
007E
0170
0171
01FD
0082
01A8
00D7
027C
0086
0050
008F
0088
0311
036C
010B
008C
051A
012B
0035
0014
008F
0090
094A
0268
0093
0083
051B
0096
00DC
0014
0098
0099
017F
0180
0405
0002
00E2
0184
094B
0006
0007
0647
06D3
000A
094C
031A
0188
094D
02B2
0010
01DC
0012
0014
0014
001A
0014
0002
0014
0014
0014
0014
0016
01DC
0018
0014
0014
001A
0002
0002
0014
0002
0002
0002
0020
001D
0016
001E
001F
0010
0014
0002
0014
0002
0002
0014
001D
001E
0015
0023
0021
0010
0002
0014
0002
0014
0014
0014
0022
001B
0022
001F
0014
0022
0014
0002
0002
0014
0002
0014
001D
001B
0018
0023
0014
0018
0014
0002
0014
0002
0002
0014
0024
001A
0010
0021
0014
0018
0014
0014
0002
0002
0002
0002
0018
001E
0010
0026
0014
00EC
0014
0014
0014
0014
0014
0002
0027
00A7
01DD
0027
0014
00EF
0014
0014
0014
0014
0014
0014
0026
002C
0012
0014
0014
00A6
0014
0002
0014
0014
0014
0014
0026
002C
0010
0014
0014
002E
0014
0014
0014
0002
0014
0014
0019
0371
0016
0019
0014
00A6
0014
0014
0014
0014
0014
0014
00AA
0032
064A
0034
0014
0014
04E8
084C
03AC
075D
03B1
003B
094E
0034
0014
0014
094F
0772
0950
0951
0503
0343
0155
0494
0156
00AE
00F4
00B8
03D5
0850
03B7
00FF
004D
0058
004F
0050
0115
01EE
0952
03BA
00BF
04F2
0498
0058
004F
0014
00C1
053A
0508
058E
00C5
014E
040C
0060
0061
0014
00AB
0111
0953
088C
0954
0067
0045
0955
0002
0014
0422
0376
064D
050A
0450
0071
01CA
01F9
0074
0014
027E
0856
011C
05FB
01A2
007A
01A4
046B
007D
0014
0120
061A
0591
0693
00D6
0083
02E6
0085
0014
0014
032F
0956
04FA
0283
02C5
0046
061E
008E
0014
0014
0178
0957
0958
037D
03F4
0094
076E
01B1
0097
0014
012C
037F
0959
04C5
01D6
0002
00E2
095A
0005
0006
00E4
0596
095B
02AF
095C
0384
000D
013F
000F
0010
01DC
0012
0014
0014
0015
0014
0002
0002
0014
0014
0014
00EC
0462
0012
0019
0014
01B8
0002
0002
0014
0002
0014
0002
0024
001C
0016
001E
001F
0010
0002
0002
0014
0002
0002
0014
001B
001E
0020
00EC
0021
001B
0002
0014
0014
0014
0014
0014
0018
001B
0022
001F
0014
0022
0014
0014
0014
0014
0002
0014
0022
001B
0018
0019
0014
001E
0014
0002
0014
0014
0014
0014
0024
001F
0010
0023
0014
0016
0014
0014
0002
0002
0002
0002
0015
0015
0010
0026
0014
00EC
0002
0014
0002
0014
0014
0014
0013
01B9
0018
0014
0014
02B3
0002
0014
0014
0014
0014
0014
0026
002A
0022
0026
0013
00A8
0014
0002
0014
0014
0014
0014
0019
002C
0010
0014
0014
002E
0014
0014
0014
0002
0014
0014
0023
018A
0016
0019
0014
002B
0014
0014
0014
0014
0014
0014
01E2
0032
01C5
0034
0014
0014
04E8
0546
0038
0039
0255
014E
0515
0034
0035
0014
00C2
0297
0275
01EC
0041
0042
0043
0044
0045
00AE
0100
0048
0049
004A
0103
0104
004D
012B
004F
0050
0417
0299
0279
05D7
010B
0056
015D
0058
004F
0014
015E
005A
005B
005C
029C
005E
005F
0060
00DC
0014
0110
0163
0064
0065
01F2
0067
02C0
027C
006A
0014
095D
01F5
029F
030A
06A4
0424
0072
0073
0074
0014
01CB
0076
00D1
04F7
0079
01A3
016D
007C
0014
0014
016F
007F
01A7
0081
0082
0083
05B5
0085
0086
0050
008F
023D
0089
0283
02A7
008C
095E
008E
0014
0014
02EB
0179
01AE
0285
0300
0094
095F
0096
0097
0014
0098
0099
0960
0180
0001
0002
0003
0004
0961
0006
0007
0008
02F4
06BC
033A
0187
0962
024E
024F
0026
0141
0015
0013
0014
00A8
0014
0002
0002
0014
0014
0014
0016
0017
0018
0027
0014
001A
0002
0002
0014
0014
0002
0002
001B
001B
001D
001E
0019
0016
0014
0002
0002
0002
0002
0014
0024
001A
0016
001F
0014
0018
0014
0014
0002
0014
0014
0014
001D
001D
0012
0023
0014
0015
0014
0002
0002
0014
0002
0014
001D
001C
0022
0023
0014
0016
0014
0002
0014
0002
0002
0014
0016
001A
0016
0025
0025
0019
0014
0014
0014
0014
0002
0002
0018
0012
0010
0027
0014
001A
0014
0014
0014
0014
0014
0002
0027
0250
00EE
0027
0014
0029
0002
0014
0014
0014
0014
0014
0026
01E0
0012
0027
0014
00A6
0014
0002
0014
0014
0014
0002
0026
01E0
002D
0027
0014
002E
0014
0014
0014
0014
0014
0002
0019
002F
0030
0027
0014
002E
0002
0014
0002
0014
0014
0002
0031
00F1
0340
0514
0035
0014
0036
0271
0963
063B
00F7
003B
01E8
00F9
0002
0014
003D
00B2
003F
02B8
01E7
0343
0206
00FF
0156
0046
0047
0055
062D
065F
023A
004C
0656
004E
0074
0014
0051
0052
03D7
0054
02BB
0304
0057
005E
0002
0014
0198
015F
0199
0964
00C5
0306
005F
00DB
0061
0014
00C7
019A
0965
062E
0066
00CB
0068
0069
00C6
006B
0966
03C4
0232
0367
0070
0071
01CA
01F9
01A0
0014
0503
0659
011C
01CC
037A
007A
01A4
0967
007D
0014
00DD
0968
0171
0969
00D6
00AE
0084
0174
00DC
0014
0087
0633
0175
036C
02C5
039E
008D
04AF
0035
0014
0125
04C1
017A
0268
005D
00AE
0095
00DB
00DC
0014
012C
05DF
009A
026B
0001
0002
0725
0353
0005
0006
0007
00A0
02F4
000A
094C
0384
0188
0822
000F
0010
0011
0012
0013
0014
001A
0014
0002
0002
0014
0014
0014
0016
0017
001E
0014
0014
001A
0002
0002
0014
0002
0002
0002
001B
001C
001D
001E
0019
0022
0002
0002
0014
0002
0002
0014
0024
001E
0016
001F
0014
001B
0002
0014
0002
0014
0014
0014
0022
0020
0022
001F
0014
0022
0014
0002
0014
0014
0002
0014
001D
001C
0022
0023
0014
0018
0014
0002
0014
0002
0002
0014
0024
00EC
0016
0023
0025
0016
0014
0014
0002
0002
0002
0002
0018
001E
0010
0027
0014
0023
0014
0014
0014
0014
0014
0002
0027
0250
00EE
0014
0014
0029
0002
0014
0014
0014
0014
0014
0026
03D1
0022
0026
0013
00A6
0014
0002
0014
0014
0014
0002
0019
01E0
002D
0014
0014
002E
0014
0014
0014
0002
0014
0002
0019
002F
0030
0014
0014
00A6
0002
0014
0002
0014
0014
0002
020A
0032
01C5
00F3
0035
0014
01E3
0204
018C
0039
01E2
003B
003C
0034
0014
0014
00C2
096A
00FC
096B
03B7
0056
00D0
0207
0156
0046
0100
0055
0802
0209
03B7
0104
0193
004E
004F
0014
00BC
00BD
0279
05D7
00BF
010C
0507
0060
004F
0014
00C1
01A2
020F
005C
00C5
014E
01C5
00F9
0061
0014
0110
0163
025D
01C6
0364
00CB
0308
027C
006A
006B
0168
096C
029F
096D
032C
0071
03DB
01F9
01A0
0014
0103
04B8
047D
096E
00D3
007A
047E
0428
0014
0014
007E
030F
04BA
08AF
00D6
0083
0084
0085
00DC
0050
0098
0633
042B
008A
0031
0046
008D
008E
0014
0014
02AA
0090
0091
0092
005D
0094
0095
01B1
0014
0014
051C
00DE
026A
009B
0314
0002
0315
0004
096F
0006
00E4
0139
0319
0339
000B
033B
013E
00E9
024F
0019
0543
0015
0014
0014
00A7
0014
0002
0002
0014
0014
0014
00EC
0462
0018
0019
0014
00A6
0002
0002
0014
0014
0014
0014
0024
001B
0016
001E
001F
0016
0014
0002
0002
0002
0002
0014
001B
001E
0020
0023
0021
0010
0002
0014
0014
0014
0014
0014
001D
001B
0018
0014
0014
0012
0014
0002
0002
0014
0014
0014
0022
001C
0018
0027
0014
0016
0014
0002
0014
0014
0014
0014
0016
001A
0010
0019
0014
0016
0014
0014
0014
0014
0002
0002
0018
0012
0018
0026
0014
001A
0002
0014
0002
0014
0014
0014
0027
01B9
0012
0027
0014
0145
0002
0014
0014
0014
0014
0014
0026
002A
0022
0027
0014
00A8
0014
0002
0014
0014
0014
0014
0019
002C
0022
0027
0014
002E
0014
0014
0014
0014
0014
0014
0023
00F0
0022
0019
0014
00A8
0014
0014
0014
0014
0014
0002
05D6
00F1
02FA
0034
0014
0014
01BB
08D8
0341
063B
003A
014E
0227
00F9
0002
0014
003D
00FB
02B7
0040
01ED
0042
0043
0044
0045
00AE
0047
0048
0049
004A
0503
004C
004D
012B
01A0
0050
0300
0970
025B
0054
0107
0056
0057
0058
0014
0014
0059
0553
005B
063E
010E
005E
005F
0060
0097
0014
00C7
019A
02DC
0065
00CA
0067
0068
0069
0167
0014
0467
0971
0232
0972
01C8
00CF
0072
0073
0074
0014
01CB
0973
0077
0236
02E1
007A
016D
0069
007D
0014
0103
0170
0171
01FD
0082
01A8
0974
045B
0086
0014
0087
0975
0311
0976
0129
008C
07B4
01FE
0035
0014
008F
03A4
06E1
0977
0243
0083
095F
0096
0097
0014
00DD
0978
0380
0679
0136
0002
0003
0004
05CF
0006
00E4
00A0
0009
028D
000B
028F
03FB
00E9
0290
0026
00EB
0015
0013
0014
02F9
0014
0002
0002
0014
0014
0014
0016
0017
0018
0019
0014
001A
0002
0014
0014
0014
0014
0002
001B
001B
001D
0023
0019
0016
0002
0002
0002
0002
0002
0014
001B
001E
0020
001F
0014
0010
0002
0014
0014
0014
0014
0014
001D
0020
0012
0023
0014
0012
0014
0002
0002
0014
0014
0014
0022
001C
0022
0027
0014
0016
0014
0002
0014
0014
0002
0014
0024
00EC
0016
0026
0025
0019
0014
0014
0002
0014
0002
0002
0012
0012
0010
0027
0014
001A
0014
0014
0002
0014
0014
0002
0027
0028
0016
0027
0014
0029
0002
0014
0014
0014
0014
0014
0026
002A
0022
0027
0014
002B
0014
0002
0014
0014
0014
0002
0019
002C
002D
0027
0014
002E
0014
0014
0014
0014
0014
0002
0019
00A5
0030
0027
0014
002E
0002
0014
0002
0014
0014
0002
0031
00F1
02FA
076A
0035
0014
0225
0037
035B
07BE
00F7
003B
003C
00F9
0002
0014
0296
00B2
003F
0040
00FA
0042
0043
0044
02B9
0046
0047
0055
0049
004A
0059
004C
0105
004E
0074
0014
0051
0052
03D7
0054
010B
0056
0057
0197
00B0
0014
0059
005A
010D
0465
029C
005E
005F
0060
0097
0014
00C7
019A
0064
0065
0066
0067
0068
0069
0167
006B
006C
006D
0979
097A
03DA
0071
0072
0073
0167
0014
0075
0076
00D1
00D2
02E1
007A
007B
03FF
007D
0014
007E
0170
0171
01FD
00D6
01A8
0084
027C
0086
0014
008F
00D8
0400
036C
018B
008C
008D
012B
0035
0014
008F
04C1
05CB
0268
0093
0046
0095
0096
00DC
0014
00DD
02F0
009A
026B
0405
0002
00E2
097B
009F
0006
0007
04AB
00E6
02AF
094C
000C
0188
000E
02B2
0010
001D
0012
0014
0014
001F
0014
0002
0014
0014
0014
0014
0026
06D4
0015
0014
0014
01B8
0002
0002
0014
0002
0002
0002
0020
001C
0016
001E
001F
0010
0014
0002
0014
0002
0002
0014
001D
001E
0015
0023
0021
001B
0002
0014
0002
0014
0014
0014
0022
001B
0022
001F
0014
0022
0014
0014
0014
0014
0002
0014
001D
001B
0018
0023
0014
0018
0014
0002
0014
0002
0014
0014
0016
001A
0010
0023
0014
0016
0014
0014
0014
0002
0002
0002
0018
0015
0018
0026
0014
00EC
0002
0014
0014
0014
0014
0002
0027
0488
00ED
0014
0014
0387
0014
0014
0014
0014
0014
0014
0026
02CC
0357
0026
0013
002E
0014
0014
0014
0014
0014
0014
0026
01E1
0010
0013
0014
002E
0014
0014
0014
0002
0014
0014
0023
0371
0016
0019
0014
002B
0014
0014
0014
0014
0014
0014
00AA
0032
057E
0034
0014
0014
01BB
084C
097C
097D
0255
00AE
097E
0034
0014
0014
01BD
0297
097F
0980
004B
0056
057E
0494
0045
00AE
0100
0048
03D5
04EE
004B
015A
004D
0058
004F
0050
0243
01EE
0324
03BA
00BF
010C
0498
0058
004F
0014
00C1
0305
0508
022F
00C5
008C
01CA
00F9
0061
0014
0151
0450
0981
0982
03F3
0983
0068
0984
006A
0014
03F4
0309
0985
0986
0450
00CF
01CA
0234
0074
0014
011A
016B
0987
04F7
00D3
007A
0988
0616
0014
0014
0103
030F
0591
0480
0082
0083
0989
07EA
00DC
0050
032F
023D
04FA
0283
008B
0046
098A
008E
0035
0014
0149
0402
098B
0285
0243
0094
098C
01B1
0097
0014
0132
0219
098D
021B
0136
0002
0725
07FB
0005
0006
0007
00A0
02F4
00E7
0356
028F
056F
000E
01DB
0026
00EB
0012
0013
0014
02F9
0014
0002
0002
0014
0014
0014
0016
0017
001A
0019
0014
001A
0002
0002
0014
0014
0002
0002
001B
001C
001D
001E
0019
0022
0002
0002
0014
0002
0014
0014
001B
001F
0020
001F
0014
001B
0002
0014
0002
0014
0014
0014
0022
0020
0022
0023
0014
0012
0014
0002
0014
0014
0002
0014
0022
001C
0022
0019
0014
0016
0014
0002
0014
0002
0002
0014
0024
00EC
0016
0023
0025
0016
0014
0014
0002
0002
0002
0002
0018
0012
0010
0027
0014
001A
0014
0014
0014
0014
0014
0002
0027
0028
0016
0014
0014
0029
0002
0014
0014
0014
0014
0014
0026
002A
0022
0026
0013
002B
0014
0002
0014
0014
0014
0002
0019
018A
002D
0014
0014
002E
0014
0014
0014
0014
0014
0002
0019
00A5
0030
0014
0014
00A6
0002
0014
0002
0014
0014
0002
0031
00F1
0252
0514
0035
0014
00AB
0037
04D2
055A
0624
003B
003C
035D
0035
0014
0296
00B2
003F
0040
0041
0042
0206
0044
0156
0046
0036
0055
035E
035F
00BB
004C
004F
004E
004F
0014
00BC
0361
03D7
055B
0055
010C
0057
0060
00B0
0014
00C1
005A
010D
005C
005D
005E
005F
005E
0097
0014
0110
0063
0064
029D
0066
0067
0308
0069
006A
006B
0168
098E
047A
098F
03DA
0071
047B
0119
0167
0014
0103
0659
047D
01CC
00D3
007A
047E
03FF
0014
0014
007E
030F
02A3
065A
00D6
0083
0084
027C
00DC
0050
034D
00D8
0400
036C
018B
008C
008D
012B
0014
0014
0125
0090
0267
0268
0093
0046
0095
00DB
0014
0014
051C
0099
026A
009B
0181
0002
00E2
0004
0990
0006
00E4
0139
0483
02AF
033A
000C
02B1
00E9
02B2
0010
0020
0015
0014
0014
001A
0014
0002
0002
0014
0014
0014
0026
06D4
0018
0027
0014
01B8
0002
0002
0014
0002
0014
0002
0024
001B
0016
001E
001F
0016
0014
0002
0002
0002
0002
0014
001D
001E
0022
0023
0021
0022
0002
0014
0014
0014
0014
0014
001D
001B
0018
001F
0014
0022
0014
0002
0002
0014
0002
0014
001D
001C
0018
0023
0014
0018
0014
0002
0014
0014
0014
0014
0016
001A
0010
0021
0014
0016
0014
0014
0014
0014
0002
0002
0018
0015
0018
0026
0014
00EC
0002
0014
0002
0014
0014
0014
0027
0488
00ED
0027
0014
0387
0014
0014
0014
0014
0014
0014
0027
01E0
0022
0027
0014
0388
0014
0014
0014
0014
0014
0014
0026
01E1
0022
0027
0014
0388
0014
0014
0014
0002
0014
0014
0023
0371
0022
0019
0014
00A8
0014
0014
0014
0014
0014
0002
0168
0032
005F
0034
0014
0014
01BB
07DC
0991
0992
003A
0251
02B4
0034
0002
0014
00FA
00FB
0229
064B
069E
0056
0043
00FF
0045
00AE
01BF
0048
0344
0345
0503
015A
004D
0106
01A0
0050
0300
0970
0324
08DA
06D9
0056
00D0
0058
004F
0014
0059
0553
0852
063E
004B
0306
005F
0060
0061
0014
0364
0111
02BF
0680
0151
0266
0068
01F3
0002
0014
0467
0993
0750
0994
0450
00CF
0072
0073
0074
0014
01CB
04DB
0077
04F7
0237
007A
0995
0616
007D
0014
0103
034A
01A7
0081
0082
0251
0996
0085
0086
0014
032F
0126
0997
064F
008B
039E
0998
008E
0035
0014
02E8
012D
02ED
0999
0243
0094
099A
0096
0097
0014
0503
0754
099B
099C
0381
0002
00E2
0004
00E3
0006
0007
00A0
02F4
02AF
028E
000C
000D
000E
000F
0010
001D
0012
0014
0014
001A
0014
0014
0002
0014
0014
0014
00EC
0462
0018
0027
0014
01B8
0002
0002
0014
0002
0002
0002
001B
001D
001D
001E
001F
0022
0002
0002
0014
0002
0002
0014
001D
001E
0020
001F
0014
001B
0002
0014
0002
0014
0014
0014
0022
001B
0022
001F
0014
0022
0014
0002
0002
0014
0002
0014
001D
001C
0022
0023
0014
0018
0014
0002
0014
0002
0002
0014
0024
001A
0010
0019
0014
0016
0014
0014
0014
0002
0014
0002
0018
001E
0010
0027
0014
00EC
0014
0014
0014
0014
0014
0002
0027
0488
01DD
0027
0014
0387
0014
0014
0014
0014
0014
0014
0026
01E0
0022
0013
0014
002E
0014
0014
0014
0014
0014
0002
0019
03D1
0010
0013
0014
002E
0014
0014
0014
0002
0014
0002
0023
00A5
0016
0014
0014
002B
0002
0014
0002
0014
0014
0002
01E2
0032
005F
00F3
0014
0014
0036
01E4
03EA
0410
0255
014E
03EC
0034
0002
0014
00FA
0454
03EE
00FD
01ED
0042
00D0
00FF
0045
00AE
00F4
0048
0101
0321
004B
015A
0193
004E
004F
0014
0051
01EE
0324
03BA
0055
0304
015D
00F9
004F
0014
015E
027A
07A8
099D
005D
005E
010F
0096
0061
0014
0162
077A
0112
0113
049D
0366
0068
099E
0167
0014
0422
0397
0855
099F
0586
00B6
0072
077D
0167
0014
027E
09A0
09A1
0691
0459
007A
0995
0428
007D
0014
04F6
061A
02E4
09A2
010E
0083
00D7
0085
00DC
0014
0087
0088
042B
008A
0278
0046
00D9
008E
0035
0014
02AA
045C
0091
0092
0243
0094
00DA
0096
0014
0014
012C
0546
009A
042D
03F8
0002
009D
009E
009F
0006
00E4
0139
0009
01D9
09A3
028F
09A4
033D
024F
0026
0141
0015
0013
0014
00A7
0014
0002
0002
0014
0014
0014
0016
0017
0015
0019
0014
001A
0002
0002
0014
0014
0014
0014
0024
001C
0016
0021
0026
0016
0014
0002
0002
0002
0002
0014
001B
001F
0010
00EC
0021
0010
0002
0014
0014
0014
0014
0014
001D
001D
0018
0023
0014
0012
0014
0002
0014
0014
0014
0014
0022
001C
0018
0027
0014
0016
0014
0002
0014
0014
0014
0014
0010
001F
0016
0023
0025
0016
0014
0014
0002
0014
0002
0002
0018
0012
0018
0026
0014
001A
0002
0014
0002
0014
0014
0002
0014
0028
0016
0014
0014
0029
0002
0014
0014
0014
0014
0014
0026
002A
0012
0026
0013
002B
0014
0002
0014
0014
0014
0014
0019
018A
002D
0027
0014
002E
0014
0014
0014
0014
0014
0014
0026
0203
0030
0019
0014
002E
0014
0014
0014
0014
0014
0002
0031
0251
0340
0034
0035
0014
0270
0037
0038
035C
00F7
003B
003C
02FE
00B0
0014
0296
00B2
003F
02B8
00B5
00B6
0043
0044
02B9
0046
0047
0055
00B9
0345
0059
004C
004D
012B
0061
0050
0417
0052
03D7
0054
00BB
0056
0057
0058
0002
0014
0198
005A
02BC
005C
0531
014E
005F
0060
0097
0014
0062
0063
0307
019C
0066
0067
0068
0069
006A
006B
006C
03C4
029F
006F
09A5
0071
00D0
0073
0074
0014
0075
0076
00D1
0078
09A6
0014
03DE
03FF
0014
0014
007E
09A7
0171
076C
00D6
01A8
01A9
0174
0086
0050
008F
09A8
0311
039D
0147
008C
02EA
012B
0035
0014
008F
0179
05F2
0404
005D
0046
01B0
01B1
0097
0014
0098
0350
03E6
009B
079F
0002
00E2
0004
000F
0872
00E4
00A0
09A9
000A
033A
013D
065C
0460
02B2
0010
0011
0015
0013
0014
001A
0014
0002
0002
0014
0014
0014
0016
0017
0018
0027
0014
001A
0002
0014
0014
0014
0014
0002
0020
001B
001D
0023
0019
0016
0014
0002
0002
0002
0002
0014
0024
001E
0020
0023
0014
0010
0002
0014
0014
0014
0014
0014
001D
0020
0012
001F
0014
0022
0014
0002
0002
0014
0014
0014
0022
001C
0022
0027
0014
001E
0014
0002
0014
0014
0002
0014
0024
0023
0016
0023
0025
0016
0014
0014
0002
0002
0002
0002
0018
001A
0010
0027
0014
0023
0014
0014
0014
0014
0014
0014
0027
0250
0144
0027
0014
0029
0002
0014
0014
0014
0014
0014
0026
002C
0012
0026
0013
00A6
0014
0002
0014
0014
0014
0014
0026
002C
0010
0027
0014
002E
0014
0014
0014
0014
0014
0014
0026
00A5
0022
0027
0014
00A6
0014
0014
0014
0014
0014
0014
0031
0032
015D
00F3
0035
0014
01E3
0037
065E
0565
003A
003B
0043
0034
0002
0014
0228
09AA
09AB
093C
004B
00B6
00D0
0494
02B9
0251
0100
0055
0802
0209
0059
04AF
0193
0497
0061
0014
0051
06B3
09AC
082F
00AA
076A
0498
0060
004F
0014
0198
005A
09AD
005C
0120
014E
055D
0060
00C6
0014
01F1
0111
06A2
06A3
0165
0067
0105
04B6
006A
006B
0115
019D
09AE
09AF
01F8
0071
09B0
01F9
01A0
0014
027E
09B1
09B2
091C
03DD
006B
0217
046B
007D
0014
016F
061A
09B3
09B4
00D6
0083
0084
0085
00DC
0050
0087
00D8
042B
008A
0196
0046
008D
008E
0035
0014
0178
03E2
0091
0092
03F4
0094
0095
005E
00DC
0014
0132
093F
009A
026B
0001
0002
009D
0353
00E3
0006
0007
04AB
0483
013B
0356
04DF
013E
000E
0290
0026
002C
0012
0014
0014
02F9
0014
0002
0002
0014
0014
0014
00EC
0462
0012
0019
0014
01B8
0002
0002
0014
0002
0002
0002
001B
001C
0016
001E
001F
0022
0002
0002
0014
0002
0002
0014
001B
001E
0010
001F
0021
001B
0002
0014
0002
0014
0014
0014
0022
001B
0022
0023
0014
0012
0014
0002
0014
0014
0002
0014
001D
001B
0018
0023
0014
0016
0014
0002
0014
0002
0014
0014
0012
001A
0010
0021
0014
0018
0014
0014
0002
0014
0002
0002
0014
0488
04E7
0026
0014
00A6
0002
0014
0002
0014
0014
0002
0027
002F
0018
0014
0014
002B
0002
0014
0014
0014
0014
0014
0026
04CE
0022
0013
0014
00A8
0014
0014
0014
0014
0014
0002
0019
066C
002D
0013
0014
002E
0014
0014
0014
0002
0014
0002
0023
0203
0030
0019
0014
00A8
0002
0014
0002
0014
0014
0002
018B
00F1
0340
0034
0014
0014
0100
0271
0038
035C
018B
014E
0515
0150
0035
0014
003D
003E
02B7
0040
00FE
0042
0043
0044
0045
0046
0047
0048
0049
004A
004B
004C
004D
004E
004F
0050
0243
0361
063D
025C
0055
0056
0057
0058
0002
0014
015E
015F
005B
063E
005D
005E
005F
0096
0061
0014
00C7
0063
0064
0065
00CA
0058
0068
0069
0167
0014
0467
006D
006E
006F
01C8
0014
09B5
09B6
0074
0014
0075
0076
0077
0078
0079
007A
09B7
03FF
0014
0014
01A5
0170
02A3
01FD
0082
01A8
09B8
0174
0086
0014
008F
02A4
0311
039D
008B
008C
095E
01FE
0035
0014
008F
0090
05F2
0404
0093
0083
03AE
0096
0097
0014
00DD
0099
0960
0180
0001
0002
009D
01B5
0005
0006
0007
0139
0009
00A1
02B0
028F
0623
000E
000F
0010
0011
0012
0013
0014
001E
0014
0002
0002
0014
0014
0014
0026
033E
0015
0027
0014
00A6
0002
0002
0014
0002
0002
0014
001B
001C
0022
001E
0026
0016
0002
0002
0002
0002
0002
0014
0024
001E
0020
001F
0021
001B
0014
0014
0002
0014
0014
0014
001D
001D
0022
001F
0014
0022
0014
0002
0014
0014
0002
0014
0021
0740
0015
0023
0014
0610
0014
0002
0014
0002
0002
0014
0024
001F
0016
0026
0025
0021
0014
0014
0002
0014
0002
0002
0014
01BA
040A
0026
0014
09B9
0002
0014
0002
0014
0014
0002
0014
01B9
0016
0014
0014
0370
0014
0014
0014
0014
0014
0014
0026
002A
0022
0026
0013
00A8
0014
0002
0014
0014
0014
0002
0019
002C
002D
0027
0014
002E
0014
0014
0014
0014
0014
0002
0023
002F
0030
0019
0014
00A8
0002
0014
0002
0014
0014
0002
0031
0032
0033
0034
0035
0014
035A
0271
0341
0372
018D
00AE
00AF
0034
00B0
0014
0296
00B2
01BE
02B8
00B5
00B6
0043
0190
0045
0046
0047
03B4
0191
09BA
023A
004C
004D
004E
004F
0050
0278
0052
0053
0054
02BB
0056
0057
0058
004F
0014
0198
015F
02BC
0608
0031
0083
0613
005E
0061
0014
0062
0063
019B
09BB
0066
0067
0068
0069
0167
006B
006C
006D
019E
006F
03DA
0014
09BC
09BD
0074
0014
0075
0076
00D1
0078
0079
0014
016D
007C
0014
0014
007E
0170
01A7
0081
00D6
01A8
0173
0085
0086
0050
008F
0218
0089
008A
008B
008C
02C6
008E
0035
0014
008F
0090
0091
0092
0093
0094
034F
00DB
0097
0014
0098
0219
009A
04DE
09BE
0002
00E2
02F3
09BF
0006
00E4
0382
04AC
028D
095C
000C
00E8
09C0
024F
0019
002C
001A
0014
0014
02F9
0014
0014
0002
0014
0014
0014
0016
01DC
0018
0019
0014
001A
0002
0014
0014
0014
0014
0002
0020
001D
001D
00EC
001F
0010
0014
0002
0014
0002
0002
0014
001B
001E
0016
0023
0014
0010
0002
0014
0014
0014
0014
0014
0018
001B
0012
0023
0014
0012
0014
0002
0002
0014
0002
0014
001D
001C
0022
0027
0014
001A
0014
0002
0014
0014
0014
0014
0016
001A
0010
0023
0014
0016
0014
0014
0002
0002
0014
0002
0018
0012
0018
0027
0014
001A
0014
0014
0014
0014
0014
0014
0027
0250
00ED
0027
0014
0029
0002
0014
0014
0014
0014
0014
0026
01E0
0022
0013
0014
00A6
0014
0014
0014
0014
0014
0014
0026
01E1
0022
0013
0014
002E
0014
0014
0014
0002
0014
0014
0019
002C
0022
0014
0014
00A6
0014
0014
0014
0014
0014
0014
01E2
00F1
0293
00F3
0014
0014
0036
0546
05CC
0254
0255
003B
09C1
0150
0002
0014
02B5
03D3
01EB
09C2
00FE
0042
0742
0044
0167
00AE
00F4
0048
09C3
0321
0103
0322
02B9
015A
01A0
0014
0051
09C4
05E7
09C5
010B
003B
015D
0424
0086
0014
015E
005A
09C6
01C4
010E
005E
03AB
0060
0035
0014
0270
032C
09C7
09C8
0954
04B5
0308
0854
006A
0014
0422
019D
09C9
099F
069C
0071
01CA
09CA
01A0
0014
027E
09CB
0527
093D
0499
007A
01A4
09CC
007D
0014
015E
061A
09CD
09CE
00BB
0083
02E6
0560
00DC
0014
0120
023D
09CF
0510
0544
0046
061E
01FE
0035
0014
036D
012D
09D0
09D1
0300
00AE
09D2
0096
0014
0014
017E
0133
09D3
0920
09D4
0002
0003
07FB
0317
0872
0007
00A0
0873
000A
028E
031A
000D
000E
0189
0010
001D
0012
0013
0014
001F
0014
0014
0002
0014
0014
0014
0016
01DC
001E
0014
0014
001A
0002
0002
0014
0002
0002
0002
0020
0024
0010
001E
001F
0010
0014
0002
0014
0002
0014
0014
001D
001E
0016
0023
0014
001B
0002
0014
0014
0014
0014
0014
0022
001B
0022
001F
0014
0022
0014
0014
0014
0014
0014
0014
0022
001C
0018
0019
0014
001A
0014
0002
0014
0014
0002
0014
0024
00EC
0010
0023
0014
0016
0014
0014
0014
0002
0014
0002
0018
001E
0010
0027
0014
00EC
0014
0014
0014
0014
0014
0002
0013
0028
0022
0014
0014
065D
0014
0014
0014
0014
0014
0014
0026
002A
0018
0026
0013
002B
0014
0014
0014
0014
0014
0002
0019
00A9
0010
0014
0014
002E
0014
0014
0014
0014
0014
0002
0023
01E0
0016
0014
0014
002B
0014
0014
0014
0014
0014
0002
01E2
0032
0057
00F3
0035
0014
01E3
014A
03EA
0410
00AA
003B
01E8
0034
0014
0014
0276
0152
031E
0154
0041
0042
00D0
0494
0045
00AE
0100
02BB
035E
035F
00AA
04AF
0193
020B
004F
0014
0464
00BD
058C
03F0
0129
010C
015D
0060
004F
0014
00C1
0553
010D
05EA
02DA
005E
0328
00F9
00DC
0014
041F
077A
027B
09D5
09D6
00CB
0068
0560
006A
0014
03F4
00CD
09D7
06EE
069C
0071
05ED
01F9
01A0
0014
027E
09D8
09D9
09DA
03DD
01A3
0217
007C
0014
0014
0120
061A
07D4
09A2
00D6
0083
0084
0085
00DC
0050
012C
0218
0089
008A
010B
008C
008D
008E
0014
0014
042C
04C1
0091
0092
0130
0094
0095
01B1
0014
0014
042C
02F0
026A
026B
0181
0002
0315
0004
00E3
0006
00E4
0139
0009
0339
033A
033B
09DB
0460
0290
0026
0141
0015
0014
0014
00A7
0014
0002
0002
0014
0014
0014
0026
033E
0018
0019
0014
00A6
0002
0002
0014
0014
0014
0002
001B
001C
001D
00EC
0026
0016
0002
0002
0002
0002
0002
0014
001B
001E
0020
001F
0021
0010
0002
0014
0002
0014
0014
0014
001D
0024
0018
0023
0014
0012
0014
0002
0002
0014
0002
0014
001D
001B
0022
0023
0014
0016
0014
0002
0014
0002
0014
0014
0010
001A
0016
0021
0025
0016
0014
0014
0002
0014
0002
0002
0018
0012
0018
0026
0014
001A
0002
0014
0002
0014
0014
0014
0027
033F
00EE
0027
0014
01BA
0002
0014
0014
0014
0014
0014
0026
002C
0022
0027
0014
002E
0014
0002
0014
0014
0014
0014
0026
002C
002D
0027
0014
002E
0014
0014
0014
0002
0014
0014
0019
002F
0030
0019
0014
002E
0002
0014
0002
0014
0014
0002
0031
00F1
0340
0034
0014
0014
0100
0037
0038
035C
003A
00AE
02FD
00F9
0002
0014
003D
0297
02B7
018F
01E7
00B6
0043
0044
02B9
0046
0047
0048
00B9
0345
004B
004C
004D
004E
0074
0050
0107
022B
025B
0054
02BB
0056
0057
0058
0002
0014
0059
005A
02BC
02BD
00C5
0306
005F
0060
0061
0014
00C7
0063
0307
0346
0066
0067
0068
0069
0002
006B
006C
0397
006E
030A
01C8
00CF
0072
0073
0074
0014
0075
09DC
0077
09DD
0079
007A
016D
050C
007D
0014
007E
09A7
02A3
09DE
0082
00AE
05F0
0174
0086
0014
0087
01AA
08A6
039D
0031
039E
0284
012B
0035
0014
008F
0179
0712
0404
005D
00AE
0286
0096
0097
0014
00DD
0350
0134
0180
0136
0002
0003
0004
0005
0006
00E4
0139
0009
000A
0186
028F
065C
00E9
02B2
0010
0011
0012
0013
0014
001E
0014
0002
0002
0014
0014
0014
0016
0017
0015
0027
0014
001A
0002
0002
0014
0002
0002
0014
001B
001C
0022
001E
0026
0016
0014
0002
0002
0002
0002
0014
0024
001E
0020
001F
0014
0010
0014
0014
0002
0014
0014
0014
001D
001D
0022
001F
0014
0022
0014
0002
0014
0014
0002
0014
0022
001C
0015
0027
0014
0016
0014
0002
0014
0002
0002
0014
0024
001F
0016
0026
0025
0012
0014
0014
0002
0014
0002
0002
0018
001F
0010
0014
0014
0023
0014
0014
0014
0014
0014
0002
0027
0028
0016
0014
0014
00EF
0014
0014
0014
0014
0014
0014
0026
002A
0022
0026
0013
002B
0014
0002
0014
0014
0014
0014
0019
002C
002D
0027
0014
002E
0014
0014
0014
0014
0014
0014
0023
002F
0030
0027
0014
00A8
0002
0014
0002
0014
0014
0014
0031
0032
0033
0034
0035
0014
00AB
0271
0341
0372
018D
003B
003C
0034
0002
0014
0296
00B2
003F
02B8
00B5
00B6
0206
0190
0045
0046
0047
03B4
062D
065F
023A
004C
004D
012B
0074
0014
00BC
0052
0053
0054
02BB
0056
0057
0058
004F
0014
0198
015F
02BC
0608
0031
014E
005F
0060
0097
0014
0062
0063
0307
01C6
0066
0067
0068
0069
0167
006B
006C
03C4
04D8
006F
09DF
0071
0215
0073
0014
0014
0075
0076
09E0
01CC
09A6
006B
047E
007C
0014
0014
007E
034A
01CE
01CF
00D6
01A8
0084
0085
0086
0050
0087
0218
0089
008A
008B
008C
008D
008E
0035
0014
008F
0179
0091
0092
0093
0094
0095
005E
00DC
0014
0098
0219
009A
009B
09E1
0002
03CB
03CC
09BF
0006
0007
03CD
045F
09E2
028E
000C
0559
024E
0290
0019
018A
001A
0014
0014
02F9
0014
0002
0002
0014
0014
0014
00EC
0462
0018
0019
0014
01B8
0002
0002
0014
0014
0014
0002
0020
001D
001D
00EC
001F
0010
0002
0014
0014
0002
0002
0014
001B
001E
0016
00EC
0021
001B
0002
0014
0014
0014
0014
0014
0018
001B
0012
0023
0014
0012
0014
0002
0002
0014
0002
0014
001D
001C
0022
0023
0014
0018
0014
0002
0014
0014
0014
0014
0012
001A
0022
0023
0014
0016
0014
0014
0002
0002
0014
0002
0015
0012
0012
0026
0014
001A
0002
0014
0002
0014
0014
0014
0027
040A
01DE
0027
0014
00A7
0002
0014
0014
0014
0014
0014
0026
01E0
0022
0013
0014
002E
0014
0014
0014
0014
0014
0002
0026
01E1
0022
0013
0014
002E
0014
0014
0014
0002
0014
0002
0019
018A
0022
0019
0014
00A6
0014
0014
0014
0014
0014
0002
01E2
00F1
076E
0438
0014
0014
01BB
0546
09E3
06BE
0255
014E
03EC
0150
0035
0014
02B5
09E4
03EE
01EC
00FE
0042
0043
0044
004F
00AE
00F4
0048
0049
004A
0103
0322
02B9
004E
004F
0050
0300
09C4
05E7
09C5
010B
010C
015D
0197
00B0
0014
015E
005A
05F7
0465
029C
005E
005F
0096
0061
0014
0270
032C
0112
0065
03F3
066F
0068
0854
006A
0014
03F4
0397
09C9
0525
09E5
0424
0072
077D
0074
0014
011A
016B
09E6
09E7
0459
007A
0995
08D5
007D
0014
04F6
047F
09E8
09E9
00B5
0083
0643
045B
00DC
0014
00DD
023D
09EA
09EB
0168
0046
05B6
01FE
0035
0014
02AA
0333
09EC
09ED
0130
00AE
09EE
0096
0097
0014
012C
0133
09EF
099C
0136
0002
0003
07FB
0317
09F0
0007
00A0
09A9
000A
0356
0384
000D
000E
0189
0010
01DC
0012
0013
0014
001E
0014
0014
0002
0014
0014
0014
0016
001B
001E
0025
0014
001A
0002
0002
0014
0002
0002
0002
0020
001B
0022
001E
0019
0022
0014
0002
0014
0002
0014
0014
0024
001E
0016
0023
0014
001B
0014
0014
0014
0014
0014
0014
001D
0016
0022
001F
0014
0022
0014
0014
0014
0014
0014
0014
0022
001C
0015
0019
0014
0016
0014
0002
0014
0014
0002
0014
0024
0023
0010
0023
0014
0016
0014
0014
0014
0002
0014
0002
0018
001E
0010
0027
0014
00EC
0014
0014
0014
0014
0014
0002
0013
0028
0022
0014
0014
00EF
0014
0014
0014
0014
0014
0014
0026
002A
0018
0026
0013
002B
0014
0002
0014
0014
0014
0002
0019
002C
0010
0014
0014
002E
0014
0014
0014
0014
0014
0002
0023
002F
0016
0014
0014
002B
0014
0014
0014
0014
0014
0002
018B
0032
02CE
00F3
0035
0014
01E3
0271
068A
06C4
01E2
003B
003C
0034
0035
0014
0296
00B2
093B
0154
0041
0042
0206
0190
0045
0251
0036
03B4
035E
035F
00AA
0104
0193
020B
004F
0014
0464
0361
0279
05D7
0107
010C
0057
0060
004F
0014
00C1
0553
010D
05EA
02DA
005E
005F
00F9
0097
0014
0110
019A
0064
029D
03C3
0067
0308
0114
006A
0014
0115
09F1
047A
09F2
0729
0071
0742
01F9
0167
0014
04EF
09F3
09F4
09F5
03DD
01A3
0217
007C
0014
0014
016F
039A
09F6
09F7
00D6
01A8
0084
0085
00DC
0050
032F
0218
0089
008A
008B
008C
008D
008E
0014
0014
0149
04C1
0091
0092
0130
0094
0095
00DB
0014
0014
0132
02F0
026A
026B
0181
0002
0315
0004
00E3
0006
00E4
0139
0483
0339
033A
033B
09DB
0460
0290
0019
0141
0015
0014
0014
00A7
0014
0002
0002
0014
0014
0014
0026
01B7
0018
0019
0014
01B8
0002
0002
0014
0014
0014
0002
001B
001C
001D
00EC
001F
0016
0002
0002
0002
0002
0002
0014
001B
001E
0020
001F
0021
0010
0002
0014
0002
0014
0014
0014
0018
001B
0018
0023
0014
0012
0014
0002
0002
0014
0002
0014
001D
001D
0022
0023
0014
0018
0014
0002
0014
0002
0014
0014
0010
001A
0016
0021
0025
0016
0014
0014
0002
0014
0002
0002
0018
0012
0018
0026
0014
001A
0002
0014
0002
0014
0014
0014
0027
040A
00EE
0027
0014
00A7
0002
0014
0014
0014
0014
0014
0026
01E0
0022
0027
0014
002E
0014
0002
0014
0014
0014
0014
0026
01E0
002D
0027
0014
002E
0014
0014
0014
0002
0014
0014
0019
002C
0030
0019
0014
002E
0002
0014
0002
0014
0014
0002
0031
00F1
04D0
0034
0014
0014
01BB
0037
0038
035C
003A
00AE
02B4
00F9
0002
0014
01BD
0297
02B7
018F
03B1
00B6
0043
0044
004F
0046
01BF
0048
00B9
0345
004B
004C
004D
004E
0074
0050
0107
022B
025B
0054
00BF
0056
00D0
0058
0097
0014
0059
005A
00C3
02BD
00C5
0306
005F
0060
0061
0014
00C7
0163
02BF
0680
0066
00CB
0068
0069
0002
006B
0467
0397
0377
04F5
01C8
00CF
0072
0073
0074
0014
0075
09F8
0077
09F9
0079
007A
0995
050C
007D
0014
01A5
09FA
02A3
09FB
0082
0083
0281
045B
0086
0014
008F
023D
08A6
0644
006C
0046
0284
01FE
0035
0014
008F
0179
02AB
04A7
005D
00AE
0286
0096
0097
0014
00DD
0350
0380
0180
0806
0002
00E2
0004
00E3
0006
0007
0008
06D3
09FC
0356
000C
00E8
000E
00EA
0019
04CE
0012
0013
0014
00A8
0014
0014
0002
0014
0014
0014
00EC
0462
0018
0027
0014
01B8
0002
0002
0014
0014
0002
0002
001B
0024
001D
001E
0019
0010
0014
0002
0014
0002
0002
0014
001D
001A
0020
001F
0014
0010
0002
0014
0002
0014
0014
0014
0022
0024
0022
0023
0014
0015
0014
0002
0002
0014
0002
0014
001D
001C
0022
0023
0014
0016
0014
0002
0014
0002
0002
0014
0024
001A
0010
0023
0014
0016
0014
0014
0002
0014
0002
0002
0012
001E
0010
0027
0014
00EC
0014
0014
0014
0014
0014
0002
0027
0488
01DD
0027
0014
0387
0014
0014
0014
0014
0014
0014
0026
01E0
0022
0025
0014
002E
0014
0014
0014
0014
0014
0002
0019
03D1
0010
0014
0014
002E
0014
0014
0014
0002
0014
0002
0023
00F0
0016
0014
0014
00A8
0002
0014
0002
0014
0014
0002
0168
00F1
0358
00F3
0035
0014
0036
0226
09FD
09FE
02FC
014E
03EC
00F9
0002
0014
00FA
09E4
09FF
00FD
01ED
0042
00D0
00FF
0045
0251
0100
0048
0101
0321
004B
02D6
0105
004E
004F
0014
0051
04D4
0A00
015C
0055
0304
0057
0060
00B0
0014
00C1
015F
010D
022F
005D
005E
010F
00F9
0061
0014
01F1
0111
0112
0113
049D
00CB
0068
0114
006A
0014
0168
0397
0232
032B
0A01
01C9
0072
027C
01A0
0014
0120
04B8
0A02
0A03
0A04
007A
0995
0575
007D
0014
04F6
0A05
0A06
0A07
010E
00AE
08A5
0124
00DC
0014
034D
0126
05A7
0128
0278
00AE
05DE
012B
0014
0014
03F7
0333
02AB
012F
0243
0083
05B7
01B1
0014
0014
0132
0245
0246
0A08
03F8
0002
009D
03A6
009F
0006
00E4
026D
0009
000A
09A3
028F
02B1
0A09
000F
0010
0011
0015
0014
0014
0015
0014
0002
0002
0014
0014
0014
0016
0017
0012
0019
0014
001A
0002
0002
0014
0002
0014
0014
0024
001C
0016
0027
001F
0016
0002
0002
0002
0002
0002
0014
001B
001E
0010
0023
0021
001B
0002
0014
0014
0014
0014
0014
001D
001B
0018
001F
0014
0022
0014
0002
0014
0014
0014
0014
0022
001C
0012
0019
0014
001E
0014
0002
0014
0014
0014
0014
0010
001F
0016
0021
0025
0021
0014
0014
0002
0002
0002
0002
0018
0012
0018
0026
0014
001A
0002
0014
0002
0014
0014
0002
0014
0028
0016
0014
0014
0029
0002
0014
0014
0014
0014
0014
0026
002A
0022
0026
0013
002B
0014
0002
0014
0014
0014
0014
0019
002C
002D
0027
0014
002E
0014
0014
0014
0014
0014
0014
0026
002F
0030
0019
0014
00A6
0014
0014
0014
0014
0014
0014
0031
0032
0033
0034
0014
0014
046E
0037
0038
0039
003A
003B
003C
0034
00B0
0014
0296
00B2
003F
0923
00B5
00B6
0043
0044
0002
0046
0047
0055
00B9
0345
020A
004C
004D
012B
0097
0050
0360
0052
0053
0054
015E
0056
00C0
0058
004F
0014
0059
005A
00C3
02BD
041E
014E
005F
0060
00C6
0014
00C7
0063
0307
019C
0066
0067
0068
0069
0002
006B
00CC
0468
029F
006F
09DF
0071
00D0
0073
0074
0014
010B
0076
00D1
0078
0A0A
0014
03DE
007C
0014
0014
007E
09FA
0080
0081
0165
0083
0084
0085
0086
0050
0087
00D8
0089
008A
0031
008C
008D
008E
0035
0014
008F
0179
0091
0092
005D
0094
0095
0096
0097
0014
00DD
0350
017F
009B
0A0B
0002
00E2
095A
0200
0006
00E4
00A0
0009
000A
000B
031A
000D
013F
02B2
0010
01DC
0015
0013
0014
001F
0014
0014
0002
0014
0014
0014
0016
0024
0018
0027
0014
001A
0002
0014
0014
0002
0014
0002
001B
001C
0010
0023
0019
0016
0014
0002
0014
0002
0002
0014
0024
001E
0016
001F
0014
001B
0002
0014
0014
0014
0014
0014
001D
001D
0012
001F
0014
0022
0014
0002
0002
0014
0014
0014
0022
001C
0018
0019
0014
001A
0014
0002
0014
0014
0002
0014
0024
0023
0010
0023
0014
0016
0014
0014
0002
0002
0002
0002
0018
001A
0010
0027
0014
0023
0014
0014
0014
0014
0014
0014
0014
0028
0022
0027
0014
065D
0014
0014
0014
0014
0014
0014
0026
002A
0018
0026
0013
002B
0014
0002
0014
0014
0014
0002
0019
002C
002D
0027
0014
002E
0014
0014
0014
0014
0014
0002
0026
0223
0030
0027
0014
00A6
0014
0014
0014
0014
0014
0002
018B
0032
0057
00F3
0035
0014
01E3
0037
03EA
02D1
003A
003B
01E8
0034
00B0
0014
00B1
01EA
031E
0154
0041
0042
0206
0494
007D
0046
0036
0055
035E
035F
020A
00FF
0193
020B
0074
0014
0051
0195
058C
082F
0129
0056
015D
0060
004F
0014
0198
005A
010D
005C
02DA
005E
005F
0060
00C6
0014
01F1
0063
02DC
02DD
0421
0067
02C0
04B6
006A
0014
0422
0764
0A0C
0A0D
01F8
0071
03BC
0073
01A0
0014
01CB
0076
0A0E
032D
00D3
0014
0A0F
007C
007D
0014
016F
0451
09F6
032E
00D6
0083
0084
0085
0086
0050
032F
00D8
0089
008A
0467
008C
008D
008E
0035
0014
02EB
0090
0091
0092
0093
0094
0095
005E
00DC
0014
0098
0099
026A
009B
0001
0002
0003
0004
00E3
0006
0007
08B1
00E6
013B
04CA
0A10
09DB
000E
0290
0026
0141
0012
0014
0014
02F9
0014
0002
0002
0014
0014
0014
0026
01B7
0012
0019
0014
01B8
0002
0002
0014
0014
0002
0002
0016
0024
001D
001E
001F
0022
0002
0002
0002
0002
0002
0014
001B
001E
0020
00EC
0021
0010
0002
0014
0002
0014
0014
0014
0018
001B
0022
0023
0014
0012
0014
0014
0014
0014
0002
0014
001D
001B
0022
0023
0014
0016
0014
0002
0014
0002
0014
0014
0012
001A
0016
0021
0025
0016
0014
0014
0002
0014
0002
0002
0012
0012
0018
0026
0014
001A
0002
0014
0002
0014
0014
0002
0027
00A9
00EE
0014
0014
02F9
0002
0014
0014
0014
0014
0014
0026
03D1
0022
0013
0014
002E
0014
0002
0014
0014
0014
0014
0019
01E0
0010
0013
0014
002E
0014
0014
0014
0002
0014
0014
0023
0203
0016
0019
0014
00A8
0002
0014
0002
0014
0014
0002
0031
00F1
0340
0034
0014
0014
0100
0271
0038
035C
02FC
00AE
01BC
00F9
0002
0014
00FA
003E
02B7
018F
03B1
0343
0043
0044
0045
00AE
01BF
0373
00B9
0345
004B
004C
004D
004E
004F
0050
0278
0361
066D
025C
02BB
04F2
0057
0058
0002
0014
06A1
0459
02BC
063E
0031
0306
005F
0096
0061
0014
0364
06DF
05EB
0680
0066
066F
0068
0069
0002
006B
006C
006D
006E
006F
01C8
027D
0072
0119
0074
0014
0120
016B
05DD
0078
02E1
007A
0A11
0349
0014
0014
01A5
007F
070D
0682
0082
00AE
0A12
0174
00DC
0014
034D
02A4
08A6
039D
008B
00AE
0284
012B
0035
0014
0125
01D2
0712
03E4
0130
0083
0286
0096
0097
0014
012C
01D5
0134
0679
0001
0002
0003
01B5
0687
0006
0007
0139
0483
02AF
04CA
0430
02B1
000E
000F
0010
01DC
0012
0014
0014
001E
0014
0002
0002
0014
0014
0014
0026
0409
0012
0027
0014
01B8
0002
0002
0014
0002
0002
0002
0024
001C
0016
001E
0026
0016
0002
0002
0002
0002
0002
0014
0024
001E
0020
0023
0021
0010
0002
0014
0002
0014
0014
0014
001D
001D
0022
001F
0014
0022
0014
0002
0014
0014
0002
0014
0018
001C
0012
0023
0014
0016
0014
0002
0014
0002
0002
0014
0024
001F
0010
0021
0014
0012
0014
0014
0014
0014
0002
0002
0018
0015
0010
0026
0014
00EC
0002
0014
0014
0014
0014
0002
0013
02F9
05F4
0014
0014
0370
0014
0014
0014
0014
0014
0014
0026
002C
0022
0027
0014
002E
0014
0002
0014
0014
0014
0014
0026
002C
002D
0027
0014
002E
0014
0014
0014
0002
0014
0014
0023
0371
0030
0019
0014
00A8
0014
0014
0014
0014
0014
0014
0168
0032
02CE
0034
0014
0014
0132
0271
0272
06C4
014D
00AE
04E9
0034
00B0
0014
0296
00B2
0275
0A13
069E
00B6
0206
0190
0045
0046
0036
03B4
03D5
0A14
00BB
0104
004D
0497
004F
0050
0278
0361
0279
05D7
02BB
0056
0057
0058
004F
0014
015E
0459
02BC
041D
00C5
0083
005F
0060
0061
0014
0110
0063
02BF
074E
0421
0067
0068
0114
0167
0014
0168
006D
029F
006F
0A15
00CF
0072
0073
0074
0014
0075
0076
0A16
0078
0079
01A3
016D
0A17
0014
0014
007E
007F
02E4
0480
00D6
0251
02C3
0085
0086
0014
0087
0218
042B
008A
008B
039E
0312
008E
0035
0014
02E8
0179
0091
0092
0093
0094
02C8
0096
0097
0014
0098
0219
009A
009B
09BE
0002
0315
0137
000F
0006
00E4
00A0
02F4
028D
000B
000C
0A18
09C0
00EA
0026
00EB
001A
0013
0014
02F9
0014
0002
0002
0014
0014
0014
0016
0017
0018
0019
0014
001A
0002
0014
0014
0014
0014
0002
001B
0024
001D
0019
001F
0010
0014
0002
0014
0002
0002
0014
001B
001A
0016
001F
0014
001B
0002
0014
0014
0014
0014
0014
0022
001B
0012
0023
0014
0012
0014
0002
0002
0014
0014
0014
001D
001C
0022
0019
0014
001E
0014
0002
0014
0014
0014
0014
0022
001A
0016
0023
0025
0016
0014
0014
0002
0002
0002
0002
0018
0012
0018
0027
0014
001A
0014
0014
0002
0014
0014
0014
0027
0028
0016
0027
0014
0029
0002
0014
0014
0014
0014
0014
0026
002A
0012
0026
0013
002B
0014
0002
0014
0014
0014
0002
0019
01E0
0010
0013
0014
002E
0014
0014
0014
0014
0014
0002
0019
00A5
0022
0014
0014
00A6
0002
0014
0002
0014
0014
0002
0031
00F1
0252
0438
0035
0014
0036
0037
035B
038B
00F7
003B
003C
0256
0002
0014
02B5
09E4
003F
0040
0041
0042
0043
0044
0167
00AE
01BF
0048
0049
004A
0103
004C
02B9
004E
0074
0014
0051
0809
03D7
0054
010B
0391
015D
0197
00B0
0014
0198
005A
010D
0465
010E
005E
005F
00F9
00DC
0014
0087
0111
0064
0065
0066
00CB
0308
0069
006A
006B
0467
019D
0377
099F
0070
0071
00D0
01F9
01A0
0014
011A
0A19
011C
01A1
09D8
007A
01A4
0494
007D
0014
0503
0A1A
0A1B
0A1C
00BB
0083
02E6
0A1D
00DC
0050
034D
023D
0A1E
09EB
01F4
008C
01AC
01C9
0035
0014
0125
0333
0A1F
0A20
0300
0046
01B0
01B1
0014
0014
012C
0133
0A21
06E2
0314
0002
00E2
0004
009F
0006
00E4
0008
0009
0651
000B
000C
00E8
0460
0290
0026
0141
0012
0014
0014
002B
0014
0002
0002
0014
0014
0014
00EC
0142
0018
0027
0014
00A6
0002
0002
0014
0002
0002
0002
001B
001C
0016
001E
0019
0022
0002
0002
0014
0002
0002
0014
0024
001E
0016
001F
0014
001B
0002
0014
0002
0014
0014
0014
001D
001D
0022
0023
0014
001E
0014
0002
0002
0014
0002
0014
001D
001C
0018
0019
0014
0016
0014
0002
0014
0002
0002
0014
0024
001A
0016
0023
0025
0016
0014
0014
0014
0014
0002
0002
0012
0015
0010
0027
0014
00EC
0002
0014
0014
0014
0014
0002
0027
033F
00EE
0027
0014
01BA
0002
0014
0014
0014
0014
0014
0026
002C
0022
0026
0013
002E
0014
0002
0014
0014
0014
0002
0019
002C
0010
0014
0014
002E
0014
0014
0014
0014
0014
0002
0019
002F
0022
0019
0014
002E
0014
0014
0014
0014
0014
0002
0031
00AE
0A22
00F3
0014
0014
0036
0226
0654
0254
003A
014E
03EC
00F9
0002
0014
00FA
068C
03EE
00FD
0041
0042
00D0
0190
0156
0251
00F4
0055
035E
035F
023A
0104
0656
020B
004F
0014
0051
022B
0109
010A
0055
0056
0057
005E
0002
0014
0059
027A
010D
0A23
005D
005E
010F
0060
0097
0014
066E
0163
02DC
0113
0165
0067
0068
0114
006A
006B
0605
01F5
006E
0117
016A
027D
0072
0073
01A0
0014
0107
04DB
02C2
0236
0079
007A
016D
0A24
007D
0014
0A25
007F
0780
0122
00D6
0083
00D7
0174
0086
0050
02E8
00D8
0175
0265
0031
0046
02C6
012B
0014
0014
02EB
0090
017A
0268
0300
039E
0913
0096
0097
0014
00DD
0099
009A
009B
0001
0002
009D
009E
021F
0872
0007
026D
0A26
000A
0A27
0A28
0188
000E
02B2
0010
001B
0015
0013
0014
0015
0014
0014
0014
0014
0014
0014
0016
001B
001E
0019
0014
001A
0002
0002
0014
0014
0014
0002
0020
0024
001D
001E
001F
0016
0014
0002
0002
0002
0002
0014
001B
001E
0020
00EC
0021
0010
0002
0014
0014
0014
0014
0014
0022
001B
0018
001F
0014
0022
0014
0014
0014
0014
0002
0014
0022
0024
0022
0023
0014
0018
0014
0002
0014
0014
0014
0014
0022
001F
0010
0019
0014
0016
0014
0014
0002
0002
0002
0002
0018
0012
0018
0026
0014
001A
0014
0014
0002
0014
0014
0002
0013
0028
0018
0014
0014
01DF
0002
0014
0014
0014
0014
0014
0026
002A
0022
0027
0014
002B
0014
0014
0014
0014
0014
0014
0019
00A9
002D
0027
0014
002E
0014
0014
0014
0002
0014
0014
0023
01E0
0030
0027
0014
002B
0002
0014
0002
0014
0014
0014
0419
0032
0033
0034
0035
0014
089F
0204
0341
0372
02FC
003B
003C
0034
00B0
0014
07DD
003E
003F
018F
03B1
00B6
0043
0044
0045
0046
0047
0048
00B9
0192
0103
004C
004D
004E
0061
0050
0417
00BD
0053
00BE
0419
010C
00D0
0058
004F
0014
0493
011E
0374
005C
023A
0306
005F
00F9
0061
0014
0062
019A
00C8
0680
00CA
00CB
0068
0069
0167
0014
00CC
00CD
0A29
006F
0070
0071
00D0
01F9
0074
0014
04F6
0659
011C
00D2
03DD
007A
047E
007C
0014
0014
0A2A
0A2B
0080
0081
0082
01A8
0123
0085
00DC
0014
0087
02A4
0089
0331
010B
008C
012A
008E
0035
0014
0313
01D2
01AE
02EE
0093
0094
0131
01B1
00DC
0014
0132
01D5
0A21
06E2
0136
0002
0003
02F3
0709
0872
0007
0008
0A2C
0A2D
000B
075C
000D
000E
0189
0010
0011
0012
0013
0014
001E
0014
0002
0002
0014
0014
0014
00EC
0142
001E
0027
0014
01B8
0002
0002
0014
0002
0002
0002
001B
0024
001D
001E
0019
0010
0014
0002
0014
0002
0002
0014
0024
001E
0010
001F
0014
001B
0002
0014
0014
0014
0014
0014
0022
0016
0022
001F
0014
0022
0014
0014
0014
0014
0002
0014
001D
001C
0022
0019
0014
0016
0014
0002
0014
0014
0002
0014
0024
00EC
0016
0026
0025
0012
0014
0014
0002
0002
0002
0002
0018
001E
0010
0027
0014
00EC
0014
0014
0014
0014
0014
0002
0027
01B9
0016
0014
0014
05E2
0014
0014
0014
0014
0014
0014
0026
002A
0018
0014
0014
00A8
0014
0002
0014
0014
0014
0002
0019
002C
0010
0014
0014
002E
0014
0014
0014
0002
0014
0002
0023
00F0
0016
0014
0014
002B
0014
0014
0014
0014
0014
0002
0031
0032
02CE
00F3
0035
0014
00AB
0271
065E
0565
018D
014E
03EC
0034
0002
0014
0276
02B6
0A2E
02D4
00FE
0042
057E
0190
0045
0251
0100
00B8
0320
0158
020A
020B
0193
020B
004F
0014
0194
0052
03B9
0660
0129
0304
0057
0060
004F
0014
0763
0553
010D
05EA
02DA
005E
0328
00F9
0097
0014
041F
0111
027B
07AA
0062
0067
0068
0114
0167
006B
0115
006D
025F
0367
0729
00B6
0072
01F9
01A0
0014
027E
0A2F
011C
0A30
0237
006B
016D
007C
0014
0014
0120
0A31
02E4
0A32
01BF
01A8
082B
0085
0014
0014
03A3
0A33
0089
0331
010B
008C
0A34
008E
0014
0014
042C
04C1
01AE
01D3
0130
0094
0A35
01B1
0014
0014
051C
02F0
0336
0337
0635
0002
03CB
0289
0005
0006
00E4
0A36
0009
01D9
04E4
000C
0A37
0460
0290
0026
002C
0015
0014
0014
00A7
0014
0002
0002
0014
0014
0014
0016
001B
0018
0019
0014
001A
0002
0002
0014
0014
0014
0014
0024
001C
0016
0023
001F
0016
0002
0002
0002
0002
0014
0014
001B
001E
0020
00EC
0021
0010
0002
0014
0002
0014
0014
0014
001D
001B
0018
0023
0014
0012
0014
0002
0002
0014
0002
0014
0022
001B
0018
0023
0014
0018
0014
0002
0014
0002
0014
0014
0010
001A
0010
0023
0014
0016
0014
0014
0014
0014
0002
0002
0018
0012
0018
0026
0014
001A
0002
0014
0002
0014
0014
0014
0027
0250
01DE
0027
0014
0029
0002
0014
0014
0014
0014
0014
0026
0291
0022
0026
0013
00A6
0014
0014
0014
0014
0014
0014
0026
03D1
002D
0027
0014
002E
0014
0014
0014
0014
0014
0014
0019
002F
0030
0019
0014
002E
0002
0014
0002
0014
0014
0002
00AA
00F1
0340
0034
0014
0014
0100
067C
0038
067D
0255
003B
003C
00F9
00B0
0014
003D
0297
003F
018F
00B5
00B6
0043
0044
004F
0046
0047
0048
00B9
0345
004B
004C
004D
004E
0061
0050
0107
08D0
025B
0437
00BF
0056
00D0
0058
0002
0014
015E
011E
00C3
02BD
00C5
0306
005F
0060
0061
0014
00C7
0063
0307
0346
00CA
00CB
0068
0069
006A
0014
00CC
05CD
006E
030A
02C1
0071
00D0
0073
0074
0014
0075
0A38
02C2
011D
00D3
007A
047E
0349
007D
0014
007E
0A39
02A3
0A3A
0082
0083
0084
0174
0086
0050
0087
0088
07C4
0684
0031
0046
008D
01FE
0035
0014
008F
0179
017A
0A3B
005D
00AE
0095
0096
0097
0014
00DD
0350
009A
0180
0136
0002
0003
01B5
0A3C
0006
00E4
0139
0009
000A
000B
013D
000D
00E9
000F
0010
01DC
0012
0014
0014
001E
0014
0002
0002
0014
0014
0014
0016
001B
0012
0027
0014
001A
0002
0002
0014
0002
0002
0014
001B
001C
0010
001E
0026
0016
0002
0002
0014
0002
0002
0014
0024
001E
0020
001F
0014
001B
0014
0014
0002
0014
0014
0014
001D
001D
0022
001F
0014
0022
0014
0002
0014
0014
0002
0014
0022
001C
0012
0019
0014
0016
0014
0002
0014
0002
0002
0014
0024
001F
0010
0026
0014
0012
0014
0014
0014
0014
0002
0002
0018
001A
0010
0026
0014
0023
0014
0014
0014
0014
0014
0002
0014
00A7
03D1
0014
0014
065D
0014
0014
0014
0014
0014
0014
0026
002C
0022
0027
0014
00A6
0014
0002
0014
0014
0014
0014
0026
002C
002D
0027
0014
002E
0014
0014
0014
0014
0014
0014
0023
002F
0030
0027
0014
00A8
0014
0014
0014
0014
0014
0014
018B
0032
02CE
0034
0014
0014
0313
0271
078C
0580
003A
003B
003C
0034
00B0
0014
00B1
00B2
02D3
0154
00FA
0042
0206
0190
0045
0046
0036
03B4
035E
035F
023A
03B8
004D
066F
0074
0014
05D6
0052
0761
022D
0055
0056
0057
0058
004F
0014
0059
027A
005B
05EA
005D
005E
005F
0060
0097
0014
01F1
0063
0064
029D
0421
0067
0068
0114
0167
0014
0115
03C4
0661
006F
06A4
0071
0215
0073
0074
0014
010B
0076
0A0E
02E0
09A6
0014
047E
0692
0014
0014
007E
034A
0A3D
02E5
00D6
0251
0084
0085
0086
0014
0087
0218
042B
008A
008B
039E
008D
008E
0035
0014
02EB
0179
0091
0092
0093
0094
0095
0096
00DC
0014
0098
0099
009A
009B
09E1
0002
0315
02F3
0A3E
0006
0007
00A0
045F
0A3F
00A2
04DF
0A40
024E
00EA
0026
00EB
001A
0013
0014
02F9
0014
0002
0014
0014
0014
0014
0026
01B7
0018
0019
0014
01B8
0002
0002
0014
0014
0014
0002
0020
0024
001D
00EC
001F
0010
0014
0002
0002
0002
0002
0014
001B
001A
0016
00EC
0021
0010
0002
0014
0014
0014
0014
0014
0018
001B
0012
0023
0014
0012
0014
0002
0002
0014
0002
0014
001D
001C
0022
0023
0014
0018
0014
0002
0014
0014
0014
0014
0022
001A
0016
0023
0025
0016
0014
0014
0002
0002
0002
0002
0012
0012
0018
0027
0014
001A
0002
0014
0002
0014
0014
0014
0027
00A5
0016
0027
0014
00A7
0002
0014
0014
0014
0014
0014
0026
002A
0015
0026
0013
04CF
0014
0002
0014
0014
0014
0002
0019
01E0
0010
0013
0014
002E
0014
0014
0014
0002
0014
0002
0019
002C
0016
0019
0014
00A6
0002
0014
0002
0014
0014
0002
020A
00F1
0252
0359
0035
0014
0036
0204
0832
06BE
02FC
00AE
0411
035D
0002
0014
02B5
09E4
0823
018F
00B5
0343
0043
0044
004F
00AE
01BF
0048
00B9
0345
0103
004C
02B9
004E
004F
0050
0051
09C4
0572
055B
00AA
0391
00D0
0197
00B0
0014
00C1
011E
0A41
0465
004B
0306
005F
00F9
0061
0014
0364
0111
0A42
0680
0066
00CB
0068
0069
006A
006B
0467
0397
006E
02A0
0070
027D
0072
0119
01A0
0014
0120
011B
05DD
0A43
0A44
007A
0A45
0A46
007D
0014
0120
047F
0A47
0A48
010E
0083
023B
0124
00DC
0050
034D
023D
0A49
0A4A
0196
008C
0A4B
0A4C
0035
0014
0125
0A4D
0A1F
0A4E
0115
0046
0474
01B1
0097
0014
012C
0A4F
0A50
06E2
0136
0002
0003
065B
0A51
0872
0007
0008
0873
000A
000B
031A
000D
000E
0189
0010
01DC
0012
0014
0014
001E
0014
0014
0002
0014
0014
0014
0016
001B
001E
0027
0014
001A
0002
0014
0014
0002
0002
0002
001B
0024
0022
001E
0019
0022
0014
0002
0014
0002
0002
0014
0024
001E
0022
001F
0014
001B
0014
0014
0014
0014
0014
0014
0022
0020
0022
001F
0014
0022
0014
0014
0014
0014
0014
0014
0022
001C
0015
0019
0014
0016
0014
0002
0014
0014
0002
0014
0024
00EC
0010
0026
0014
0012
0014
0014
0014
0002
0014
0002
0018
001E
0010
0027
0014
00EC
0014
0014
0014
0014
0014
0002
0027
00A7
0A52
0014
0014
065D
0014
0014
0014
0014
0014
0014
0026
002C
0018
0014
0014
00A6
0014
0002
0014
0014
0014
0002
0019
002C
0018
0014
0014
002E
0014
0014
0014
0014
0014
0002
0023
0371
0012
0014
0014
002B
0014
0014
0014
0014
0014
0002
018B
0032
02CE
00F3
0014
0014
01E3
0271
02D0
0580
018D
003B
01E8
0034
0002
0014
0276
02B6
0950
02D4
01ED
0042
00D0
0190
0045
0251
0100
02BB
035E
035F
020A
02D6
0193
020B
004F
0014
0464
0052
02D7
0A53
0129
010C
0057
0060
004F
0014
0198
0553
010D
05EA
02AA
005E
0328
00F9
0097
0014
041F
0111
0466
09D5
041F
0067
0068
0114
0167
0014
0115
03C4
07AC
0367
0729
0071
05ED
01F9
007D
0014
027E
0A54
07B0
0A55
03DD
006B
0217
0428
0014
0014
016F
0A56
0A57
0A58
00D6
04A0
0A59
0085
0014
0014
032F
0330
04BE
06AB
008B
00AE
04C0
008E
0014
0014
0149
04C1
04C2
02EE
0130
0094
04C3
01B1
0014
0014
0132
02F0
0A5A
0A5B
0181
0002
03CB
0289
0005
0006
00E4
026D
0009
0339
04E4
033B
0A37
0460
0290
0026
0141
0015
0013
0014
00A7
0014
0002
0002
0014
0014
0014
0026
033E
0018
0019
0014
00A6
0002
0002
0014
0014
0014
0002
0020
001C
001D
00EC
001F
0016
0002
0002
0002
0002
0002
0014
001B
001E
0020
00EC
0021
0010
0002
0014
0002
0014
0014
0014
001D
001B
0018
0023
0014
0012
0014
0002
0002
0014
0002
0014
001D
001B
0022
0023
0014
0018
0014
0002
0014
0002
0014
0014
0010
001A
0016
0023
0025
0016
0014
0014
0002
0014
0002
0002
0018
0012
0018
0026
0014
001A
0002
0014
0002
0014
0014
0014
0027
002F
0016
0027
0014
00A7
0002
0014
0014
0014
0014
0014
0026
04CE
0022
0026
0013
00A8
0014
0002
0014
0014
0014
0014
0019
01E0
002D
0027
0014
002E
0014
0014
0014
0002
0014
0014
0019
0223
0030
0019
0014
002E
0002
0014
0002
0014
0014
0002
020A
00F1
04D0
0034
0035
0014
01BB
0204
0038
067D
0255
00AE
02FD
00F9
00B0
0014
003D
0297
02B7
018F
00B5
0056
0043
0044
004F
0046
0047
0048
00B9
0345
004B
004C
004D
004E
0061
0050
0107
0A5C
025B
0437
00BF
0056
00D0
0058
0097
0014
015E
011E
00C3
02BD
00C5
0306
005F
0060
0061
0014
00C7
0063
0307
0346
0066
00CB
0068
0069
006A
006B
00CC
0397
006E
030A
01C8
00CF
0072
0073
0074
0014
0075
0598
0077
0A5D
0079
007A
0280
030E
007D
0014
01A5
0A5E
02A3
0A5F
0082
0083
0A60
0124
0086
0050
008F
0088
0A61
0684
006C
008C
051A
01FE
0035
0014
008F
0179
05CB
0A3B
005D
0046
051B
0096
0097
0014
00DD
0350
009A
0180
07C7
0002
00E2
0004
0A62
0006
00E4
0382
0220
000A
000B
080F
000D
00E9
060F
0010
01DC
0012
0014
0014
0015
0014
0002
0002
0014
0014
0014
0016
001B
0018
0019
0014
001A
0002
0014
0014
0002
0014
0002
001B
001C
001D
00EC
0019
0016
0014
0002
0014
0002
0002
0014
001B
001E
0016
001F
0014
001B
0002
0014
0014
0014
0014
0014
0022
001D
0022
001F
0014
0022
0014
0002
0002
0014
0002
0014
001D
001C
0022
0019
0014
0016
0014
0002
0014
0014
0002
0014
0024
00EC
0010
0026
0014
0012
0014
0014
0002
0002
0002
0002
0018
001A
0010
0027
0014
0023
0014
0014
0014
0014
0014
0014
0027
01DD
0143
0027
0014
01B8
0002
0014
0014
0014
0014
0014
0026
002C
0018
0027
0014
00A6
0014
0002
0014
0014
0014
0014
0019
002C
002D
0027
0014
0388
0014
0014
0014
0002
0014
0014
0019
0203
0030
0019
0014
00A6
0014
0014
0014
0014
0014
0014
018B
0032
02CE
00F3
0014
0014
00AB
0037
018C
0039
003A
003B
00C0
0034
0002
0014
069C
068C
0950
0A63
00FA
0042
057E
0044
007D
0046
0100
0055
0A64
0298
020A
0322
0193
0A65
0074
0014
0051
0195
04F1
08FD
0129
010C
0057
0060
004F
0014
0198
005A
010D
005C
02AA
005E
01CA
0060
0097
0014
01F1
0163
0A66
0A67
0421
0067
0068
0114
0167
0014
01F4
019D
025F
09AF
01F8
0071
03DB
0398
01A0
0014
0120
04B8
0A68
05FB
00D3
006B
0A69
07D3
007D
0014
016F
02A2
05FC
09B4
0704
04A0
0A6A
0085
00DC
0014
032F
0A6B
0A6C
0A6D
0147
00AE
0A6E
008E
0035
0014
0149
0179
0A6F
0285
0093
0094
0621
01B1
0097
0014
0132
0099
0959
009B
0001
0002
009D
0441
0005
0006
0007
08B1
0009
0339
00A2
000C
09DB
000E
0290
0026
0141
0015
0013
0014
00A6
0014
0002
0002
0014
0014
0014
0026
033E
0012
0014
0014
00A6
0002
0002
0014
0014
0002
0014
0010
001B
0016
001E
001F
0022
0002
0002
0002
0002
0014
0014
0024
001E
0020
00EC
0021
0010
0002
0014
0002
0014
0014
0014
001D
001B
0018
0019
0014
001E
0014
0002
0014
0014
0002
0014
0021
001B
0018
0023
0014
0018
0014
0002
0014
0002
0014
0014
0018
001A
0016
0023
0025
0016
0014
0014
0002
0014
0002
0002
0018
0012
0018
0026
0014
001A
0002
0014
0002
0014
0014
0002
0027
002F
0016
0014
0014
00A7
0002
0014
0014
0014
0014
0014
0026
04CE
0022
0026
0013
00A8
0014
0002
0014
0014
0014
0002
0019
01E0
0010
0013
0014
002E
0014
0014
0014
0014
0014
0002
0023
00A5
0016
0014
0014
00A8
0002
0014
0002
0014
0014
0002
020A
00F1
0252
0034
0035
0014
0100
00AC
0341
063B
02FC
00AE
0A70
0150
0014
0014
003D
003E
02B7
018F
00B5
0343
0043
00FF
0045
00AE
0047
0860
0344
0345
004B
004C
004D
004E
004F
0050
0278
00BD
025B
025C
00BF
0056
00D0
0058
00B0
0014
06A1
0305
0852
063E
0031
0306
005F
0096
0061
0014
00C7
019A
05EB
0346
0066
00CB
0068
0069
006A
006B
006C
006D
006E
006F
01C8
00CF
0072
0073
0074
0014
010B
0076
0077
0078
02E1
007A
0995
03FF
0014
0014
01A5
007F
070D
0682
0082
0083
0A71
027C
0086
0050
008F
0088
0311
0176
010B
008C
0A72
012B
0035
0014
008F
04C1
094A
017B
017C
0083
0913
0096
0014
0014
00DD
01D5
017F
042D
0001
0002
0003
0004
05CF
0668
0007
0139
00E6
02AF
0356
0384
000D
000E
000F
0010
001D
0015
0014
0014
0015
0014
0002
0002
0014
0014
0014
00EC
026F
0012
0019
0014
01B8
0002
0002
0014
0002
0002
0002
0024
001C
0016
001E
0014
0016
0002
0002
0002
0002
0002
0014
001B
001E
0020
0023
0021
0022
0002
0014
0002
0014
0014
0014
001D
001D
0018
001F
0014
0022
0014
0014
0014
0014
0002
0014
0022
001C
0018
0023
0014
0016
0014
0002
0014
0002
0002
0014
0024
001F
0010
0021
0014
0012
0014
0014
0014
0014
0002
0002
0018
0015
0010
0026
0014
00EC
0002
0014
0014
0014
0014
0002
0027
0488
0A52
0014
0014
0387
0014
0014
0014
0014
0014
0014
0026
02CC
0A52
0027
0014
0388
0014
0014
0014
0014
0014
0014
0026
0688
0010
0027
0014
002E
0014
0014
0014
0002
0014
0014
0023
0371
0016
0019
0014
00A8
0014
0014
0014
0014
0014
0014
0168
0032
02CE
0034
0014
0014
04E8
0271
0272
06C4
014D
014E
014F
0034
0002
0014
00C2
02B6
0275
02D4
0276
0042
057E
0044
0045
0014
0277
03B4
0157
0158
00BB
0104
004D
0497
0061
0050
0278
0361
0279
05D7
0055
010C
0057
0058
004F
0014
015E
027A
005B
041D
005D
005E
01CA
0060
0061
0014
0062
0163
0112
0164
0421
00CB
0068
0114
0167
0014
006C
03C4
029F
006F
06EF
00CF
01CA
0347
0074
0014
00AA
016B
02A1
0078
00D3
006B
030D
0A73
0014
0014
007E
007F
0591
0480
00D6
0251
0694
0A74
00DC
0014
0087
0330
0A75
04BF
008B
039E
0A76
008E
0035
0014
0178
0179
06AC
0285
0130
0094
0244
0096
0097
0014
0132
0099
0134
009B
00EE
0002
03CB
0249
000F
0006
00E4
00A0
0009
00E7
033A
0187
0A77
0A78
0A79
0026
00EB
0012
0013
0014
002E
0014
0002
0002
0014
0014
0014
0016
0017
0018
0027
0014
001A
0002
0014
0014
0014
0014
0002
001B
0024
001D
00EC
001F
0022
0014
0002
0014
0002
0002
0014
0024
001A
0016
001F
0014
001B
0002
0014
0014
0014
0014
0014
0022
001B
0022
0023
0014
001E
0014
0002
0002
0014
0014
0014
001D
001C
0022
0019
0014
001E
0014
0002
0014
0014
0014
0014
0022
001A
0016
0023
0025
0016
0014
0014
0002
0002
0002
0002
0018
0012
0018
0027
0014
001A
0014
0014
0002
0014
0014
0014
0027
0028
0016
0027
0014
0029
0002
0014
0014
0014
0014
0014
0026
04CE
0015
0026
0013
002B
0014
0002
0014
0014
0014
0002
0019
002C
002D
0013
0014
002E
0014
0014
0014
0014
0014
0002
0019
0223
0030
0014
0014
00A6
0002
0014
0002
0014
0014
0002
0031
00F1
0252
0438
0035
0014
0036
0037
04D2
038B
00F7
003B
003C
0256
0097
0014
003D
0454
003F
018F
03B7
0056
0043
00FF
00B7
0046
0036
0048
067E
0192
0103
004C
00B7
004E
004F
0014
0051
06B3
03D7
0054
015E
0056
00D0
0197
00B0
0014
0198
005A
020F
0465
004B
0306
005F
00F9
00C6
0014
0225
019A
0A7A
0680
0066
0067
0068
0069
006A
006B
01F4
0397
0377
099F
0070
0071
0072
0073
01A0
0014
0075
0076
02C2
01A1
011E
007A
007B
0A7B
007D
0014
0103
0A7C
0A7D
0A1C
004B
0083
0084
0A7E
0086
0050
008F
0088
0A7F
0A80
01F4
008C
008D
01C9
0035
0014
008F
045C
072A
06BA
005D
0046
0095
01B1
0014
0014
00DD
0A4F
021A
0686
079F
0002
00E2
095A
0709
0872
0007
0008
0A2C
0A2D
000B
028F
000D
000E
0189
0010
0011
0012
0014
0014
0015
0014
0002
0002
0014
0014
0014
00EC
0142
001E
0019
0014
01B8
0002
0002
0014
0002
0002
0002
001B
0024
001D
001E
0019
0010
0014
0002
0014
0002
0002
0014
001B
001E
0010
001F
0021
001B
0002
0014
0014
0014
0014
0014
0022
0024
0022
001F
0014
0022
0014
0002
0014
0014
0014
0014
001D
001C
0022
0019
0014
0016
0014
0002
0014
0014
0002
0014
0024
001F
0016
0026
0025
0012
0014
0014
0002
0002
0002
0002
0018
001E
0010
0027
0014
00EC
0014
0014
0014
0014
0014
0002
0013
002F
0016
0014
0014
00A6
0002
0014
0014
0014
0014
0014
0026
002A
0018
0014
0014
00A8
0014
0002
0014
0014
0014
0002
0019
01E0
0018
0014
0014
002E
0014
0014
0014
0014
0014
0002
0023
018A
0012
0014
0014
002B
0014
0014
0014
0014
0014
0002
0031
0032
02CE
0034
0014
0014
03F3
04D1
0038
0039
018D
014E
03EC
0034
0097
0014
01ED
0A81
0A82
068D
00FE
0042
057E
0044
0045
0251
0100
07A5
0157
0713
0103
0104
004D
004E
004F
0050
0194
0A83
0279
010A
0129
022E
0057
0058
004F
0014
0763
0326
005B
022F
010E
005E
0328
005E
0097
0014
0110
0A84
027B
07AA
0165
00CB
0068
0114
0167
006B
0115
0397
019E
030A
01F8
00B6
0072
0119
007D
0014
011A
07E7
011C
091C
02E1
01A3
016D
007C
0014
0014
0120
0A85
02E4
0722
0082
01A8
082B
0085
0014
0014
03A3
0896
0089
0331
0278
008C
0A34
008E
0014
0014
042C
0A86
01AE
0A87
0130
0094
099A
01B1
0014
0014
051C
0A88
03E6
0135
0001
0002
0003
0004
0005
0006
00E4
0A89
0009
06BC
04E4
000C
0A8A
0460
0290
0026
0543
0015
0013
0014
00A6
0014
0002
0002
0014
0014
0014
0016
01DC
0018
0027
0014
001A
0002
0002
0014
0014
0014
0002
0020
001C
0016
00EC
001F
0016
0002
0002
0002
0002
0002
0014
001D
001E
0020
00EC
0014
0010
0002
0014
0002
0014
0014
0014
001D
001B
0012
0023
0014
0015
0014
0002
0002
0014
0002
0014
0022
001B
0018
0023
0014
0018
0014
0002
0014
0002
0014
0014
0010
001A
0010
0023
0014
0016
0014
0014
0014
0014
0014
0002
0018
0012
0018
0026
0014
001A
0002
0014
0002
0014
0014
0002
0027
0250
01DE
0027
0014
0029
0002
0014
0014
0014
0014
0014
0026
002C
0022
0026
0013
00A6
0014
0002
0014
0014
0014
0014
0026
002C
002D
0027
0014
002E
0014
0014
0014
0002
0014
0014
0019
002F
0030
0019
0014
002E
0002
0014
0002
0014
0014
0002
00AA
00F1
0340
0514
0035
0014
0100
0A8B
0963
0A8C
00AD
003B
003C
00F9
0002
0014
003D
00B2
003F
0923
00B5
0056
0043
00FF
004F
0046
0047
0055
0344
0345
023A
004C
0656
015A
0061
0014
0107
058B
025B
0437
00BF
0056
00D0
0197
0002
0014
015E
011E
0A8D
0465
00C5
0306
005F
0060
0061
0014
00C7
0063
0307
0346
00CA
0067
0156
0069
006A
0014
00CC
0468
0377
0469
02C1
0071
00D0
0073
0074
0014
0075
0076
02C2
0078
00D3
007A
047E
0349
007D
0014
007E
0A8E
02A3
0682
00D6
0083
0084
0174
0086
0050
0087
0A8F
07C4
0A90
0031
0046
008D
01FE
0035
0014
008F
0A91
017A
0A3B
005D
00AE
0095
0096
0097
0014
00DD
0A92
009A
0180
03F8
0002
0003
0004
05CF
0006
00E4
0008
00E6
000A
000B
0384
000D
00E9
0189
0010
001D
0012
0014
0014
0015
0014
0002
0002
0014
0014
0014
0016
001B
0012
0019
0014
001A
0002
0002
0014
0002
0002
0002
001B
001C
001D
001E
0019
0016
0014
0002
0014
0002
0002
0014
001B
001E
0020
001F
0014
0022
0002
0014
0002
0014
0014
0014
0022
001D
0022
001F
0014
0022
0014
0002
0014
0014
0002
0014
0022
001C
0022
0027
0014
0016
0014
0002
0014
0002
0002
0014
0024
00EC
0010
0026
0014
0012
0014
0014
0014
0014
0014
0002
0018
001E
0010
0026
0014
00EC
0014
0014
0014
0014
0014
0002
0027
00ED
0A52
0014
0014
065D
0014
0014
0014
0014
0014
0014
0026
0688
05F4
0027
0014
0387
0014
0014
0014
0014
0014
0014
0026
02CC
0010
0027
0014
002E
0014
0014
0014
0002
0014
0014
0023
04AD
0016
0019
0014
00A8
0014
0014
0014
0014
0014
0014
0168
0032
02CE
00F3
0014
0014
01E3
0271
068A
06C4
003A
003B
062B
0034
0002
0014
01ED
02B6
093B
02D4
01ED
0042
057E
0044
0045
0251
0100
03B4
068E
0158
023A
0104
0193
066F
0074
0014
00BC
0052
0279
010A
0055
010C
0057
0060
004F
0014
0059
015F
010D
03F1
005D
005E
01CA
0060
0097
0014
0110
0163
0A66
0A67
0421
0266
0068
0114
0167
0014
0168
03C4
0630
0367
01F8
0071
05ED
0347
0074
0014
0103
04B8
0A93
04B9
00D3
006B
047E
0A94
0014
0014
016F
02A2
0A95
0A96
00D6
0251
0123
0A97
00DC
0014
0087
0330
0A98
0A99
008B
039E
012A
008E
0035
0014
0178
0179
0A9A
0285
0130
0094
0131
0096
0097
0014
0132
0099
0134
009B
0635
0002
03CB
0A9B
009F
0006
0007
0783
0009
0A9C
00A2
0187
07BC
024E
0290
0026
0141
0015
0013
0014
00A6
0014
0002
0014
0014
0014
0014
0026
033E
0018
0014
0014
00A6
0002
0002
0014
0014
0014
0014
0020
001B
0016
0023
001F
0022
0002
0002
0002
0002
0014
0014
001D
001A
0010
00EC
0021
001B
0002
0014
0014
0014
0014
0014
001D
001B
0018
0019
0014
001E
0014
0002
0002
0014
0014
0014
001D
001B
0018
0023
0014
0018
0014
0014
0014
0014
0014
0014
0022
001A
0016
0023
0025
0016
0014
0014
0002
0002
0002
0002
0018
0012
0018
0027
0014
001A
0002
0014
0002
0014
0014
0014
0027
01B9
0016
0027
0014
01BA
0002
0014
0014
0014
0014
0014
0026
04CE
0015
0026
0013
04CF
0014
0002
0014
0014
0014
0002
0019
002C
002D
0013
0014
002E
0014
0014
0014
0014
0014
0002
0019
0223
0030
0014
0014
00A6
0002
0014
0002
0014
0014
0002
020A
00F1
0252
0034
0035
0014
0100
0204
0038
067D
02FC
00AE
0892
035D
0014
0014
003D
018E
0823
018F
00B5
0056
0043
00FF
004F
0046
0047
0860
0344
0345
0103
004C
004D
004E
004F
0050
0107
0299
0572
075B
00AA
0056
00D0
0058
00B0
0014
03BD
01A2
00C3
02BD
0147
0306
005F
00F3
0061
0014
00C7
019A
03D9
07C3
0066
0067
0308
0069
006A
006B
0467
01F5
0377
01F7
01C8
00CF
0072
0073
01A0
0014
010B
0379
0077
011D
02E1
007A
016D
03FF
007D
0014
01A5
007F
0675
0A48
0082
0083
0173
027C
0086
0050
008F
0088
0A9D
0A9E
0168
008C
0A72
0A4C
0035
0014
008F
01AD
0A9F
0AA0
005D
0046
0913
0535
0014
0014
00DD
0269
0AA1
0AA2
042E
0002
00E2
0004
0709
0006
0007
0008
06D3
000A
000B
026E
000D
000E
0189
0010
001B
0012
0014
0014
0015
0014
0002
0002
0014
0014
0014
0016
001B
0012
0019
0014
001A
0002
0014
0014
0002
0002
0002
001B
0024
001D
001E
0019
0016
0014
0002
0014
0002
0002
0014
001B
001E
0022
001F
0014
001B
0002
0014
0014
0014
0014
0014
0022
0024
0022
001F
0014
0022
0014
0002
0014
0014
0002
0014
001D
001C
0022
0019
0014
0016
0014
0002
0014
0014
0002
0014
0024
001F
0010
0026
0014
0012
0014
0014
0002
0014
0002
0002
0018
001E
0010
0026
0014
00EC
0014
0014
0014
0014
0014
0002
0027
00ED
0A52
0014
0014
065D
0014
0014
0014
0014
0014
0014
0026
0688
0A52
0027
0014
0387
0014
0014
0014
0014
0014
0014
0019
02CC
0022
0027
0014
0388
0014
0014
0014
0002
0014
0014
0023
01E0
0022
0019
0014
00A8
0014
0014
0014
0014
0014
0014
018B
0032
02CE
0034
0014
0014
00AB
07DC
0272
06C4
018D
003B
0AA3
0034
0002
0014
01ED
07DE
093B
068D
01ED
0042
057E
0044
0045
0251
0100
0434
0157
0AA4
0103
0104
004D
066F
0074
0014
0194
071C
0279
010A
0129
0304
0057
0058
004F
0014
0059
0553
005B
022F
010E
005E
01CA
0060
0097
0014
0110
01ED
0A66
0AA5
0421
00CB
0068
0114
0167
0014
0115
0329
019E
030A
01F8
0071
03DB
0234
0074
0014
011A
07E7
06C8
05FB
03DD
006B
0217
07D3
0014
0014
016F
0AA6
0AA7
0AA8
0082
04A0
0AA9
07EA
00DC
0014
032F
0413
0AAA
0AAB
0129
00AE
0AAC
008E
0035
0014
0149
0335
0699
0AAD
0130
0094
02EF
0096
0097
0014
0132
087C
0134
0135
0001
0002
009D
0441
0005
0006
00E4
0783
0009
0651
04E4
000C
0AAE
067B
0222
0026
0141
001A
0013
0014
00A6
0014
0002
0014
0014
0014
0014
0026
033E
0018
0014
0014
00A6
0002
0002
0014
0014
0014
0014
0020
001C
0016
0023
001F
0022
0002
0002
0002
0002
0014
0014
001D
001A
0020
00EC
0021
0010
0002
0014
0002
0014
0014
0014
001D
001B
0012
0023
0014
001E
0014
0002
0002
0014
0002
0014
0021
001B
0018
0023
0014
0018
0014
0002
0014
0002
0014
0014
0018
001A
0016
0023
0025
0016
0014
0014
0002
0002
0002
0014
0018
0012
0018
0027
0014
001A
0002
0014
0002
0014
0014
0002
0027
01B9
0016
0027
0014
01BA
0002
0014
0014
0014
0014
0014
0026
04CE
0022
0026
0013
00A8
0014
0002
0014
0014
0014
0002
0019
002C
002D
0013
0014
002E
0014
0014
0014
0014
0014
0002
0019
002F
0030
0014
0014
00A6
0002
0014
0002
0014
0014
0002
020A
00F1
0340
0514
0035
0014
0100
0204
0654
06BE
00AD
00AE
0A70
0056
0014
0014
003D
00B2
0823
07C0
00B5
0056
0043
00FF
004F
0046
0047
0055
0344
0345
023A
004C
0656
004E
004F
0050
0107
044A
025B
0437
043C
0056
00D0
0197
0002
0014
03BD
011E
020F
0465
00C5
0306
005F
00F3
0061
0014
00C7
0063
03D9
07C3
0066
0067
0308
0069
006A
006B
00CC
006D
0377
0469
01C8
00CF
0072
0073
01A0
0014
0075
0076
0077
0078
0079
007A
016D
03FF
007D
0014
01A5
0A5E
02A3
0682
00D6
0083
0173
0174
0086
0050
008F
0AAF
0683
0AB0
0031
008C
0177
04AF
0035
0014
008F
0090
017A
0AB1
005D
0046
0913
00DB
0014
0014
00DD
00DE
00DF
0AB2
07C7
0002
00E2
0004
0709
0006
00E4
0139
06D3
06BC
0186
080F
024D
00E9
0AB3
0019
0543
0012
0014
0014
00A7
0014
0002
0002
0014
0014
0014
0016
001B
0018
0019
0014
001A
0002
0014
0014
0002
0014
0002
001B
0020
001D
00EC
0014
0016
0014
0002
0014
0002
0002
0014
001B
001A
0016
001F
0014
0010
0002
0014
0014
0014
0014
0014
0022
001D
0022
0023
0014
0012
0014
0002
0002
0014
0002
0014
001D
001B
0022
0027
0014
0016
0014
0002
0014
0014
0002
0014
0024
00EC
0010
0021
0014
0018
0014
0014
0014
0002
0014
0002
0018
001E
0010
0027
0014
00EC
0014
0014
0014
0014
0014
0014
0027
0250
0143
0027
0014
0029
0002
0014
0014
0014
0014
0014
0026
002C
0018
0027
0014
00A6
0014
0002
0014
0014
0014
0014
0019
002C
0018
0027
0014
0388
0014
0014
0014
0002
0014
0014
0019
0203
0018
0019
0014
00A6
0014
0014
0014
0014
0014
0014
0168
059C
0A22
00F3
0014
0014
00AB
0037
0654
0254
003A
003B
0AB4
00F9
0002
0014
069C
08A3
0950
0AB5
03B1
00B6
0507
0044
007D
0014
00F4
0055
0AB6
0259
0059
0322
0656
0504
0074
0014
0051
0195
0919
08FD
0196
010C
0057
0150
0002
0014
0198
005A
0AB7
0210
036D
014E
03DB
0060
0097
0014
0225
077A
0AB8
0AB9
0421
0067
0068
0114
0167
0014
01F4
0329
02DE
032B
01F8
0071
03DB
027C
0167
0014
0120
04B8
0ABA
05FB
03DD
007A
0217
0ABB
007D
0014
0120
007F
0ABC
045A
0704
00AE
0ABD
0174
00DC
0014
0120
0ABE
0127
0ABF
02C5
00AE
0AC0
04AF
0035
0014
040D
039F
0AC1
03A1
0518
00AE
0AC2
01B1
0097
0014
012C
0AC3
0959
04C5
0001
0002
0003
0441
0005
0006
0007
00A0
0009
02AF
028E
000C
000D
000E
000F
0010
0011
0015
0013
0014
001A
0014
0002
0002
0014
0014
0014
00EC
0142
0012
0014
0014
002E
0002
0002
0014
0014
0002
0002
0024
001C
0016
001E
001F
0022
0002
0002
0002
0002
0014
0014
0024
001E
0020
0023
0021
001B
0002
0014
0002
0014
0014
0014
001D
001B
0018
001F
0014
0022
0014
0002
0014
0014
0002
0014
0022
001C
0012
0023
0014
0018
0014
0002
0014
0002
0014
0014
0016
001A
0016
0023
0025
0016
0014
0014
0002
0014
0002
0002
0018
0012
0018
0026
0014
001A
0002
0014
0002
0014
0014
0002
0013
002F
0016
0014
0014
002B
0002
0014
0014
0014
0014
0014
0026
002A
0022
0026
0013
00A8
0014
0002
0014
0014
0014
0002
0019
01E0
002D
0013
0014
002E
0014
0014
0014
0014
0014
0002
0023
00A5
0030
0014
0014
00A8
0002
0014
0002
0014
0014
0002
0147
0032
0033
0034
0035
0014
0100
014A
0341
0372
02FC
014E
0515
0034
0014
0014
003D
003E
02B7
0040
0041
0042
0043
00FF
0045
0046
0047
06B2
0049
004A
004B
004C
004D
004E
004F
0050
0278
00BD
0053
00BE
0055
0056
015D
0058
004F
0014
015E
027A
005B
022F
005D
005E
005F
0096
0061
0014
0062
0063
0064
0065
0066
00CB
0308
0069
006A
006B
006C
006D
006E
006F
01C8
00CF
0072
0073
0074
0014
010B
0076
0077
0078
0079
007A
0995
007C
0014
0014
007E
06E0
0080
0081
0082
0083
0AC4
0085
0086
0050
008F
0088
0089
008A
010B
008C
0AC5
008E
0035
0014
008F
0090
0091
0092
0093
0094
0AC6
0096
0014
0014
0098
0099
017F
0180
0001
0002
0003
0004
070E
0668
0007
0139
05D0
000A
0356
0384
000D
000E
000F
0010
0020
0015
0013
0014
0015
0014
0002
0002
0014
0014
0014
0016
001B
0012
0019
0014
001A
0002
0002
0014
0002
0002
0002
0024
001C
0016
001E
0026
0016
0002
0002
0014
0002
0002
0014
001B
001E
0020
0023
0021
0010
0002
0014
0002
0014
0014
0014
0015
001D
0018
001F
0014
0022
0014
0014
0014
0014
0002
0014
001D
001C
0018
0023
0014
0016
0014
0002
0014
0002
0002
0014
0024
001A
0010
0021
0014
0016
0014
0014
0014
0014
0002
0002
0018
0015
0010
0026
0014
00EC
0002
0014
0014
0014
0014
0002
0027
00ED
0143
0014
0014
00EF
0014
0014
0014
0014
0014
0014
0027
02CC
0143
0027
0014
0387
0014
0014
0014
0014
0014
0014
0026
02CC
0AC7
0027
0014
0388
0014
0014
0014
0002
0014
0014
0023
0787
0030
0019
0014
00A8
0014
0014
0014
0014
0014
0014
018B
0032
02CE
0034
0035
0014
04E8
0271
0272
06C4
014D
003B
062B
0034
0002
0014
00C2
02B6
093B
02D4
0276
0042
057E
0044
0045
0046
0277
03B4
0157
0158
00BB
0104
004D
066F
004F
0050
05D6
0361
0279
05D7
0055
010C
0057
0058
004F
0014
015E
027A
005B
041D
005D
005E
01CA
0060
0061
0014
0062
0163
04B3
0A67
0421
0058
0068
0114
0167
0014
006C
03C4
006E
006F
016A
0071
03DB
0347
0074
0014
027E
016B
027F
0078
03C6
006B
03DE
0AC8
0014
0014
016F
02A2
0703
0480
00D6
048B
0735
0AC9
00DC
0014
0087
0330
0ACA
04BF
008B
039E
02A8
0ACB
0035
0014
0178
0179
04FB
0285
0093
0094
0131
0096
0097
0014
0132
0099
0134
009B
0ACC
0002
03CB
0ACD
0005
0006
00E4
00A0
0009
04CB
02B0
0187
0ACE
0A78
0A79
0019
00EB
0012
0014
0014
00A6
0014
0002
0002
0014
0014
0014
0026
033E
0018
0027
0014
00A6
0002
0014
0014
0014
0014
0002
001B
001B
001D
0023
001F
0022
0014
0002
0002
0002
0002
0014
0024
001A
0016
001F
0014
001B
0002
0014
0014
0014
0014
0014
001D
001B
0022
0023
0014
0015
0014
0002
0002
0014
0014
0014
0021
001C
0022
0019
0014
001E
0014
0002
0014
0014
0014
0014
0010
00EC
0016
0023
0025
0016
0014
0014
0002
0002
0002
0002
0018
0012
0018
0027
0014
001A
0014
0014
0002
0014
0014
0014
0027
01B9
0016
0027
0014
01BA
0002
0014
0014
0014
0014
0014
0026
002A
0022
0026
0013
00A8
0014
0002
0014
0014
0014
0002
0019
002C
0010
0013
0014
002E
0014
0014
0014
0014
0014
0002
0019
0223
0022
0014
0014
00A6
0002
0014
0002
0014
0014
0002
0031
00F1
0252
0438
0014
0014
0036
0037
04D2
038B
00F7
00AE
00AF
0359
0097
0014
003D
0454
0ACF
018F
03B7
0056
0043
00FF
007D
00AE
0036
0048
067E
0192
0103
004C
00B7
004E
0074
0014
0051
06B3
0AD0
0054
048A
0056
00D0
0197
00B0
0014
0198
005A
020F
0465
004B
0306
005F
010C
00C6
0014
0225
019A
0AD1
0AD2
0066
0067
0068
0069
006A
006B
01F4
0397
0805
09AF
0070
00B6
0072
0073
007D
0014
0075
0379
0077
01A1
011E
007A
016D
0AD3
007D
0014
01A5
007F
06B5
0A1C
00BB
0083
00D7
0044
0086
0050
008F
0088
0AD4
0AD5
01F4
008C
00D9
0391
0035
0014
008F
045C
0AD6
06BA
0115
0046
00DA
008C
0014
0014
00DD
0A4F
0AD7
06BB
079F
0002
00E2
095A
0709
0006
0007
0008
06D3
00A1
000B
0430
000D
000E
0189
0010
01DC
0015
0014
0014
0015
0014
0014
0002
0014
0014
0014
00EC
0462
0012
0019
0014
01B8
0002
0002
0014
0014
0014
0002
001B
0024
001D
001E
0019
0016
0014
0002
0002
0002
0002
0014
001B
001E
0010
001F
0021
001B
0002
0014
0014
0014
0014
0014
001E
0024
0018
001F
0014
0022
0014
0002
0014
0014
0014
0014
0022
001C
0022
0019
0014
0016
0014
0002
0014
0014
0002
0014
0024
001F
0010
0026
0014
0012
0014
0014
0002
0014
0002
0002
0018
001E
0010
0026
0014
00EC
0014
0014
0014
0014
0014
0014
0013
01B9
0022
0014
0014
05E2
0014
0014
0014
0014
0014
0014
0026
002A
0022
0027
0014
00A8
0014
0002
0014
0014
0014
0002
0019
002C
0022
0027
0014
002E
0014
0014
0014
0014
0014
0002
0023
0649
0022
0027
0014
00A8
0014
0014
0014
0014
0014
0002
018B
0032
02CE
0034
0014
0014
02DB
04D1
0272
06C4
00F7
014E
03EC
0034
00B0
0014
0296
0AD8
0275
068D
01ED
0042
0206
0044
0045
0251
0036
07A5
0157
0713
0103
0104
004D
020B
004F
0050
0464
071C
0279
010A
0107
04F2
0057
0058
004F
0014
0059
0553
005B
063E
010E
005E
005F
0096
0097
0014
0257
03D8
027B
07AA
0421
0067
0068
0114
0167
0014
0115
0397
0630
030A
01F8
00B6
0072
0119
0074
0014
027E
07E7
05DD
06C9
02E1
01A3
016D
007C
0014
0014
016F
0AA6
02E4
0722
0082
01A8
082B
0085
00DC
0014
03F7
0AD9
0089
0331
0278
008C
0A34
008E
0035
0014
0132
0ADA
01AE
0A87
0130
0094
099A
0096
00DC
0014
03A3
0ADB
0960
0135
0001
0002
0003
0004
0005
0006
00E4
0ADC
0009
06BC
0ADD
000C
086E
0460
0290
0026
0141
0012
0013
0014
00A6
0014
0002
0014
0014
0014
0014
0016
0017
0018
0027
0014
001A
0014
0002
0014
0002
0002
0002
0020
001C
0016
001E
001F
0022
0002
0002
0014
0002
0002
0014
0024
001A
0020
00EC
0014
0010
0002
0014
0002
0014
0014
0014
001D
001B
0022
0023
0014
0015
0014
0002
0002
0014
0002
0014
001D
001B
0018
0023
0014
0018
0014
0002
0014
0002
0014
0014
0022
001A
0016
0023
0025
0016
0014
0014
0002
0002
0002
0002
0018
0012
0018
0027
0014
001A
0002
0014
0002
0014
0014
0002
0027
0250
00EE
0027
0014
0029
0002
0014
0014
0014
0014
0014
0026
01E0
0022
0026
0013
00A6
0014
0002
0014
0014
0014
0014
0026
01E0
002D
0013
0014
002E
0014
0014
0014
0002
0014
0014
0019
002F
0030
0019
0014
00A6
0002
0014
0002
0014
0014
0014
020A
00F1
0340
0514
0035
0014
0100
0ADE
0654
055A
00AD
003B
003C
00F9
0002
0014
01BD
0ADF
003F
07C0
00B5
0056
0043
00FF
0156
0046
0277
0055
0344
0345
023A
004C
0656
004E
0061
0014
0107
020C
025B
0437
00BF
0056
00D0
0197
0002
0014
03BD
011E
020F
005C
00C5
0306
005F
0060
0061
0014
0062
0AE0
0307
07C3
0066
00CB
0068
0069
006A
006B
00CC
0468
0377
0469
02C1
0071
00D0
0073
01A0
0014
0075
0076
02C2
0078
00D3
007A
047E
0349
007D
0014
01A5
0A5E
02A3
0682
00D6
0083
0084
0174
0086
0050
0087
0AE1
07C4
0AE2
0031
0046
008D
04AF
0035
0014
008F
0AE3
017A
0AE4
005D
00AE
0095
005E
0097
0014
0098
0AE5
009A
07C6
07C7
0002
00E2
0004
0AE6
0006
00E4
0139
0873
000A
0186
031A
02B1
00E9
0189
0010
001D
0012
0014
0014
0015
0014
0002
0002
0014
0014
0014
0016
001B
0012
0019
0014
001A
0002
0002
0014
0002
0002
0002
001B
0024
001D
001E
0026
0016
0014
0002
0014
0002
0002
0014
001B
001E
0022
001F
0014
0010
0002
0014
0002
0014
0014
0014
001E
001D
0022
001F
0014
0022
0014
0002
0014
0014
0002
0014
001D
001C
0022
0027
0014
0016
0014
0002
0014
0002
0002
0014
0024
001F
0010
0021
0014
0012
0014
0014
0014
0002
0002
0002
0018
001E
0010
0026
0014
00EC
0014
0014
0014
0014
0014
0002
0027
00ED
0143
0014
0014
00EF
0014
0014
0014
0014
0014
0014
0026
0688
0143
0027
0014
0387
0014
0014
0014
0014
0014
0014
0019
02CC
002D
0027
0014
0388
0014
0014
0014
0002
0014
0014
0023
0371
0030
0019
0014
002B
0014
0014
0014
0014
0014
0014
0168
0032
02CE
0034
0014
0014
01E3
0226
078C
0580
003A
003B
0AE7
0034
0002
0014
094F
08A3
0AE8
0AE9
069E
00B6
057E
0044
0045
0046
0100
03B4
0611
0AEA
023A
02D6
004D
066F
0074
0014
00BC
022B
02D7
022D
02BB
010C
0057
0058
004F
0014
0059
015F
02BC
041D
00C5
014E
01CA
0060
0097
0014
01F1
0111
0AEB
0AB9
0421
04B5
0068
0114
0167
0014
0168
0329
02DE
04F5
01F8
0071
03DB
0398
0074
0014
0120
04B8
0A68
05FB
03DD
007A
0217
0A94
0014
0014
016F
039A
06CC
0693
00D6
00AE
04BB
0A97
00DC
0014
032F
0330
0AEC
0698
008B
00AE
07D5
008E
0035
0014
0178
039F
0AED
037D
0093
0094
0AEE
0096
0097
0014
0132
01B2
0890
04C5
0001
0002
009D
0441
0005
0006
0007
00A0
0009
0846
028E
0187
0A18
024E
0290
0026
00EB
001A
0013
0014
002E
0014
0002
0014
0014
0014
0014
00EC
0142
0018
0014
0014
002E
0002
0002
0014
0014
0014
0002
0020
001C
0010
0023
001F
0022
0002
0002
0002
0002
0014
0014
0024
001A
0020
00EC
0021
001B
0002
0014
0014
0014
0014
0014
001D
001B
0012
0019
0014
001E
0014
0002
0002
0014
0014
0014
0022
001C
0018
0023
0014
0018
0014
0002
0014
0014
0014
0014
0022
001A
0016
0023
0025
0016
0014
0014
0002
0014
0002
0002
0018
0012
0018
0027
0014
001A
0002
0014
0002
0014
0014
0002
0013
01B9
0016
0027
0014
01BA
0002
0014
0014
0014
0014
0014
0026
04CE
0022
0026
0013
04CF
0014
0002
0014
0014
0014
0002
0019
018A
0010
0013
0014
002E
0014
0014
0014
0014
0014
0002
0026
00A5
0022
0014
0014
002E
0002
0014
0002
0014
0014
0002
0147
00F1
0252
076A
0035
0014
0100
0546
035B
06BE
02FC
014E
0515
0359
0014
0014
003D
003E
0570
0040
0041
0042
0043
00FF
004F
00AE
0047
0860
0049
004A
0103
004C
004F
004E
004F
0050
0107
00BD
0AEF
075B
010B
0056
015D
0197
00B0
0014
00C1
005A
010D
0465
029C
005E
005F
010C
0061
0014
00C7
0063
0064
0065
0066
0067
0308
0069
006A
006B
00CC
006D
006E
0469
01C8
00CF
0072
0073
01A0
0014
010B
0076
0077
0078
0079
007A
016D
03FF
007D
0014
01A5
02E3
02A3
0682
0082
0083
0173
027C
0086
0050
008F
0088
0AF0
0AF1
018B
008C
0AF2
0AF3
0035
0014
008F
0090
0AF4
0AF5
017C
0046
0AF6
04F2
0014
0014
00DD
0099
0AF7
0AF8
07C7
0002
00E2
0004
0709
0872
0007
0008
0873
000A
000B
080F
000D
000E
0189
0010
001D
0015
0014
0014
0015
0014
0002
0002
0014
0014
0014
0016
001D
0012
0019
0014
001A
0002
0002
0014
0002
0002
0002
001B
0024
001D
001E
0019
0016
0014
0002
0014
0002
0002
0014
001B
001E
0022
001F
0021
001B
0002
0014
0014
0014
0014
0014
001E
0024
0018
001F
0014
0022
0014
0002
0014
0014
0002
0014
001D
001C
0022
0019
0014
0016
0014
0002
0014
0014
0002
0014
0024
001F
0010
0026
0014
0012
0014
0014
0014
0014
0002
0002
0018
001E
0010
0026
0014
00EC
0014
0014
0014
0014
0014
0002
0027
00ED
0143
0014
0014
065D
0014
0014
0014
0014
0014
0014
0026
02CC
0143
0027
0014
0387
0014
0014
0014
0014
0014
0002
0019
02CC
0010
0027
0014
002E
0014
0014
0014
0002
0014
0002
0023
04AD
0016
0019
0014
00A8
0014
0014
0014
0014
0014
0002
018B
0032
02CE
0034
0014
0014
02DB
04D1
078C
0580
018D
003B
01E8
0034
0002
0014
0583
0AF9
04AE
0AFA
01ED
0042
0155
0044
0045
0251
01A5
0373
0157
05F9
0103
02D6
004D
020B
004F
0050
0464
071C
02D7
04B2
0107
04F2
0057
0058
004F
0014
0059
0553
005B
063E
010E
005E
0328
0060
0097
0014
089F
0230
0523
0524
0421
04B5
0068
0114
0167
0014
0115
0329
07AC
04F5
01F8
0071
03DB
0234
0074
0014
011A
07E7
06C8
05FB
03DD
006B
0217
0428
0014
0014
016F
0AA6
0AA7
0722
0082
04A0
0735
07EA
00DC
0014
032F
0AFB
04BE
0AFC
008B
00AE
0332
008E
0035
0014
0149
0AFD
04C2
0AFE
0130
0094
04C3
0096
0097
0014
012C
0AFF
04C4
0B00
0001
0002
009D
0441
0005
0006
00E4
0783
0009
0B01
04E4
000C
086E
067B
0290
0026
00EB
0012
0013
0014
00A6
0014
0002
0014
0014
0014
0014
0026
0B02
0018
0014
0014
00A6
0002
0002
0014
0014
0014
0014
0020
001C
0016
0023
001F
0022
0002
0002
0002
0002
0014
0014
0024
001A
0020
00EC
0014
0010
0002
0014
0002
0014
0014
0014
001D
001B
0022
0014
0014
001E
0014
0002
0002
0014
0002
0014
0021
001B
0018
0023
0014
0018
0014
0014
0014
0002
0014
0014
0022
001A
0016
0023
0025
0016
0014
0014
0002
0002
0002
0014
0018
0012
0018
0027
0014
001A
0002
0014
0002
0014
0014
0002
0027
01B9
0016
0027
0014
01BA
0002
0014
0014
0014
0014
0014
0026
04CE
0022
0026
0013
00A8
0014
0002
0014
0014
0014
0014
0019
002C
002D
0013
0014
002E
0014
0014
0014
0014
0014
0014
0019
00A5
0030
0014
0014
00A6
0002
0014
0002
0014
0014
0002
020A
00F1
0252
0514
0035
0014
0100
0204
04D2
0B03
00AD
00AE
0A70
035D
0014
0014
003D
00B2
0823
07C0
00B5
0056
0043
00FF
004F
0046
0047
0055
0344
0345
023A
004C
004F
004E
0061
0014
0107
044A
025B
0437
043C
0056
00D0
0197
0014
0014
03BD
011E
020F
005C
00C5
0306
005F
00F3
0061
0014
0062
0063
03D9
07C3
0066
0067
0308
0069
006A
006B
00CC
006D
006E
0469
01C8
00CF
0072
0073
01A0
0014
0075
0076
0077
0078
0079
007A
016D
03FF
007D
0014
01A5
02E3
02A3
0682
00D6
0083
0173
027C
0086
0050
008F
0AAF
0B04
0B05
018B
008C
0B06
02A9
0035
0014
008F
0B07
0B08
0B09
005D
0046
060C
00DB
0014
0014
0098
0B0A
0B0B
0B0C
07C7
0002
0315
0004
0317
0872
00E4
0139
0B0D
06BC
02B0
031A
09DB
00E9
0AB3
0019
0141
0012
0014
0014
00A7
0014
0002
0002
0014
0014
0014
0016
0017
0012
0019
0014
001A
0002
0002
0014
0002
0014
0002
001B
0024
001D
00EC
001F
0016
0014
0002
0014
0002
0002
0014
001B
001E
0016
001F
0021
0010
0002
0014
0014
0014
0014
0014
0012
001B
0022
0023
0014
0012
0014
0002
0014
0014
0002
0014
0022
001B
0022
0027
0014
0016
0014
0002
0014
0014
0002
0014
0024
00EC
0016
0021
0025
0018
0014
0014
0014
0002
0002
0002
0018
001E
0010
0026
0014
00EC
0014
0014
0014
0014
0014
0014
0027
0250
0144
0014
0014
0029
0002
0014
0014
0014
0014
0014
0026
01E1
0022
0026
0013
0387
0014
0002
0014
0014
0014
0014
0019
01E0
0010
0027
0014
0388
0014
0014
0014
0002
0014
0014
0019
0371
0022
0019
0014
00A6
0014
0014
0014
0014
0014
0014
0031
059C
0A22
0438
0014
0014
01E3
0226
0B0E
014C
003A
003B
0161
00F9
0002
0014
0583
0807
09AB
0B0F
00B5
00B6
0507
0044
007D
00AE
00F4
03B4
0AB6
0B10
0059
02D6
0656
0504
0074
0050
0464
0809
0B11
0B12
0196
010C
0057
0150
0002
0014
0059
015F
0AB7
0B13
0120
014E
05E8
0060
0097
0014
089F
077A
0AEB
0AB9
0062
04B5
0068
0114
0167
006B
01F4
0397
02DE
032B
0B14
0071
0072
027C
0074
0014
0103
04B8
07E8
05FB
011E
007A
007B
0640
0014
0014
04F6
007F
0121
045A
00D6
00AE
0735
0174
00DC
0050
032F
091A
0127
0B15
07FF
00AE
0B16
01FE
0035
0014
0B17
0B18
0B19
0B1A
0581
00AE
0B1B
0096
0097
0014
017E
0B1C
0B1D
0B1E
0001
0002
0003
0441
00E3
0006
0007
04C8
0009
0B1F
028E
0187
000D
000E
000F
0010
01DC
0015
0013
0014
001A
0014
0014
0002
0014
0014
0014
00EC
0462
0018
0014
0014
002E
0002
0002
0014
0014
0002
0002
0020
001C
0016
001E
0019
0022
0002
0002
0002
0002
0014
0014
0024
001E
0020
0023
0014
001B
0002
0014
0002
0014
0014
0014
001D
0024
0018
001F
0014
0022
0014
0002
0002
0014
0002
0014
001D
001C
0015
0023
0014
0018
0014
0002
0014
0002
0014
0014
0016
001A
0010
0023
0014
0016
0014
0014
0002
0014
0002
0002
0018
0012
0018
0027
0014
001A
0002
0014
0002
0014
0014
0002
0013
01B9
0018
0027
0014
0145
0002
0014
0014
0014
0014
0014
0026
002A
0022
0013
0014
00A8
0014
0002
0014
0014
0014
0002
0019
002C
002D
0013
0014
002E
0014
0014
0014
0014
0014
0002
0023
00A5
0030
0014
0014
04CF
0002
0014
0002
0014
0014
0002
01E2
0032
0033
0034
0035
0014
0100
0546
0038
0039
02FC
014E
0515
0034
0014
0014
003D
003E
0823
0040
00FA
0042
0043
00FF
0045
0046
0047
0048
0049
004A
004B
004C
004D
004E
004F
0014
0107
00BD
0053
00BE
0055
0056
015D
0058
004F
0014
00C1
005A
005B
005C
005D
005E
005F
005E
0061
0014
0062
0063
0064
0065
00CA
0067
0308
0069
006A
0014
006C
0468
006E
006F
01C8
00CF
00D0
0073
01A0
0014
010B
0076
0077
0078
00D3
007A
030D
007C
007D
0014
007E
0451
0080
0081
0082
0083
0173
0085
0086
0014
008F
0088
0089
008A
010B
008C
0B20
008E
0035
0014
008F
0090
0091
0092
0093
0094
0B21
00DB
0014
0014
0098
0099
03C9
00E0
0001
0002
0003
0004
070E
0006
00E4
0008
045F
000A
000B
0B22
000D
00E9
000F
0010
001D
0015
0013
0014
0015
0014
0002
0002
0014
0014
0014
0016
001B
0012
0019
0014
001A
0002
0002
0014
0002
0002
0002
001B
001C
001D
001E
001F
0016
0002
0002
0014
0002
0002
0014
001B
001E
0022
001F
0014
001B
0002
0014
0002
0014
0014
0014
0015
001B
0018
001F
0014
0022
0014
0002
0014
0014
0002
0014
001D
001C
0022
0023
0014
0016
0014
0002
0014
0002
0002
0014
0024
001A
0010
0023
0014
0016
0014
0014
0014
0002
0002
0002
0018
0012
0010
0026
0014
001A
0014
0014
0014
0014
0014
0002
0027
01DD
0143
0014
0014
01DF
0002
0014
0014
0014
0014
0014
0027
02CC
0143
0027
0014
0387
0014
0014
0014
0014
0014
0014
0026
02CC
0B23
0027
0014
0388
0014
0014
0014
0002
0014
0014
0026
0787
0B24
0019
0014
0387
0014
0014
0014
0014
0014
0014
018B
0032
02CE
0034
0035
0014
0270
0271
078C
0273
003A
003B
02D2
0034
0002
0014
063C
00B2
0B25
02D4
01ED
0042
0206
0044
0156
0046
0036
03B4
0157
0158
023A
02D6
004D
015A
004F
0014
05D6
0052
02D7
022D
0055
010C
0057
0058
004F
0014
0059
027A
005B
0B26
005D
005E
005F
0060
0061
0014
01F1
0063
04B3
0A67
0151
0366
0068
0114
006A
0014
0115
03C4
0232
006F
0233
0071
01CA
0347
0074
0014
027E
0B27
02A1
04B9
00D3
006B
01A4
0B28
0014
0014
0103
02A2
0080
0693
00D6
04A0
01A9
0B29
00DC
0014
032F
09A8
0B2A
04BF
0031
039E
02A8
0B2B
0035
0014
0149
0472
0699
0285
0093
0094
085E
0B2C
0097
0014
0132
0099
0B2D
009B
00EE
0002
03CB
0ACD
0005
0006
0007
0783
0009
0B2E
092A
000C
0ACE
000E
0B2F
0026
00EB
0012
0014
0014
00A6
0014
0002
0002
0014
0014
0014
0026
01B7
0018
0027
0014
01B8
0002
0002
0014
0014
0014
0014
0024
001B
0016
001E
0014
0022
0014
0002
0002
0002
0014
0014
0024
00EC
0020
00EC
0021
0010
0002
0014
0014
0014
0014
0014
001D
0024
0022
0019
0014
0015
0014
0002
0002
0014
0014
0014
0021
001B
0018
0027
0014
001E
0014
0014
0014
0014
0014
0014
0010
00EC
0016
0019
0025
0018
0014
0014
0002
0014
0002
0002
0012
0015
0018
0027
0014
00EC
0002
0014
0002
0014
0014
0014
0027
01B9
0016
0027
0014
01BA
0002
0014
0014
0014
0014
0014
0026
04CE
0022
0026
0013
00A8
0014
0002
0014
0014
0014
0002
0019
002C
0010
0013
0014
002E
0014
0014
0014
0014
0014
0002
0023
0223
0022
0014
0014
00A8
0002
0014
0002
0014
0014
0002
020A
00F1
0252
022E
0014
0014
0036
0204
04D2
06BE
02FC
00AE
01BC
035D
0097
0014
02B5
0454
0B30
018F
00B5
0056
0043
00FF
0045
0014
01BF
0048
067E
0192
0103
004C
0061
004E
0061
0050
0051
0B31
0B32
04D6
0419
0056
00D0
0197
00B0
0014
00C1
011E
020F
0465
023A
0306
005F
005E
00C6
0014
0364
0111
0211
09BB
0066
0067
0068
0069
00C6
006B
0467
071E
019E
02A0
0070
01C9
0072
0073
0167
0014
0075
0574
00D1
011D
02E1
007A
016D
073D
007D
0014
007E
007F
0B33
0A1C
0082
0083
00D7
06B7
0086
0050
008F
0088
0400
07C5
0129
008C
00D9
0AF3
0035
0014
008F
045C
04DD
0685
0130
0083
00DA
007A
0014
0014
00DD
0B34
0B35
0B36
03F8
0002
009D
0353
009F
0006
0007
00A0
0009
028D
0356
000C
00E8
000E
0AB3
0019
0141
0015
0013
0014
002B
0014
0002
0002
0014
0014
0014
0016
0017
0018
0027
0014
001A
0002
0002
0014
0002
0002
0002
0024
001D
0016
001E
001F
0018
0014
0002
0014
0002
0002
0014
001D
001A
0016
0023
0014
0010
0002
0014
0002
0014
0014
0014
0022
001B
0012
0019
0014
0015
0014
0002
0002
0014
0002
0014
001D
001C
0018
0027
0014
0016
0014
0002
0014
0002
0002
0014
0016
001A
0016
0023
0025
0016
0014
0014
0002
0014
0002
0002
0018
0012
0010
0027
0014
001A
0002
0014
0014
0014
0014
0002
0014
0250
00EE
0027
0014
0029
0002
0014
0014
0014
0014
0014
0026
002C
0018
0026
0013
00A6
0014
0002
0014
0014
0014
0002
0019
018A
002D
0013
0014
002E
0014
0014
0014
0002
0014
0002
0019
00A5
0030
0019
0014
002E
0014
0014
0014
0014
0014
0002
0031
00F1
0358
00F3
0035
0014
0100
0271
0B37
00F6
01E2
003B
003C
035D
0097
0014
0036
02B6
00FC
00FD
0041
0042
00D0
0190
0156
0046
01BF
03B4
0101
0158
00BB
03B8
004F
020B
01A0
0014
0793
0361
05E7
0B38
0055
0056
0057
00F9
00B0
0014
00C1
015F
02D9
0869
005D
005E
01C5
005E
0097
0014
0087
077A
0064
029D
0165
0067
0068
0114
006A
006B
0478
006D
0232
0469
01F8
0071
0072
0073
01A0
0014
0075
0076
0077
0078
02E1
0014
007B
01FB
007D
0014
016F
0451
03E1
0172
00D6
04A0
0084
027C
0086
0050
0531
00D8
034E
0265
01E2
00AE
008D
0266
0035
0014
04F6
04C1
0B39
0268
0093
00AE
0095
01B1
0097
0014
0868
02F0
021A
0686
0405
0002
0315
0004
05CF
0B3A
00E4
0139
045F
00A1
0B3B
026E
02B1
00E9
000F
0010
001B
0012
0014
0014
0015
0014
0002
0002
0014
0014
0014
0026
06D4
0012
0019
0014
01B8
0002
0002
0014
0014
0014
0014
001B
001C
001D
001E
0026
0016
0002
0002
0002
0002
0002
0014
001B
001E
0020
001F
0021
001B
0002
0014
0014
0014
0014
0014
001D
0024
0022
001F
0014
0022
0014
0002
0014
0014
0014
0014
0021
001C
0022
0023
0014
0018
0014
0002
0014
0014
0014
0014
0024
001F
0010
0019
0014
0016
0014
0014
0002
0002
0002
0002
0018
001E
0010
0026
0014
0023
0014
0014
0002
0014
0014
0014
0027
002F
0018
0014
0014
00A6
0002
0014
0014
0014
0014
0014
0026
002A
0022
0027
0014
00A8
0014
0014
0014
0014
0014
0014
0019
00A9
0010
0027
0014
002E
0014
0014
0014
0014
0014
0014
0023
0203
0016
0027
0014
002B
0002
0014
0002
0014
0014
0014
018B
0032
0033
0034
0014
0014
02DB
0037
0038
0039
003A
00AE
02B4
0034
0002
0014
0296
0297
02B7
018F
04F6
00B6
0043
0044
0045
006B
0036
0048
00B9
0192
0103
004C
004D
004E
004F
0050
0464
0195
0053
0054
0419
04F2
00D0
0058
004F
0014
0059
005A
00C3
005C
041E
0306
005F
0060
0061
0014
0110
0063
058F
019C
0213
00CB
0068
0069
00B0
0014
0168
0329
04D8
030A
03DA
00CF
00D0
01F9
0074
0014
030B
0A19
0426
01A1
00D3
007A
030D
007C
0014
0014
032F
007F
01A7
0081
0082
0083
023B
0085
00DC
0014
0B3C
023D
0089
0283
008B
008C
0284
008E
0035
0014
0B3C
0402
01AE
0285
0300
0094
0286
0096
00DC
0014
0B3D
0219
0134
009B
042E
0002
04C6
095A
0709
0006
0007
0008
06D3
00A1
000B
080F
000D
000E
0189
0010
0011
0015
0014
0014
0015
0014
0002
0002
0014
0014
0014
00EC
0142
0012
0019
0014
00A6
0002
0002
0014
0002
0014
0002
001B
001B
0022
001E
0019
0016
0014
0002
0002
0002
0002
0014
001B
001E
0010
001F
0021
001B
0002
0014
0014
0014
0014
0014
001D
0024
0018
001F
0014
0022
0014
0002
0014
0014
0014
0014
0022
001C
0012
0019
0014
0016
0014
0002
0014
0014
0002
0014
0024
001F
0016
0026
0025
0012
0014
0014
0002
0014
0002
0002
0018
001E
0010
0026
0014
00EC
0014
0014
0014
0014
0014
0014
0013
01B9
0016
0014
0014
05E2
0014
0014
0014
0014
0014
0014
0026
002A
0022
0027
0014
00A8
0014
0002
0014
0014
0014
0002
0019
002C
0022
0027
0014
002E
0014
0014
0014
0014
0014
0002
0023
0649
0022
0019
0014
00A8
0014
0014
0014
0014
0014
0002
0031
0032
02CE
0034
0014
0014
02DB
0B3E
014B
0565
018D
014E
03EC
0034
00B0
0014
07DD
0B3F
071B
031F
00FE
0042
0206
0044
0045
0251
0036
07A5
0157
06C6
0103
02D6
004D
020B
0074
0050
008C
07A5
07A7
0B12
0129
04F2
0057
0058
004F
0014
0059
0878
005B
063E
010E
005E
005F
0060
0097
0014
00AB
03D8
027B
0164
0165
0067
0068
0114
0167
006B
0115
0B40
07AC
0378
06A4
00B6
0072
0119
0074
0014
027E
0B41
0B42
0B43
02E1
01A3
016D
007C
0014
0014
016F
0AA6
02E4
0722
0082
01A8
07B2
0085
00DC
0014
032F
07B3
0089
0331
0278
008C
0B44
008E
0035
0014
0149
0898
01AE
0A87
0130
0094
0B45
0096
0097
0014
012C
0B46
05F3
0B47
0001
0002
0003
0004
0005
0006
00E4
0B48
0009
06BC
0B49
000C
086E
0460
0290
0026
002C
0012
0013
0014
00A6
0014
0002
0002
0014
0014
0014
0016
001B
0018
0027
0014
001A
0014
0002
0014
0014
0002
0002
0020
001C
001D
001E
001F
0010
0002
0002
0014
0002
0002
0014
0024
001A
0020
00EC
0014
0010
0002
0014
0002
0014
0014
0014
0022
001B
0022
0023
0014
0015
0014
0002
0002
0014
0002
0014
001D
001B
0022
0023
0014
0018
0014
0002
0014
0002
0014
0014
0016
001A
0010
0023
0014
0016
0014
0014
0002
0002
0014
0002
0018
0012
0018
0027
0014
001A
0002
0014
0002
0014
0014
0002
0027
0250
01DE
0027
0014
0029
0002
0014
0014
0014
0014
0014
0026
01E0
0022
0026
0013
00A6
0014
0014
0014
0014
0014
0014
0026
03D1
002D
0013
0014
002E
0014
0014
0014
0002
0014
0014
0019
002F
0030
0014
0014
00A6
0002
0014
0002
0014
0014
0014
00AA
00F1
0340
0514
0035
0014
01BB
086F
0654
055A
00AD
003B
003C
00F9
0002
0014
01BD
0B4A
003F
07C0
00B5
0056
0043
00FF
0156
0046
0277
0055
0344
0345
023A
004C
0656
004E
004F
0014
0107
0B4B
025B
0437
00BF
0056
00D0
0197
0002
0014
00C1
011E
020F
005C
00C5
0306
005F
00DB
0061
0014
0062
0450
019B
00C9
00CA
00CB
0068
0069
006A
0014
00CC
0468
006E
0469
0070
0071
00D0
0073
01A0
0014
0075
0076
0077
0078
00D3
007A
047E
0349
007D
0014
01A5
03E0
02A3
0682
00D6
0083
0084
0174
0086
0050
008F
0B4C
07C4
07C5
0031
0046
008D
04AF
0035
0014
008F
0B4D
017A
0B4E
005D
00AE
0095
00DB
0014
0014
0098
0B4F
009A
07C6
03F8
0002
0003
0004
0482
0006
00E4
0139
04AC
000A
0186
031A
02B1
00E9
060F
0010
001D
0015
0014
0014
001E
0014
0002
0002
0014
0014
0014
0016
001D
0012
0027
0014
001A
0002
0002
0014
0002
0002
0002
001B
0024
001D
001E
001F
0016
0014
0002
0014
0002
0002
0014
001D
001E
0022
001F
0021
001B
0002
0014
0002
0014
0014
0014
001E
001B
0018
001F
0014
0022
0014
0002
0014
0014
0002
0014
001D
0024
0022
0019
0014
0016
0014
0002
0014
0002
0002
0014
0024
001F
0010
0021
0014
0012
0014
0014
0014
0002
0002
0002
0018
001E
0010
0026
0014
00EC
0014
0014
0014
0014
0014
0002
0027
0250
0143
0014
0014
0029
0002
0014
0014
0014
0014
0014
0026
02CC
040B
0027
0014
0387
0014
0014
0014
0014
0014
0014
0019
02CC
002D
0027
0014
0388
0014
0014
0014
0002
0014
0014
0019
05F4
0030
0019
0014
00A6
0014
0014
0014
0014
0014
0014
018B
0032
02CE
0034
0014
0014
04E8
0271
078C
0580
003A
003B
062B
0034
0002
0014
094F
02B6
0AE8
069D
069E
00B6
0155
0190
0156
0046
00F4
03B4
03D5
0A14
023A
02D6
004D
0504
004F
0050
05D6
0052
02D7
022D
02BB
010C
0057
0058
004F
0014
0059
015F
02BC
058E
00C5
014E
0161
0060
0097
0014
02DB
077A
0B50
0AB9
0151
04B5
0068
0114
0167
0014
0196
03C4
02DE
006F
0450
0071
03DB
0347
0074
0014
0103
04B8
0A68
04B9
01A2
007A
0217
0A94
0014
0014
0103
039A
06CC
0693
00D6
00AE
0735
0B29
00DC
0014
032F
091A
0B2A
04BF
02C5
00AE
0B51
008E
0035
0014
0149
02C7
0B52
01D3
029C
0094
0B53
0096
0097
0014
012C
02C9
0B54
04C5
0635
0002
03CB
0B55
0005
0006
0007
00A0
0009
056E
028E
0187
03FB
000E
0290
0026
00EB
0012
0013
0014
00A7
0014
0002
0002
0014
0014
0014
00EC
0142
0018
0019
0014
002E
0002
0014
0014
0014
0014
0002
0020
001C
0010
001E
0019
0018
0002
0002
0002
0002
0014
0014
001B
00EC
0020
0023
0014
0010
0002
0014
0014
0014
0014
0014
001D
0024
0022
0019
0014
0012
0014
0002
0002
0014
0014
0014
0022
001C
0018
0023
0014
0018
0014
0002
0014
0014
0014
0014
0010
001A
0016
0023
0025
0016
0014
0014
0002
0014
0002
0002
0018
0012
0018
0027
0014
001A
0002
0014
0002
0014
0014
0014
0013
01B9
0016
0027
0014
0145
0002
0014
0014
0014
0014
0014
0026
04CE
0022
0026
0013
04CF
0014
0002
0014
0014
0014
0002
0019
018A
0010
0013
0014
002E
0014
0014
0014
0014
0014
0002
0023
0B56
0022
0014
0014
00A8
0002
0014
0002
0014
0014
0002
0147
00F1
0252
076A
0035
0014
0036
0546
04D2
07BE
02FC
014E
0515
035D
0097
0014
003D
0297
0570
0040
0041
0042
0043
0044
0045
0251
0047
0048
0049
004A
0103
004C
0061
004E
0061
0014
0051
0B57
0AEF
075B
010B
0056
015D
0197
00B0
0014
00C1
005A
010D
005C
029C
005E
005F
005E
0061
0014
0062
0063
0064
0065
0066
0067
0308
0069
006A
006B
006C
05C8
006E
02A0
01C8
00CF
0072
0073
01A0
0014
010B
0574
0077
011D
0079
007A
016D
03FF
007D
0014
007E
02E3
0171
076C
0082
0083
00D7
027C
0086
0050
008F
0088
0A61
0AF1
02A7
008C
0541
012B
0035
0014
008F
0090
0B58
0685
0130
0083
0B59
04F2
0014
0014
0098
0099
0B5A
0B5B
07C7
0002
00E2
0004
0709
0872
0007
0139
0A2C
000A
000B
080F
000D
000E
0189
0010
001D
0015
0014
0014
0015
0014
0002
0002
0014
0014
0014
0016
001D
0012
0019
0014
001A
0002
0002
0014
0002
0002
0002
001B
0024
001D
001E
0026
0016
0014
0002
0014
0002
0002
0014
001B
001E
0022
001F
0021
001B
0002
0014
0014
0014
0014
0014
001E
0024
0018
001F
0014
0022
0014
0002
0014
0014
0002
0014
0022
0024
0022
0019
0014
0016
0014
0002
0014
0014
0002
0014
0024
001F
0010
0026
0014
0012
0014
0014
0014
0014
0002
0002
0018
001E
0010
0026
0014
00EC
0014
0014
0014
0014
0014
0002
0027
00ED
0143
0014
0014
00EF
0014
0014
0014
0014
0014
0014
0026
02CC
0143
0027
0014
0387
0014
0014
0014
0014
0014
0002
0019
02CC
002D
0027
0014
002E
0014
0014
0014
0002
0014
0002
0023
040A
0030
0019
0014
00A8
0014
0014
0014
0014
0014
0002
018B
0032
02CE
0034
0014
0014
02DB
07DC
078C
0580
018D
003B
01E8
0034
0002
0014
0583
03D3
04AE
0AFA
01ED
0042
0155
0044
0045
0046
01A5
0048
0157
0B5C
0103
02D6
004D
020B
0074
0050
0194
0970
02D7
04B2
0107
010C
0057
0058
004F
0014
0059
0553
005B
063E
010E
005E
0328
0060
0097
0014
089F
077A
0523
0B5D
0421
04B5
0068
0114
0167
0014
0422
0329
025F
04F5
01F8
0071
05ED
0234
0074
0014
027E
07E7
0B5E
05FB
03DD
006B
0217
0428
0014
0014
016F
0B5F
0AA7
0722
0082
04A0
0735
07EA
00DC
0014
032F
0B60
04BE
0AFC
008B
00AE
0332
008E
0035
0014
0149
0B61
04C2
0B62
0093
0094
04C3
0096
0097
0014
012C
0AFF
04C4
0B63
0001
0002
009D
0441
0005
0006
00E4
04C8
0009
0B01
04E4
000C
07BC
067B
0290
0026
00EB
0012
0013
0014
00A6
0014
0002
0014
0014
0014
0014
0026
0B02
0018
0014
0014
00A6
0002
0002
0014
0014
0014
0002
0020
001C
0016
0023
001F
0010
0002
0002
0002
0002
0014
0014
0024
001A
0020
00EC
0014
0010
0002
0014
0002
0014
0014
0014
001D
001B
0022
0014
0014
001E
0014
0002
0002
0014
0002
0014
001D
001C
0018
0023
0014
0018
0014
0002
0014
0002
0014
0014
0022
001A
0016
0023
0025
0016
0014
0014
0002
0002
0002
0002
0018
0012
0018
0027
0014
001A
0002
0014
0002
0014
0014
0002
0027
01B9
0016
0027
0014
01BA
0002
0014
0014
0014
0014
0014
0026
04CE
0022
0026
0013
00A8
0014
0002
0014
0014
0014
0014
0019
002C
0010
0013
0014
002E
0014
0014
0014
0014
0014
0014
0019
00A5
0022
0014
0014
00A6
0002
0014
0002
0014
0014
0002
020A
00F1
0252
0514
0035
0014
01BB
0204
04D2
07BE
00AD
00AE
0A70
035D
0014
0014
003D
00B2
0823
07C0
00B5
0056
0043
00FF
02B9
00AE
0047
0055
0344
0345
023A
004C
02B9
004E
004F
0014
0107
044A
025B
0437
043C
0056
00D0
0197
0014
0014
00C1
011E
020F
005C
00C5
0306
005F
00F3
0061
0014
0062
0063
03D9
00C9
0066
0067
0308
0069
006A
006B
006C
006D
006E
0469
01C8
00CF
0072
0073
01A0
0014
0075
0076
0077
0078
0079
007A
016D
03FF
007D
0014
01A5
02E3
0171
076C
00D6
0083
0173
027C
0086
0050
008F
0B64
0A61
07F9
018B
008C
0B06
012B
0035
0014
008F
0B07
0B08
0B65
006C
0046
0B66
00DB
0014
0014
0098
0B0A
0B67
0B68
