// Healthy Ranges — Index Table (level 1 of two-level lookup)
// Addr = node_idx * 279 + feature_idx  (15 bits)
// Data = pair_id (12 bits, stored as 16-bit)
// Depth: 25947 (93 nodes x 279 features)
// Populated: 25947, Unique pairs: 2069 (incl. sentinel at id=0)
//
0001
0002
0003
0004
0005
0006
0007
0008
0009
000A
000B
000C
000D
000E
000F
0010
0011
0012
0013
0014
0015
0014
0002
0002
0014
0014
0014
0016
0017
0018
0019
0014
001A
0002
0002
0014
0002
0002
0002
001B
001C
001D
001E
001F
0016
0002
0002
0002
0002
0002
0014
001B
001E
0020
001F
0021
001B
0002
0014
0002
0014
0014
0014
0022
001B
0022
001F
0014
0022
0014
0002
0002
0014
0002
0014
001D
001C
0022
0023
0014
0016
0014
0002
0014
0002
0014
0014
0024
001A
0016
0023
0025
0016
0014
0014
0002
0014
0002
0002
0018
0012
0010
0026
0014
001A
0002
0014
0002
0014
0014
0002
0027
0028
0016
0027
0014
0029
0002
0014
0014
0014
0014
0014
0026
002A
0022
0026
0013
002B
0014
0002
0014
0014
0014
0002
0019
002C
002D
0027
0014
002E
0014
0014
0014
0002
0014
0002
0023
002F
0030
0019
0014
0031
0002
0014
0002
0014
0014
0002
0032
0033
0034
0035
0036
0014
0037
0038
0039
003A
003B
003C
003D
003E
0002
0014
003F
0040
0041
0042
0043
0044
0045
0046
0047
0048
0049
004A
004B
004C
004D
004E
004F
0050
0051
0052
0053
0054
0055
0056
0057
0058
0059
005A
0051
0014
005B
005C
005D
005E
005F
0060
0061
0062
0063
0014
0064
0065
0066
0067
0068
0069
006A
006B
006C
006D
006E
006F
0070
0071
0072
0073
0074
0075
0076
0014
0077
0078
0079
007A
007B
007C
007D
007E
007F
0014
0080
0081
0082
0083
0084
0085
0086
0087
0088
0052
0089
008A
008B
008C
008D
008E
008F
0090
0036
0014
0091
0092
0093
0094
0095
0096
0097
0098
0099
0014
009A
009B
009C
009D
009E
0002
009F
00A0
00A1
0006
0007
00A2
0009
00A3
00A4
00A5
00A6
000E
000F
0010
001D
001A
0013
0014
0015
0014
0014
0002
0014
0014
0014
0026
00A7
001E
0019
0014
00A8
0002
0002
0014
0002
0014
0014
001B
001C
001D
0019
001F
0016
0002
0002
0002
0002
0014
0014
001B
001E
0016
001F
0014
001B
0002
0014
0002
0014
0014
0014
0022
001B
0012
001F
0014
0022
0014
0002
0014
0014
0002
0014
001D
0024
0022
0019
0014
001E
0014
0002
0014
0002
0014
0014
0022
00A9
0010
0023
0014
0016
0014
0014
0002
0014
0014
0002
0018
0012
0018
0026
0014
001A
0014
0014
0002
0014
0014
0002
0014
002F
0012
0014
0014
00AA
0002
0014
0014
0014
0014
0014
0026
002A
0018
0026
0013
0031
0014
0014
0014
0014
0014
0002
0019
00AB
002D
0027
0014
002E
0014
0014
0014
0014
0014
0002
0026
002F
0030
0027
0014
002E
0002
0014
0002
0014
0014
0002
00AC
0033
0034
0035
0036
0014
00AD
00AE
0039
003A
00AF
00B0
00B1
003E
00B2
0014
00B3
00B4
00B5
00B6
0043
0058
0045
0046
00B7
0048
0049
00B8
004B
00B9
00BA
004E
004F
0050
0051
0014
00BB
00BC
0055
00BD
00BE
0058
00BF
005A
0051
0014
00C0
00C1
00C2
00C3
005F
008E
0061
00C4
00C5
0014
00C6
0065
00C7
00C8
00C9
00CA
006A
006B
006C
0014
00CB
00CC
00CD
00CE
00CF
00D0
00D1
0075
0076
0014
0077
0078
00D2
00D3
00D4
0014
00D5
007E
0014
0014
00D6
00D7
0082
0083
00D8
0085
00D9
0087
0088
0052
0089
00DA
008B
008C
0032
008E
00DB
0090
0036
0014
0091
0092
0093
0094
00DC
0096
00DD
00DE
00DF
0014
00E0
00E1
00E2
00E3
00E4
0002
00E5
0004
00E6
0006
00E7
0008
00E8
00E9
00EA
000C
00EB
00EC
00ED
0026
00EE
0012
0014
0014
0031
0014
0002
0002
0014
0014
0014
0016
0017
0018
0027
0014
001A
0002
0002
0014
0014
0002
0002
0020
0024
0016
001E
0019
0018
0014
0002
0014
0002
0002
0014
0024
001E
0020
0023
0021
0010
0002
0014
0014
0014
0014
0014
0022
0024
0022
0021
0014
0015
0014
0002
0002
0014
0002
0014
0022
001C
0018
0023
0014
0016
0014
0002
0014
0014
0014
0014
0024
001A
0016
0019
0025
0018
0014
0014
0002
0014
0002
0002
0012
0015
0010
0027
0014
00A9
0002
0014
0014
0014
0014
0002
0027
00EF
00F0
0027
0014
00F1
0014
0014
0014
0014
0014
0014
0026
002C
0022
0013
0014
00A8
0014
0002
0014
0014
0014
0014
0019
002C
0010
0013
0014
002E
0014
0014
0014
0002
0014
0014
0023
00F2
0016
0019
0014
0031
0014
0014
0014
0014
0014
0002
0032
00F3
00F4
00F5
0014
0014
00F6
0038
00F7
00F8
00F9
003C
00FA
00FB
0002
0014
00FC
00FD
00FE
00FF
0100
0044
00D1
0101
0047
0102
0103
004A
0104
0105
0106
0107
0108
0109
010A
0052
010B
010C
010D
010E
00BA
010F
0059
0062
0099
0014
005B
005C
005D
005E
004D
0060
0110
0062
0063
0014
0111
0112
0113
0114
0064
0069
006A
0115
00C5
006D
0116
0117
0070
0118
0119
0073
0074
011A
007F
0014
011B
011C
011D
011E
011F
007C
007D
0120
007F
0014
0121
0081
0122
0123
0124
00B0
0125
0126
00DF
0014
0127
0128
0129
012A
012B
00B0
012C
012D
0036
0014
012E
012F
0130
0131
010B
0085
0132
0098
0099
0014
0133
0134
0135
0136
0001
0002
0003
0137
0138
0006
00E7
0139
0009
000A
013A
000C
00A6
013B
013C
0010
001D
0012
0013
0014
001F
0014
0002
0002
0014
0014
0014
0016
001B
0018
0027
0014
001A
0002
0002
0014
0014
0014
0002
0020
001C
001D
001E
0019
0022
0014
0002
0014
0002
0014
0014
0024
001E
0016
00A9
0014
001B
0014
0014
0014
0014
0014
0014
0022
0020
0022
001F
0014
0022
0014
0002
0002
0014
0014
0014
0022
001C
0022
0023
0014
0018
0014
0002
0014
0014
0014
0014
0010
0023
0010
0019
0014
0016
0014
0014
0014
0014
0014
0002
0012
001A
0018
0026
0014
0023
0014
0014
0014
0014
0014
0002
0027
0028
0012
0027
0014
0029
0002
0014
0014
0014
0014
0014
0026
002A
0012
0026
0013
002B
0014
0014
0014
0014
0014
0002
0019
00AB
002D
0014
0014
002E
0014
0014
0014
0014
0014
0002
0023
013D
0030
0019
0014
0031
0002
0014
0002
0014
0014
0002
00AC
0033
0034
013E
0036
0014
0103
013F
0039
003A
00AF
003C
003D
003E
0002
0014
003F
00B4
0041
00B6
0043
0058
0140
0141
0047
0048
0049
0142
0143
0144
0145
004E
004F
0146
007F
0014
0116
0147
0055
00BD
0148
0058
00BF
00C4
0051
0014
0149
014A
00C2
014B
014C
014D
0061
00C4
0063
0014
00C6
0065
014E
014F
0150
00CA
006A
006B
00B2
0014
00CB
00CC
0151
0152
0072
0073
0153
0075
0076
0014
0154
0078
0155
0156
0157
006D
0158
007E
007F
0014
0159
0081
015A
015B
00D8
015C
0086
0087
0088
0052
0091
015D
008B
008C
008D
008E
008F
0090
0014
0014
0091
0092
0093
0094
0095
0096
0097
015E
0099
0014
00E0
009B
015F
0160
0161
0002
0162
0163
0164
0006
0007
0165
0166
0167
000B
0168
00EB
000E
0169
0019
016A
001E
0014
0014
00AA
0014
0002
0002
0014
0014
0014
0026
016B
0012
0019
0014
016C
0002
0002
0014
0002
0002
0002
001B
0024
0016
001E
001F
0016
0002
0002
0002
0002
0002
0014
001B
001E
0020
001F
0021
0010
0002
0014
0002
0014
0014
0014
001E
001B
0012
0021
0014
0012
0014
0002
0014
0014
0002
0014
001D
001C
0018
0027
0014
0016
0014
0002
0014
0002
0014
0014
0024
001A
0016
0023
0025
0016
0014
0014
0002
0014
0002
0002
0018
0012
0010
0027
0014
001A
0002
0014
0002
0014
0014
0002
0027
016D
00F0
0014
0014
016E
0002
0014
0014
0014
0014
0014
0026
002C
0022
0027
0014
002E
0014
0002
0014
0014
0014
0014
0019
002C
0022
0027
0014
002E
0014
0014
0014
0002
0014
0014
0019
016F
0022
0027
0014
002E
0014
0014
0014
0014
0014
0014
0032
00F3
0170
0035
0014
0014
0171
0172
0173
00F8
0174
00B0
0175
00FB
00B2
0014
0176
00FD
0177
0178
0100
0044
0045
0046
0179
00B0
0103
017A
004B
004C
004D
0146
0108
0050
0051
0052
00BB
017B
017C
017D
0057
017E
0059
005A
0099
0014
005B
017F
005D
0180
0032
0060
0061
0062
0099
0014
0181
0182
0183
0067
0064
0069
006A
0115
006C
006D
0184
0185
0186
0187
0188
00D0
0074
0189
018A
0014
014C
018B
018C
018D
011F
007C
018E
018F
0014
0014
00D6
0190
0191
0192
0193
0085
0194
0195
00DF
0014
0089
0196
0129
0197
0116
0048
0198
012D
0036
0014
0199
019A
019B
019C
019D
00B0
019E
0098
00DF
0014
0133
019F
01A0
01A1
01A2
0002
00E5
0004
01A3
0006
0007
01A4
0166
01A5
000B
01A6
01A7
000E
00ED
0019
01A8
001A
0014
0014
01A9
0014
0002
0002
0014
0014
0014
0016
01AA
0018
0019
0014
001A
0002
0014
0014
0014
0014
0002
001B
0022
001D
00A9
001F
0016
0014
0014
0014
0002
0002
0014
001B
001E
0016
001F
0014
0010
0002
0014
0014
0014
0014
0014
0019
01AB
00A9
0023
0014
00EF
0014
0002
0002
0014
0002
0014
001D
001C
0022
0023
0014
0016
0014
0002
0014
0014
0014
0014
0024
001A
0010
0021
0014
0018
0014
0014
0014
0014
0014
0002
0018
0012
0010
0027
0014
001A
0002
0014
0014
0014
0014
0014
0027
01AC
00EF
0027
0014
01AD
0002
0014
0014
0014
0014
0014
0026
01AE
0022
0027
0014
01AF
0014
0014
0014
0014
0014
0014
0026
01B0
002D
0027
0014
01B1
0014
0014
0014
0002
0014
0014
0019
00A7
0030
0019
0014
002E
0014
0014
0014
0014
0014
0014
01B2
00F3
01B3
003C
0014
0014
01B4
0038
01B5
01B6
00F9
003C
01B7
00FB
0002
0014
00C1
01B8
0041
0042
01B9
0044
01BA
0046
01BB
0048
00F6
01BC
01BD
01BE
0106
004E
0108
01BF
0051
0014
0053
01C0
01C1
0056
00BA
008E
01C2
01C3
0099
0014
005B
005C
01C4
01C5
004D
0060
01C6
0062
0063
0014
01C7
01C8
01C9
01CA
00C9
01CB
006A
006B
018A
0014
0184
01CC
0070
01CD
0072
0073
0074
0189
018A
0014
014C
018B
01CE
011E
01CF
007C
007D
01D0
007F
0014
0106
01D1
01D2
01D3
0084
00B0
01D4
01D5
00DF
0014
01D6
0128
01D7
01D8
01D9
01DA
01DB
012D
0036
0014
01D6
01DC
01DD
01DE
01DF
00B0
01E0
0098
0099
0014
012E
01E1
0135
01E2
01E3
0002
009F
01E4
0005
0006
00E7
01E5
01E6
01E7
013A
01E8
01E9
013B
000F
0010
0011
0012
0013
0014
001F
0014
0002
0014
0014
0014
0014
0026
01EA
001E
0014
0014
002E
0014
0002
0014
0002
0002
0014
0023
01EB
0022
001E
0014
01AC
0002
0002
0002
0002
0014
0014
0024
001E
0020
0023
0021
001B
0014
0014
0002
0014
0014
0014
0022
0016
0022
001F
0014
0022
0014
0002
0014
0014
0002
0014
0021
01EC
001A
0019
0014
002B
0014
0002
0014
0002
0014
0014
0010
00A9
0016
0023
0025
0016
0014
0014
0002
0014
0002
0002
0018
001E
0018
0026
0014
0023
0014
0014
0002
0014
0014
0002
0014
01ED
0016
0014
0014
01EE
0002
0014
0014
0014
0014
0014
0026
002A
0022
0026
0013
0031
0014
0002
0014
0014
0014
0002
0019
002C
0010
0013
0014
002E
0014
0014
0014
0014
0014
0002
0023
01EF
0016
0014
0014
0031
0002
0014
0002
0014
0014
0002
0145
0033
01F0
0035
0036
0014
0103
00AE
01F1
01F2
00AF
00B0
01F3
003E
0014
0014
003F
00B4
01F4
01F5
0043
01F6
01F7
01F8
0047
0014
0049
01F9
01FA
01FB
01FC
01FD
004F
0050
007F
0052
01FE
0147
01FF
0200
0201
0058
0202
005A
0051
0014
0203
0204
0205
0206
005F
0085
0207
00FB
00DF
0014
0064
0065
0208
0209
0089
0069
006A
020A
006C
006D
00CB
020B
020C
0071
020D
00D0
00D1
0075
0076
0014
0154
0078
00D2
00D3
00D4
0014
020E
007E
0014
0014
0080
020F
0210
0083
00D8
0085
0211
0087
0088
0052
0089
015D
008B
008C
008D
008E
0212
0090
0036
0014
0213
0092
0093
0094
0214
0096
0215
015E
0014
0014
009A
009B
015F
0216
0217
0002
0162
0004
00A1
0218
0007
0219
021A
021B
021C
021D
021E
000E
021F
0026
00EE
001A
0014
0014
01A9
0014
0002
0002
0014
0014
0014
0016
0017
0018
0019
0014
001A
0002
0014
0014
0014
0002
0002
001B
0020
001D
001E
001F
0016
0014
0002
0014
0002
0002
0014
001B
001E
0016
001F
0014
0010
0002
0014
0014
0014
0014
0014
0019
001B
001E
0023
0014
0012
0014
0002
0002
0014
0002
0014
001D
001C
0022
0027
0014
0016
0014
0002
0014
0014
0014
0014
0024
00A9
0016
0021
0025
0018
0014
0014
0002
0014
0002
0002
0018
0012
0010
0027
0014
001A
0002
0014
0014
0014
0014
0002
0027
01AC
00F0
0027
0014
01AD
0002
0014
0014
0014
0014
0014
0026
01AE
0022
0026
0013
01AF
0014
0002
0014
0014
0014
0014
0019
01AE
0010
0027
0014
01B1
0014
0014
0014
0002
0014
0014
0019
00A7
0022
0019
0014
002E
0014
0014
0014
0014
0014
0014
0032
00F3
0220
00F5
0014
0014
0221
0038
01B5
0222
0223
003C
01B7
00FB
0002
0014
00C1
01B8
0041
0042
0043
0044
01BA
0046
0179
00B0
00F6
01BC
0224
0225
0106
004E
0108
0050
0051
0014
0053
0226
01C1
0227
00BA
008E
0059
0228
0099
0014
0229
022A
022B
022C
004D
0060
022D
0062
0099
0014
01C7
022E
022F
01CA
0068
00CA
006A
006B
018A
006D
0184
0230
0231
01CD
00CF
0073
0232
0189
018A
0014
014C
018B
0233
011E
0234
007C
0235
01D0
007F
0014
00D6
0081
0236
01D3
0084
00B0
01D4
01D5
00DF
0052
0237
0238
01D7
01D8
01D9
00B0
0239
012D
0036
0014
01D6
01DC
01DD
01DE
023A
01DA
01E0
0098
0099
0014
012E
01E1
0135
01E2
0001
0002
009F
023B
00E6
0006
00E7
01E5
01E6
023C
023D
000C
023E
013B
000F
0010
01AA
0012
0013
0014
001F
0014
0014
0014
0014
0014
0014
0026
002A
001E
0014
0014
002E
0014
0002
0014
0002
0014
0014
00A9
01EB
0022
001E
0026
023F
0002
0002
0002
0002
0014
0014
0024
001E
0020
0023
0021
001B
0014
0014
0002
0014
0014
0014
0022
0016
0022
001F
0014
0022
0014
0002
0014
0014
0002
0014
0026
01EC
001A
0023
0014
0240
0014
0002
0014
0002
0014
0014
0010
001A
0010
0023
0014
0016
0014
0014
0002
0014
0014
0002
0012
001E
0018
0026
0014
0023
0014
0014
0002
0014
0014
0002
0014
01ED
0018
0014
0014
01EE
0002
0014
0014
0014
0014
0014
0026
002A
0022
0013
0014
0031
0014
0002
0014
0014
0014
0002
0019
002C
002D
0013
0014
002E
0014
0014
0014
0014
0014
0002
0023
01EF
0030
0014
0014
0031
0002
0014
0002
0014
0014
0002
00AC
0033
0241
0035
0036
0014
0103
00AE
0242
0243
00AF
00B0
0244
003E
0014
0014
003F
00B4
01F4
01F5
0100
01F6
0245
01F8
0047
0048
0049
01F9
0246
0247
01FC
01FD
004F
0146
010A
0052
01FE
0248
01FF
0200
0201
0058
0249
005A
0051
0014
0203
0204
024A
024B
005F
0085
024C
00FB
0063
0014
0064
0065
024D
024E
0237
0069
006A
020A
006C
0014
00CB
006F
024F
0071
0250
0251
0074
0075
0076
0014
0154
0078
0079
00D3
007B
0014
018E
007E
0014
0014
0159
0252
0210
0083
00D8
0085
0211
0087
0088
0014
0089
015D
008B
008C
008D
008E
0253
0090
0036
0014
0213
0092
0093
0094
0095
0096
0254
015E
0014
0014
009A
009B
015F
0216
0255
0002
00E5
0004
0005
0006
00E7
0256
01E6
0257
0258
000C
0259
00EC
025A
0026
00F2
0015
0014
0014
01AF
0014
0002
0002
0014
0014
0014
0016
0024
0012
0027
0014
0019
0014
0014
0014
0002
0014
0002
0024
001C
0016
00A9
001F
0022
0014
0002
0002
0002
0002
0014
001D
001E
0016
00A9
0014
0010
0002
0014
0014
0014
0014
0014
0018
001B
0012
0021
0014
001E
0014
0002
0014
0014
0002
0014
001D
0024
0012
0027
0014
001E
0014
0002
0014
0014
0014
0014
0016
00A9
0010
0019
0014
0016
0014
0014
0014
0014
0014
0002
0018
001A
0018
0026
0014
0023
0014
0014
0014
0014
0014
0014
0027
00EF
0240
0014
0014
00F1
0014
0014
0014
0014
0014
0014
0026
025B
023F
0026
0013
00A8
0014
0014
0014
0014
0014
0014
0026
025B
0010
0014
0014
002E
0014
0014
0014
0002
0014
0014
0026
00F2
0022
0019
0014
002E
0014
0014
0014
0014
0014
0014
025C
00B0
025D
003C
0014
0014
0037
025E
025F
0260
0261
003C
00FA
00FB
0002
0014
0262
0263
00FE
00FF
004D
0058
00D1
0264
01BB
00B0
0213
004A
0104
0265
0266
0101
0108
0267
0051
0014
0268
0269
026A
026B
025C
0058
026C
00FB
0099
0014
0229
026D
026E
014B
004D
014D
0110
0098
0036
0014
00AD
026F
0270
0271
0272
0273
006A
01D5
018A
0014
0184
0274
0275
0276
0277
0073
0232
0075
0076
0014
0077
0078
0278
0279
0157
006D
027A
027B
0014
0014
0159
0081
027C
027D
0084
0085
027E
027F
0088
0052
0280
0196
0281
0282
00CB
0048
0239
012D
0014
0014
0283
0284
0285
0286
023A
0102
0287
0098
0099
0014
00E0
0288
01A0
0289
0001
0002
009F
023B
028A
0006
0007
0008
0166
028B
00EA
028C
028D
000E
000F
0010
0011
0012
0013
0014
0015
0014
0002
0014
0014
0014
0014
0026
01EA
0018
0019
0014
028E
0002
0002
0014
0014
0002
0002
001B
0024
001D
001E
0019
0016
0002
0002
0014
0002
0002
0014
001B
001E
0020
001F
0021
001B
0002
0014
0002
0014
0014
0014
0022
0020
0022
001F
0014
0022
0014
0002
0002
0014
0002
0014
0021
001C
0022
0023
0014
0016
0014
0002
0014
0002
0014
0014
0024
001A
0016
0023
0025
0016
0014
0014
0002
0014
0002
0002
0015
0012
0010
0027
0014
001A
0002
0014
0002
0014
0014
0002
0027
01ED
0016
0027
0014
01EE
0002
0014
0014
0014
0014
0014
0026
002A
0012
0027
0014
0031
0014
0002
0014
0014
0014
0002
0019
002C
002D
0027
0014
002E
0014
0014
0014
0014
0014
0002
0023
002F
0030
0027
0014
0031
0002
0014
0002
0014
0014
0002
0032
0033
0034
0035
0036
0014
028F
0290
0039
003A
00F9
00B0
0291
003E
00B2
0014
0292
00B4
0293
0294
01B9
0044
0045
0046
0047
0048
0049
0295
004B
00B9
0193
004E
004F
0050
0076
0052
0116
0054
0055
0056
0057
0296
0059
005A
0051
0014
0297
0298
005D
0299
005F
0060
0061
0062
0063
0014
0064
029A
0066
0067
0068
0069
029B
006B
006C
006D
029C
006F
0070
0071
029D
029E
0074
011A
007F
0014
029F
018B
011D
007A
01CF
007C
018E
007E
007F
0014
00D6
02A0
0082
0083
00D8
015C
02A1
0087
00DF
0014
02A2
015D
008B
008C
008D
008E
00DB
0090
0036
0014
02A3
02A4
0093
0094
0095
0096
00DD
00C4
00DF
0014
02A5
02A6
02A7
02A8
02A9
0002
009F
02AA
0005
0006
0007
0008
01E6
00E9
02AB
02AC
02AD
000E
02AE
0026
016A
0012
0014
0014
00A8
0014
0002
0002
0014
0014
0014
0016
0017
001A
0014
0014
001A
0002
0002
0014
0002
0002
0002
0020
001C
0016
001E
0019
0022
0002
0002
0002
0002
0002
0014
0024
001A
0020
0021
0021
0010
0014
0014
0002
0014
0014
0014
0022
0024
0022
0019
0014
001A
0014
0014
0014
0014
0002
0014
001D
001C
0014
0014
0014
001E
0014
0002
0014
0002
0014
0014
0010
00A9
0016
0019
0025
0019
0014
0014
0002
0014
0002
0002
0018
001E
0018
0027
0014
0023
0014
0014
0002
0014
0014
0002
0027
0028
0016
0014
0014
00F1
0014
0014
0014
0014
0014
0014
0026
02AF
0022
0026
0013
002B
0014
0002
0014
0014
0014
0002
0019
002C
0010
0013
0014
002E
0014
0014
0014
0002
0014
0002
0023
00F2
0016
0014
0014
0031
0002
0014
0002
0014
0014
0002
0145
00F3
02B0
0035
0014
0014
02B1
00AE
00F7
00F8
01B2
003C
003D
02B2
0014
0014
02B3
0040
00FE
0178
0043
02B4
0045
0101
0047
0102
02B5
004A
02B6
02B7
004D
0107
0076
0050
007F
0052
02B8
00BC
02B9
02BA
00BE
0058
00D1
005A
00B2
0014
0203
0204
02BB
0180
005F
0060
0061
0014
0014
0014
0064
026F
02BC
02BD
0089
0069
006A
0189
018A
006D
006E
006F
0151
0071
0250
0073
0074
0075
018A
0014
0154
0078
0079
00D3
007B
007C
007D
02BE
0014
0014
0080
00D7
02BF
0192
0084
015C
0125
0189
0088
0052
0089
02C0
02C1
02C2
0154
008E
02C3
012D
0036
0014
0283
0092
02C4
02C5
0214
0085
0132
015E
0014
0014
009A
009B
02C6
0216
02C7
0002
00E5
0004
02C8
0006
00E7
00A2
02C9
028B
000B
000C
000D
02CA
02CB
0010
001D
001A
0013
0014
0015
0014
0002
0002
0014
0014
0014
0026
02CC
0018
0019
0014
016C
0002
0014
0014
0014
0014
0014
001B
001D
001D
0023
001F
0016
0014
0002
0014
0002
0002
0014
001B
001E
0016
001F
0014
001B
0002
0014
0014
0014
0014
0014
001E
001B
00A9
001F
0014
0022
0014
0002
0002
0014
0014
0014
0021
02CD
02CE
0023
0014
02CF
0014
0002
0014
0014
0014
0014
0024
001A
0010
0023
0014
0016
0014
0014
0014
0014
0014
0002
0012
0012
0010
0026
0014
001A
0002
0014
0014
0014
0014
0014
0027
02D0
00EF
0027
0014
00AA
0002
0014
0014
0014
0014
0014
0026
01AE
0022
0027
0014
002E
0014
0014
0014
0014
0014
0014
0019
01B0
002D
0027
0014
002E
0014
0014
0014
0014
0014
0014
0019
002F
0030
0019
0014
002E
0014
0014
0014
0014
0014
0014
01B2
0033
0034
01C3
0036
0014
0037
0038
0039
003A
003B
00B0
02D1
003E
0002
0014
003F
02D2
02D3
0294
01B9
0044
0140
0046
0051
0048
0037
0295
02D4
02D5
0145
004E
004F
01BF
0051
0014
0053
01C0
0055
0056
00BA
02D6
0059
02D7
0051
0014
005B
005C
02D8
02D9
0266
02DA
02DB
02DC
0063
0014
0171
029A
02DD
02DE
00C9
02DF
004F
006B
006C
0014
01D9
0230
0186
02E0
02E1
02E2
0153
0189
0076
0014
02E3
018B
02E4
02E5
02E6
006D
02E7
02E8
007F
0014
0106
0081
0082
02E9
00D8
0085
00D9
0087
00DF
0014
02B1
00DA
02EA
008C
0193
0048
00DB
0090
0036
0014
0127
01DC
0093
0094
02EB
0096
00DD
0098
0099
0014
02EC
02ED
009C
02A8
0001
0002
0003
02EE
02EF
02F0
00E7
0008
02F1
000A
02F2
02F3
000D
00EC
000F
0010
001D
0012
0014
0014
001E
0014
0002
0002
0014
0014
0014
0016
001B
0012
0027
0014
001A
0002
0002
0014
0002
0014
0002
001B
001C
0016
001E
0019
0022
0002
0002
0014
0002
0002
0014
0024
001E
0020
001F
0021
001B
0014
0014
0002
0014
0014
0014
0022
001D
0022
001F
0014
0022
0014
0002
0014
0014
0002
0014
0022
001C
0012
0023
0014
0016
0014
0002
0014
0002
0014
0014
0016
00A9
0010
0021
0014
0026
0014
0014
0002
0014
0014
0014
0012
001E
0018
0026
0014
0023
0014
0014
0014
0014
0014
0002
0027
00EF
0240
0014
0014
00F1
0014
0014
0014
0014
0014
0014
0026
02F4
02CE
0013
0014
01AF
0014
0014
0014
0014
0014
0014
0019
02F5
002D
0013
0014
002E
0014
0014
0014
0002
0014
0014
0023
01EF
0030
0014
0014
0031
0014
0014
0014
0014
0014
0014
01B2
0033
02F6
0035
0014
0014
02EC
0290
02F7
0243
02F8
003C
02F9
003E
0002
0014
02FA
02FB
02FC
02FD
02FE
02B4
02FF
0101
0047
0048
0103
0142
0300
0301
00BA
0146
004F
0109
0076
0052
01FE
0302
01FF
0200
0057
010F
0059
0062
0051
0014
0303
0304
005D
0305
005F
0060
0306
0062
0063
0014
0181
026F
0307
0308
0272
0309
006A
0115
018A
0014
0184
020B
030A
0071
030B
0073
030C
030D
0076
0014
014C
030E
030F
0310
0157
007C
027A
0311
0014
0014
00D6
0312
0313
0314
00D8
00B0
0125
0315
00DF
0014
0089
0316
0317
0318
008D
00B0
02C3
0090
0036
0014
0319
0284
031A
031B
0095
0096
0132
0098
0014
0014
0133
009B
031C
009D
0255
0002
031D
031E
00A1
0006
0007
00A2
0009
031F
000B
000C
0320
0321
021F
0026
00EE
0015
0013
0014
01A9
0014
0002
0014
0014
0014
0014
0026
0322
0018
0019
0014
002E
0002
0014
0014
0014
0002
0014
0020
001D
001D
001E
001F
0016
0014
0002
0002
0002
0002
0014
001B
001A
0016
0023
0014
0010
0002
0014
0014
0014
0014
0014
0022
001B
0012
0023
0014
0012
0014
0002
0002
0014
0014
0014
001D
001D
0022
0027
0014
001E
0014
0002
0014
0014
0014
0014
0024
001A
0016
0023
0025
0016
0014
0014
0002
0014
0002
0002
0018
0012
0010
0014
0014
001A
0002
0014
0002
0014
0014
0002
0014
01ED
0016
0027
0014
01EE
0002
0014
0014
0014
0014
0014
0026
0323
0012
0026
0013
0324
0014
0002
0014
0014
0014
0002
0019
0325
0010
0027
0014
0326
0014
0014
0014
0014
0014
0002
0026
0327
0022
0019
0014
0326
0002
0014
0002
0014
0014
0002
0032
00F3
01B3
00F5
0036
0014
0037
0038
0328
01B6
00F9
00B0
0244
00FB
00B2
0014
003F
0329
032A
0042
0043
0044
0045
0046
0179
00B0
0049
017A
004B
004C
0266
004E
0108
0050
0051
0014
0053
032B
032C
0056
00AC
0058
00BF
005A
00B2
0014
0297
005C
00C2
032D
0193
008E
0061
032E
00DF
0014
00C6
032F
0330
00C8
0068
0069
029B
006B
006C
006D
029C
01CC
0070
01CD
0072
00D0
0074
0075
0014
0014
0154
0331
0079
011E
014A
0014
018E
0332
007F
0014
0159
020F
0333
0334
00CB
0085
00D9
0335
0088
0052
0091
008A
0336
0337
0338
008E
0253
0339
0036
0014
0091
033A
033B
033C
01FE
0048
0254
02E2
0099
0014
00E0
033D
009C
033E
0001
0002
0003
02AA
033F
0006
0007
0008
0340
028B
00A4
0341
000D
000E
0342
0010
001D
0012
0014
0014
001F
0014
0002
0002
0014
0014
0014
0026
0343
0018
0014
0014
016C
0002
0002
0014
0002
0014
0002
001B
001C
001D
00A9
0019
0022
0014
0002
0002
0002
0002
0014
0024
001E
0016
001F
0014
001B
0014
0014
0014
0014
0014
0014
0018
001D
0022
001F
0014
0022
0014
0002
0002
0014
0002
0014
001D
001C
0022
0023
0014
0018
0014
0002
0014
0014
0014
0014
0016
00A9
0010
0021
0014
0016
0014
0014
0014
0014
0014
0002
0018
001A
0018
0026
0014
0023
0014
0014
0014
0014
0014
0002
0013
0344
00EF
0027
0014
0345
0014
0014
0014
0014
0014
0014
0014
01AE
0022
0346
0014
0347
0014
0014
0014
0014
0014
0014
0014
01B0
0010
0014
0014
0348
0014
0014
0014
0002
0014
0014
0026
0349
0016
0014
0014
01B1
0014
0014
0014
0014
0014
0002
00AC
0033
034A
013E
0014
0014
0159
00AE
034B
034C
02F8
007C
034D
003E
0014
0014
003F
00B4
034E
034F
0100
02B4
0140
0264
01BB
0102
0049
01F9
0350
0301
00AC
0107
004F
0267
0051
0014
0116
00BC
0351
0352
0353
010F
0354
00FB
0051
0014
0303
0355
0356
0357
0266
008E
0061
0098
0063
0014
00C6
0065
0358
0114
0359
00CA
006A
0189
018A
0014
006E
020B
0231
0071
0277
00D0
0232
030D
0076
0014
014C
030E
035A
0310
0157
035B
035C
02E8
007F
0014
0121
0081
035D
035E
00D8
0014
02A1
0087
00DF
0014
0121
00DA
02EA
008C
0193
0014
0253
0090
0014
0014
035F
0284
0093
0094
0184
0096
0254
0098
0014
0014
02EC
0360
0361
009D
0362
0002
0162
0004
0005
0006
00E7
00A2
0009
0257
00EA
0363
0364
00EC
0169
0019
00EE
001A
0013
0014
00AA
0014
0002
0014
0014
0014
0014
0016
0017
0015
0019
0014
001A
0002
0002
0014
0014
0002
0014
0020
0024
0016
001E
001F
0016
0002
0002
0014
0002
0002
0014
001B
001A
0020
0023
0021
0010
0002
0014
0002
0014
0014
0014
0022
001B
0012
0019
0014
0012
0014
0002
0014
0014
0002
0014
0022
0024
0018
0027
0014
0016
0014
0002
0014
0002
0014
0014
0024
001A
0016
0023
0025
0016
0014
0014
0002
0014
0002
0002
0012
0012
0010
0027
0014
001A
0002
0014
0002
0014
0014
0002
0027
0028
0016
0014
0014
0029
0002
0014
0014
0014
0014
0014
0026
002A
0022
0026
0013
002B
0014
0002
0014
0014
0014
0002
0019
002C
002D
0027
0014
028E
0014
0014
0014
0014
0014
0002
0023
00A7
0030
0019
0014
0324
0002
0014
0002
0014
0014
0002
0032
00F3
01B3
0035
0036
0014
01B4
0038
0328
01B6
00F9
003C
003D
00FB
0002
0014
0365
0366
0041
0042
0043
0044
0045
0046
0047
0048
0103
017A
004B
004C
004D
004E
0108
0050
010A
0052
00BB
017B
0367
0056
0057
0058
0059
005A
00B2
0014
0297
005C
005D
005E
0032
0060
0061
0062
0099
0014
0181
01C8
0066
00C8
0068
0069
029B
006B
006C
006D
01D9
0368
0186
0369
029D
0073
0074
0075
007F
0014
036A
0331
0079
011E
01CF
007C
007D
02BE
0014
0014
00D6
0252
0236
0334
0084
0085
027E
0189
0088
0052
0091
0196
0336
0197
036B
008E
02C3
0339
0036
0014
0091
033A
036C
036D
0095
0085
0132
00C4
0099
0014
009A
0134
036E
036F
0001
0002
009F
02AA
02C8
0006
00E7
0008
01E6
000A
0370
000C
0371
0372
000F
0010
0016
0012
0013
0014
001F
0014
0014
0014
0014
0014
0014
0016
001B
001E
0014
0014
001A
0002
0002
0014
0002
0002
0002
001B
001C
001D
001E
001F
0022
0002
0002
0014
0002
0002
0014
0024
001E
0020
001F
0021
0010
0014
0014
0002
0014
0014
0014
0022
001B
0022
001F
0014
0022
0014
0002
0014
0014
0002
0014
001D
001C
0022
0023
0014
0018
0014
0002
0014
0002
0014
0014
0024
001A
0010
0023
0014
0016
0014
0014
0014
0014
0014
0002
0018
001E
0010
0026
0014
0023
0014
0014
0002
0014
0014
0002
0014
00EF
00EF
0014
0014
0373
0014
0014
0014
0014
0014
0014
0026
0374
0375
0025
0014
00A8
0014
0014
0014
0014
0014
0014
0019
0374
0010
0014
0014
01B1
0014
0014
0014
0002
0014
0014
0019
01EF
0016
0014
0014
002E
0002
0014
0002
0014
0014
0014
0376
0033
0377
0035
0036
0014
00F6
00AE
0378
0379
02F8
003C
037A
003E
0014
0014
003F
00B4
00FE
01F5
02E3
02B4
0045
01F8
0179
00B0
0037
01F9
037B
037C
00CB
01BF
004F
037D
0051
0052
01FE
0147
037E
0200
022E
0058
01C6
005A
0051
0014
0203
037F
0380
0381
005F
014D
0061
00FB
0063
0014
0181
0065
0382
02BD
0383
00CA
006A
01D5
006C
0014
0384
020B
0385
0071
0250
0073
00D1
0075
0076
0014
036A
0078
0386
00D3
0157
0014
0387
02E8
0014
0014
00D6
0388
0210
0083
00D8
0389
038A
038B
0088
0014
0089
038C
038D
038E
0032
00B0
02C3
0090
0014
0014
0283
038F
0390
031B
0391
0096
0132
015E
0014
0014
009A
0392
0393
0216
0217
0002
00E5
0004
0005
0394
0007
0395
0396
0397
000B
028C
0398
000E
00ED
0026
00EE
001A
0014
0014
01A9
0014
0002
0002
0014
0014
0014
0026
01EA
0018
0019
0014
00A8
0002
0014
0014
0014
0014
0014
0024
0024
0016
001E
0026
0016
0014
0002
0002
0002
0002
0014
001B
001E
0016
00A9
0014
001B
0002
0014
0014
0014
0014
0014
001E
0024
0012
0021
0014
0012
0014
0002
0002
0014
0014
0014
0021
0024
0018
0019
0014
0016
0014
0002
0014
0014
0014
0014
0016
00A9
0016
0021
0025
0018
0014
0014
0002
0014
0002
0002
0012
0012
0018
0027
0014
001A
0002
0014
0014
0014
0014
0014
0027
01ED
0016
0027
0014
01EE
0002
0014
0014
0014
0014
0014
0026
002A
0022
0026
0013
0031
0014
0002
0014
0014
0014
0002
0019
002C
002D
0027
0014
002E
0014
0014
0014
0014
0014
0002
0023
00A7
0030
0019
0014
0031
0014
0014
0014
0014
0014
0002
0032
00F3
0399
003C
0014
0014
039A
0038
039B
01B6
00F9
00B0
0291
00FB
0002
0014
00C1
01B8
02D3
0042
0043
0044
039C
0046
0047
0048
01DF
017A
039D
039E
0106
004E
0108
0050
007F
0014
0053
01C0
032C
0056
00BA
017E
0059
00DE
00B2
0014
005B
005C
039F
03A0
0193
0060
03A1
0062
0099
0014
00C6
01C8
0066
03A2
0068
0069
029B
006B
018A
006D
006E
0117
0231
01CD
029D
02E2
0074
011A
018A
0014
014C
03A3
03A4
03A5
01CF
007C
018E
03A6
007F
0014
0121
03A7
01D2
01D3
0084
0085
00D9
01D5
00DF
0052
02A2
008A
03A8
03A9
036B
008E
03AA
012D
0036
0014
02A3
03AB
033B
03AC
0095
0085
03AD
0098
0099
0014
012E
03AE
009C
02A8
03AF
0002
00E5
03B0
03B1
0006
00E7
03B2
01E6
028B
00EA
0363
028D
03B3
0342
0010
001D
0012
0014
0014
001F
0014
0014
0014
0014
0014
0014
0026
02CC
001E
0027
0014
016C
0014
0002
0014
0002
0014
0014
0010
0024
0022
001E
0014
0018
0014
0002
0014
0002
0002
0014
0024
001E
0020
0023
0021
001B
0014
0014
0002
0014
0014
0014
0022
0022
0022
001F
0014
0022
0014
0002
0014
0014
0002
0014
0021
03B4
0015
0023
0014
03B5
0014
0002
0014
0002
0014
0014
0024
001A
0010
0019
0014
0016
0014
0014
0014
0014
0014
0002
0018
001E
0010
0026
0014
0023
0014
0014
0014
0014
0014
0014
0027
002F
0012
0014
0014
0345
0014
0014
0014
0014
0014
0014
0026
002A
0012
0013
0014
0031
0014
0014
0014
0014
0014
0014
0019
00AB
0010
0013
0014
002E
0014
0014
0014
0014
0014
0014
0023
01EF
0016
0014
0014
0031
0002
0014
0002
0014
0014
0002
01B2
0033
03B6
0035
0014
0014
03B7
03B8
03B9
03BA
003B
00B0
03BB
003E
0002
0014
00B3
03BC
03BD
03BE
02E3
03BF
0140
0251
0047
0014
0037
01F9
03C0
03C1
0193
01BF
004F
012D
010A
0052
03C2
017B
03C3
017D
0201
0058
03C4
0062
0051
0014
0297
0298
03C5
024B
005F
02DA
02DB
00FB
0063
0014
0181
03C6
03C7
03C8
03C9
00CA
006A
01D5
00B2
0014
019D
03CA
03CB
03CC
0250
00D0
0074
0075
0076
0014
012B
03CD
0386
0279
011F
006D
018E
007E
0014
0014
00D6
03CE
03CF
03D0
00D8
0085
03D1
0087
0088
0014
0089
03D2
008B
03D3
008D
008E
03D4
0090
0036
0014
0213
03D5
03D6
03D7
02B8
0096
03D8
015E
0014
0014
009A
03D9
03DA
03DB
03DC
0002
0003
03DD
0005
0006
0007
03DE
02C9
03DF
021C
01E8
03E0
000E
03E1
0026
00EE
001A
0013
0014
01A9
0014
0002
0002
0014
0014
0014
0016
0017
0018
0019
0014
001A
0002
0014
0014
0014
0002
0002
001B
001C
001D
001E
001F
0016
0002
0002
0002
0002
0002
0014
001B
001E
0016
001F
0014
0010
0002
0014
0014
0014
0014
0014
0015
001B
0012
0023
0014
0012
0014
0002
0002
0014
0002
0014
001D
001C
0022
0027
0014
0016
0014
0002
0014
0014
0014
0014
0016
00A9
0016
0023
0025
0016
0014
0014
0002
0014
0002
0002
0012
0012
0018
0027
0014
001A
0002
0014
0002
0014
0014
0002
0027
03E2
00F0
0027
0014
0029
0002
0014
0014
0014
0014
0014
0026
01A8
0022
0026
0013
00A8
0014
0002
0014
0014
0014
0002
0026
01A8
002D
0027
0014
002E
0014
0014
0014
0002
0014
0002
0019
00A7
0030
0019
0014
002E
0014
0014
0014
0014
0014
0002
0032
00F3
0220
00F5
0036
0014
0037
0038
03E3
03E4
0223
003C
003D
00FB
00B2
0014
0262
0040
0041
0042
0043
0044
0045
0046
0179
0048
01DF
03E5
004B
004C
0106
004E
0108
0050
0051
0014
0053
0302
0367
03E6
00BA
0033
0059
005A
00B2
0014
0229
022A
03E7
032D
03E8
0060
0061
0062
0099
0014
00C6
026F
0066
03E9
0068
0069
006A
006B
006C
006D
006E
03EA
0231
03EB
029D
0073
00D1
011A
018A
0014
014C
018B
03A4
007A
0157
007C
027A
03EC
007F
0014
0159
0081
03ED
0192
0084
00B0
0086
0189
00DF
0052
02A2
008A
03EE
03A9
01B2
0102
008F
012D
0036
0014
02A3
0092
033B
03AC
00DC
0102
0097
0098
0099
0014
02EC
00E1
009C
0289
03EF
0002
03F0
023E
03F1
0006
0007
0139
0009
000A
000B
03F2
03F3
000E
000F
0010
001B
0012
0013
0014
001E
0014
0014
0002
0014
0014
0014
0016
001B
0018
0027
0014
001A
0002
0014
0014
0014
0014
0002
001B
0024
0016
001E
0019
0010
0002
0002
0014
0002
0002
0014
0024
001E
0016
001F
0014
0010
0002
0014
0014
0014
0014
0014
0022
0024
0022
001F
0014
0022
0014
0002
0002
0014
0002
0014
001D
001C
0018
0027
0014
0016
0014
0002
0014
0014
0014
0014
0024
001A
0010
0023
0014
0016
0014
0014
0002
0014
0002
0002
0018
001E
0010
0026
0014
0023
0014
0014
0014
0014
0014
0014
0027
0028
0012
0027
0014
00F1
0014
0014
0014
0014
0014
0014
0026
002A
0018
0026
0013
002B
0014
0014
0014
0014
0014
0002
0019
00AB
0010
0014
0014
002E
0014
0014
0014
0002
0014
0002
0023
03F4
0022
0014
0014
0031
0002
0014
0002
0014
0014
0002
01FE
0033
02F6
01F6
0036
0014
00AD
03F5
02F7
03F6
03F7
003C
003D
003E
0099
0014
00B3
01B8
03F8
03F9
0043
02B4
0140
0309
0047
0102
0037
004A
03FA
03FB
03FC
01FD
004F
0050
0076
0014
0053
01C0
03FD
03FE
01D9
0058
0059
0062
0051
0014
03FF
0400
005D
0180
03E8
014D
0061
00FB
0099
0014
0181
03C6
0330
0401
03C9
00CA
029B
0115
006C
0014
0116
0402
0186
0403
0250
0073
0306
0075
0076
0014
036A
0404
0079
0279
026D
007C
0405
007E
007F
0014
0106
00D7
0406
03D0
0043
0085
027E
0087
0088
0052
0283
0196
008B
03D3
012B
008E
02C3
0090
0014
0014
0283
03AB
03D6
0407
02B8
0096
0408
02E2
0014
0014
009A
03AE
0409
040A
0001
0002
0003
02EE
00E6
0006
00E7
0165
02C9
040B
040C
000C
00EB
040D
040E
0026
016A
001E
0014
0014
00AA
0014
0002
0002
0014
0014
0014
0026
016B
0012
0019
0014
016C
0002
0002
0014
0002
0002
0014
0024
001C
001D
001E
001F
0016
0014
0002
0002
0002
0014
0014
001B
001E
0020
0023
0021
001B
0002
0014
0002
0014
0014
0014
0018
001B
0012
0023
0014
0012
0014
0002
0014
0014
0002
0014
0021
001C
0022
0023
0014
0018
0014
0002
0014
0002
0014
0014
0016
00A9
0016
0021
0025
0018
0014
0014
0002
0014
0002
0002
0018
0012
0018
0027
0014
001A
0002
0014
0002
0014
0014
0002
0027
040F
00F0
0014
0014
01EE
0002
0014
0014
0014
0014
0014
0026
002C
0022
0027
0014
002E
0014
0002
0014
0014
0014
0014
0026
002C
002D
0027
0014
002E
0014
0014
0014
0014
0014
0014
0026
002F
0030
0019
0014
002E
0014
0014
0014
0014
0014
0002
03FF
00F3
0410
0035
0014
0014
00F6
013F
0411
0412
0413
00B0
0175
02D7
0002
0014
0414
0415
02D3
0416
0100
0044
0045
0046
0179
0048
01DF
0417
004B
004C
00CB
004E
0418
01BF
0051
0052
01FE
0248
01C1
0419
041A
003C
00D1
005A
0002
0014
0229
026D
041B
032D
005F
0060
0061
0062
0063
0014
041C
026F
0113
0067
0068
0069
006A
006B
0002
006D
00CB
006F
0231
0071
0047
00D0
0074
030D
007F
0014
014C
018B
041D
007A
007B
007C
018E
041E
0014
0014
0080
0081
0191
041F
00D8
0102
02A1
0420
00DF
0014
0089
00DA
0421
0422
0423
01DA
00DB
0424
0036
0014
0425
0284
0426
0427
00DC
00B0
00DD
0098
0099
0014
02EC
0392
0361
009D
0362
0002
00E5
0004
02C8
0006
00E7
0139
02C9
028B
021C
000C
000D
0428
000F
0010
001D
001A
0013
0014
0015
0014
0002
0002
0014
0014
0014
0026
02CD
0429
0019
0014
016C
0002
0014
0014
0014
0002
0002
001B
001C
001D
001E
001F
0016
0002
0002
0014
0002
0002
0014
001B
001E
0016
001F
0014
001B
0002
0014
0014
0014
0014
0014
0015
001B
0012
001F
0014
0022
0014
0002
0002
0014
0002
0014
001D
001C
0022
0019
0014
0016
0014
0002
0014
0014
0014
0014
0024
001A
0010
0023
0014
0016
0014
0014
0014
0014
0014
0002
0018
0012
0010
0026
0014
001A
0002
0014
0014
0014
0014
0002
0027
02D0
00EF
0027
0014
00AA
0002
0014
0014
0014
0014
0014
0027
01AE
0022
0027
0014
01B1
0014
0014
0014
0014
0014
0014
0026
01B0
002D
0027
0014
01B1
0014
0014
0014
0002
0014
0014
0026
042A
0030
0019
0014
01B1
0014
0014
0014
0014
0014
0014
01B2
0033
02F6
00F5
0036
0014
042B
0038
02F7
042C
042D
0102
02D1
042E
0002
0014
003F
042F
0430
0431
01B9
0044
0140
0046
0179
0048
0037
0295
0432
0265
00AC
0433
004F
01BF
0051
0014
0116
0226
0434
0435
00BA
02D6
0059
02D7
0051
0014
0229
022A
02D8
02D9
03E8
008E
0061
0062
0099
0014
0171
0065
02DD
0308
0272
02DF
0047
0115
006C
0014
01D9
0230
0186
02E0
0436
00D0
0232
0189
0076
0014
02E3
018B
02E4
02E5
0437
006D
02E7
02E8
007F
0014
0106
0081
0082
02E9
00D8
0389
0438
0087
00DF
0014
0121
0439
043A
038E
0032
01DA
043B
0090
0036
0014
035F
0284
043C
031B
02EB
0096
043D
0098
0099
0014
02EC
043E
043F
009D
0001
0002
009F
02AA
0005
0006
0007
01E5
0009
00E9
00EA
02AC
02AD
000E
0440
0026
00EE
0012
0014
0014
00A8
0014
0002
0002
0014
0014
0014
0016
0017
0021
0014
0014
001A
0002
0002
0014
0002
0014
0014
0020
0024
0016
001E
0014
0022
0014
0002
0002
0002
0002
0014
0024
0023
0020
0023
0021
0010
0014
0014
0002
0014
0014
0014
0022
0024
0022
0019
0014
001E
0014
0014
0014
0014
0002
0014
0022
001C
001E
0023
0014
0018
0014
0002
0014
0002
0014
0014
0010
00A9
0016
0019
0025
0019
0014
0014
0002
0014
0002
0002
0018
001E
0018
0027
0014
0023
0014
0014
0002
0014
0014
0002
0027
0028
0016
0014
0014
016C
0002
0014
0014
0014
0014
0014
0026
02AF
0022
0026
0013
002B
0014
0002
0014
0014
0014
0002
0019
002C
0010
0013
0014
002E
0014
0014
0014
0014
0014
0002
0023
00A7
0016
0014
0014
0031
0002
0014
0002
0014
0014
0002
0032
00F3
0441
0035
0014
0014
00AD
0290
0442
0412
003B
003C
003D
0443
0014
0014
02B3
0040
0041
0042
0043
0058
0045
0101
0047
0014
02B5
004A
0444
0445
004D
004E
007F
0050
007F
0052
00BB
0054
0367
0056
00BE
0058
00D1
005A
00B2
0014
0297
0298
00C2
0180
005F
0060
0061
0446
0063
0014
0064
0112
0447
0448
0068
0069
006A
006B
018A
006D
006E
006F
0449
0071
0072
0073
0074
0075
018A
0014
0154
0078
0079
00D3
011F
007C
007D
044A
0014
0014
0080
00D7
02BF
0192
0124
0085
0086
0126
0088
0052
0091
008A
02C1
0422
0154
008E
008F
012D
0036
0014
0091
02A4
044B
0427
0214
0085
0097
015E
0014
0014
009A
02A6
015F
033E
044C
0002
044D
044E
044F
0450
0007
0008
0451
00A3
000B
0452
000D
000E
0342
0010
001B
0012
0014
0014
0015
0014
0002
0002
0014
0014
0014
0026
0453
0012
0019
0014
002E
0002
0014
0014
0014
0014
0002
001B
001D
0016
001E
0019
0016
0014
0014
0002
0002
0002
0014
001B
001E
0020
001F
0014
001B
0002
0014
0014
0014
0014
0014
0022
0024
0022
001F
0014
0022
0014
0002
0014
0014
0002
0014
0018
001C
0018
0019
0014
0016
0014
0002
0014
0014
0014
0014
0024
00A9
0010
0026
0014
0019
0014
0014
0002
0014
0002
0002
0018
001E
0010
0013
0014
00A9
0014
0014
0014
0014
0014
0014
0027
002F
0012
0014
0014
01AF
0014
0014
0014
0014
0014
0014
0026
002A
0022
0027
0014
0031
0014
0014
0014
0014
0014
0014
0019
00AB
0022
0027
0014
002E
0014
0014
0014
0002
0014
0014
0023
01AE
0022
0027
0014
0031
0002
0014
0002
0014
0014
0014
01B2
0033
02F6
003C
0014
0014
00AD
0454
02F7
03F6
00F9
00B0
0455
003E
0002
0014
00B3
0456
0457
0458
01B9
0044
0140
0046
0047
0102
0037
0459
039D
045A
0106
0433
004F
012D
0076
0014
008E
045B
045C
045D
0384
0296
0059
02D7
0051
0014
005B
045E
045F
0460
004D
0085
0061
0098
0099
0014
00AD
0461
0462
0463
03C9
00CA
006A
0115
018A
0014
0116
0464
0465
0466
0467
00D0
0074
011A
007F
0014
0468
0469
046A
046B
014A
007C
018E
007E
0014
0014
00D6
046C
03CF
046D
00BA
015C
046E
0087
00DF
0014
0237
046F
008B
0470
0471
008E
0472
0090
0036
0014
0473
0474
03D6
0475
02B8
0096
0476
0098
00DF
0014
012E
0477
0478
0479
0001
0002
0003
03DD
0005
0006
00E7
047A
0009
047B
047C
000C
047D
02CA
03E1
0026
016A
001E
0013
0014
00A8
0014
0002
0002
0014
0014
0014
0016
0017
0018
0014
0014
001A
0014
0002
0014
0002
0002
0014
0020
001C
001D
001E
001F
0022
0002
0002
0014
0002
0014
0014
0024
001A
0016
00A9
0021
0010
0002
0014
0002
0014
0014
0014
0018
001B
0012
0023
0014
0015
0014
0002
0002
0014
0002
0014
001D
001C
0022
0023
0014
0018
0014
0002
0014
0002
0014
0014
0016
001A
0016
0023
0025
0016
0014
0014
0002
0014
0002
0002
0012
0012
0018
0026
0014
001A
0002
0014
0002
0014
0014
0002
0013
03E2
00F0
0027
0014
0029
0002
0014
0014
0014
0014
0014
0026
01A8
0022
0026
0013
00A8
0014
0002
0014
0014
0014
0002
0026
002C
002D
0013
0014
002E
0014
0014
0014
0014
0014
0002
0026
002F
0030
0019
0014
002E
0014
0014
0014
0014
0014
0002
0145
00F3
0410
0035
0036
0014
0103
047E
0411
047F
00AF
003C
003D
00FB
0014
0014
0262
0480
0041
0481
0043
0058
0045
0101
0179
0048
02B5
0142
0482
004C
0193
004E
0418
0050
0051
0052
0116
0483
01C1
0227
00BE
0058
00D1
005A
0002
0014
0203
026D
00C2
005E
005F
0060
0061
0062
0063
0014
0064
0484
0066
0485
0068
0069
006A
006B
006C
006D
00CB
03EA
0070
03EB
0072
0073
00D1
0075
0076
0014
0077
0078
0079
007A
0157
007C
027A
03EC
007F
0014
0159
0081
0191
041F
00D8
0085
0086
0420
0088
0052
0089
00DA
0486
0487
0032
0048
008F
0488
0036
0014
0091
0092
0426
0489
00DC
00B0
0097
00C4
0099
0014
009A
00E1
009C
048A
048B
0002
00E5
0004
00A1
0006
00E7
0008
02C9
000A
000B
048C
000D
00EC
0342
0010
001D
001A
0014
0014
001A
0014
0002
0002
0014
0014
0014
0016
0010
0012
0027
0014
001F
0002
0014
0014
0014
0002
0002
001B
0010
001D
001E
001F
0016
0014
0002
0014
0002
0002
0014
0016
001E
0016
001F
0014
0010
0002
0014
0014
0014
0014
0014
001E
001B
001E
001F
0014
0022
0014
0002
0014
0014
0002
0014
001D
001C
0022
0027
0014
001A
0014
0002
0014
0014
0014
0014
0024
001A
0010
0021
0014
0018
0014
0014
0014
0014
0014
0002
0018
001E
0010
0027
0014
00A9
0014
0014
0014
0014
0014
0002
0027
00EF
048D
0014
0014
00F1
0014
0014
0014
0014
0014
0014
0026
025B
016D
0026
0013
01AF
0014
0014
0014
0014
0014
0014
0019
01B0
0010
0027
0014
01B1
0014
0014
0014
0002
0014
0014
0019
002F
0022
0019
0014
002E
0014
0014
0014
0014
0014
0014
0184
0033
0061
00F5
0014
0014
01B4
0038
048E
048F
003B
003C
0153
003E
0002
0014
0490
0491
0492
0493
004D
0044
0494
0101
0179
00B0
00F6
0295
0495
0496
005B
0497
004F
0109
0051
0014
0498
01C0
0499
045D
0353
017E
00D1
02D7
0051
0014
005B
005C
049A
02D9
014C
0060
0377
0062
00C5
0014
0221
049B
049C
049D
0272
0273
004F
049E
018A
0014
01D9
049F
04A0
04A1
0277
0073
0232
04A2
018A
0014
0106
030E
02E4
04A3
0234
007C
0158
04A4
0014
0014
0106
0081
04A5
035E
00D8
00B0
04A6
04A7
00DF
0052
0121
0439
043A
038E
0423
00B0
04A8
0090
0036
0014
0199
01DC
04A9
0407
0338
0096
04AA
0098
0099
0014
02EC
02ED
04AB
04AC
0001
0002
009F
01E4
00E6
0006
0007
04AD
0009
04AE
04AF
01E8
04B0
000E
03E1
0026
00EE
0012
0013
0014
00AA
0014
0002
0014
0014
0014
0014
0026
04B1
0018
0019
0014
00A8
0002
0002
0014
0002
0014
0014
0022
001C
0010
001E
0026
0022
0002
0002
0002
0002
0014
0014
001B
00A9
0020
0023
0021
001B
0002
0014
0002
0014
0014
0014
0022
0024
0022
0019
0014
0012
0014
0002
0002
0014
0002
0014
0026
04B2
001A
0023
0014
04B3
0014
0002
0014
0002
0014
0014
0010
00A9
0016
0023
0025
0016
0014
0014
0002
0014
0002
0014
0014
048D
04B4
0026
0014
04B5
0002
0014
0002
0014
0014
0002
0014
01ED
0016
0027
0014
01EE
0002
0014
0014
0014
0014
0014
0026
02AF
0022
0013
0014
0324
0014
0002
0014
0014
0014
0002
0019
01A8
002D
0013
0014
002E
0014
0014
0014
0014
0014
0002
0023
002C
0030
0014
0014
0031
0002
0014
0002
0014
0014
0002
0032
00F3
0441
0035
0036
0014
0103
0290
0442
047F
01B2
00B0
01F3
0228
0036
0014
003F
0040
04B6
0042
01B9
0058
0045
0046
0047
0048
0049
004A
004B
00B9
004D
004E
0063
0050
007F
0052
010B
0302
04B7
04B8
0057
0058
0059
005A
00B2
0014
0203
0204
005D
0180
0032
0085
04B9
04BA
0063
0014
0064
0065
04BB
04BC
0068
0069
006A
006B
006C
006D
006E
006F
0151
03EB
029D
0014
04BD
04BE
0076
0014
0154
0078
0079
007A
007B
0014
018E
02BE
007F
0014
0080
0252
0191
041F
0084
0085
0211
0189
0088
0014
0091
008A
04BF
03A9
0154
008E
04C0
012D
0036
0014
0091
0092
04C1
03AC
0095
0085
04C2
015E
0014
0014
009A
009B
015F
04C3
0217
0002
0162
0004
00A1
0450
0007
0008
04C4
000A
000B
048C
000D
000E
0342
0010
001D
0015
0014
0014
0015
0014
0002
0002
0014
0014
0014
0016
01AA
0012
0019
0014
001A
0002
0014
0014
0014
0014
0002
001B
0010
001D
0019
0019
0016
0014
0014
0014
0002
0002
0014
001B
001E
0022
001F
0014
0010
0002
0014
0014
0014
0014
0014
001E
0024
001E
001F
0014
0022
0014
0002
0014
0014
0002
0014
001D
001C
0022
0027
0014
0016
0014
0002
0014
0014
0014
0014
0024
00A9
0010
0021
0014
0018
0014
0014
0014
0014
0014
0002
0018
001E
0010
0027
0014
00A9
0014
0014
0014
0014
0014
0014
0027
00EF
048D
0014
0014
00F1
0014
0014
0014
0014
0014
0014
0026
025B
016D
0026
0013
01AF
0014
0014
0014
0014
0014
0014
0019
01B0
0010
0027
0014
01B1
0014
0014
0014
0002
0014
0014
0019
00AB
0022
0019
0014
002E
0014
0014
0014
0014
0014
0014
0184
0033
02F6
003C
0014
0014
01B4
0454
02F7
04C5
00F9
003C
04C6
003E
0002
0014
04C7
04C8
04C9
04CA
0043
0044
0140
0046
0002
0102
0037
01BC
02D4
04CB
0266
0433
004F
0109
0076
0014
0498
04CC
0434
045D
0384
02B2
0059
02D7
0051
0014
005B
045E
02D8
04CD
004D
0060
0061
0062
0099
0014
0221
04CE
02DD
049D
0359
0273
04CF
0115
018A
0014
0384
049F
030A
04A1
0277
0073
0232
0189
018A
0014
042D
04D0
04D1
04A3
0234
007C
0158
04A4
0014
0014
00D6
01D1
04A5
04D2
0084
00B0
04A6
04A7
00DF
0052
04D3
0128
043A
038E
01D9
00B0
04A8
0090
0036
0014
04D3
04D4
04D5
04D6
0338
0096
04AA
0098
0099
0014
04D7
04D8
04D9
04DA
0001
0002
0003
02AA
00E6
0006
00E7
04AD
0009
04DB
040C
01E8
04DC
013B
03E1
0026
016A
0012
0013
0014
00A8
0014
0002
0014
0014
0014
0014
0026
01EA
0018
0014
0014
00A8
0014
0002
0014
0002
0002
0014
0020
001C
0010
001E
001F
0022
0002
0002
0002
0002
0014
0014
0024
001A
0020
00A9
0021
001B
0014
0014
0002
0014
0014
0014
0022
001B
0022
0023
0014
001E
0014
0002
0002
0014
0002
0014
0026
03B4
001F
0023
0014
03B5
0014
0002
0014
0002
0014
0014
0016
001A
0016
0023
0025
0016
0014
0014
0002
0014
0002
0002
0014
048D
04B4
0026
0014
04B5
0002
0014
0002
0014
0014
0002
0014
01ED
0016
0027
0014
01EE
0002
0014
0014
0014
0014
0014
0026
02AF
0022
0013
0014
0324
0014
0002
0014
0014
0014
0002
0019
01A8
002D
0013
0014
002E
0014
0014
0014
0014
0014
0002
0023
002F
0030
0014
0014
0031
0002
0014
0002
0014
0014
0002
0145
00F3
0410
0035
0036
0014
0103
013F
0411
047F
00AF
00B0
04DD
0058
0014
0014
0262
04DE
04DF
04E0
01B9
0058
0045
0141
0047
0048
02B5
0142
04E1
04E2
0193
004E
0418
0050
0051
0052
0116
0248
04E3
04E4
0201
0058
00BF
005A
0002
0014
0203
014A
00C2
005E
005F
0085
02DB
00DE
0063
0014
0064
026F
04E5
04E6
0068
0069
006A
006B
006C
006D
006E
006F
0070
03EB
029D
0014
04BD
04BE
0076
0014
0077
0078
0079
007A
007B
0014
018E
02BE
007F
0014
0159
020F
0191
041F
00D8
0085
0211
0420
0088
0014
0089
015D
04E7
0487
008D
008E
0212
012D
0036
0014
0091
0092
0426
04E8
0095
0085
0215
015E
0014
0014
009A
009B
015F
04E9
01A2
0002
0162
0004
01A3
0006
0007
01A4
0166
021B
000B
04EA
04EB
000E
025A
0019
01A8
001A
0014
0014
01A9
0014
0002
0002
0014
0014
0014
0016
01AA
0018
0019
0014
001A
0002
0014
0014
0002
0002
0002
001B
0024
001D
001E
001F
0016
0014
0002
0014
0002
0002
0014
001B
001E
0016
001F
0014
0010
0002
0014
0014
0014
0014
0014
0019
001B
001A
0023
0014
0012
0014
0002
0002
0014
0002
0014
001D
001C
0022
0023
0014
0016
0014
0002
0014
0014
0014
0014
0024
001A
0010
0021
0014
0018
0014
0014
0014
0014
0014
0002
0018
0012
0010
0027
0014
001A
0002
0014
0014
0014
0014
0002
0027
03E2
00EF
0027
0014
0029
0002
0014
0014
0014
0014
0014
0026
01AE
0022
0027
0014
00A8
0014
0014
0014
0014
0014
0014
0026
01B0
002D
0027
0014
002E
0014
0014
0014
0002
0014
0014
0023
00A7
0030
0019
0014
0031
0014
0014
0014
0014
0014
0014
01B2
00F3
0220
00F5
0014
0014
0221
0038
01B5
01B6
0174
003C
01B7
00FB
0002
0014
0490
01B8
0041
0042
02FE
0044
04EC
0046
0047
0048
00F6
01BC
04ED
04EE
0106
004E
0108
01BF
0051
0014
0053
01C0
01C1
0056
00BA
00F3
0059
0228
0099
0014
005B
005C
04EF
04F0
004D
0060
01C6
0062
0063
0014
00AD
01C8
04F1
049D
00C9
01CB
006A
006B
018A
0014
0184
01CC
0186
02E0
0072
0073
0074
0189
018A
0014
02E3
018B
01CE
011E
01CF
007C
007D
04F2
007F
0014
0106
01D1
01D2
01D3
0084
0085
027E
01D5
00DF
0014
01D6
0196
01D7
0197
012B
0048
01DB
012D
0036
0014
01D6
01DC
01DD
01DE
0095
0085
01E0
0098
0099
0014
012E
03AE
036E
01E2
01E3
0002
009F
01E4
0005
0006
00E7
01E5
0009
04F3
013A
000C
00A6
04F4
000F
0010
0011
0012
0013
0014
00A9
0014
0002
0014
0014
0014
0014
0026
01EA
001E
0027
0014
002E
0014
0002
0014
0014
0014
0014
001F
04B2
0022
0027
0014
00EF
0002
0002
0002
0002
0014
0014
0024
001E
0020
0027
0021
001B
0014
0014
0002
0014
0014
0014
0022
0016
0022
001F
0014
0022
0014
0002
0014
0014
0002
0014
0021
01EC
001E
0019
0014
002B
0014
0002
0014
0002
0014
0014
0010
00A9
0016
0023
0025
0016
0014
0014
0002
0014
0002
0002
0012
001E
0018
0026
0014
0023
0014
0014
0002
0014
0014
0002
0014
01ED
0016
0014
0014
04F5
0014
0014
0014
0014
0014
0014
0026
002A
0022
0026
0013
0031
0014
0002
0014
0014
0014
0002
0019
002C
0010
0013
0014
002E
0014
0014
0014
0014
0014
0002
0019
01EF
0016
0014
0014
002E
0002
0014
0002
0014
0014
0002
0145
0033
034A
0035
0036
0014
0103
04F6
01F1
01F2
00AF
00B0
01F3
003E
0099
0014
003F
00B4
01F4
01F5
0043
02D6
04F7
0062
00C5
0014
0049
01F9
04F8
04F9
0193
0107
004F
0050
0099
0052
01FE
0147
0351
0352
022E
0058
0346
005A
0051
0014
0203
037F
04FA
04FB
005F
0085
04FC
00FB
00C5
0014
0064
0065
04FD
04FE
00C6
0069
006A
0189
006C
006D
029C
020B
0151
0071
020D
0251
00D1
0075
0076
0014
0154
0078
00D2
00D3
00D4
0014
020E
007E
0014
0014
0080
020F
0210
0083
00D8
015C
0211
0087
0088
0052
0089
04FF
008B
008C
0032
008E
0212
0090
0036
0014
0213
0092
0093
0094
0184
0096
0215
015E
0014
0014
009A
00E1
015F
0216
01A2
0002
00E5
0004
01A3
0006
0007
01A4
0166
021B
000B
048C
0500
000E
00ED
0019
01A8
001A
0014
0014
01A9
0014
0002
0002
0014
0014
0014
0016
01AA
0018
0019
0014
001A
0002
0014
0014
0014
0014
0002
001B
0022
001D
00A9
001F
0016
0014
0014
0014
0002
0002
0014
001B
001E
0016
001F
0014
0010
0002
0014
0014
0014
0014
0014
0019
0501
00A9
0023
0014
0502
0014
0002
0002
0014
0002
0014
001D
001C
0022
0023
0014
0016
0014
0002
0014
0014
0014
0014
0024
001A
0010
0021
0014
0018
0014
0014
0014
0014
0014
0002
0018
0012
0010
0027
0014
001A
0002
0014
0014
0014
0014
0014
0027
01AC
00EF
0027
0014
01AD
0002
0014
0014
0014
0014
0014
0026
01AE
0022
0027
0014
01AF
0014
0014
0014
0014
0014
0014
0026
01B0
002D
0027
0014
01B1
0014
0014
0014
0002
0014
0014
0019
00A7
0030
0019
0014
002E
0014
0014
0014
0014
0014
0014
01B2
00F3
01B3
003C
0014
0014
01B4
0038
0503
01B6
00F9
003C
01B7
00FB
0002
0014
0490
01B8
0041
0042
01B9
0044
01BA
0046
01BB
0048
00F6
01BC
0504
01BE
0106
004E
0108
01BF
0051
0014
0053
01C0
01C1
0056
00BA
008E
0505
01C3
0099
0014
005B
005C
0506
0507
004D
0060
01C6
0062
0063
0014
00AD
01C8
0508
049D
00C9
01CB
006A
006B
018A
0014
0184
01CC
0186
02E0
0072
0073
0074
0189
018A
0014
014C
018B
01CE
011E
01CF
007C
007D
01D0
007F
0014
0106
01D1
01D2
01D3
0084
00B0
01D4
01D5
00DF
0014
01D6
0128
01D7
01D8
01D9
01DA
01DB
012D
0036
0014
01D6
01DC
01DD
01DE
01DF
00B0
01E0
0098
0099
0014
012E
01E1
036E
01E2
01E3
0002
009F
01E4
0005
0006
00E7
01E5
01E6
0509
013A
01E8
01E9
013B
000F
0010
0011
0012
0013
0014
001F
0014
0002
0014
0014
0014
0014
0026
01EA
001E
0014
0014
00A8
0014
0002
0014
0002
0002
0014
00A9
01EB
0022
001E
0014
01AC
0002
0002
0002
0002
0014
0014
0024
001E
0020
0023
0021
001B
0014
0014
0002
0014
0014
0014
0022
0016
0022
001F
0014
0022
0014
0002
0014
0014
0002
0014
0021
01EC
001A
0019
0014
0031
0014
0002
0014
0002
0014
0014
0010
00A9
0016
0023
0025
0016
0014
0014
0002
0014
0002
0002
0018
001E
0018
0026
0014
0023
0014
0014
0002
0014
0014
0002
0014
01ED
0016
0014
0014
01EE
0002
0014
0014
0014
0014
0014
0026
002A
0022
0026
0013
0031
0014
0002
0014
0014
0014
0002
0019
002C
0010
0013
0014
002E
0014
0014
0014
0014
0014
0002
0023
01EF
0016
0014
0014
0031
0002
0014
0002
0014
0014
0002
0145
0033
034A
0035
0036
0014
0103
00AE
01F1
01F2
00AF
00B0
01F3
003E
0014
0014
003F
00B4
01F4
01F5
0043
01F6
01F7
01F8
0047
0014
0049
01F9
050A
01FB
01FC
0107
004F
0050
007F
0052
01FE
0147
0351
0352
0201
0058
0346
005A
0051
0014
0203
0204
04FA
04FB
005F
0085
0207
00FB
00DF
0014
0064
0065
0208
0209
0089
0069
006A
0189
006C
006D
00CB
020B
0151
0071
020D
00D0
00D1
0075
0076
0014
0154
0078
00D2
00D3
00D4
0014
020E
007E
0014
0014
0080
020F
0210
0083
00D8
0085
0211
0087
0088
0052
0089
015D
008B
008C
008D
008E
0212
0090
0036
0014
0213
0092
0093
0094
0214
0096
050B
015E
0014
0014
009A
009B
015F
0216
0217
0002
0162
0004
01A3
0450
0007
01A4
021A
050C
000B
04EA
050D
000E
021F
0019
02AF
0015
0014
0014
01A9
0014
0002
0002
0014
0014
0014
0016
01AA
0018
0019
0014
001A
0002
0014
0014
0014
0002
0002
001B
0010
001D
001E
001F
0016
0014
0014
0002
0002
0002
0014
001B
001E
0016
001F
0014
0010
0002
0014
0014
0014
0014
0014
0019
001B
001E
0023
0014
0012
0014
0002
0002
0014
0002
0014
001D
001C
0022
0027
0014
0016
0014
0002
0014
0014
0014
0014
0024
00A9
0010
0021
0014
0018
0014
0014
0002
0014
0002
0002
0018
0012
0010
0027
0014
001A
0002
0014
0014
0014
0014
0002
0027
01AC
048D
0027
0014
01AD
0002
0014
0014
0014
0014
0014
0026
01AE
0022
0027
0014
01AF
0014
0014
0014
0014
0014
0014
0019
01B0
0022
0027
0014
01B1
0014
0014
0014
0002
0014
0014
0019
00A7
0022
0019
0014
002E
0014
0014
0014
0014
0014
0014
01B2
00F3
050E
00F5
0014
0014
0221
0038
050F
01B6
00F9
003C
01B7
00FB
0002
0014
0490
01B8
0041
0042
01B9
0044
01BA
0046
0179
00B0
00F6
01BC
0510
0511
0266
004E
0108
0050
0051
0014
0053
01C0
01C1
0056
00BA
008E
0059
0228
0099
0014
005B
005C
0512
022C
004D
0060
022D
0062
0099
0014
00AD
022E
022F
049D
00C9
00CA
006A
006B
018A
0014
0184
0230
030A
02E0
00CF
0073
0232
0189
018A
0014
014C
018B
0513
011E
0234
007C
0235
0514
007F
0014
00D6
01D1
0236
01D3
0084
00B0
01D4
01D5
00DF
0014
0237
0238
01D7
01D8
01D9
00B0
0239
012D
0036
0014
01D6
01DC
01DD
01DE
023A
00B0
01E0
0098
0099
0014
012E
01E1
036E
01E2
0001
0002
009F
023B
0005
0006
00E7
01E5
01E6
023C
023D
000C
03DD
013B
000F
0010
0011
0012
0013
0014
001F
0014
0002
0014
0014
0014
0014
0026
01EA
001E
0014
0014
00A8
0014
0002
0014
0002
0014
0014
00A9
01EB
0022
001E
0026
02CE
0002
0002
0014
0002
0014
0014
0024
001E
0020
0023
0021
001B
0014
0014
0002
0014
0014
0014
0022
0016
0022
001F
0014
0022
0014
0002
0014
0014
0002
0014
0026
01EC
001A
0023
0014
0240
0014
0002
0014
0002
0014
0014
0018
001A
0016
0023
0025
0016
0014
0014
0002
0014
0002
0002
0012
001E
0018
0026
0014
0023
0014
0014
0002
0014
0014
0002
0014
01ED
0016
0014
0014
01EE
0002
0014
0014
0014
0014
0014
0026
002A
0022
0026
0013
0031
0014
0002
0014
0014
0014
0002
0019
002C
002D
0013
0014
002E
0014
0014
0014
0014
0014
0002
0023
01EF
0030
0014
0014
0031
0002
0014
0002
0014
0014
0002
0145
0033
034A
0035
0036
0014
0103
00AE
01F1
01F2
00AF
00B0
0244
003E
0014
0014
003F
00B4
01F4
01F5
0043
01F6
0245
01F8
0047
0048
0049
01F9
0515
0516
01FC
0107
004F
0146
010A
0052
01FE
0248
0351
0352
0201
0058
0346
005A
0051
0014
0203
0204
04FA
04FB
005F
0085
024C
00FB
0063
0014
0064
0065
024D
024E
0089
0069
006A
0189
006C
006D
00CB
006F
0070
0071
0250
0251
0074
0075
0076
0014
0154
0078
0079
00D3
007B
0014
018E
007E
0014
0014
0159
020F
0210
0083
00D8
0085
0211
0087
0088
0052
0089
015D
008B
008C
008D
008E
0253
0090
0036
0014
0213
0092
0093
0094
0095
0096
0254
015E
0014
0014
009A
009B
015F
0216
0001
0002
0003
0517
0164
0006
0007
04AD
0009
0518
000B
028C
0364
000E
03E1
0026
00EE
0012
0013
0014
00AA
0014
0002
0002
0014
0014
0014
0026
01EA
0018
0019
0014
00A8
0002
0002
0014
0014
0014
0014
0020
001C
0016
001E
0014
0018
0002
0002
0002
0002
0002
0014
001B
00A9
0020
0026
0014
001B
0002
0014
0002
0014
0014
0014
0022
0024
0022
0019
0014
0012
0014
0002
0002
0014
0002
0014
0021
001B
0018
0023
0014
0016
0014
0002
0014
0002
0014
0014
0022
00A9
0016
0023
0025
0016
0014
0014
0002
0014
0002
0014
0012
0012
0018
0027
0014
001A
0002
0014
0002
0014
0014
0002
0027
01ED
0016
0027
0014
01EE
0002
0014
0014
0014
0014
0014
0026
002A
0022
0013
0014
0324
0014
0002
0014
0014
0014
0002
0019
002C
0010
0013
0014
002E
0014
0014
0014
0014
0014
0002
0023
00A7
0016
0014
0014
0031
0002
0014
0002
0014
0014
0002
0032
00F3
0519
0035
0036
0014
00AD
0038
0442
01B6
00F9
00B0
051A
013E
0002
0014
0292
0040
051B
0042
01B9
0058
0045
0046
0047
0014
0049
004A
004B
04E2
004D
004E
0063
0050
0088
0014
0053
0054
051C
0056
0057
0058
0059
005A
00B2
0014
0297
005C
005D
005E
0032
0060
0061
04BA
0063
0014
0064
0065
04BB
051D
0068
0069
006A
006B
006C
006D
006E
006F
0151
03EB
029D
02E2
0074
0075
018A
0014
0077
0078
0079
007A
007B
007C
018E
02BE
007F
0014
0159
00D7
03ED
0192
0084
015C
00D9
0189
0088
0014
0091
008A
03A8
03A9
0154
008E
03AA
012D
0036
0014
0091
0092
051E
03AC
0214
0085
051F
015E
0014
0014
009A
009B
015F
04C3
048B
0002
00E5
023E
00A1
0006
00E7
0008
0520
000A
0521
000C
000D
0522
0342
0010
001D
0015
0014
0014
001F
0014
0002
0002
0014
0014
0014
0016
001D
0012
0013
0014
001A
0002
0002
0014
0002
0002
0002
001B
0024
001D
001E
001F
0016
0014
0002
0014
0002
0002
0014
0016
001E
001A
001F
0021
0010
0002
0014
0014
0014
0014
0014
0012
001B
0012
001F
0014
0022
0014
0002
0014
0014
0002
0014
001D
001C
0022
0013
0014
001A
0014
0002
0014
0014
0014
0014
0024
001A
0010
0021
0014
0019
0014
0014
0014
0014
0014
0002
0018
001E
0010
0026
0014
00A9
0014
0014
0014
0014
0014
0002
0013
00EF
00EF
0014
0014
00F1
0014
0014
0014
0014
0014
0014
0026
025B
02CE
0026
0013
00A8
0014
0014
0014
0014
0014
0014
0019
025B
002D
0027
0014
002E
0014
0014
0014
0002
0014
0014
0019
0349
0030
0019
0014
002E
0014
0014
0014
0014
0014
0014
0376
0033
0523
00F5
0014
0014
042B
0524
0525
0526
0100
003C
039C
003E
00B2
0014
0262
0527
0528
0529
004D
0044
0494
052A
0179
0048
00F6
00B8
052B
052C
052D
052E
004F
0267
0051
0052
052F
0530
0531
0532
0353
02D6
0533
02D7
0051
0014
0229
0064
0534
0535
014C
014D
0377
0062
00DF
0014
039A
0536
0537
0538
0272
0273
006A
049E
0002
0014
0384
049F
04A0
04A1
0277
0073
0232
04A2
0076
0014
042D
04D0
0539
04A3
0234
035B
0158
02E8
0014
0014
00D6
0081
053A
035E
00D8
0085
027E
053B
00DF
0052
0121
053C
053D
03D3
0423
0048
053E
0090
0036
0014
0199
01DC
053F
0407
02EB
0096
0540
0098
0099
0014
02EC
0541
0542
04AC
0001
0002
0003
02AA
00E6
0006
00E7
0543
0009
0544
013A
01E8
0545
013B
03E1
0026
00EE
001A
0013
0014
00AA
0014
0002
0002
0014
0014
0014
0026
01EA
0018
0019
0014
00A8
0002
0002
0014
0014
0014
0002
0020
001C
001D
001E
0019
0010
0002
0002
0002
0002
0014
0014
001B
001F
0020
00A9
0014
001B
0002
0014
0002
0014
0014
0014
0022
0024
0012
0023
0014
0012
0014
0002
0002
0014
0002
0014
0021
001C
0022
0023
0014
0018
0014
0002
0014
0002
0014
0014
0016
00A9
0016
0023
0025
0016
0014
0014
0002
0014
0002
0002
0014
048D
0546
0027
0014
04B5
0002
0014
0002
0014
0014
0002
0027
01ED
0016
0027
0014
01EE
0002
0014
0014
0014
0014
0014
0026
02AF
0022
0013
0014
0324
0014
0002
0014
0014
0014
0002
0019
01A8
002D
0013
0014
002E
0014
0014
0014
0014
0014
0002
0023
00A7
0030
0014
0014
0031
0002
0014
0002
0014
0014
0002
0145
00F3
0441
0035
0036
0014
0037
013F
0328
0547
0223
00B0
0548
02B4
0099
0014
003F
0040
0549
0042
01B9
0044
0045
0046
0047
0048
0049
004A
004B
004C
004D
004E
01BB
0050
0051
0014
0053
054A
054B
054C
0201
0058
00D1
005A
00B2
0014
00C0
014A
00C2
005E
005F
0060
0061
00C4
0063
0014
0064
0065
054D
00C8
0068
0069
006A
006B
006C
006D
006E
03EA
0151
03EB
029D
0014
054E
04BE
018A
0014
0077
0078
0079
007A
0157
007C
020E
02BE
007F
0014
0159
0388
03ED
054F
0084
015C
00D9
0189
0088
0014
0091
008A
03A8
0487
0154
008E
00DB
012D
0036
0014
0091
0092
051E
0489
0095
0085
00DD
015E
0014
0014
009A
009B
015F
04E9
048B
0002
0162
0004
03F1
0006
0007
0165
0550
000A
000B
048C
000D
000E
0342
0010
0020
0012
0014
0014
001E
0014
0002
0002
0014
0014
0014
0016
001B
0012
0027
0014
001A
0014
0002
0014
0002
0002
0002
001B
0024
0022
001E
001F
0016
0014
0002
0014
0002
0002
0014
0016
001E
0022
001F
0021
0010
0014
0014
0014
0014
0014
0014
001E
001B
0022
001F
0014
0022
0014
0014
0014
0014
0002
0014
001D
001C
0012
0027
0014
0016
0014
0002
0014
0014
0014
0014
0024
001A
0010
0021
0014
0019
0014
0014
0014
0014
0014
0002
0018
001E
0010
0026
0014
0023
0014
0014
0014
0014
0014
0002
0027
00EF
048D
0014
0014
00F1
0014
0014
0014
0014
0014
0014
0026
02F4
016D
0026
0013
00A8
0014
0014
0014
0014
0014
0014
0019
025B
0010
0027
0014
002E
0014
0014
0014
0002
0014
0014
0019
0349
0022
0019
0014
002E
0014
0014
0014
0014
0014
0014
0184
0033
02F6
00F5
0014
0014
035F
0551
02F7
04C5
003B
003C
0552
003E
0002
0014
0553
0554
0555
0556
0043
0058
0494
0309
0179
00B0
00F6
0557
0558
0559
005B
0433
004F
052E
0076
0052
055A
055B
0434
055C
0384
02D6
0059
02D7
0051
0014
005B
045E
045F
055D
014C
014D
0377
0062
0099
0014
055E
055F
0560
0561
0562
0273
006A
0115
018A
0014
0384
0464
0186
03CC
02FA
0073
0074
0189
0076
0014
042D
0469
0539
04A3
011F
006D
007D
04A4
0014
0014
00D6
0563
03CF
0564
00D8
0085
027E
04A7
00DF
0052
0121
0565
053D
03D3
0423
0048
053E
0090
0036
0014
0199
0566
053F
03D7
0338
0096
04AA
0098
0099
0014
0567
041A
0542
0568
01E3
0002
0003
023B
0005
0006
00E7
0569
0009
056A
056B
000C
056C
056D
000F
0010
001D
0012
0013
0014
001F
0014
0002
0014
0014
0014
0014
0026
002A
001E
0014
0014
00A8
0014
0002
0014
0002
0014
0014
0010
001C
0022
0013
001F
0012
0002
0002
0002
0002
0014
0014
0024
001E
0020
0023
0021
001B
0014
0014
0014
0014
0014
0014
0022
001B
0022
001F
0014
0022
0014
0002
0014
0014
0014
0014
0021
04B2
001A
0019
0014
016E
0014
0002
0014
0014
0014
0014
0024
001A
0010
0023
0014
0016
0014
0014
0014
0014
0014
0002
0018
001E
0010
0026
0014
0023
0014
0014
0002
0014
0014
0002
0014
002F
0018
0014
0014
00AA
0002
0014
0014
0014
0014
0014
0026
002A
0022
0026
0013
0031
0014
0014
0014
0014
0014
0002
0019
00AB
002D
0013
0014
002E
0014
0014
0014
0014
0014
0002
0019
002F
0030
0014
0014
002E
0002
0014
0002
0014
0014
0002
00C0
0033
03B6
013E
0036
0014
0103
056E
056F
0570
00AF
00B0
0244
003E
0014
0014
003F
00B4
01F4
01F5
0043
00F5
0045
01F8
00B2
0048
0049
01F9
0571
0572
025C
01FD
004F
0146
010A
0052
052F
0147
03C3
0573
0376
0058
0574
005A
0051
0014
0203
041C
0575
0576
03E8
01DA
0577
00FB
00DF
0014
0064
0065
04E5
0578
0383
00CA
006A
01D5
006C
0014
00CB
020B
0579
0071
0250
057A
00D1
0075
0076
0014
036A
0078
0386
00D3
0157
0014
057B
007E
0014
0014
00D6
0252
0210
0083
00D8
0085
057C
0087
0088
0052
0089
057D
008B
03D3
0032
008E
057E
0090
0036
0014
0213
0092
03D6
031B
00DC
0096
03D8
015E
0014
0014
009A
00E1
057F
0216
01A2
0002
0162
0004
044F
0006
0007
03DE
0580
0581
000B
021D
04EB
000E
025A
0019
00EE
001A
0014
0014
01A9
0014
0002
0002
0014
0014
0014
0016
0017
0018
0019
0014
001A
0002
0002
0014
0014
0002
0002
001B
0024
001D
001E
0019
0016
0014
0002
0014
0002
0002
0014
001B
001E
0022
001F
0014
0010
0002
0014
0002
0014
0014
0014
0019
002F
0015
0023
0014
00EF
0014
0002
0002
0014
0002
0014
001D
001C
0022
0023
0014
0016
0014
0002
0014
0002
0014
0014
0022
00A9
0016
0021
0025
0018
0014
0014
0002
0014
0002
0002
0018
0012
0018
0027
0014
001A
0002
0014
0014
0014
0014
0002
0027
01AC
00F0
0027
0014
01AD
0002
0014
0014
0014
0014
0014
0026
002C
0022
0027
0014
00A8
0014
0002
0014
0014
0014
0014
0026
002C
0022
0027
0014
01B1
0014
0014
0014
0002
0014
0014
0023
002C
0022
0019
0014
0031
0014
0014
0014
0014
0014
0014
0032
00F3
0220
0035
0014
0014
0221
0038
0582
01B6
00F9
003C
01B7
00FB
0002
0014
00C1
01B8
0041
0042
0100
0044
0583
0046
0047
0102
00F6
01BC
0584
0585
004D
004E
0108
0050
0051
0014
0053
017B
01C1
0056
0057
008E
0586
029E
0099
0014
005B
005C
0587
0588
005F
0060
0232
0062
0063
0014
01C7
0182
0589
058A
0068
0069
006A
006B
018A
006D
0184
01CC
0231
01CD
029D
0073
0074
011A
018A
0014
014C
018B
03A4
011E
01CF
007C
007D
04F2
007F
0014
0121
0081
01D2
01D3
0084
00B0
0086
01D5
00DF
0014
01D6
008A
03EE
03A9
012B
01DA
008F
012D
0036
0014
0237
01DC
033B
03AC
02B8
0085
0097
0098
0099
0014
012E
03AE
009C
02A8
0001
0002
009F
058B
00E6
0006
00E7
0008
01E6
056A
013A
000C
056C
056D
000F
0010
01AA
0012
0013
0014
001F
0014
0002
0014
0014
0014
0014
0026
002A
001E
0014
0014
00A8
0002
0002
0014
0002
0002
0002
0010
001C
0022
001E
0019
0022
0002
0002
0002
0002
0014
0014
0024
001E
0020
0023
0021
001B
0014
0014
0002
0014
0014
0014
0022
0018
0022
001F
0014
0022
0014
0014
0014
0014
0002
0014
0021
04B2
001A
0023
0014
0429
0014
0002
0014
0002
0014
0014
0024
00A9
0010
0023
0014
0016
0014
0014
0014
0014
0014
0002
0018
001E
0010
0026
0014
0023
0014
0014
0002
0014
0014
0002
0014
01ED
0018
0014
0014
01EE
0002
0014
0014
0014
0014
0014
0026
002A
0022
0013
0014
0031
0014
0002
0014
0014
0014
0002
0019
002C
0010
0013
0014
002E
0014
0014
0014
0014
0014
0002
0019
01EF
0016
0014
0014
002E
0002
0014
0002
0014
0014
0002
011B
0033
0533
0035
0036
0014
0103
04F6
058C
058D
00AF
00B0
0244
003E
0014
0014
003F
00B4
01F4
01F5
0100
01F6
0045
01F8
0179
0102
0049
01F9
058E
058F
01D9
01FD
004F
0146
007F
0052
01FE
0147
03C3
0200
022E
0058
0202
005A
0051
0014
0203
037F
0590
024B
005F
0085
0577
00FB
0063
0014
0064
0065
0591
0578
0237
0069
006A
020A
006C
0014
00CB
020B
020C
0071
0250
00D0
00D1
0075
0076
0014
0154
0078
00D2
00D3
0157
0014
020E
007E
0014
0014
0080
020F
0210
0083
00D8
0085
0592
0087
0088
0014
0089
0593
008B
03D3
0032
008E
057E
0090
0036
0014
0213
0092
03D6
031B
0184
0096
03D8
015E
0014
0014
009A
00E1
057F
0216
0217
0002
00E5
0004
00A1
0006
0007
0594
02C9
0595
000B
021D
04EB
000E
00ED
0019
00EE
001A
0014
0014
01A9
0014
0002
0002
0014
0014
0014
0016
0017
0018
0019
0014
001A
0002
0014
0014
0014
0014
0002
001B
0020
001D
001E
001F
0016
0014
0014
0014
0002
0002
0014
001B
001E
0016
001F
0014
0010
0002
0014
0014
0014
0014
0014
0019
01AB
00A9
0023
0014
00EF
0014
0002
0002
0014
0002
0014
001D
001D
0022
0027
0014
0016
0014
0002
0014
0014
0014
0014
0016
001A
0016
0021
0025
0018
0014
0014
0002
0014
0002
0002
0012
0012
0018
0027
0014
001A
0002
0014
0014
0014
0014
0014
0027
01AC
00F0
0027
0014
01AD
0002
0014
0014
0014
0014
0014
0026
01AE
0022
0026
0013
01AF
0014
0002
0014
0014
0014
0014
0026
01AE
002D
0027
0014
01B1
0014
0014
0014
0002
0014
0014
0023
00A7
0030
0019
0014
0031
0014
0014
0014
0014
0014
0014
0032
00F3
0220
003C
0014
0014
0221
0038
0596
01B6
00F9
003C
01B7
00FB
0002
0014
00C1
01B8
0041
0042
0043
0044
01BA
0046
0047
0048
00F6
01BC
0597
04EE
0106
004E
0108
0050
0051
0014
0053
01C0
01C1
0056
00BA
008E
0598
01C3
0099
0014
005B
005C
0599
04F0
0193
0060
059A
0062
0099
0014
01C7
01C8
059B
02DE
0068
00CA
029B
006B
018A
006D
0184
01CC
0070
01CD
029D
0073
0074
0189
018A
0014
014C
018B
01CE
011E
01CF
007C
007D
04F2
007F
0014
0106
01D1
01D2
01D3
0084
00B0
0086
01D5
00DF
0052
01D6
008A
03EE
03A9
012B
01DA
008F
012D
0036
0014
01D6
01DC
033B
03AC
0095
0085
0097
0098
0099
0014
012E
03AE
009C
02A8
0001
0002
009F
023B
00E6
0006
00E7
0008
01E6
059C
00EA
000C
01E9
03B3
000F
0010
01AA
0012
0013
0014
001F
0014
0002
0014
0014
0014
0014
0026
002A
001E
0014
0014
002E
0002
0002
0014
0002
0014
0002
00A9
001C
0022
001E
0019
0022
0002
0002
0014
0002
0002
0014
0024
001E
0020
0023
0021
001B
0014
0014
0014
0014
0014
0014
0022
0012
0022
001F
0014
0022
0014
0014
0014
0014
0014
0014
0021
04B2
001A
0023
0014
0240
0014
0002
0014
0014
0014
0014
0010
001A
0010
0023
0014
0016
0014
0014
0014
0014
0014
0002
0018
001E
0018
0026
0014
0023
0014
0014
0002
0014
0014
0002
0014
01ED
0018
0014
0014
059D
0014
0014
0014
0014
0014
0014
0026
002A
0022
0013
0014
0031
0014
0002
0014
0014
0014
0002
0019
002C
002D
0013
0014
002E
0014
0014
0014
0014
0014
0002
0023
01EF
0030
0014
0014
0031
0002
0014
0002
0014
0014
0002
01B2
0033
0241
013E
0036
0014
0103
0290
058C
059E
003B
00B0
0244
003E
0014
0014
003F
00B4
01F4
059F
02E3
03BF
0045
01F8
0047
0048
0037
01F9
05A0
058F
0145
01FD
004F
0146
010A
0052
052F
0054
03C3
03FE
0148
0058
03C4
005A
0051
0014
0297
05A1
03C5
05A2
03E8
0085
024C
00FB
0063
0014
0181
0065
05A3
05A4
03C9
0069
006A
020A
006C
0014
0384
006F
024F
0071
0250
057A
0074
0075
0076
0014
0154
0078
0079
00D3
007B
0014
018E
007E
0014
0014
0159
0252
0210
0083
00D8
0085
0592
0087
0088
0014
0089
03D2
008B
03D3
008D
008E
057E
0090
0036
0014
0213
0092
03D6
031B
0095
0096
03D8
015E
0014
0014
009A
009B
057F
05A5
0217
0002
00E5
0004
00A1
0006
0007
05A6
02C9
0581
021C
028C
05A7
000E
025A
0026
00EE
001A
0014
0014
01A9
0014
0002
0002
0014
0014
0014
0016
0017
0018
0019
0014
001A
0002
0002
0014
0014
0002
0002
001B
0020
001D
001E
001F
0016
0014
0002
0002
0002
0002
0014
001B
001E
0016
001F
0014
0010
0002
0014
0002
0014
0014
0014
0019
01AB
001E
0023
0014
0502
0014
0002
0002
0014
0002
0014
001D
001D
0022
0027
0014
0016
0014
0002
0014
0002
0014
0014
0024
00A9
0016
0021
0025
0018
0014
0014
0002
0014
0002
0002
0018
0012
0010
0027
0014
001A
0002
0014
0014
0014
0014
0002
0027
03E2
00F0
0027
0014
0029
0002
0014
0014
0014
0014
0014
0026
01AE
0022
0026
0013
01AF
0014
0002
0014
0014
0014
0014
0026
01AE
0010
0027
0014
01B1
0014
0014
0014
0002
0014
0014
0019
00A7
0022
0019
0014
002E
0014
0014
0014
0014
0014
0014
0032
00F3
0220
0035
0014
0014
039A
0038
0582
05A8
0223
003C
01B7
00FB
0002
0014
00C1
01B8
0041
0042
0043
0044
0346
0046
0179
00B0
01DF
01BC
05A9
05AA
004D
004E
0108
0050
0051
0014
0053
05AB
01C1
0227
0057
008E
05AC
029E
0099
0014
0229
022A
0587
05AD
0032
0060
05AE
0062
0099
0014
00C6
0182
059B
02DE
0068
00CA
029B
006B
018A
006D
006E
0230
0231
01CD
00CF
0073
0232
0189
018A
0014
014C
018B
0233
011E
0234
007C
0235
01D0
007F
0014
00D6
0081
0236
01D3
0084
00B0
0086
01D5
00DF
0052
01D6
008A
03EE
03A9
01D9
01DA
008F
012D
0036
0014
01D6
01DC
033B
03AC
023A
01DA
0097
0098
0099
0014
012E
01E1
009C
02A8
02C7
0002
00E5
0004
02C8
0006
00E7
00A2
02C9
028B
000B
000C
000D
02CA
02CB
0010
001D
001A
0013
0014
0015
0014
0002
0002
0014
0014
0014
0026
02CC
0018
0019
0014
016C
0002
0014
0014
0014
0014
0014
001B
001D
001D
0023
001F
0016
0014
0002
0014
0002
0002
0014
001B
001E
0016
001F
0014
001B
0002
0014
0014
0014
0014
0014
001E
001B
00A9
001F
0014
0022
0014
0002
0002
0014
0014
0014
0021
02CD
02CE
0023
0014
02CF
0014
0002
0014
0014
0014
0014
0024
001A
0010
0023
0014
0016
0014
0014
0014
0014
0014
0002
0012
0012
0010
0026
0014
001A
0002
0014
0014
0014
0014
0014
0027
02D0
00EF
0027
0014
00AA
0002
0014
0014
0014
0014
0014
0026
01AE
0022
0027
0014
002E
0014
0014
0014
0014
0014
0014
0019
01B0
002D
0027
0014
002E
0014
0014
0014
0014
0014
0014
0019
002F
0030
0019
0014
002E
0014
0014
0014
0014
0014
0014
01B2
0033
0034
01C3
0036
0014
0037
0038
0039
003A
003B
00B0
02D1
003E
0002
0014
003F
02D2
02D3
0294
01B9
0044
0140
0046
0051
0048
0037
0295
02D4
02D5
0145
004E
004F
01BF
0051
0014
0053
01C0
0055
0056
00BA
02D6
0059
02D7
0051
0014
005B
005C
02D8
02D9
0266
02DA
02DB
02DC
0063
0014
0171
029A
02DD
02DE
00C9
02DF
004F
006B
006C
0014
01D9
0230
0186
02E0
02E1
02E2
0153
0189
0076
0014
02E3
018B
02E4
02E5
02E6
006D
02E7
02E8
007F
0014
0106
0081
0082
02E9
00D8
0085
00D9
0087
00DF
0014
02B1
00DA
02EA
008C
0193
0048
00DB
0090
0036
0014
0127
01DC
0093
0094
02EB
0096
00DD
0098
0099
0014
02EC
02ED
009C
02A8
02A9
0002
009F
02AA
0005
0006
0007
0008
01E6
00E9
02AB
02AC
02AD
000E
02AE
0026
016A
0012
0014
0014
00A8
0014
0002
0002
0014
0014
0014
0016
0017
001A
0014
0014
001A
0002
0002
0014
0002
0002
0002
0020
001C
0016
001E
0019
0022
0002
0002
0002
0002
0002
0014
0024
001A
0020
0021
0021
0010
0014
0014
0002
0014
0014
0014
0022
0024
0022
0019
0014
001A
0014
0014
0014
0014
0002
0014
001D
001C
0014
0014
0014
001E
0014
0002
0014
0002
0014
0014
0010
00A9
0016
0019
0025
0019
0014
0014
0002
0014
0002
0002
0018
001E
0018
0027
0014
0023
0014
0014
0002
0014
0014
0002
0027
0028
0016
0014
0014
00F1
0014
0014
0014
0014
0014
0014
0026
02AF
0022
0026
0013
002B
0014
0002
0014
0014
0014
0002
0019
002C
0010
0013
0014
002E
0014
0014
0014
0002
0014
0002
0023
00F2
0016
0014
0014
0031
0002
0014
0002
0014
0014
0002
0145
00F3
02B0
0035
0014
0014
02B1
00AE
00F7
00F8
01B2
003C
003D
02B2
0014
0014
02B3
0040
00FE
0178
0043
02B4
0045
0101
0047
0102
02B5
004A
02B6
02B7
004D
0107
0076
0050
007F
0052
02B8
00BC
02B9
02BA
00BE
0058
00D1
005A
00B2
0014
0203
0204
02BB
0180
005F
0060
0061
0014
0014
0014
0064
026F
02BC
02BD
0089
0069
006A
0189
018A
006D
006E
006F
0151
0071
0250
0073
0074
0075
018A
0014
0154
0078
0079
00D3
007B
007C
007D
02BE
0014
0014
0080
00D7
02BF
0192
0084
015C
0125
0189
0088
0052
0089
02C0
02C1
02C2
0154
008E
02C3
012D
0036
0014
0283
0092
02C4
02C5
0214
0085
0132
015E
0014
0014
009A
009B
02C6
0216
02C7
0002
00E5
0004
01A3
0006
00E7
01A4
0166
000A
000B
048C
000D
00EC
05AF
0010
001D
001A
0014
0014
0015
0014
0002
0002
0014
0014
0014
0016
01AA
0018
0019
0014
001A
0002
0014
0014
0014
0014
0002
001B
001D
001D
00A9
001F
0016
0014
0002
0014
0002
0002
0014
001B
001E
0022
001F
0014
0010
0002
0014
0014
0014
0014
0014
0023
001B
00A9
001F
0014
0022
0014
0002
0002
0014
0002
0014
001D
001C
0022
0023
0014
0016
0014
0002
0014
0014
0014
0014
0024
001A
0010
0021
0014
0018
0014
0014
0014
0014
0014
0002
0018
0012
0010
0027
0014
001A
0002
0014
0014
0014
0014
0014
0027
01AC
048D
0027
0014
01AD
0002
0014
0014
0014
0014
0014
0026
01AE
0022
0027
0014
00A8
0014
0014
0014
0014
0014
0014
0019
01B0
002D
0027
0014
002E
0014
0014
0014
0002
0014
0014
0019
002F
0030
0019
0014
002E
0014
0014
0014
0014
0014
0014
0184
0033
02F6
01C3
0014
0014
01B4
0038
0039
003A
003B
003C
0306
003E
0002
0014
0490
05B0
05B1
05B2
02FE
0044
0494
0046
01BB
0048
00F6
0295
05B3
05B4
005B
05B5
004F
01BF
0051
0014
0053
01C0
05B6
05B7
05B8
008E
0059
02D7
0051
0014
005B
005C
05B9
02D9
014C
0060
0377
0062
0063
0014
00AD
01C8
05BA
049D
0272
01CB
006A
0115
018A
0014
0184
0230
0186
02E0
0277
0073
0232
0189
018A
0014
02E3
018B
05BB
011E
0234
007C
0235
04A4
007F
0014
0106
0081
0082
02E9
00D8
0085
027E
0087
00DF
0014
05BC
053C
043A
03D3
0423
0048
053E
0090
0036
0014
05BC
01DC
053F
0407
02EB
0096
05BD
0098
0099
0014
012E
02ED
04AB
04AC
05BE
0002
009F
01E4
0005
0006
0007
01E5
0009
0501
02AB
01E8
02AD
000E
03E1
0026
016A
0012
0013
0014
00A8
0014
0002
0014
0014
0014
0014
0026
04B1
001F
0014
0014
00A8
0002
0002
0014
0002
0002
0014
001F
001C
0022
001E
0014
0022
0002
0002
0002
0002
0014
0014
0024
00A9
0020
0021
0021
001B
0014
0014
0002
0014
0014
0014
0022
0024
0022
0021
0014
001E
0014
0002
0014
0014
0002
0014
0026
05BF
001F
0019
0014
0031
0014
0002
0014
0002
0014
0014
0010
00A9
0016
0023
0025
0016
0014
0014
0002
0014
0002
0002
0018
001E
0018
0026
0014
0023
0014
0014
0002
0014
0014
0002
0014
01ED
0016
0014
0014
01EE
0002
0014
0014
0014
0014
0014
0026
02AF
0022
0026
0013
0324
0014
0002
0014
0014
0014
0002
0019
01A8
0010
0013
0014
002E
0014
0014
0014
0014
0014
0002
0023
00F2
0016
0014
0014
0031
0002
0014
0002
0014
0014
0002
0145
00F3
0441
0035
0036
0014
0103
00AE
05C0
05C1
01B2
00B0
01F3
0228
0014
0014
003F
0040
05C2
0042
0043
02D6
0045
0141
0047
0014
0049
004A
05C3
02B7
004D
004E
006C
0050
007F
0052
02B8
00BC
05C4
0419
00BE
0058
00BF
005A
00B2
0014
0203
0204
05C5
0180
0032
0085
05C6
003C
00DF
0014
0064
0065
05C7
05C8
0068
0069
006A
006B
006C
006D
029C
006F
0151
0071
029D
00D0
0074
0075
0076
0014
0154
0078
0079
00D3
007B
0014
018E
02BE
0014
0014
0080
0252
02BF
041F
0084
015C
0211
0189
0088
0052
0089
008A
02C1
0422
0154
008E
04C0
05C9
0036
0014
0091
0092
044B
0427
0214
0085
05CA
015E
0014
0014
009A
009B
015F
0216
0217
0002
0162
0004
00A1
0450
0007
0594
04C4
000A
000B
048C
000D
000E
05AF
0010
001D
0015
0014
0014
0015
0014
0002
0002
0014
0014
0014
0016
01AA
0012
0019
0014
001A
0002
0014
0014
0014
0002
0002
001B
001D
001D
001E
0026
0016
0014
0014
0014
0002
0002
0014
001B
001E
0022
001F
0014
0010
0002
0014
0014
0014
0014
0014
0023
0024
001A
001F
0014
0022
0014
0002
0014
0014
0002
0014
001D
0016
0022
0027
0014
0016
0014
0002
0014
0014
0014
0014
0024
00A9
0010
0021
0014
0018
0014
0014
0014
0014
0014
0002
0018
0012
0010
0027
0014
001A
0002
0014
0014
0014
0014
0002
0027
01AC
048D
0014
0014
01AD
0002
0014
0014
0014
0014
0014
0026
025B
016D
0026
0013
00A8
0014
0014
0014
0014
0014
0014
0019
01B0
0010
0027
0014
002E
0014
0014
0014
0002
0014
0014
0019
002C
0022
0019
0014
002E
0014
0014
0014
0014
0014
0014
01B2
0033
02F6
00F5
0014
0014
01B4
0038
0039
003A
00F9
003C
04C6
003E
0002
0014
04C7
04C8
04C9
05CB
0043
0044
0140
0046
0179
006D
0037
01BC
02D4
05CC
0266
05B5
004F
01BF
0051
0014
0498
010C
05B6
05B7
00BA
008E
0059
02D7
0051
0014
005B
005C
02D8
05CD
00BA
0060
0061
0062
0099
0014
00AD
04CE
02DD
05CE
0359
0273
006A
0115
018A
0014
0184
0230
030A
02E0
0277
0073
0232
0189
018A
0014
014C
018B
0513
011E
0234
007C
0235
04A4
0014
0014
00D6
01D1
0082
02E9
0084
0085
027E
04A7
00DF
0052
04D3
0196
043A
03D3
01D9
0048
053E
0090
0036
0014
04D3
04D4
053F
03D7
0338
0096
05BD
0098
0099
0014
04D7
05CF
05D0
05D1
0001
0002
009F
023B
00E6
0006
00E7
0008
0009
04DB
05D2
01E8
05D3
013B
03E1
0026
016A
0012
0013
0014
0345
0014
0002
0014
0014
0014
0014
0026
01EA
0018
0014
0014
00A8
0002
0002
0014
0002
0014
0002
001F
01EB
0010
001E
001F
05D4
0002
0002
0002
0002
0014
0014
0024
001A
0020
0023
0021
001B
0014
0014
0002
0014
0014
0014
0022
001B
0022
0023
0014
001E
0014
0002
0002
0014
0002
0014
0026
01EC
001F
0023
0014
0240
0014
0002
0014
0002
0014
0014
0022
001A
0016
0023
0025
0016
0014
0014
0002
0014
0002
0014
0018
001E
0018
0026
0014
0023
0014
0014
0002
0014
0014
0002
0014
01ED
0016
0027
0014
01EE
0002
0014
0014
0014
0014
0014
0026
02AF
0022
0013
0014
0324
0014
0002
0014
0014
0014
0002
0019
01A8
002D
0013
0014
002E
0014
0014
0014
0014
0014
0002
0023
002F
0030
0014
0014
0031
0002
0014
0002
0014
0014
0002
0145
00F3
0410
0035
0036
0014
0103
00AE
05D5
05C1
00AF
00B0
01F3
0058
0014
0014
0262
04DE
05D6
05D7
01B9
02D6
0245
0141
0047
0048
02B5
05D8
05D9
058F
01FC
004E
0418
0050
010A
0052
0116
0248
04E3
0419
0201
0058
00BF
005A
0002
0014
0203
0204
05C5
05DA
005F
0085
024C
00DE
0063
0014
0064
026F
05DB
05DC
0068
0069
006A
006B
006C
006D
029C
006F
0070
0071
029D
00D0
0074
0075
0076
0014
0154
0078
0079
00D3
007B
0014
018E
02BE
007F
0014
0159
020F
02BF
041F
00D8
015C
0211
0420
0088
0014
0089
015D
02C1
0422
008D
008E
0212
0488
0036
0014
0091
0092
0426
0427
0095
0085
05DD
015E
0014
0014
009A
009B
015F
0216
02A9
0002
0003
0004
02EF
0006
00E7
0139
0009
0257
000B
028C
05DE
00EC
03E1
0026
00EE
0015
0013
0014
01A9
0014
0002
0002
0014
0014
0014
0016
0017
0018
0019
0014
001A
0002
0014
0014
0014
0014
0002
001B
0024
001D
0023
0019
0016
0002
0002
0002
0002
0002
0014
001B
001E
0020
001F
0014
0010
0002
0014
0014
0014
0014
0014
0022
0020
0012
0023
0014
0012
0014
0002
0002
0014
0014
0014
0022
001C
0022
0027
0014
0016
0014
0002
0014
0014
0014
0014
0024
00A9
0016
0026
0025
0019
0014
0014
0002
0014
0002
0002
0012
0012
0010
0027
0014
001A
0014
0014
0002
0014
0014
0002
0027
0028
0016
0027
0014
0029
0002
0014
0014
0014
0014
0014
0026
002A
0022
0027
0014
002B
0014
0002
0014
0014
0014
0002
0019
002C
002D
0027
0014
002E
0014
0014
0014
0014
0014
0002
0019
00A7
0030
0027
0014
002E
0002
0014
0002
0014
0014
0002
0032
00F3
05DF
01F6
0036
0014
0171
0038
0328
047F
00F9
003C
003D
00FB
0002
0014
0292
00B4
0041
0294
01B9
0044
0045
0046
01BB
0048
0049
05E0
004B
04E2
005B
004E
0108
0050
0076
0014
0053
0054
0367
0056
00BA
0058
0059
005A
00B2
0014
005B
005C
005D
032D
03E8
0060
0061
0062
0099
0014
00C6
029A
0066
0067
0068
0069
006A
006B
018A
006D
006E
006F
05E1
05E2
00CF
0073
0074
0075
018A
0014
0077
0078
00D2
00D3
01CF
007C
007D
02BE
007F
0014
0080
05E3
0191
0192
00D8
015C
0086
0189
0088
0014
0091
00DA
03A8
03A9
01B2
008E
008F
012D
0036
0014
0091
02A4
033B
03AC
00DC
0048
0097
0098
00DF
0014
00E0
05E4
009C
02A8
02C7
0002
0162
05E5
00A1
0006
0007
05E6
00E8
028B
05E7
000C
05E8
000E
0342
0010
001D
0012
0014
0014
001F
0014
0002
0014
0014
0014
0014
0026
0343
0015
0014
0014
016C
0002
0002
0014
0002
0002
0002
0020
001C
0016
001E
001F
0010
0014
0002
0014
0002
0002
0014
001D
001E
0015
0023
0021
001B
0002
0014
0002
0014
0014
0014
0022
001B
0022
001F
0014
0022
0014
0014
0014
0014
0002
0014
001D
001B
0018
0023
0014
0018
0014
0002
0014
0002
0014
0014
0016
001A
0010
0023
0014
0016
0014
0014
0014
0014
0014
0002
0018
0015
0018
0026
0014
00A9
0002
0014
0014
0014
0014
0002
0027
0344
00EF
0014
0014
01AF
0014
0014
0014
0014
0014
0014
0026
025B
0502
0026
0013
002E
0014
0014
0014
0014
0014
0014
0026
01B0
0010
0013
0014
002E
0014
0014
0014
0002
0014
0014
0023
01EF
0016
0019
0014
0031
0014
0014
0014
0014
0014
0014
00AC
0033
02FF
0035
0014
0014
042B
05E9
05EA
05EB
0261
00B0
05EC
003E
0014
0014
0262
0263
05ED
05EE
004D
0058
02FF
052A
0047
00B0
0103
004A
05EF
0265
004D
01BF
004F
01CB
0051
0052
02B8
05F0
03C3
0200
00BE
010F
0533
0062
0051
0014
00C0
0204
05F1
0180
005F
008E
0306
00FB
0063
0014
0562
05F2
05F3
05F4
039A
05F5
006A
05F6
006C
0014
0338
05F7
05F8
05F9
05FA
00D0
0306
05FB
0076
0014
0468
018B
05FC
02E5
0157
007C
05FD
02E8
0014
0014
0106
0312
0406
02E9
0084
0085
05FE
04A7
00DF
0052
0121
0196
043A
03D3
008D
0048
05FF
0090
0036
0014
035F
0600
0601
031B
02B8
0096
0602
015E
0099
0014
0133
009B
0603
0216
02A9
0002
009F
058B
0005
0006
0007
0139
02C9
00E9
02F2
028C
0604
000E
02AE
0026
00EE
0012
0013
0014
01A9
0014
0002
0002
0014
0014
0014
0016
0017
001A
0019
0014
001A
0002
0002
0014
0014
0002
0002
001B
001C
001D
001E
0019
0022
0002
0002
0002
0002
0014
0014
001B
001F
0020
001F
0014
001B
0002
0014
0002
0014
0014
0014
0022
0020
0022
0023
0014
0012
0014
0002
0014
0014
0002
0014
0022
001C
0022
0019
0014
0016
0014
0002
0014
0002
0014
0014
0024
00A9
0016
0023
0025
0016
0014
0014
0002
0014
0002
0002
0018
0012
0010
0027
0014
001A
0014
0014
0014
0014
0014
0002
0027
0028
0016
0014
0014
0029
0002
0014
0014
0014
0014
0014
0026
002A
0022
0026
0013
002B
0014
0002
0014
0014
0014
0002
0019
01A8
002D
0014
0014
002E
0014
0014
0014
0014
0014
0002
0019
00A7
0030
0014
0014
002E
0002
0014
0002
0014
0014
0002
0032
00F3
0441
0035
0036
0014
00AD
0038
0442
0605
0606
003C
003D
02B4
0036
0014
0292
00B4
0041
0294
0043
0044
0140
0046
0179
0048
0049
0142
0607
0144
00BA
004E
0051
0050
0051
0014
00BB
0302
0367
0608
0057
010F
0059
0062
00B2
0014
00C0
022A
005D
005E
005F
014D
0061
00C4
0099
0014
0064
0065
0609
03A2
0068
0069
029B
006B
006C
006D
006E
060A
060B
060C
00CF
0073
060D
011A
018A
0014
0106
060E
060F
0156
0157
007C
027A
02BE
0014
0014
0080
0312
03ED
0610
00D8
0085
0086
0189
00DF
0052
02A2
00DA
03A8
03A9
01B2
008E
008F
012D
0014
0014
02A3
0092
0611
03AC
00DC
0048
0097
015E
0014
0014
02A5
00E1
02A7
009D
03AF
0002
00E5
0004
0612
0006
00E7
0165
0613
028B
000B
000C
000D
00EC
0342
0010
0020
0015
0014
0014
001A
0014
0002
0002
0014
0014
0014
0026
0343
0018
0027
0014
016C
0002
0002
0014
0002
0014
0002
0024
0024
0016
001E
001F
0016
0014
0002
0014
0002
0002
0014
001D
001E
0022
0023
0021
0022
0002
0014
0014
0014
0014
0014
0018
001B
0012
001F
0014
0022
0014
0002
0002
0014
0002
0014
001D
001C
0018
0023
0014
0018
0014
0002
0014
0014
0014
0014
0016
001A
0010
0021
0014
0016
0014
0014
0014
0014
0014
0002
0018
0015
0018
0026
0014
00A9
0002
0014
0002
0014
0014
0014
0027
0344
00EF
0027
0014
01AF
0014
0014
0014
0014
0014
0014
0027
01AE
0022
0027
0014
01B1
0014
0014
0014
0014
0014
0014
0026
01B0
0022
0027
0014
01B1
0014
0014
0014
0002
0014
0014
0023
01EF
0022
0019
0014
0031
0014
0014
0014
0014
0014
0002
0184
0033
0061
01C3
0014
0014
042B
0614
0615
0616
003B
0102
0175
003E
0002
0014
00FC
00FD
0177
0178
0266
0058
0045
0101
0047
00B0
00F6
0617
0482
004C
0266
01BF
004F
0109
010A
0052
010B
0618
03C3
0619
0353
0058
00D1
005A
0051
0014
005B
045E
061A
061B
004D
0060
0061
0062
0063
0014
028F
05FA
061C
03E9
0562
061D
006A
01D5
0002
0014
0338
061E
03CB
061F
0250
00D0
0074
0075
0076
0014
036A
0404
0079
02E5
011F
007C
0620
02E8
007F
0014
0106
020F
0210
0083
0084
0102
0621
0087
0088
0014
0121
0128
0622
0623
008D
01DA
0624
0090
0036
0014
0283
012F
0625
0626
02B8
0096
0627
0098
0099
0014
0266
03D9
0628
0629
044C
0002
00E5
0004
000F
0450
00E7
0139
0451
000A
000B
0363
028D
02CA
0342
0010
0011
0015
0013
0014
001A
0014
0002
0002
0014
0014
0014
0016
0017
0018
0027
0014
001A
0002
0014
0014
0014
0014
0002
0020
0024
001D
0023
0019
0016
0014
0002
0002
0002
0002
0014
0024
001E
0020
0023
0014
0010
0002
0014
0014
0014
0014
0014
0022
0020
0012
001F
0014
0022
0014
0002
0002
0014
0014
0014
0022
001C
0022
0027
0014
001E
0014
0002
0014
0014
0014
0014
0024
0023
0016
0023
0025
0016
0014
0014
0002
0014
0002
0002
0018
001A
0010
0027
0014
0023
0014
0014
0014
0014
0014
0014
0027
03E2
062A
0027
0014
0029
0002
0014
0014
0014
0014
0014
0026
002C
0012
0026
0013
00A8
0014
0002
0014
0014
0014
0014
0026
002C
0010
0027
0014
002E
0014
0014
0014
0014
0014
0014
0026
00A7
0022
0027
0014
002E
0014
0014
0014
0014
0014
0014
0032
0033
062B
01F6
0036
0014
01B4
0038
01F1
01F2
003B
003C
0045
003E
0002
0014
0176
062C
062D
062E
004D
02B4
00D1
052A
01BB
0102
0103
0417
062F
0144
005B
0488
004F
0141
0099
0014
0053
032B
0630
0631
00AC
003C
0533
0062
0051
0014
0297
005C
0632
005E
014C
014D
0633
0062
00C5
0014
0181
0112
0634
0635
0636
0069
0108
0637
006C
006D
0116
0638
0639
063A
0277
0073
063B
063C
007F
0014
042D
063D
063E
063F
0234
006D
0158
0311
007F
0014
00D6
0563
0640
0641
00D8
0085
0086
0087
00DF
0052
0089
00DA
02EA
008C
01D9
0048
008F
0090
0036
0014
0199
0642
0093
0094
0338
0096
0097
00C4
00DF
0014
0133
0643
009C
02A8
0001
0002
009F
02AA
00E6
0006
0007
05E6
0613
0644
04AF
0645
00EB
000E
03E1
0026
002C
0012
0014
0014
01A9
0014
0002
0002
0014
0014
0014
0026
0343
0012
0019
0014
016C
0002
0002
0014
0002
0002
0002
001B
001C
0016
001E
001F
0022
0002
0002
0014
0002
0002
0014
001B
001E
0010
001F
0021
001B
0002
0014
0002
0014
0014
0014
0022
001B
0022
0023
0014
0012
0014
0002
0014
0014
0002
0014
001D
001B
0018
0023
0014
0016
0014
0002
0014
0002
0014
0014
0012
001A
0010
0021
0014
0018
0014
0014
0002
0014
0014
0002
0014
0344
0546
0026
0014
00A8
0002
0014
0002
0014
0014
0002
0027
002F
0018
0014
0014
002B
0002
0014
0014
0014
0014
0014
0026
02AF
0022
0013
0014
0324
0014
0014
0014
0014
0014
0002
0019
0646
002D
0013
0014
002E
0014
0014
0014
0002
0014
0002
0023
013D
0030
0019
0014
0031
0002
0014
0002
0014
0014
0002
01B2
00F3
0410
0035
0014
0014
0103
0290
0411
0412
01B2
00B0
0647
02D7
0036
0014
003F
0040
02D3
0042
0100
0044
0045
0046
0047
0048
0049
004A
004B
004C
004D
004E
0418
0050
0051
0052
02B8
0302
0648
0419
0057
0058
0059
005A
0002
0014
0303
0304
0649
061B
0032
0060
0061
0098
0063
0014
00C6
0065
064A
03E9
00C9
01CB
006A
006B
018A
0014
029C
006F
0070
0071
029D
0014
064B
04BE
0076
0014
0077
0078
0079
007A
007B
007C
064C
02BE
0014
0014
0159
05E3
03ED
0192
0084
015C
064D
0420
0088
0014
0091
02C0
02C1
01D8
008D
008E
064E
0424
0036
0014
0091
0092
064F
0650
0095
0085
01F3
0098
0099
0014
00E0
009B
0651
0289
0001
0002
009F
03DD
0005
0006
0007
0165
0009
00A3
00EA
028C
03F3
000E
000F
0010
0011
0012
0013
0014
001E
0014
0002
0002
0014
0014
0014
0026
01EA
0015
0027
0014
00A8
0002
0002
0014
0002
0002
0014
001B
001C
0022
001E
0026
0016
0002
0002
0002
0002
0002
0014
0024
001E
0020
001F
0021
001B
0014
0014
0002
0014
0014
0014
0022
001D
0022
001F
0014
0022
0014
0002
0014
0014
0002
0014
0021
03B4
0015
0023
0014
02CF
0014
0002
0014
0002
0014
0014
0024
00A9
0016
0026
0025
0019
0014
0014
0002
0014
0002
0002
0014
00AA
02D0
0026
0014
0373
0002
0014
0002
0014
0014
0002
0014
01ED
0016
0014
0014
059D
0014
0014
0014
0014
0014
0014
0026
002A
0022
0026
0013
0031
0014
0002
0014
0014
0014
0002
0019
002C
002D
0027
0014
002E
0014
0014
0014
0014
0014
0002
0023
002F
0030
0019
0014
0031
0002
0014
0002
0014
0014
0002
0032
0033
0034
0035
0036
0014
02B1
0290
0652
0653
0174
00B0
0244
003E
00B2
0014
0292
00B4
032A
0294
0043
0044
0045
0309
0047
0048
0049
01F9
0654
0655
0193
004E
004F
0050
0051
0052
01FE
0054
0055
0056
0057
0058
0059
005A
0051
0014
0297
017F
005D
05DA
0032
0085
02DB
00C4
0063
0014
0064
0065
0330
0656
0068
0069
006A
006B
018A
006D
006E
006F
0151
0071
00CF
0014
0657
0658
0076
0014
0077
0078
00D2
007A
007B
0014
018E
007E
0014
0014
0080
05E3
0210
0083
00D8
015C
0211
0087
0088
0052
0091
015D
008B
008C
008D
008E
03AA
0090
0036
0014
0091
0092
0093
0094
0095
0096
03AD
015E
0099
0014
009A
009B
009C
04C3
0659
0002
0162
02EE
065A
0006
00E7
01A4
0520
0257
0258
000C
0259
065B
025A
0019
002C
001A
0014
0014
01A9
0014
0014
0002
0014
0014
0014
0016
01AA
0018
0019
0014
001A
0002
0014
0014
0014
0014
0002
0020
001D
001D
00A9
001F
0010
0014
0002
0014
0002
0002
0014
001B
001E
0016
0023
0014
0010
0002
0014
0014
0014
0014
0014
0018
001B
0012
0023
0014
0012
0014
0002
0002
0014
0002
0014
001D
001C
0022
0027
0014
001A
0014
0002
0014
0014
0014
0014
0016
001A
0010
0023
0014
0016
0014
0014
0002
0014
0014
0002
0018
0012
0018
0027
0014
001A
0014
0014
0014
0014
0014
0014
0027
03E2
00EF
0027
0014
0029
0002
0014
0014
0014
0014
0014
0026
01AE
0022
0013
0014
00A8
0014
0014
0014
0014
0014
0014
0026
01B0
0022
0013
0014
002E
0014
0014
0014
0002
0014
0014
0019
002C
0022
0014
0014
002E
0014
0014
0014
0014
0014
0014
00AC
00F3
02B0
003C
0014
0014
0037
013F
065C
065D
0261
003C
065E
02D7
0002
0014
0414
0366
02FC
065F
02E3
0058
03B6
0046
018A
00B0
00F6
0660
0661
052C
0106
05B5
01BB
01BF
010A
0014
0053
0662
0663
0664
0229
003C
00D1
013E
0088
0014
0229
0182
0665
0666
004D
0060
039C
0062
0036
0014
0667
0250
0668
0669
066A
0273
029B
066B
006C
0014
0384
0638
066C
066D
02FA
0073
0306
066E
007F
0014
042D
066F
01CE
0670
0355
007C
0405
0671
007F
0014
00C0
0563
0672
0673
01FC
0085
027E
0674
00DF
0014
014C
0196
0675
0676
05B8
0048
053E
0424
0036
0014
0677
012F
0678
0679
019D
00B0
067A
0098
0014
0014
067B
05CF
067C
05D1
02A9
0002
0003
0004
0005
0006
00E7
0165
0009
000A
067D
028C
028D
00EC
0342
0010
0011
0012
0013
0014
001E
0014
0002
0002
0014
0014
0014
0016
0017
0015
0027
0014
001A
0002
0002
0014
0002
0002
0014
001B
001C
0022
001E
0026
0016
0014
0002
0002
0002
0002
0014
0024
001E
0020
001F
0014
0010
0014
0014
0002
0014
0014
0014
0022
001D
0022
001F
0014
0022
0014
0002
0014
0014
0002
0014
0022
001C
0015
0027
0014
0016
0014
0002
0014
0002
0014
0014
0024
00A9
0016
0026
0025
0026
0014
0014
0002
0014
0002
0002
0018
001F
0010
0014
0014
0023
0014
0014
0014
0014
0014
0002
0027
0028
0016
0014
0014
00F1
0014
0014
0014
0014
0014
0014
0026
002A
0022
0026
0013
002B
0014
0002
0014
0014
0014
0014
0019
002C
002D
0027
0014
002E
0014
0014
0014
0014
0014
0014
0023
002F
0030
0027
0014
0031
0002
0014
0002
0014
0014
0014
0032
0033
0034
0035
0036
0014
00AD
0290
0652
0653
0174
003C
003D
003E
0002
0014
0292
00B4
0041
0294
0043
03BF
0140
0309
0047
0048
0049
00B8
03FA
03FB
0193
004E
004F
012D
0076
0014
00BB
0054
0055
0056
0057
0058
0059
0062
0051
0014
0297
017F
005D
05DA
0032
014D
0061
0062
0099
0014
0064
0065
0066
03A2
0068
0069
006A
006B
018A
006D
006E
020B
0449
0071
067E
0073
0153
0075
0014
0014
0077
0078
067F
0156
0680
006D
027A
007E
0014
0014
0080
05E3
015A
015B
00D8
015C
0086
0087
0088
0052
0089
015D
008B
008C
008D
008E
008F
0090
0036
0014
0091
0284
0093
0094
0095
0096
0097
00C4
00DF
0014
009A
009B
009C
009D
0681
0002
031D
0682
065A
0006
0007
0683
02F1
0684
00A4
000C
0259
0321
03E1
0019
01A8
001A
0014
0014
01A9
0014
0002
0002
0014
0014
0014
0026
0343
0018
0019
0014
016C
0002
0002
0014
0014
0014
0002
0020
001D
001D
00A9
001F
0010
0002
0014
0014
0002
0002
0014
001B
001E
0016
00A9
0021
001B
0002
0014
0014
0014
0014
0014
0018
001B
0012
0023
0014
0012
0014
0002
0002
0014
0002
0014
001D
001C
0022
0023
0014
0018
0014
0002
0014
0014
0014
0014
0012
001A
0022
0023
0014
0016
0014
0014
0002
0014
0014
0002
0015
0012
0012
0026
0014
001A
0002
0014
0002
0014
0014
0014
0027
02D0
00AA
0027
0014
00AA
0002
0014
0014
0014
0014
0014
0026
01AE
0022
0013
0014
002E
0014
0014
0014
0014
0014
0002
0026
01B0
0022
0013
0014
002E
0014
0014
0014
0002
0014
0002
0019
01A8
0022
0019
0014
002E
0014
0014
0014
0014
0014
0002
00AC
00F3
0685
003C
0014
0014
042B
013F
0686
0687
0261
0102
0688
02D7
0036
0014
0414
0366
034E
0178
02E3
0044
0045
0046
0051
00B0
00F6
004A
004B
004C
0106
05B5
01BB
0050
0051
0052
010B
0689
0663
0664
00AC
010F
00D1
005A
00B2
0014
0229
026D
041B
032D
03E8
0060
0061
0098
0063
0014
0667
0250
0358
03E9
039A
02DF
006A
068A
006C
0014
0338
01CC
066C
02E0
068B
029E
0074
068C
0076
0014
0468
018B
068D
068E
0304
007C
0620
068F
007F
0014
02E3
03A7
0690
0691
0043
0085
0692
0693
00DF
0014
00E0
0196
0694
0695
0184
0048
057E
0424
0036
0014
0319
0696
0697
0698
01FE
00B0
0699
0098
0099
0014
02EC
033D
069A
0629
02A9
0002
0003
044E
03F1
0218
0007
0139
0451
000A
069B
01A6
028D
000E
013C
0010
01AA
0012
0013
0014
001E
0014
0014
0002
0014
0014
0014
0016
001B
001E
0027
0014
001A
0002
0002
0014
0002
0002
0002
0020
0024
0022
001E
0019
0022
0014
0002
0014
0002
0014
0014
0024
001E
0016
0023
0014
001B
0014
0014
0014
0014
0014
0014
0022
0016
0022
001F
0014
0022
0014
0014
0014
0014
0014
0014
0022
001C
0015
0019
0014
0016
0014
0002
0014
0014
0014
0014
0024
0023
0010
0023
0014
0016
0014
0014
0014
0014
0014
0002
0018
001E
0010
0027
0014
00A9
0014
0014
0014
0014
0014
0002
0027
0028
0012
0014
0014
00F1
0014
0014
0014
0014
0014
0014
0026
002A
0018
0026
0013
002B
0014
0002
0014
0014
0014
0002
0019
002C
0010
0014
0014
002E
0014
0014
0014
0014
0014
0002
0023
002F
0016
0014
0014
0031
0014
0014
0014
0014
0014
0002
01B2
0033
02F6
00F5
0036
0014
01B4
0290
034B
034C
069C
003C
003D
003E
0002
0014
0292
00B4
069D
069E
0043
0044
0140
0309
0047
0102
0037
01F9
03FA
03FB
00AC
0107
004F
0146
0051
0014
0498
0302
0351
0352
0384
010F
0059
0062
0051
0014
00C0
069F
005D
06A0
014C
014D
0061
00FB
0099
0014
0111
03C6
0609
03A2
0237
0069
029B
0115
006C
0014
0116
06A1
06A2
06A3
05FA
0073
03B6
063C
018A
0014
025C
06A4
06A5
06A6
0234
006D
0158
007E
0014
0014
00D6
06A7
06A8
06A9
00D8
015C
0086
0087
00DF
0052
0121
015D
008B
008C
008D
008E
008F
0090
0014
0014
035F
02A4
0093
0094
0214
0096
0097
015E
0014
0014
0133
02A6
02A7
02A8
03AF
0002
031D
06AA
00E6
0006
00E7
0165
0613
06AB
000B
0341
00EB
02CA
03E1
0019
00EE
0015
0014
0014
00AA
0014
0002
0002
0014
0014
0014
0026
016B
0018
0019
0014
016C
0002
0002
0014
0014
0014
0002
001B
001C
001D
00A9
001F
0016
0002
0002
0002
0002
0002
0014
001B
001E
0020
001F
0021
0010
0002
0014
0002
0014
0014
0014
0018
001B
0012
0023
0014
0012
0014
0002
0002
0014
0002
0014
001D
001D
0022
0023
0014
0018
0014
0002
0014
0002
0014
0014
0010
001A
0016
0021
0025
0016
0014
0014
0002
0014
0002
0002
0018
0012
0018
0026
0014
001A
0002
0014
0002
0014
0014
0014
0027
02D0
00F0
0027
0014
00AA
0002
0014
0014
0014
0014
0014
0026
01AE
0022
0027
0014
002E
0014
0002
0014
0014
0014
0014
0026
01AE
002D
0027
0014
002E
0014
0014
0014
0002
0014
0014
0019
01A8
0030
0019
0014
002E
0002
0014
0002
0014
0014
0002
0032
00F3
0519
0035
0014
0014
042B
0038
06AC
0412
003B
00B0
0175
00FB
00B2
0014
0262
0263
02D3
0042
0100
0058
0045
0046
0051
0048
01DF
03E5
004B
004C
004D
004E
0108
0050
0076
0052
010B
017B
01C1
0056
00BE
0058
00D1
005A
0099
0014
005B
005C
06AD
032D
005F
0060
0061
0062
0063
0014
00C6
026F
061C
03E9
0068
00CA
006A
006B
0002
006D
029C
01CC
06AE
04A1
029D
00D0
0074
0075
0076
0014
0077
06AF
0079
06B0
007B
007C
0620
027B
007F
0014
0159
06B1
03ED
06B2
0084
0085
06B3
0693
0088
0014
0091
0196
06B4
06B5
006E
0048
043B
0424
0036
0014
0091
0284
06B6
02C5
00DC
00B0
06B7
0098
0099
0014
00E0
0288
036E
0289
06B8
0002
00E5
06B9
0138
0006
00E7
0139
0009
000A
000B
048C
028D
03B3
0342
0010
01AA
0015
0013
0014
001F
0014
0014
0002
0014
0014
0014
0016
001D
0018
0027
0014
001A
0002
0014
0014
0002
0014
0002
001B
001C
0010
0023
0019
0016
0014
0002
0014
0014
0002
0014
0024
001E
0016
001F
0014
001B
0002
0014
0014
0014
0014
0014
0022
001D
0012
001F
0014
0022
0014
0002
0002
0014
0014
0014
0022
001C
0018
0019
0014
001A
0014
0002
0014
0014
0014
0014
0024
0023
0010
0023
0014
0016
0014
0014
0002
0014
0002
0002
0018
001A
0010
0014
0014
0023
0014
0014
0014
0014
0014
0014
0014
0028
0012
0027
0014
0373
0014
0014
0014
0014
0014
0014
0026
002A
0018
0026
0013
002B
0014
0002
0014
0014
0014
0002
0019
002C
002D
0027
0014
002E
0014
0014
0014
0014
0014
0002
0026
016F
0030
0027
0014
002E
0014
0014
0014
0014
0014
0002
01B2
0033
06BA
01F6
0036
0014
01B4
0038
06BB
048F
003B
003C
06BC
003E
00B2
0014
00B3
042F
03F8
062E
004D
02B4
0140
052A
007F
0048
0037
0142
062F
0144
0145
0101
004F
0146
0076
0014
0053
01C0
06BD
0631
0376
0058
0533
0062
0051
0014
0297
005C
0632
005E
014C
014D
0061
0062
00C5
0014
0181
0065
061C
03C8
0359
0069
06BE
01D5
006C
0014
0384
0402
06BF
06C0
0277
0073
06C1
0075
0014
0014
036A
0078
06C2
0279
0157
0014
06C3
007E
007F
0014
00D6
00D7
06A8
03D0
00D8
0085
0086
0087
0088
0052
0121
00DA
008B
008C
06C4
008E
008F
0090
0036
0014
0213
0092
0093
0094
02EB
0096
0097
00C4
00DF
0014
009A
00E1
02A7
009D
0001
0002
0003
0004
00E6
0006
0007
0569
00E8
0644
04AF
06C5
00EB
000E
03E1
0026
016A
0012
0014
0014
01A9
0014
0002
0002
0014
0014
0014
0026
016B
0012
0019
0014
016C
0002
0002
0014
0014
0002
0002
0016
0024
001D
001E
001F
0022
0002
0002
0002
0002
0002
0014
001B
001E
0020
00A9
0021
0010
0002
0014
0002
0014
0014
0014
0018
001B
0022
0023
0014
0012
0014
0014
0014
0014
0002
0014
001D
001B
0022
0023
0014
0016
0014
0002
0014
0002
0014
0014
0012
001A
0016
0021
0025
0016
0014
0014
0002
0014
0002
0002
0012
0012
0018
0026
0014
001A
0002
0014
0002
0014
0014
0002
0027
00AB
00F0
0014
0014
01A9
0002
0014
0014
0014
0014
0014
0026
0374
0022
0013
0014
0326
0014
0002
0014
0014
0014
0014
0019
01AE
0010
0013
0014
002E
0014
0014
0014
0002
0014
0014
0023
013D
0016
0019
0014
0031
0002
0014
0002
0014
0014
0002
0032
00F3
0410
0035
0014
0014
0103
0290
0411
0412
0223
00B0
0647
00FB
0002
0014
00FC
0040
02D3
0042
0100
0044
0045
0046
0047
00B0
01DF
0617
004B
004C
004D
004E
0418
0050
0051
0052
02B8
0302
04E3
0419
0057
02D6
0059
005A
0002
0014
0303
0304
045F
061B
0032
0060
0061
0098
0063
0014
041C
06C6
064A
03E9
0068
02DF
006A
006B
0002
006D
006E
006F
0070
0071
029D
02E2
0074
011A
0076
0014
014C
018B
03A4
007A
01CF
007C
06C7
041E
0014
0014
0159
0081
06C8
054F
0084
00B0
06C9
0420
00DF
0014
02A2
02C0
06B4
01D8
008D
00B0
043B
012D
0036
0014
02A3
06CA
06CB
036D
0214
0085
06B7
0098
0099
0014
02EC
02A6
0135
06CC
0001
0002
0003
03DD
06CD
0006
0007
0165
0613
028B
04AF
021D
000D
000E
000F
0010
01AA
0012
0014
0014
001E
0014
0002
0002
0014
0014
0014
0026
02CC
0012
0027
0014
016C
0002
0002
0014
0002
0002
0002
0024
001C
0016
001E
0026
0016
0002
0002
0002
0002
0002
0014
0024
001E
0020
0023
0021
0010
0002
0014
0002
0014
0014
0014
0022
001D
0022
001F
0014
0022
0014
0002
0014
0014
0002
0014
0018
001C
0012
0023
0014
0016
0014
0002
0014
0002
0014
0014
0024
00A9
0010
0021
0014
0026
0014
0014
0014
0014
0014
0002
0018
0015
0010
0026
0014
00A9
0002
0014
0014
0014
0014
0002
0013
01A9
04B4
0014
0014
059D
0014
0014
0014
0014
0014
0014
0026
002C
0022
0027
0014
002E
0014
0002
0014
0014
0014
0014
0026
002C
002D
0027
0014
002E
0014
0014
0014
0002
0014
0014
0023
01EF
0030
0019
0014
0031
0014
0014
0014
0014
0014
0014
0184
0033
02F6
0035
0014
0014
0133
0290
034B
034C
02F8
00B0
02D1
003E
00B2
0014
0292
00B4
0271
069E
02FE
0044
0140
0309
0047
0048
0037
01F9
06CE
06CF
00BA
0107
004F
02DF
0051
0052
01FE
0302
0351
0352
0057
0058
0059
0062
0051
0014
0229
0304
005D
06D0
005F
0085
0061
0062
0063
0014
0111
0065
061C
03C8
0359
0069
006A
0115
018A
0014
0184
006F
0231
0071
06D1
00D0
0074
0075
0076
0014
0077
0078
06D2
007A
007B
035B
018E
06D3
0014
0014
0080
0081
03CF
02E9
00D8
0102
02A1
0087
0088
0014
0089
015D
02EA
008C
008D
01DA
06D4
0090
0036
0014
0283
0284
0093
0094
0095
0096
06D5
0098
0099
0014
009A
009B
009C
009D
0659
0002
00E5
03B0
000F
0006
00E7
0139
02C9
0257
000B
000C
06D6
04F4
00ED
0026
00EE
001A
0013
0014
01A9
0014
0002
0002
0014
0014
0014
0016
0017
0018
0019
0014
001A
0002
0014
0014
0014
0014
0002
001B
0024
001D
0019
001F
0010
0014
0002
0014
0002
0002
0014
001B
001A
0016
001F
0014
001B
0002
0014
0014
0014
0014
0014
0022
001B
0012
0023
0014
0012
0014
0002
0002
0014
0014
0014
001D
001C
0022
0019
0014
001E
0014
0002
0014
0014
0014
0014
0022
001A
0016
0023
0025
0016
0014
0014
0002
0014
0002
0002
0018
0012
0018
0027
0014
001A
0014
0014
0002
0014
0014
0014
0027
0028
0016
0027
0014
0029
0002
0014
0014
0014
0014
0014
0026
002A
0012
0026
0013
002B
0014
0002
0014
0014
0014
0002
0019
01AE
0010
0013
0014
002E
0014
0014
0014
0014
0014
0002
0019
00A7
0022
0014
0014
002E
0002
0014
0002
0014
0014
0002
0032
00F3
0441
003C
0036
0014
0037
0038
0328
01B6
00F9
003C
003D
00DE
0002
0014
0414
0366
0041
0042
0043
0058
0045
0046
018A
00B0
01DF
0660
004B
04E2
0106
004E
01BB
0050
0076
0014
0053
06D7
0367
0056
0229
003C
00D1
005A
00B2
0014
0297
005C
00C2
032D
004D
0060
0061
04BA
00DF
0014
0089
0112
00C7
00C8
0068
00CA
029B
006B
006C
006D
029C
0638
06AE
066D
0072
0073
00D1
063C
007F
0014
0468
06D8
011D
06D9
06DA
007C
0405
052A
007F
0014
0677
06DB
06DC
06DD
00CB
0085
027E
06DE
00DF
0052
02A2
0196
06DF
06E0
0391
008E
01DB
003E
0036
0014
02A3
0696
06E1
06E2
01FE
0048
0408
0035
0014
0014
02EC
033D
06E3
06E4
02A9
0002
0003
03DD
06E5
0006
00E7
0165
0009
000A
067D
0363
000D
00EC
000F
0010
01AA
0012
0014
0014
001E
0014
0002
0002
0014
0014
0014
0016
001B
0012
0027
0014
001A
0002
0002
0014
0002
0002
0014
001B
001C
0010
001E
0026
0016
0002
0002
0014
0002
0002
0014
0024
001E
0020
001F
0014
001B
0014
0014
0002
0014
0014
0014
0022
001D
0022
001F
0014
0022
0014
0002
0014
0014
0002
0014
0022
001C
0012
0019
0014
0016
0014
0002
0014
0002
0014
0014
0024
00A9
0010
0026
0014
0026
0014
0014
0014
0014
0014
0002
0018
001A
0010
0026
0014
0023
0014
0014
0014
0014
0014
0002
0014
00AA
01B0
0014
0014
0373
0014
0014
0014
0014
0014
0014
0026
002C
0022
0027
0014
00A8
0014
0002
0014
0014
0014
0014
0026
002C
002D
0027
0014
002E
0014
0014
0014
0014
0014
0014
0023
002F
0030
0027
0014
0031
0014
0014
0014
0014
0014
0014
01B2
0033
02F6
0035
0014
0014
0425
0290
02F7
04C5
003B
003C
003D
003E
00B2
0014
00B3
00B4
06E6
069E
01B9
03BF
0140
0309
0047
0048
0037
01F9
06E7
06E8
0193
01FD
004F
02DF
0076
0014
01FE
0054
03FD
017D
0057
0058
0059
0062
0051
0014
005B
0298
005D
06A0
005F
014D
0061
0062
0099
0014
0181
0065
0066
03A2
0359
0069
006A
0115
018A
0014
0116
020B
06E9
0071
06D1
0073
0153
0075
0076
0014
0154
0078
06EA
06EB
0680
0014
027A
06EC
0014
0014
0080
05E3
06ED
035E
00D8
0102
0086
0087
0088
0014
0089
015D
02EA
008C
008D
01DA
008F
0090
0036
0014
0213
0284
0093
0094
0095
0096
0097
0098
00DF
0014
009A
009B
009C
009D
0681
0002
00E5
02EE
06EE
0006
0007
0139
02F1
06EF
00A4
0645
06F0
0321
00ED
0026
00EE
001A
0013
0014
01A9
0014
0002
0014
0014
0014
0014
0026
016B
0018
0019
0014
016C
0002
0002
0014
0014
0014
0002
0020
0024
001D
00A9
001F
0010
0014
0002
0002
0002
0002
0014
001B
001A
0016
00A9
0021
0010
0002
0014
0014
0014
0014
0014
0018
001B
0012
0023
0014
0012
0014
0002
0002
0014
0002
0014
001D
001C
0022
0023
0014
0018
0014
0002
0014
0014
0014
0014
0022
001A
0016
0023
0025
0016
0014
0014
0002
0014
0002
0002
0012
0012
0018
0027
0014
001A
0002
0014
0002
0014
0014
0014
0027
00A7
0016
0027
0014
00AA
0002
0014
0014
0014
0014
0014
0026
002A
0015
0026
0013
0324
0014
0002
0014
0014
0014
0002
0019
01AE
0010
0013
0014
002E
0014
0014
0014
0002
0014
0002
0019
002C
0016
0019
0014
002E
0002
0014
0002
0014
0014
0002
0145
00F3
0441
013E
0036
0014
0037
013F
0503
0687
0223
00B0
0688
02B4
0002
0014
0414
0366
0549
0042
0043
0044
0045
0046
0051
00B0
01DF
0660
004B
004C
0106
004E
01BB
0050
0051
0052
0053
0689
06F1
0608
00AC
003C
00D1
005A
00B2
0014
00C0
026D
041B
032D
004D
0060
0061
04BA
0063
0014
0089
0112
06F2
00C8
0068
00CA
006A
006B
006C
006D
029C
01CC
0070
01CD
0072
02E2
0074
011A
007F
0014
014C
06F3
03A4
06F4
06F5
007C
06F6
06F7
007F
0014
014C
03A7
06F8
06F9
0124
0085
0194
0126
00DF
0052
02A2
0196
06FA
06FB
01D9
008E
06FC
0339
0036
0014
02A3
06FD
06FE
06FF
01FE
0048
0700
015E
0099
0014
02EC
033D
02C6
0701
02A9
0002
0003
044E
0702
0450
0007
0008
04C4
000A
0703
048C
028D
000E
013C
0010
01AA
0012
0013
0014
001E
0014
0014
0002
0014
0014
0014
0016
001B
001E
0027
0014
001A
0002
0014
0014
0002
0002
0002
001B
0024
0022
001E
0019
0022
0014
0002
0014
0002
0002
0014
0024
001E
0022
001F
0014
001B
0014
0014
0014
0014
0014
0014
0022
0020
0022
001F
0014
0022
0014
0014
0014
0014
0014
0014
0022
001C
0015
0019
0014
0016
0014
0002
0014
0014
0014
0014
0024
00A9
0010
0026
0014
0019
0014
0014
0014
0014
0014
0002
0018
001E
0010
0027
0014
00A9
0014
0014
0014
0014
0014
0002
0027
00AA
0704
0014
0014
0373
0014
0014
0014
0014
0014
0014
0026
002C
0018
0014
0014
00A8
0014
0002
0014
0014
0014
0002
0019
002C
0018
0014
0014
002E
0014
0014
0014
0014
0014
0002
0023
01EF
0012
0014
0014
0031
0014
0014
0014
0014
0014
0002
01B2
0033
02F6
00F5
0036
0014
01B4
0290
02F7
04C5
0174
003C
06BC
003E
0002
0014
0365
02FB
06E6
02FD
02FE
0044
00D1
0309
0047
0102
0103
0057
03FA
03FB
0145
0433
004F
0146
0051
0014
0498
0054
0434
0705
01D9
010F
0059
0062
0051
0014
0297
045E
005D
06A0
0677
014D
0706
00FB
0099
0014
03C9
0112
0707
0635
03C9
0069
006A
0115
018A
0014
0116
020B
0708
0071
05FA
0073
030C
063C
007F
0014
042D
0709
06A5
070A
0234
006D
0158
070B
0014
0014
00D6
070C
070D
070E
00D8
0389
070F
0087
0014
0014
0121
0710
0711
0318
008D
00B0
0712
0090
0014
0014
035F
02A4
0713
0714
0214
0096
0715
0716
0014
0014
0133
02A6
0717
0718
03AF
0002
031D
06AA
0005
0006
00E7
0395
0009
0719
071A
0341
0259
02CA
03E1
0026
00EE
0015
0014
0014
00AA
0014
0002
0002
0014
0014
0014
0026
01EA
0018
0019
0014
00A8
0002
0002
0014
0014
0014
0002
0020
001C
001D
00A9
001F
0016
0002
0002
0002
0002
0002
0014
001B
001E
0020
00A9
0021
0010
0002
0014
0002
0014
0014
0014
0018
001B
0012
0023
0014
0012
0014
0002
0002
0014
0002
0014
001D
0024
0022
0023
0014
0018
0014
0002
0014
0002
0014
0014
0010
001A
0016
0023
0025
0016
0014
0014
0002
0014
0002
0002
0018
0012
0018
0026
0014
001A
0002
0014
0002
0014
0014
0014
0027
002F
0016
0027
0014
00AA
0002
0014
0014
0014
0014
0014
0026
02AF
0022
0026
0013
0031
0014
0002
0014
0014
0014
0014
0019
01AE
002D
0027
0014
002E
0014
0014
0014
0002
0014
0014
0019
016F
0030
0019
0014
002E
0002
0014
0002
0014
0014
0002
0145
00F3
071B
0035
0014
0014
042B
013F
0582
0687
0261
00B0
0291
00FB
00B2
0014
003F
0263
02D3
0042
0043
0058
0045
0046
0051
0048
0049
03E5
004B
004C
004D
004E
0108
0050
010A
0052
010B
071C
01C1
0227
00BE
0058
00D1
005A
0099
0014
0229
026D
06AD
032D
005F
0060
0061
0062
0063
0014
00C6
0065
0066
03E9
0068
00CA
006A
006B
006C
006D
00CB
01CC
0070
01CD
029D
00D0
0074
0075
0076
0014
0077
0331
0079
071D
007B
007C
071E
071F
007F
0014
0159
0720
03ED
0721
0084
0085
0722
0126
0088
0052
0091
008A
04BF
0723
006E
008E
00DB
0424
0036
0014
0091
0284
033B
0724
00DC
0048
00DD
0098
0099
0014
00E0
0288
009C
0289
048B
0002
00E5
0004
0725
0450
00E7
01A4
0726
000A
067D
04EA
028D
00EC
0727
0010
01AA
0012
0014
0014
0015
0014
0002
0002
0014
0014
0014
0016
001B
0018
0019
0014
001A
0002
0014
0014
0002
0014
0002
001B
001C
001D
00A9
0019
0016
0014
0002
0014
0002
0002
0014
001B
001E
0016
001F
0014
001B
0002
0014
0014
0014
0014
0014
0022
001D
0022
001F
0014
0022
0014
0002
0002
0014
0002
0014
001D
001C
0022
0019
0014
0016
0014
0002
0014
0014
0014
0014
0024
00A9
0010
0019
0014
0016
0014
0014
0002
0014
0002
0002
0018
001A
0010
0014
0014
0023
0014
0014
0014
0014
0014
0014
0027
01AC
048D
0027
0014
016C
0002
0014
0014
0014
0014
0014
0026
002C
0018
0027
0014
00A8
0014
0002
0014
0014
0014
0014
0019
002C
002D
0027
0014
01B1
0014
0014
0014
0002
0014
0014
0019
013D
0030
0019
0014
002E
0014
0014
0014
0014
0014
0014
01B2
0033
02F6
01F6
0014
0014
00AD
0038
0039
003A
003B
003C
00BF
003E
0002
0014
02FA
0728
06E6
0431
01B9
0058
02FF
0046
007F
0048
0103
0142
0729
072A
0145
05B5
004F
0141
0076
0014
0053
01C0
05B6
05B7
01D9
010F
0059
0062
0051
0014
0297
005C
005D
005E
0677
014D
0306
0062
0099
0014
0181
026F
0307
0308
0359
0069
006A
0115
018A
0014
0391
0638
072B
063A
0277
0073
0232
0189
0014
0014
014C
030E
072C
04A3
0157
006D
072D
04A4
007F
0014
00D6
072E
072F
0641
0730
0389
0731
0087
00DF
0014
0121
0732
0733
0734
0193
00B0
0735
0090
0036
0014
035F
0284
0736
031B
02EB
0096
0737
00C4
0099
0014
0133
0738
0739
009D
0001
0002
009F
023B
0005
0006
0007
0569
0009
073A
00A4
000C
00EB
000E
03E1
0026
00EE
001A
0013
0014
00A8
0014
0002
0002
0014
0014
0014
0026
01EA
0012
0014
0014
00A8
0002
0002
0014
0014
0002
0014
0010
0024
0016
001E
001F
0022
0002
0002
0002
0002
0014
0014
0024
001E
0020
00A9
0021
0010
0002
0014
0002
0014
0014
0014
0022
001B
0012
0019
0014
001E
0014
0002
0014
0014
0002
0014
0021
0024
0018
0023
0014
0018
0014
0002
0014
0002
0014
0014
0018
001A
0016
0023
0025
0016
0014
0014
0002
0014
0002
0002
0018
0012
0018
0026
0014
001A
0002
0014
0002
0014
0014
0002
0027
002F
0016
0014
0014
00AA
0002
0014
0014
0014
0014
0014
0026
02AF
0022
0026
0013
0031
0014
0002
0014
0014
0014
0002
0019
01AE
0010
0013
0014
002E
0014
0014
0014
0014
0014
0002
0023
00A7
0016
0014
0014
0031
0002
0014
0002
0014
0014
0002
0145
00F3
0441
0035
0036
0014
0103
00AE
073B
05C1
0223
00B0
073C
02D7
0014
0014
003F
0040
02D3
0042
0043
0044
0045
0101
0047
00B0
0049
0660
0482
004C
004D
004E
04EC
0050
0051
0052
02B8
00BC
01C1
0419
00BE
0058
00D1
005A
00B2
0014
0303
0204
02BB
061B
0032
0060
0061
0098
0063
0014
00C6
03C6
064A
03E9
0068
00CA
006A
006B
006C
006D
006E
006F
0070
0071
029D
00D0
0074
0075
0076
0014
0154
0078
0079
007A
01CF
007C
0620
02BE
0014
0014
0159
0081
06C8
054F
0084
0085
073D
0189
0088
0052
0091
008A
02C1
0422
0154
008E
073E
012D
0036
0014
0091
02A4
073F
0427
0214
0085
0740
0098
0014
0014
00E0
02A6
0361
0741
0001
0002
0003
0004
02EF
02F0
0007
0165
0742
028B
02F2
01A6
000D
000E
000F
0010
001D
0015
0014
0014
0015
0014
0002
0002
0014
0014
0014
0026
02CC
0012
0019
0014
016C
0002
0002
0014
0002
0002
0002
0024
001C
0016
001E
0014
0016
0002
0002
0002
0002
0002
0014
001B
001E
0020
0021
0021
0022
0002
0014
0002
0014
0014
0014
0022
001D
0012
001F
0014
0022
0014
0014
0014
0014
0002
0014
0018
001C
0018
0023
0014
0016
0014
0002
0014
0002
0014
0014
0024
00A9
0010
0021
0014
0019
0014
0014
0014
0014
0014
0002
0018
0015
0010
0026
0014
00A9
0002
0014
0014
0014
0014
0002
0027
0344
0546
0014
0014
01AF
0014
0014
0014
0014
0014
0014
0026
025B
0743
0027
0014
01B1
0014
0014
0014
0014
0014
0014
0026
02F4
0010
0027
0014
002E
0014
0014
0014
0002
0014
0014
0023
01EF
0016
0019
0014
0031
0014
0014
0014
0014
0014
0014
0184
0033
02F6
0035
0014
0014
0744
0290
034B
034C
02F8
00B0
02D1
003E
0002
0014
0292
00B4
0271
02FD
02FE
0044
0140
0046
0047
0014
0049
01F9
0745
06CF
00BA
0107
004F
02DF
0099
0052
01FE
0302
0351
0352
0057
010F
0059
0062
0051
0014
0229
0204
005D
06D0
005F
0085
0061
0062
0063
0014
0064
0065
0307
0308
0359
00CA
006A
0115
018A
0014
006E
020B
0231
0071
0746
00D0
0306
030D
0076
0014
00AC
018B
0747
007A
0157
006D
020E
0748
0014
0014
0080
0081
0406
02E9
00D8
0102
0749
074A
00DF
0014
0089
0710
074B
038E
008D
01DA
074C
0090
0036
0014
0199
0284
031A
031B
0214
0096
019E
0098
0099
0014
0133
009B
0135
009D
00F0
0002
031D
074D
000F
0006
00E7
0139
0009
00E9
000B
01E8
06D6
074E
074F
0026
00EE
0012
0013
0014
002E
0014
0002
0002
0014
0014
0014
0016
0017
0018
0027
0014
001A
0002
0014
0014
0014
0014
0002
001B
0024
001D
00A9
001F
0022
0014
0002
0014
0002
0002
0014
0024
001A
0016
001F
0014
001B
0002
0014
0014
0014
0014
0014
0022
001B
0022
0023
0014
001E
0014
0002
0002
0014
0014
0014
001D
001C
0022
0019
0014
001E
0014
0002
0014
0014
0014
0014
0022
001A
0016
0023
0025
0016
0014
0014
0002
0014
0002
0002
0018
0012
0018
0027
0014
001A
0014
0014
0002
0014
0014
0014
0027
0028
0016
0027
0014
0029
0002
0014
0014
0014
0014
0014
0026
02AF
0015
0026
0013
002B
0014
0002
0014
0014
0014
0002
0019
002C
002D
0013
0014
002E
0014
0014
0014
0014
0014
0002
0019
016F
0030
0014
0014
002E
0002
0014
0002
0014
0014
0002
0032
00F3
0441
003C
0036
0014
0037
0038
0442
01B6
00F9
003C
003D
0228
0099
0014
0414
0329
0041
0042
01FC
0058
0045
0101
00B7
0048
00F6
0660
0444
04E2
0106
004E
0076
0050
0051
0014
0053
032B
0367
0056
0229
0058
00D1
005A
00B2
0014
0297
005C
00C2
032D
004D
0060
0061
0296
00C5
0014
0127
0112
02BC
02BD
0068
0069
006A
006B
006C
006D
0391
01CC
06AE
066D
0072
0073
0074
0075
007F
0014
0077
0078
0386
06D9
014A
007C
007D
0750
007F
0014
0106
0751
0752
06DD
004D
0085
0086
00C4
0088
0052
0091
008A
0753
0754
0391
008E
008F
0755
0036
0014
0091
033A
0756
033C
00DC
0048
0097
0033
0014
0014
00E0
033D
0757
033E
03DC
0002
0003
0004
02EF
0006
00E7
0008
0742
000A
067D
01A6
000D
00EC
013C
0010
001D
0012
0014
0014
0015
0014
0002
0002
0014
0014
0014
0016
001B
0012
0019
0014
001A
0002
0002
0014
0002
0002
0002
001B
001C
001D
001E
0019
0016
0014
0002
0014
0002
0002
0014
001B
001E
0020
001F
0014
0022
0002
0014
0002
0014
0014
0014
0022
001D
0022
001F
0014
0022
0014
0002
0014
0014
0002
0014
0022
001C
0022
0027
0014
0016
0014
0002
0014
0002
0014
0014
0024
00A9
0010
0026
0014
0019
0014
0014
0014
0014
0014
0002
0018
001E
0010
0026
0014
00A9
0014
0014
0014
0014
0014
0002
0027
00EF
0546
0014
0014
0373
0014
0014
0014
0014
0014
0014
0026
02F4
042A
0027
0014
01AF
0014
0014
0014
0014
0014
0014
0026
025B
0010
0027
0014
002E
0014
0014
0014
0002
0014
0014
0023
0349
0016
0019
0014
0031
0014
0014
0014
0014
0014
0014
0184
0033
02F6
0035
0014
0014
01B4
0290
034B
034C
003B
003C
02F9
003E
0002
0014
02B3
02FB
069D
02FD
02FE
0044
02FF
0046
0047
0102
0103
01F9
0745
0758
0193
0107
004F
02DF
0076
0014
00BB
0054
0351
010E
0057
010F
0059
0062
0051
0014
005B
017F
005D
0759
005F
014D
0306
0062
0099
0014
0111
026F
0307
0308
0359
061D
006A
0115
018A
0014
0184
020B
0449
0071
0277
0073
030C
030D
0076
0014
0106
030E
075A
075B
0157
006D
027A
075C
0014
0014
00D6
072E
075D
075E
00D8
0102
0125
075F
00DF
0014
0089
0710
0760
0761
008D
01DA
012C
0090
0036
0014
0199
0284
0762
031B
0214
0096
0132
0098
0099
0014
0133
009B
0135
009D
0763
0002
031D
0764
00A1
0006
0007
04AD
0009
0544
00A4
01E8
0320
0321
0169
0026
00EE
001A
0013
0014
00A8
0014
0002
0014
0014
0014
0014
0026
01EA
0018
0014
0014
00A8
0002
0002
0014
0014
0014
0014
0020
0024
0016
0023
001F
0022
0002
0002
0002
0002
0014
0014
001D
001A
0010
00A9
0021
001B
0002
0014
0014
0014
0014
0014
0022
001B
0012
0019
0014
001E
0014
0002
0002
0014
0014
0014
001D
0024
0018
0023
0014
0018
0014
0014
0014
0014
0014
0014
0022
001A
0016
0023
0025
0016
0014
0014
0002
0014
0002
0002
0018
0012
0018
0027
0014
001A
0002
0014
0002
0014
0014
0014
0027
01ED
0016
0027
0014
01EE
0002
0014
0014
0014
0014
0014
0026
02AF
0015
0026
0013
0324
0014
0002
0014
0014
0014
0002
0019
002C
002D
0013
0014
002E
0014
0014
0014
0014
0014
0002
0019
016F
0030
0014
0014
002E
0002
0014
0002
0014
0014
0002
0145
00F3
0441
01F6
0036
0014
0103
013F
0328
0687
0223
00B0
0548
02B4
0014
0014
003F
01B8
0549
0042
0043
0058
0045
0101
0051
0048
0049
0660
0482
004C
0106
004E
0051
0050
0051
0052
010B
0765
06F1
03E6
00AC
0058
00D1
005A
00B2
0014
0203
026D
00C2
032D
0766
0060
0061
04BA
0063
0014
00C6
03C6
054D
0485
0068
0069
029B
006B
006C
006D
029C
0185
06AE
0369
029D
00D0
0074
0075
007F
0014
0154
03CD
0079
011E
01CF
007C
018E
02BE
007F
0014
0159
0081
0767
06F9
0084
0085
0211
0189
0088
0052
0091
008A
0768
0769
0184
008E
073E
0339
0036
0014
0091
03AB
076A
076B
00DC
0048
0740
076C
0014
0014
00E0
076D
076E
076F
0217
0002
00E5
0004
044F
0450
0007
0008
0770
000A
0703
02AC
000D
000E
013C
0010
001B
0012
0014
0014
0015
0014
0002
0002
0014
0014
0014
0016
001B
0012
0019
0014
001A
0002
0014
0014
0002
0002
0002
001B
0024
001D
001E
0019
0016
0014
0002
0014
0002
0002
0014
001B
001E
0022
001F
0014
001B
0002
0014
0014
0014
0014
0014
0022
0024
0022
001F
0014
0022
0014
0002
0014
0014
0002
0014
001D
001C
0022
0019
0014
0016
0014
0002
0014
0014
0014
0014
0024
00A9
0010
0026
0014
0019
0014
0014
0002
0014
0002
0002
0018
001E
0010
0026
0014
00A9
0014
0014
0014
0014
0014
0002
0027
00EF
0704
0014
0014
0373
0014
0014
0014
0014
0014
0014
0026
02F4
016D
0027
0014
01AF
0014
0014
0014
0014
0014
0014
0019
025B
0022
0027
0014
01B1
0014
0014
0014
0002
0014
0014
0023
01AE
0022
0019
0014
0031
0014
0014
0014
0014
0014
0014
01B2
0033
02F6
00F5
0014
0014
00AD
03F5
034B
034C
0174
003C
0771
003E
0002
0014
02B3
04C8
069D
0772
02FE
0044
02FF
0046
0047
0102
0103
01BC
0729
0773
0106
0107
004F
02DF
0051
0014
0268
0774
0351
010E
01D9
0296
0059
0062
0051
0014
005B
045E
005D
0180
004D
014D
0306
0062
0099
0014
0111
02B3
0307
0775
0359
00CA
006A
0115
018A
0014
0116
049F
0151
0118
0277
0073
0232
0189
0076
0014
0468
04D0
035A
04A3
0234
006D
0158
04A4
0014
0014
00D6
0776
0777
0778
0084
0389
0779
04A7
00DF
0014
0121
02D2
077A
077B
012B
00B0
077C
0090
0036
0014
035F
077D
077E
077F
010B
0096
0287
0098
0099
0014
0133
0780
0135
0136
0001
0002
009F
023B
0005
0006
00E7
04AD
0009
040B
071A
000C
0320
04F4
0169
0026
016A
001A
0013
0014
00A8
0014
0002
0014
0014
0014
0014
0026
01EA
0018
0014
0014
00A8
0002
0002
0014
0014
0014
0014
0020
001C
0016
0023
001F
0022
0002
0002
0002
0002
0014
0014
001D
001A
0020
00A9
0021
0010
0002
0014
0002
0014
0014
0014
0022
001B
0012
0023
0014
001E
0014
0002
0002
0014
0002
0014
0021
0024
0018
0023
0014
0018
0014
0002
0014
0002
0014
0014
0018
001A
0016
0023
0025
0016
0014
0014
0002
0014
0002
0014
0018
0012
0018
0027
0014
001A
0002
0014
0002
0014
0014
0002
0027
01ED
0016
0027
0014
01EE
0002
0014
0014
0014
0014
0014
0026
02AF
0022
0026
0013
0031
0014
0002
0014
0014
0014
0002
0019
002C
002D
0013
0014
002E
0014
0014
0014
0014
0014
0002
0019
002F
0030
0014
0014
002E
0002
0014
0002
0014
0014
0002
0145
00F3
0410
0035
0036
0014
0103
013F
0411
0687
00AF
00B0
073C
0058
0014
0014
003F
00B4
0549
0481
0043
0058
0045
0101
0051
0048
0049
0142
0482
004C
0193
004E
0418
0050
010A
0052
0116
0248
01C1
0227
022E
0058
00D1
005A
0002
0014
0203
026D
00C2
032D
005F
0060
0061
04BA
0063
0014
00C6
0065
054D
0485
0068
0069
029B
006B
006C
006D
00CB
006F
06AE
03EB
029D
00D0
0074
0075
007F
0014
0077
0078
0079
007A
007B
007C
018E
02BE
007F
0014
0159
0720
03ED
054F
00D8
0085
0211
0420
0088
0052
0091
04FF
04E7
0781
0032
008E
0212
0488
0036
0014
0091
0092
0426
0782
00DC
0048
0740
015E
0014
0014
00E0
00E1
015F
0783
048B
0002
00E5
0004
0784
0006
00E7
0165
04C4
000A
067D
048C
000D
00EC
013C
0010
001D
0012
0014
0014
0015
0014
0002
0002
0014
0014
0014
0016
001B
0012
0019
0014
001A
0002
0002
0014
0002
0002
0002
001B
0024
001D
001E
0026
0016
0014
0002
0014
0002
0002
0014
001B
001E
0022
001F
0014
0022
0002
0014
0002
0014
0014
0014
001E
001D
0022
001F
0014
0022
0014
0002
0014
0014
0002
0014
001D
001C
0022
0027
0014
0016
0014
0002
0014
0002
0014
0014
0024
00A9
0010
0021
0014
0019
0014
0014
0014
0014
0014
0002
0018
001E
0010
0026
0014
00A9
0014
0014
0014
0014
0014
0002
0027
00EF
048D
0014
0014
00F1
0014
0014
0014
0014
0014
0014
0026
02F4
016D
0027
0014
01AF
0014
0014
0014
0014
0014
0014
0019
025B
002D
0027
0014
01B1
0014
0014
0014
0002
0014
0014
0023
01EF
0030
0019
0014
0031
0014
0014
0014
0014
0014
0014
0184
0033
02F6
0035
0014
0014
01B4
0172
02F7
04C5
003B
003C
0785
003E
0002
0014
0786
05B0
0787
0788
02FE
0044
02FF
0046
0047
0048
0103
01F9
0729
0789
0193
0433
004F
02DF
0076
0014
00BB
017B
0434
017D
0057
010F
0059
0062
0051
0014
005B
017F
005D
06D0
005F
014D
0306
0062
0099
0014
0181
0112
0560
078A
0359
0273
006A
0115
018A
0014
0184
049F
030A
04A1
0277
0073
0232
0189
0076
0014
014C
030E
035A
04A3
0234
007C
0158
075C
0014
0014
00D6
078B
078C
04D2
00D8
00B0
04A6
075F
00DF
0014
0121
0710
078D
0623
008D
00B0
04A8
0090
0036
0014
0199
01DC
078E
0407
0095
0096
078F
0098
0099
0014
0133
03AE
0542
04AC
0001
0002
009F
023B
0005
0006
0007
0139
0009
0790
00A4
01E8
06D6
0321
02AE
0026
00EE
001A
0013
0014
002E
0014
0002
0014
0014
0014
0014
0026
0322
0018
0014
0014
002E
0002
0002
0014
0014
0014
0002
0020
001C
0010
0023
001F
0022
0002
0002
0002
0002
0014
0014
0024
001A
0020
00A9
0021
001B
0002
0014
0014
0014
0014
0014
0022
001B
0012
0019
0014
001E
0014
0002
0002
0014
0014
0014
0021
001C
0018
0023
0014
0018
0014
0002
0014
0014
0014
0014
0022
001A
0016
0023
0025
0016
0014
0014
0002
0014
0002
0014
0018
0012
0018
0027
0014
001A
0002
0014
0002
0014
0014
0002
0013
01ED
0016
0027
0014
01EE
0002
0014
0014
0014
0014
0014
0026
02AF
0022
0026
0013
0324
0014
0002
0014
0014
0014
0002
0019
01A8
0010
0013
0014
0326
0014
0014
0014
0014
0014
0002
0026
00A7
0022
0014
0014
002E
0002
0014
0002
0014
0014
0002
0145
00F3
0441
01F6
0036
0014
0103
013F
0328
0687
0223
00B0
051A
0228
0014
0014
003F
0040
05D6
0042
0043
0058
0045
0101
0051
00B0
0049
0660
0791
04E2
0106
004E
0051
0050
0051
0052
010B
00BC
0792
03E6
00AC
0058
00D1
005A
00B2
0014
0203
026D
00C2
032D
03E8
0060
0061
0296
0063
0014
00C6
0065
0793
0794
0068
0069
029B
006B
006C
006D
00CB
006F
0070
03EB
029D
00D0
0074
0075
007F
0014
0154
0078
0079
007A
007B
007C
018E
02BE
007F
0014
0159
020F
03ED
054F
0084
0085
0211
0189
0088
0052
0091
008A
0795
0796
01B2
008E
0797
037D
0036
0014
0091
0092
0798
0799
0184
0048
079A
02D6
0014
0014
00E0
00E1
079B
079C
048B
0002
00E5
0004
044F
0450
0007
0008
04C4
000A
0703
04EA
000D
000E
013C
0010
001D
0015
0014
0014
0015
0014
0002
0002
0014
0014
0014
0016
001D
0012
0019
0014
001A
0002
0002
0014
0002
0002
0002
001B
0024
001D
001E
0019
0016
0014
0002
0014
0002
0002
0014
001B
001E
0022
001F
0021
001B
0002
0014
0014
0014
0014
0014
001E
0024
0012
001F
0014
0022
0014
0002
0014
0014
0002
0014
001D
001C
0022
0019
0014
0016
0014
0002
0014
0014
0014
0014
0024
00A9
0010
0026
0014
0019
0014
0014
0014
0014
0014
0002
0018
001E
0010
0026
0014
00A9
0014
0014
0014
0014
0014
0002
0027
00EF
048D
0014
0014
0373
0014
0014
0014
0014
0014
0014
0026
025B
016D
0027
0014
01AF
0014
0014
0014
0014
0014
0002
0019
025B
0010
0027
0014
002E
0014
0014
0014
0002
0014
0002
0023
0349
0016
0019
0014
0031
0014
0014
0014
0014
0014
0002
01B2
0033
02F6
00F5
0014
0014
0221
03F5
02F7
04C5
0174
003C
06BC
003E
0002
0014
0553
079D
079E
079F
02FE
0044
0232
0046
0047
0102
0159
0617
07A0
07A1
0106
0433
004F
0146
0051
0052
0498
0774
0434
045D
0384
02D6
0059
02D7
0051
0014
005B
045E
07A2
07A3
004D
014D
0706
0062
0099
0014
055E
0182
07A4
07A5
0359
0273
006A
0115
018A
0014
0116
049F
06E9
04A1
0277
0073
0232
0189
0076
0014
0468
04D0
035A
04A3
0234
006D
0158
070B
0014
0014
00D6
0776
0777
0564
0084
0389
038A
04A7
00DF
0014
0121
07A6
0711
07A7
008D
00B0
07A8
0090
0036
0014
035F
07A9
0713
07AA
010B
0096
0715
0098
0099
0014
02EC
07AB
07AC
07AD
0001
0002
009F
023B
0005
0006
00E7
04AD
0009
07AE
071A
000C
0545
04F4
03E1
0026
00EE
0012
0013
0014
00A8
0014
0002
0014
0014
0014
0014
0026
0322
0018
0014
0014
00A8
0002
0002
0014
0014
0014
0014
0020
001C
0016
0023
001F
0022
0002
0002
0002
0002
0014
0014
0024
001A
0020
00A9
0014
0010
0002
0014
0002
0014
0014
0014
0022
001B
0022
0014
0014
001E
0014
0002
0002
0014
0002
0014
0021
001B
0018
0023
0014
0018
0014
0014
0014
0002
0014
0014
0022
001A
0016
0023
0025
0016
0014
0014
0002
0014
0002
0014
0018
0012
0018
0027
0014
001A
0002
0014
0002
0014
0014
0002
0027
01ED
0016
0027
0014
01EE
0002
0014
0014
0014
0014
0014
0026
02AF
0022
0026
0013
0031
0014
0002
0014
0014
0014
0014
0019
002C
002D
0013
0014
002E
0014
0014
0014
0014
0014
0014
0019
00A7
0030
0014
0014
002E
0002
0014
0002
0014
0014
0002
0145
00F3
0441
0035
0036
0014
0103
013F
0442
07AF
00AF
00B0
073C
02B4
0014
0014
003F
00B4
0549
0481
0043
0058
0045
0101
0051
0048
0049
0142
0482
004C
0193
004E
0051
0050
010A
0014
0116
0248
01C1
0227
022E
0058
00D1
005A
0014
0014
0203
026D
00C2
005E
005F
0060
0061
04BA
0063
0014
0064
0065
054D
0485
0068
0069
029B
006B
006C
006D
00CB
006F
0070
03EB
029D
00D0
0074
0075
018A
0014
0077
0078
0079
007A
007B
007C
018E
02BE
007F
0014
0159
020F
03ED
054F
00D8
0085
0211
0189
0088
0052
0091
04FF
07B0
07B1
01B2
008E
07B2
0339
0036
0014
0091
07B3
07B4
07B5
00DC
0048
07B6
076C
0014
0014
009A
07B7
07B8
07B9
048B
0002
00E5
0004
03F1
0450
00E7
0165
07BA
047B
00EA
048C
00EB
00EC
07BB
0019
016A
0012
0014
0014
00AA
0014
0002
0002
0014
0014
0014
0016
0017
0012
0019
0014
001A
0002
0002
0014
0002
0014
0002
001B
0024
001D
00A9
001F
0016
0014
0002
0014
0002
0002
0014
001B
001E
0016
001F
0021
0010
0002
0014
0014
0014
0014
0014
0012
001B
0022
0023
0014
0012
0014
0002
0014
0014
0002
0014
0022
001B
0022
0027
0014
0016
0014
0002
0014
0014
0014
0014
0024
00A9
0016
0021
0025
0018
0014
0014
0014
0014
0002
0002
0018
001E
0010
0026
0014
00A9
0014
0014
0014
0014
0014
0014
0027
03E2
062A
0014
0014
0029
0002
0014
0014
0014
0014
0014
0026
01B0
0022
0026
0013
01AF
0014
0002
0014
0014
0014
0014
0019
01AE
0010
0027
0014
01B1
0014
0014
0014
0002
0014
0014
0019
01EF
0022
0019
0014
002E
0014
0014
0014
0014
0014
0014
0032
02DA
07BC
01C3
0014
0014
01B4
0172
07BD
00F8
003B
003C
060D
00FB
0002
0014
0553
07BE
062D
07BF
0043
0044
026C
0046
007F
00B0
00F6
01F9
0729
07C0
005B
0433
0418
0267
0076
0052
0498
010C
07C1
07C2
01D9
010F
0059
02D7
0002
0014
005B
017F
045F
07C3
014C
014D
0354
0062
0099
0014
055E
0188
0560
078A
0064
0273
006A
0115
018A
006D
0391
01CC
030A
04A1
07C4
0073
0074
0189
0076
0014
0106
030E
04D1
04A3
014A
007C
007D
07C5
0014
0014
02E3
0081
07C6
027D
00D8
00B0
038A
0420
00DF
0052
0121
07C7
0129
07C8
07C9
00B0
07CA
0424
0036
0014
07CB
0566
07CC
07CD
07CE
00B0
07CF
0098
0099
0014
067B
07D0
07D1
07D2
0001
0002
0003
023B
00E6
0006
0007
0543
0009
07D3
00A4
01E8
05E8
000E
000F
0010
01AA
001E
0013
0014
001A
0014
0014
0002
0014
0014
0014
0026
0453
0018
0014
0014
0326
0002
0002
0014
0014
0002
0002
0020
001C
0016
001E
0019
0022
0002
0002
0002
0002
0014
0014
0024
001E
0020
0023
0014
001B
0002
0014
0002
0014
0014
0014
0022
0024
0012
001F
0014
0022
0014
0002
0002
0014
0002
0014
001D
001C
0015
0023
0014
0018
0014
0002
0014
0002
0014
0014
0016
001A
0010
0023
0014
0016
0014
0014
0002
0014
0002
0002
0018
0012
0018
0027
0014
001A
0002
0014
0002
0014
0014
0002
0013
01ED
0018
0027
0014
016E
0002
0014
0014
0014
0014
0014
0026
002A
0022
0013
0014
0031
0014
0002
0014
0014
0014
0002
0019
002C
002D
0013
0014
002E
0014
0014
0014
0014
0014
0002
0023
00A7
0030
0014
0014
0324
0002
0014
0002
0014
0014
0002
00AC
0033
0034
0035
0036
0014
0103
013F
0039
003A
0223
00B0
0548
003E
0014
0014
003F
0040
0549
0042
01B9
0058
0045
0101
0047
0048
0049
03E5
0482
004C
004D
004E
004F
0050
0051
0014
010B
00BC
0055
00BD
00BE
0058
00D1
005A
0051
0014
0203
014A
00C2
005E
005F
0060
0061
00C4
0063
0014
0064
0065
054D
0485
00C9
0069
029B
006B
006C
0014
006E
03EA
0070
03EB
029D
00D0
00D1
0075
018A
0014
0154
0078
0079
007A
0157
007C
020E
007E
007F
0014
0080
0252
0082
0083
0084
0085
0211
0087
0088
0014
0091
008A
008B
008C
0154
008E
07D4
0090
0036
0014
0091
0092
0093
0094
0095
0096
07D5
015E
0014
0014
009A
009B
015F
04E9
0001
0002
0003
0004
07D6
0006
00E7
0008
02F1
000A
021C
07D7
000D
00EC
000F
0010
001D
001E
0013
0014
0015
0014
0002
0002
0014
0014
0014
0016
001B
0012
0019
0014
001A
0002
0002
0014
0002
0002
0002
001B
001C
001D
001E
001F
0016
0002
0002
0014
0002
0002
0014
001B
001E
0022
001F
0014
001B
0002
0014
0002
0014
0014
0014
0015
001B
0012
001F
0014
0022
0014
0002
0014
0014
0002
0014
001D
001C
0022
0023
0014
0016
0014
0002
0014
0002
0014
0014
0024
001A
0010
0023
0014
0016
0014
0014
0014
0014
0014
0002
0018
001E
0010
0026
0014
00A9
0014
0014
0014
0014
0014
0002
0027
00EF
048D
0014
0014
0373
0014
0014
0014
0014
0014
0014
0027
025B
016D
0027
0014
01AF
0014
0014
0014
0014
0014
0014
0026
025B
07D8
0027
0014
01B1
0014
0014
0014
0002
0014
0014
0026
04B4
07D9
0019
0014
01B1
0014
0014
0014
0014
0014
0014
01B2
0033
02F6
0035
0036
0014
07DA
0290
02F7
04C5
02F8
003C
04C6
003E
0002
0014
04C7
00B4
0787
02FD
02FE
0044
0140
0046
0179
0048
0037
01F9
0745
06CF
00BA
0433
004F
07DB
0051
0014
01FE
0302
0434
0200
0057
010F
0059
0062
0051
0014
0229
00FC
005D
06D0
005F
014D
0061
0062
0063
0014
0181
0065
07DC
0308
066A
01CB
006A
0115
006C
0014
0116
020B
0186
0071
049B
0073
0306
030D
0076
0014
042D
07DD
0747
075B
0157
006D
0405
07DE
0014
0014
0106
072E
0406
04D2
00D8
0389
01D4
07DF
00DF
0014
0121
07E0
07E1
038E
0032
01DA
02C3
07E2
0036
0014
035F
07E3
043C
031B
02EB
0096
07E4
07E5
0099
0014
0133
043E
07E6
009D
00F0
0002
031D
07E7
0005
0006
0007
04AD
0009
07E8
00EA
000C
06D6
000E
0440
0026
00EE
0012
0014
0014
00A8
0014
0002
0002
0014
0014
0014
0026
016B
0018
0027
0014
016C
0002
0002
0014
0014
0014
0014
0024
0024
0016
001E
0014
0022
0014
0002
0002
0002
0002
0014
0024
00A9
0020
00A9
0021
0010
0002
0014
0014
0014
0014
0014
0022
0024
0022
0019
0014
0015
0014
0002
0002
0014
0014
0014
0021
001B
0018
0027
0014
001E
0014
0014
0014
0014
0014
0014
0010
00A9
0016
0019
0025
0018
0014
0014
0002
0014
0002
0002
0018
0012
0018
0027
0014
001A
0002
0014
0002
0014
0014
0014
0027
01ED
0016
0027
0014
01EE
0002
0014
0014
0014
0014
0014
0026
02AF
0022
0026
0013
0324
0014
0002
0014
0014
0014
0002
0019
002C
0010
0013
0014
002E
0014
0014
0014
0014
0014
0002
0023
016F
0022
0014
0014
0031
0002
0014
0002
0014
0014
0002
0032
00F3
0441
017E
0014
0014
0037
0038
0442
01B6
00F9
00B0
0647
02B4
0099
0014
0414
0329
07E9
0042
0043
0058
0045
0101
0047
0014
01DF
0660
0444
04E2
0106
004E
0063
0050
007F
0052
0053
032B
07EA
0056
025C
0058
00D1
005A
00B2
0014
0297
005C
00C2
032D
0193
0060
0061
00C4
00C5
0014
0089
0112
014E
0656
0068
0069
006A
006B
00C5
006D
029C
03CA
0151
01CD
0072
057A
0074
0075
018A
0014
0077
03CD
00D2
011E
01CF
007C
018E
03A6
007F
0014
0080
0081
0236
06DD
0084
0085
00D9
0335
0088
0052
0091
008A
03A8
0487
012B
008E
0253
037D
0036
0014
0091
033A
051E
033C
02B8
0085
0254
0102
0014
0014
00E0
0134
07EB
033E
03DC
0002
0003
0004
07EC
0006
00E7
0165
0520
000A
07ED
048C
000D
00EC
0727
0010
001D
001A
0014
0014
001E
0014
0002
0002
0014
0014
0014
0016
001D
0012
0027
0014
001A
0002
0002
0014
0002
0002
0002
001B
0024
001D
001E
001F
0016
0014
0002
0014
0002
0002
0014
001D
001E
0022
001F
0021
001B
0002
0014
0002
0014
0014
0014
001E
001B
001E
001F
0014
0022
0014
0002
0014
0014
0002
0014
001D
0024
0022
0019
0014
0016
0014
0002
0014
0002
0014
0014
0024
00A9
0010
0021
0014
0026
0014
0014
0014
0014
0014
0002
0018
001E
0010
0026
0014
00A9
0014
0014
0014
0014
0014
0002
0027
03E2
048D
0014
0014
0029
0002
0014
0014
0014
0014
0014
0026
025B
016D
0027
0014
01AF
0014
0014
0014
0014
0014
0014
0019
025B
002D
0027
0014
01B1
0014
0014
0014
0002
0014
0014
0019
042A
0030
0019
0014
002E
0014
0014
0014
0014
0014
0014
01B2
0033
02F6
0035
0014
0014
0744
0290
02F7
04C5
003B
003C
02F9
003E
0002
0014
0786
02FB
0787
02FD
02FE
0044
039C
0309
0179
0048
00F6
01F9
07EE
06CF
0193
0433
004F
0267
0051
0052
01FE
0054
0434
017D
0057
010F
0059
02D7
0051
0014
005B
017F
07EF
07F0
005F
014D
039C
0062
0099
0014
0221
0188
07F1
078A
0562
0273
006A
0115
018A
0014
01D9
020B
030A
0071
07C4
0073
0232
030D
0076
0014
0106
030E
07F2
075B
026D
007C
0158
075C
0014
0014
0106
01D1
078C
04D2
00D8
00B0
038A
07DF
00DF
0014
0121
07C7
07E1
038E
0423
00B0
07F3
0090
0036
0014
035F
07F4
07F5
07F6
02EB
0096
07F7
0098
0099
0014
02EC
07F8
07F9
04AC
0763
0002
031D
07FA
0005
0006
0007
0139
0009
07FB
00A4
01E8
07FC
000E
03E1
0026
00EE
0012
0013
0014
00AA
0014
0002
0002
0014
0014
0014
0026
01EA
0018
0019
0014
002E
0002
0014
0014
0014
0014
0002
0020
001C
0010
001E
0019
0018
0002
0002
0002
0002
0014
0014
001B
00A9
0020
0023
0014
0010
0002
0014
0014
0014
0014
0014
0022
0024
0022
0019
0014
0012
0014
0002
0002
0014
0014
0014
0021
001C
0018
0023
0014
0018
0014
0002
0014
0014
0014
0014
0010
001A
0016
0023
0025
0016
0014
0014
0002
0014
0002
0014
0018
0012
0018
0027
0014
001A
0002
0014
0002
0014
0014
0014
0013
01ED
0016
0027
0014
016E
0002
0014
0014
0014
0014
0014
0026
02AF
0022
0026
0013
0324
0014
0002
0014
0014
0014
0002
0019
01A8
0010
0013
0014
002E
0014
0014
0014
0014
0014
0002
0023
07FD
0022
0014
0014
0031
0002
0014
0002
0014
0014
0002
0145
00F3
0441
01F6
0036
0014
0037
013F
0442
047F
0223
00B0
051A
02B4
0099
0014
003F
0263
07FE
0042
0043
0058
0045
0046
0047
0102
0049
0660
004B
04E2
0106
004E
0063
0050
010A
0014
0053
07FF
0792
03E6
00AC
0058
00D1
005A
00B2
0014
00C0
014A
00C2
005E
03E8
0060
0061
00C4
0063
0014
0064
0065
014E
0656
0068
0069
029B
006B
006C
006D
006E
0368
0070
01CD
029D
00D0
0074
0075
018A
0014
0154
03CD
0079
011E
007B
007C
018E
02BE
007F
0014
0080
020F
0191
041F
0084
0085
00D9
0189
0088
0052
0091
008A
04BF
0800
0801
008E
0802
012D
0036
0014
0091
0092
0803
0489
02B8
0085
0804
02D6
0014
0014
009A
009B
0805
04E9
048B
0002
00E5
0004
044F
0450
0007
0165
0770
000A
0703
04EA
000D
000E
013C
0010
001D
0015
0014
0014
0015
0014
0002
0002
0014
0014
0014
0016
001D
0012
0019
0014
001A
0002
0002
0014
0002
0002
0002
001B
0024
001D
001E
0026
0016
0014
0002
0014
0002
0002
0014
001B
001E
0022
001F
0021
001B
0002
0014
0014
0014
0014
0014
001E
0024
0012
001F
0014
0022
0014
0002
0014
0014
0002
0014
0022
0024
0022
0019
0014
0016
0014
0002
0014
0014
0014
0014
0024
00A9
0010
0026
0014
0019
0014
0014
0014
0014
0014
0002
0018
001E
0010
0026
0014
00A9
0014
0014
0014
0014
0014
0002
0027
00EF
048D
0014
0014
00F1
0014
0014
0014
0014
0014
0014
0026
025B
016D
0027
0014
01AF
0014
0014
0014
0014
0014
0002
0019
025B
002D
0027
0014
002E
0014
0014
0014
0002
0014
0002
0023
02D0
0030
0019
0014
0031
0014
0014
0014
0014
0014
0002
01B2
0033
02F6
00F5
0014
0014
0221
0614
02F7
04C5
0174
003C
06BC
003E
0002
0014
0553
0366
079E
079F
02FE
0044
0232
0046
0047
0048
0159
004A
0806
0807
0106
0433
004F
0146
0076
0052
0268
0618
0434
045D
0384
010F
0059
02D7
0051
0014
005B
045E
07EF
0808
0193
014D
0706
0062
0099
0014
055E
0536
07A4
078A
0359
0273
006A
0115
018A
0014
0384
049F
072B
04A1
0277
0073
030C
0189
0076
0014
042D
04D0
0809
04A3
0234
006D
0158
070B
0014
0014
00D6
080A
0777
0564
0084
0389
038A
04A7
00DF
0014
0121
080B
0711
07A7
008D
00B0
07A8
0090
0036
0014
035F
080C
0713
080D
0095
0096
0715
0098
0099
0014
02EC
07AB
07AC
080E
0001
0002
009F
02AA
0005
0006
00E7
0543
0009
07AE
071A
000C
047D
04F4
03E1
0026
00EE
0012
0013
0014
00A8
0014
0002
0014
0014
0014
0014
0026
0322
0018
0014
0014
00A8
0002
0002
0014
0014
0014
0002
0020
001C
0016
00A9
001F
0010
0002
0002
0002
0002
0014
0014
0024
001A
0020
00A9
0014
0010
0002
0014
0002
0014
0014
0014
0022
001B
0022
0014
0014
001E
0014
0002
0002
0014
0002
0014
001D
001C
0018
0023
0014
0018
0014
0002
0014
0002
0014
0014
0022
001A
0016
0023
0025
0016
0014
0014
0002
0014
0002
0002
0018
0012
0018
0027
0014
001A
0002
0014
0002
0014
0014
0002
0027
01ED
0016
0027
0014
01EE
0002
0014
0014
0014
0014
0014
0026
02AF
0022
0026
0013
0031
0014
0002
0014
0014
0014
0014
0019
002C
0010
0013
0014
002E
0014
0014
0014
0014
0014
0014
0019
00A7
0022
0014
0014
002E
0002
0014
0002
0014
0014
0002
0145
00F3
0441
0035
0036
0014
042B
013F
0442
047F
00AF
00B0
073C
02B4
0014
0014
003F
00B4
0549
0481
0043
0058
0045
0101
01BB
00B0
0049
0417
0482
004C
0193
004E
01BB
0050
0051
0014
0116
0248
01C1
0227
022E
0058
00D1
005A
0014
0014
00C0
026D
00C2
005E
005F
0060
0061
04BA
0063
0014
0064
0065
054D
00C8
0068
0069
029B
006B
006C
006D
006E
006F
0070
03EB
029D
00D0
0074
0075
018A
0014
0077
0078
0079
007A
007B
007C
018E
02BE
007F
0014
0159
020F
0191
041F
00D8
0085
0211
0189
0088
0052
0091
080F
04BF
0800
01B2
008E
0810
012D
0036
0014
0091
07B3
07B4
0811
0184
0048
0812
076C
0014
0014
009A
07B7
0813
0814
