// Healthy Ranges — Index Table (level 1 of two-level lookup)
// Addr = node_idx * 279 + feature_idx  (15 bits)
// Data = pair_id (12 bits, stored as 16-bit)
// Depth: 27621 (99 nodes x 279 features)
// Populated: 27621, Unique pairs: 2128 (incl. sentinel at id=0)
//
0001
0002
0003
0004
0005
0006
0007
0008
0009
000A
000B
000C
000D
000E
000F
0010
0011
0012
0013
0014
0015
0014
0002
0002
0014
0014
0014
0016
0017
0018
0019
0014
001A
0002
0002
0014
0002
0002
0002
001B
001B
001C
001D
001E
0016
0002
0002
0002
0002
0002
0014
001B
001A
001F
001E
0014
001B
0002
0014
0002
0014
0014
0014
001C
001B
0020
0021
0014
0012
0014
0002
0002
0014
0002
0014
001C
0022
0020
0021
0014
0016
0014
0002
0014
0002
0002
0014
0023
001E
0016
0021
0024
0016
0014
0014
0002
0002
0002
0002
0018
0012
0025
0010
0014
001A
0002
0014
0002
0014
0014
0002
0026
0027
0016
0026
0014
0028
0002
0014
0014
0014
0014
0014
0010
0029
0020
0010
0013
002A
0014
0002
0014
0014
0014
0014
0019
002B
002C
0026
0014
002D
0014
0014
0014
0002
0014
0014
0021
002E
002F
0019
0014
002A
0002
0014
0002
0014
0014
0002
0030
0031
0032
0033
0034
0014
0035
0036
0037
0038
0039
003A
003B
003C
0002
0014
003D
003E
003F
0040
0041
0042
0043
0044
0045
0046
0047
0048
0049
004A
004B
004C
004D
004E
004F
0014
0050
0051
0052
0053
0048
0054
0055
0056
0002
0014
0057
0058
0059
005A
005B
005C
005D
005C
005E
0014
005F
0060
0061
0062
0063
0064
0065
0066
0067
0068
0069
006A
006B
006C
006D
006E
006F
0070
0071
0014
0072
0073
0074
0075
0076
0077
0078
0079
007A
0014
007B
007C
007D
007E
007F
0080
0081
0082
0083
0084
0085
0086
0087
0088
0089
008A
008B
008C
0034
0014
008D
008E
008F
0090
0091
0080
0092
0093
0094
0014
0095
0096
0097
0098
0099
0002
009A
009B
009C
0006
009D
009E
0009
009F
00A0
00A1
00A2
000E
00A3
0010
002B
00A4
0013
0014
0015
0014
0014
0002
0014
0014
0014
0010
00A5
001A
0019
0014
00A6
0002
0002
0014
0002
0014
0014
001B
001B
001C
0019
001E
0016
0002
0002
0002
0002
0014
0014
001B
001A
0016
001E
0014
001B
0002
0014
0002
0014
0014
0014
001C
001B
0018
0021
0014
0012
0014
0002
0014
0014
0002
0014
001C
001B
0020
0019
0014
001D
0014
0002
0014
0002
0014
0014
0020
001E
0025
0021
0014
0016
0014
0014
0002
0014
0002
0002
0018
0012
0018
0010
0014
001A
0014
0014
0002
0014
0014
0002
0014
002E
0012
0014
0014
0015
0002
0014
0014
0014
0014
0014
0010
00A7
0018
0010
0013
00A8
0014
0014
0014
0014
0014
0014
0019
00A9
002C
0026
0014
002D
0014
0014
0014
0014
0014
0014
0010
002E
002F
0026
0014
002D
0002
0014
0002
0014
0014
0014
00AA
0031
00AB
0033
0034
0014
00AC
00AD
0037
00AE
00AF
00B0
00B1
0054
00B2
0014
00B3
003E
00B4
00B5
00B6
00B7
0043
0044
00B8
0046
0047
00B9
00BA
00BB
00BC
00BD
004D
004E
004F
0014
00BE
00BF
00C0
00C1
00C2
0054
00C3
0056
0002
0014
00C4
00C5
00C6
00C7
00C8
008A
005D
005C
00C9
0014
00CA
00CB
00CC
00CD
00CE
00CF
0065
00D0
0067
0014
00D1
00D2
00D3
006C
00D4
00D5
00D6
0070
0071
0014
0072
0073
00D7
00D8
00D9
0014
00DA
0079
0014
0014
00DB
00DC
00DD
007E
007F
0080
00DE
0082
0083
0084
00DF
00E0
00E1
00E2
0030
008A
00E3
00E4
0034
0014
008D
008E
008F
00E5
005B
0046
00E6
00E7
00E8
0014
00E9
00EA
00EB
00EC
00ED
0002
00EE
0004
00EF
00F0
00F1
00F2
00F3
00F4
000B
00F5
000D
00F6
00F7
0010
00F8
0012
0014
0014
00F9
0014
0002
0002
0014
0014
0014
0016
0017
0018
0026
0014
001A
0002
0002
0014
0014
0002
0002
001F
0023
0016
001D
0019
0018
0014
0002
0014
0002
0002
0014
0023
001A
001F
0021
0014
0025
0002
0014
0014
0014
0014
0014
0020
001C
0020
00FA
0014
00A4
0014
0002
0002
0014
0002
0014
0020
0022
0018
0021
0014
0016
0014
0002
0014
0014
0002
0014
0023
00FB
0016
0019
0024
0018
0014
0014
0002
0002
0002
0002
0012
00A4
0025
0026
0014
00FB
0002
0014
0014
0014
0014
0002
0026
00FC
00FD
0026
0014
00FE
0014
0014
0014
0014
0014
0014
0010
002B
0020
0013
0014
00A6
0014
0002
0014
0014
0014
0014
0019
002B
0025
0013
0014
002D
0014
0014
0014
0002
0014
0014
0021
00FF
0016
0019
0014
002A
0014
0014
0014
0014
0014
0002
0030
0031
0100
0101
0014
0014
0102
0036
0103
0104
0105
003A
0106
003C
0002
0014
0107
0108
003F
0109
010A
0042
010B
010C
0045
010D
010E
0048
010F
0110
0111
004C
0112
0113
005E
0014
0114
0115
0052
0053
0116
0117
0055
0118
0094
0014
0057
0058
0119
005A
011A
005C
011B
003C
005E
0014
011C
011D
011E
011F
005F
0064
0120
0066
00C9
0068
0121
0122
0123
0124
0125
006E
006F
0126
007A
0014
0127
0128
0129
012A
012B
0077
0078
012C
007A
0014
00DF
007C
012D
012E
012F
00B0
0130
0131
00E8
0014
0132
0133
0134
0135
0136
00B0
0137
008C
0034
0014
0138
0139
013A
013B
013C
0080
013D
0093
0094
0014
013E
013F
0140
0141
0001
0002
0142
0143
0144
0006
0007
0008
0009
0145
0146
000C
0147
000E
0148
0010
00F8
001A
0013
0014
0149
0014
0002
0002
0014
0014
0014
0010
014A
00A4
0019
0014
014B
0002
0002
0014
0002
0014
0002
001B
0023
001C
001D
0019
0025
0014
0002
0014
0002
0002
0014
001B
001A
0016
001E
0014
001B
0002
0014
0014
0014
0014
0014
0020
0016
0012
0021
0014
0012
0014
0002
0014
0014
0014
0014
001C
0022
0020
0021
0014
0016
0014
0002
0014
0014
0002
0014
0023
00FB
0016
0019
0024
0012
0014
0014
0002
0002
0002
0002
0012
001D
0025
0026
0014
00FB
0014
0014
0014
0014
0014
0002
0013
014C
0016
0014
0014
014D
0002
0014
0014
0014
0014
0014
0010
0029
0012
0010
0013
00F9
0014
0002
0014
0014
0014
0014
0019
014E
002C
0014
0014
002D
0014
0014
0014
0014
0014
0014
0021
002B
002F
0014
0014
002A
0002
0014
0002
0014
0014
0002
0030
0031
014F
0101
0034
0014
0150
0036
0151
0038
0152
00B0
0153
003C
0034
0014
0154
0155
0156
0157
00B6
00B7
0158
0044
0045
0046
012F
0048
0159
015A
0111
004C
0112
008C
0071
0014
015B
0051
015C
0053
015D
0054
0055
0101
0094
0014
0057
0058
015E
015F
0160
008A
0161
003C
005E
0014
00CA
011D
0162
0163
005F
0064
0065
0066
00C9
0068
0069
0164
0165
0166
0167
0168
011B
0070
0169
0014
016A
0073
0074
016B
016C
016D
016E
016F
0014
0014
00AA
007C
0170
0171
012F
0172
0173
0131
0083
0084
0174
0175
0087
0176
0116
008A
0177
008C
0014
0014
008D
0178
0179
017A
0091
0080
017B
0093
0014
0014
00E9
017C
0140
017D
017E
0002
017F
0180
0181
0182
0183
0184
0185
000A
0186
0187
0188
0189
018A
0010
002B
0012
0014
0014
00A6
0014
0002
0002
0014
0014
0014
0016
018B
0018
0026
0014
001A
0002
0002
0014
0014
0002
0002
0023
001B
0016
001D
001E
0016
0002
0002
0002
0002
0002
0014
001C
001A
001F
0021
0014
0025
0002
0014
0002
0014
0014
0014
001C
001B
0020
0021
0014
00A4
0014
0002
0002
0014
0002
0014
0020
0022
0018
0026
0014
001D
0014
0014
0014
0002
0014
0014
0016
001E
0025
0021
0014
0016
0014
0014
0014
0014
0002
0002
0018
0012
0018
0010
0014
001A
0002
0014
0002
0014
0014
0002
0026
018C
018D
0026
0014
018E
0002
0014
0014
0014
0014
0014
0010
018F
0020
0026
0014
00A6
0014
0014
0014
0014
0014
0014
0019
0190
0018
0026
0014
002D
0014
0014
0014
0002
0014
0014
0019
002E
0012
0019
0014
002D
0014
0014
0014
0014
0014
0014
0191
0031
0192
0033
0014
0014
0193
0194
0195
0196
0197
003A
0198
0054
0002
0014
0199
019A
019B
0040
019C
0042
0043
010C
0120
00B0
0035
0048
0049
004A
00BC
019D
004D
004E
004F
0014
0050
019E
019F
01A0
0048
0117
01A1
0056
0002
0014
00C4
01A2
0059
01A3
005B
005C
005D
005C
00C9
0014
01A4
0060
01A5
0062
00CE
00CF
0045
01A6
0067
0014
015D
01A7
01A8
01A9
006D
006E
006F
01AA
0071
0014
0160
01AB
01AC
012A
0076
0077
0078
01AD
007A
0014
007B
01AE
007D
007E
007F
0080
0081
0082
00E8
0014
0085
00E0
01AF
01B0
0030
0046
008B
00E4
0034
0014
01B1
01B2
008F
00E5
013C
00B0
0092
0054
0094
0014
013E
01B3
00EB
00EC
01B4
0002
01B5
01B6
01B7
0006
01B8
01B9
01BA
00F4
01BB
01BC
01BD
000E
0148
0010
0029
0012
0013
0014
0015
0014
0002
0002
0014
0014
0014
0016
018B
0018
0019
0014
001A
0002
0002
0014
0014
0002
0014
001B
001B
001C
001D
0014
0025
0014
0002
0002
0002
0014
0014
001B
001A
0025
001E
0014
001B
0002
0014
0014
0014
0014
0014
001C
001F
0020
0021
0014
0012
0014
0002
0002
0014
0014
0014
001C
001B
0020
0019
0014
001D
0014
0002
0014
0014
0014
0014
0020
00FB
0020
0019
0014
0016
0014
0014
0002
0014
0002
0002
0018
0012
0018
0026
0014
001A
0014
0014
0014
0014
0014
0002
0026
0027
0018
0026
0014
018E
0002
0014
0014
0014
0014
0014
0010
0029
0018
0010
0013
002A
0014
0014
0014
0014
0014
0014
0019
00A9
0025
0013
0014
002D
0014
0014
0014
0014
0014
0014
0021
002B
0016
0019
0014
00F9
0002
0014
0002
0014
0014
0014
0191
00B0
01BE
01BF
0034
0014
01C0
01C1
01C2
01C3
0197
003A
01C4
01C5
0002
0014
01C6
01C7
01C8
01C9
0041
0042
0158
0044
0045
0014
0102
01CA
01CB
01CC
0111
00BD
01CD
004E
0071
0014
0050
01CE
01CF
01D0
0136
0054
01A1
01D1
0094
0014
00C4
01D2
01D3
01D4
011A
005C
01D5
003C
00C9
0014
01D6
01D7
01D8
01D9
01DA
00CF
0065
01DB
01DC
0014
0121
01DD
01DE
01DF
01E0
006E
011B
0070
0169
0014
016A
0073
0074
01E1
016C
0068
01E2
01E3
007A
0014
00DB
01E4
00DD
01E5
012F
0172
01E6
0131
0083
0084
00DF
01E7
01E8
01E9
01EA
008A
01EB
008C
0034
0014
008D
01EC
01ED
01EE
013C
0080
01EF
0093
0094
0014
00E9
01F0
01F1
01F2
0001
0002
0003
0143
00EF
00F0
01F3
01F4
01F5
01F6
01F7
01F8
01F9
01FA
00A3
0010
0011
00A4
0014
0014
00F9
0014
0002
0002
0014
0014
0014
0010
01FB
00A4
0013
0014
00A6
0002
0002
0014
0002
0014
0002
0023
0023
0016
00FB
001E
0016
0002
0002
0014
0002
0002
0014
0023
001A
001F
0021
0014
0025
0002
0014
0002
0014
0014
0014
0020
001B
0018
0021
0014
00A4
0014
0002
0014
0014
0002
0014
0018
0022
00A4
0021
0014
0016
0014
0002
0014
0002
0002
0014
0023
001E
0016
0021
0024
0016
0014
0014
0002
0002
0002
0002
0018
00A4
0025
0010
0014
00FB
0002
0014
0002
0014
0014
0002
0026
01FC
00FD
0014
0014
014D
0002
0014
0014
0014
0014
0014
0010
014E
0020
0026
0014
002D
0014
0002
0014
0014
0014
0014
0010
002B
002C
0026
0014
002D
0014
0014
0014
0002
0014
0014
0019
002E
002F
0026
0014
00A6
0014
0014
0014
0014
0014
0002
0030
0031
0032
0033
0014
0014
010E
0036
01FD
0104
0152
00B0
01FE
003C
00B2
0014
003D
003E
0156
01FF
0197
0200
0043
010C
004F
0046
0047
0048
0201
0202
004B
004C
004D
0113
004F
0014
01EA
0051
0052
0053
0203
0117
0055
0056
0002
0014
0057
0058
0204
005A
00C8
0205
005D
005C
005E
0014
005F
0060
0162
0206
0063
0064
0207
0066
0067
0068
00D1
006A
006B
006C
0208
00D5
006F
0209
0071
0014
020A
01AB
020B
0075
0076
0077
020C
020D
0014
0014
020E
020F
0210
0211
007F
0080
0212
0082
00E8
0014
0213
00E0
0214
0088
0030
0046
0215
00E4
0034
0014
0216
008E
008F
0090
005B
00B0
0217
0218
00E8
0014
013E
00EA
0097
0219
021A
0002
021B
021C
021D
021E
0007
00F2
021F
0220
0221
0222
0223
000E
000F
0010
00FF
00A4
0013
0014
00F9
0014
0014
0002
0014
0014
0014
0016
0023
001D
0026
0014
001A
0002
0002
0014
0014
0014
0002
0023
001B
001C
001D
001E
0018
0002
0002
0014
0002
0002
0014
0023
001A
0016
00FB
0014
0025
0002
0014
0014
0014
0014
0014
001C
001B
0012
0021
0014
001D
0014
0002
0014
0014
0002
0014
0020
0022
0020
0026
0014
0016
0014
0002
0014
0014
0002
0014
0016
0021
0025
0021
0014
0016
0014
0014
0014
0014
0014
0002
0018
0012
0025
0010
0014
001A
0002
0014
0014
0014
0014
0002
0014
0224
018C
0014
0014
0028
0002
0014
0014
0014
0014
0014
0026
0225
0226
0013
0014
00A6
0014
0014
0014
0014
0014
0014
0010
0225
002C
0013
0014
0227
0014
0014
0014
0002
0014
0014
0021
00A5
002F
0014
0014
00F9
0002
0014
0002
0014
0014
0014
0228
010D
014F
0229
0034
0014
022A
022B
022C
01C3
00AF
003A
003B
022D
0094
0014
011C
0155
003F
022E
0107
0042
00D6
022F
0045
0046
012F
0230
0231
0232
0233
004C
00B8
004E
0002
0014
0234
0235
0052
0236
0114
0117
0055
005C
0083
0014
00C4
01A2
0119
0237
0238
005C
0161
005C
0094
0014
0239
023A
0061
023B
00CE
023C
0065
0066
0067
0014
00D1
006A
006B
023D
006D
006E
006F
0209
0071
0014
020A
01AB
023E
0075
0076
0014
0078
023F
0014
0014
00DB
0240
00DD
0241
007F
0242
0081
0243
00E8
0014
0244
0086
0245
0246
0116
010D
008B
0247
0034
0014
0248
008E
0249
0090
0091
0080
0092
0093
0014
0014
024A
0096
024B
024C
024D
0002
00EE
0004
0005
0006
024E
009E
024F
0250
0146
00F5
0251
00F6
0252
0010
0011
0012
0014
0014
0015
0014
0002
0014
0014
0014
0014
0010
014A
0018
0019
0014
014B
0002
0002
0014
0002
0002
0014
001B
0023
0016
001D
0010
0016
0014
0002
0002
0002
0002
0014
001B
001A
001F
001E
0014
001B
0002
0014
0002
0014
0014
0014
0020
001C
0020
0021
0014
0012
0014
0002
0002
0014
0002
0014
001C
0022
0018
0021
0014
0018
0014
0002
0014
0002
0014
0014
0023
001E
0016
0010
0024
0012
0014
0014
0002
0002
0002
0002
0018
001D
0025
0026
0014
00FB
0014
0014
0002
0014
0014
0002
0026
014C
0016
0026
0014
0253
0014
0014
0014
0014
0014
0014
0010
0029
0020
0010
0013
00F9
0014
0002
0014
0014
0014
0014
0019
002B
0025
0026
0014
002D
0014
0014
0014
0014
0014
0014
0019
0254
0020
0019
0014
00A6
0014
0014
0014
0014
0014
0002
0030
0031
0192
0033
0014
0014
0035
0036
01FD
0104
0152
00B0
0255
003C
0002
0014
003D
0256
0257
0258
00BC
00B7
0043
0044
0120
0068
0035
0259
00BA
0202
004B
025A
004D
008C
004F
0014
0050
025B
025C
025D
00C2
0054
00D6
0056
0002
0014
0057
0058
025E
005A
0030
0205
005D
00E7
005E
0014
01A4
025F
0260
0261
005F
0064
0207
01DB
01DC
0068
0121
0262
01DE
0263
0264
00D5
00D6
0070
007A
0014
0116
0265
00D7
0266
0267
0077
0268
0269
007A
0014
020E
007C
0210
007E
007F
0080
026A
0082
0083
0084
026B
026C
0087
026D
026E
008A
026F
008C
0034
0014
008D
0270
0271
0272
0069
0046
0273
00E7
0094
0014
0095
0274
0275
017D
01B4
0002
00EE
0004
0005
0006
0276
0277
01BA
000A
0278
00F5
0279
00F6
0252
0010
00FF
00A4
0014
0014
027A
0014
0002
0002
0014
0014
0014
0016
0023
00A4
0026
0014
0019
0014
0014
0014
0002
0014
0002
0023
001B
0016
00FB
001E
0020
0014
0002
0002
0002
0002
0014
001C
001A
0016
00FB
0014
0025
0002
0014
0014
0014
0014
0014
001C
001B
0018
00FA
0014
001D
0014
0002
0014
0014
0002
0014
001C
001B
00A4
0026
0014
001D
0014
0002
0014
0014
0002
0014
0016
001E
0025
0019
0014
0016
0014
0014
0014
0002
0002
0002
0018
001A
0025
0010
0014
0021
0014
0014
0014
0014
0014
0014
0026
00FC
018C
0014
0014
00FE
0014
0014
0014
0014
0014
0014
0010
027B
027C
0010
0013
00A6
0014
0014
0014
0014
0014
0014
0010
027B
0025
0014
0014
002D
0014
0014
0014
0002
0014
0014
0010
00FF
0020
0019
0014
00A6
0014
0014
0014
0014
0014
0014
027D
00B0
027E
0033
0014
0014
0035
027F
0280
0281
0197
003A
0282
003C
0002
0014
0154
0283
0284
0285
0286
00B7
0158
0287
01CD
00B0
008D
0048
0288
0289
0233
010C
004D
028A
004F
0014
028B
028C
028D
028E
027D
0054
028F
0056
0094
0014
00C4
0290
0291
0292
0160
0293
01D5
005C
0034
0014
00AC
011D
0260
0294
00CE
0295
0065
00D0
01DC
0014
0228
0262
0296
0297
006D
006E
0298
0070
0071
0014
0072
0073
0299
01E1
029A
0068
029B
029C
0014
0014
020E
007C
029D
029E
007F
0080
029F
02A0
0083
0084
011A
02A1
02A2
026D
015D
0046
02A3
008C
0014
0014
0174
02A4
02A5
02A6
02A7
010D
01EF
0218
0094
0014
00E9
0274
02A8
02A9
0001
0002
021B
02AA
02AB
02AC
01B8
0008
02AD
02AE
000B
0222
0188
000E
000F
0010
0011
0012
0013
0014
0149
0014
0002
0014
0014
0014
0014
00FB
02AF
0018
0019
0014
02B0
0002
0002
0014
0014
0002
0002
001B
0023
001C
001D
0019
0016
0002
0002
0014
0002
0002
0014
001B
001E
001F
001E
0014
001B
0002
0014
0002
0014
0014
0014
0020
001F
0020
0021
0014
0012
0014
0002
0002
0014
0002
0014
0020
0022
0020
0021
0014
0016
0014
0002
0014
0002
0014
0014
0023
00FB
0016
0021
0024
0016
0014
0014
0002
0014
0002
0002
00A4
0012
0025
0026
0014
001A
0002
0014
0002
0014
0014
0002
0026
014C
0016
0026
0014
014D
0002
0014
0014
0014
0014
0014
0010
0029
0012
0026
0014
00F9
0014
0002
0014
0014
0014
0014
0019
002B
002C
0026
0014
002D
0014
0014
0014
0014
0014
0014
0021
002E
002F
0026
0014
00F9
0002
0014
0002
0014
0014
0002
0030
0031
0032
02B1
0034
0014
02B2
022B
02B3
02B4
0105
0293
02B5
0054
00B2
0014
02B6
003E
02B7
0040
0107
0042
0043
0044
0045
0046
0047
0259
0049
004A
004B
004C
02B8
004E
0071
0014
0114
0051
0052
0053
0048
02B9
0055
02BA
0002
0014
0057
02BB
0119
02BC
005B
005C
005D
003C
005E
0014
005F
00CB
0061
0062
005F
0064
0207
0066
0067
0068
00D1
006A
006B
023D
02BD
02BE
006F
0126
007A
0014
02BF
01AB
0129
0075
0076
0077
020C
0079
007A
0014
026E
02C0
007D
02C1
007F
0172
02C2
0082
00E8
0014
0213
0086
00E1
0246
0089
008A
00E3
00E4
0034
0014
02C3
0178
008F
0090
0091
0080
00E6
0093
00E8
0014
02C4
0096
02C5
0098
02C6
0002
0003
0180
009C
0006
02C7
009E
0009
000A
02C8
000C
02C9
02CA
0252
0010
0011
00A4
0013
0014
027A
0014
0002
0002
0014
0014
0014
0016
0017
0018
0026
0014
001A
0002
0002
0014
0002
0014
0014
001F
0023
0025
0021
001E
0016
0014
0002
0002
0002
0014
0014
001C
001A
0016
0021
0014
001B
0002
0014
0014
0014
0014
0014
0020
001B
0018
0021
0014
001D
0014
0002
0002
0014
0014
0014
0020
0023
0018
0019
0014
001D
0014
0002
0014
0014
0014
0014
0020
001E
0016
0021
0024
0016
0014
0014
0002
0002
0002
0002
0018
00A4
0018
0026
0014
00FB
0002
0014
0002
0014
0014
0002
0026
0027
0016
0026
0014
0028
0002
0014
0014
0014
0014
0014
0010
0029
00FB
0010
0013
002A
0014
0002
0014
0014
0014
0014
0019
002B
002C
0026
0014
002D
0014
0014
0014
0014
0014
0014
0019
002E
002F
0019
0014
00A6
0002
0014
0002
0014
0014
0002
0111
0031
00AB
0033
0034
0014
0035
02CB
0037
00AE
00AF
003A
003B
0054
0002
0014
003D
003E
01C8
02CC
00B6
0054
0043
02CD
007A
0046
0047
0048
02CE
02CF
0111
00BD
004D
004E
007A
0014
0050
02D0
02D1
02D2
02D3
0054
028F
0056
0002
0014
00C4
016C
00C6
0292
0160
0293
005D
005C
00C9
0014
00CA
0060
02D4
02D5
0063
0064
0207
01DB
0067
0068
00D1
02D6
02D7
006C
006D
006E
00D6
0070
0169
0014
0116
0073
0074
0075
029A
0068
01E2
0079
007A
0014
020E
02D8
02D9
02DA
007F
0080
0081
0082
0083
0084
0174
00E0
00E1
02DB
02DC
008A
008B
00E4
0034
0014
008D
008E
008F
00E5
005B
0046
0092
0093
0094
0014
00E9
00EA
024B
024C
02DD
0002
00EE
02DE
02DF
02AC
0007
00F2
00F3
02E0
000B
02E1
000D
000E
000F
0010
002B
0012
0014
0014
0149
0014
0002
0002
0014
0014
0014
00FB
02E2
00A4
0019
0014
002D
0002
0002
0014
0014
0002
0002
001B
001B
001C
001D
0019
0025
0002
0002
0014
0002
0002
0014
001B
001A
001F
001E
0014
0025
0002
0014
0002
0014
0014
0014
001C
001C
0020
0021
0014
0012
0014
0014
0014
0014
0002
0014
001C
0022
0020
0021
0014
0016
0014
0002
0014
0002
0002
0014
0023
00FB
0025
0010
0014
0012
0014
0014
0014
0014
0014
0002
0018
0012
0025
0010
0014
001A
0014
0014
0014
0014
0014
0002
0026
02E3
02E3
0014
0014
002A
0002
0014
0014
0014
0014
0014
0010
02E4
02E5
0014
0014
0227
0014
0014
0014
0014
0014
0014
0010
02E6
0018
0014
0014
002D
0014
0014
0014
0002
0014
0014
0021
02E7
0018
0014
0014
00F9
0014
0014
0014
0014
0014
0014
02E8
0031
014F
0101
0014
0014
02B2
02E9
02EA
02EB
013C
0293
02EC
003C
0034
0014
019C
02ED
0156
0109
019C
0042
010B
0044
0045
010D
010E
0048
02EE
01CC
004B
004C
0112
019D
004F
0014
01EA
025B
02EF
0053
0048
02B9
0055
0118
0094
0014
0057
01A2
0119
01A3
005B
005C
011B
00E7
005E
0014
011C
011D
01A5
02F0
02F1
00CF
0065
0066
01DC
0014
0228
02F2
02F3
02F4
02F5
00B7
006F
02F6
0071
0014
020A
02F7
02F8
02F9
012B
0077
020C
02FA
0014
0014
00DB
02FB
007D
02FC
026E
00B0
02FD
02FE
0014
0014
0085
0133
02FF
0300
01EA
0301
0302
008C
0014
0014
01B1
0139
0303
0304
013C
0080
0305
0218
0014
0014
013E
0306
0140
0141
0001
0002
0003
0307
0308
0309
030A
030B
030C
030D
030E
030F
0147
00F6
000F
0010
002B
0012
0014
0014
002A
0014
0002
0002
0014
0014
0014
0016
001B
001D
0026
0014
001A
0002
0002
0014
0002
0014
0002
001B
001B
0016
001D
0019
0020
0002
0002
0014
0002
0002
0014
0023
001E
001F
001E
0014
001B
0014
0014
0002
0014
0014
0014
001C
001C
0020
0021
0014
00A4
0014
0002
0014
0014
0002
0014
0020
0022
00A4
0021
0014
0016
0014
0002
0014
0002
0014
0014
0016
00FB
0025
00FA
0014
0012
0014
0014
0002
0002
0014
0014
0012
001D
0018
0010
0014
0021
0014
0014
0014
0014
0014
0002
0026
00FC
018D
0014
0014
00FE
0014
0014
0014
0014
0014
0014
0010
02E4
0310
0013
0014
027A
0014
0014
0014
0014
0014
0014
0019
0311
002C
0013
0014
002D
0014
0014
0014
0002
0014
0014
0021
0254
002F
0014
0014
002A
0014
0014
0014
0014
0014
0014
02E8
0031
0032
0101
0014
0014
0138
022B
0312
0313
0244
003A
0314
0054
0002
0014
0315
0155
019B
0157
0316
022D
010B
010C
0045
0046
026B
0048
0317
0318
00BC
025A
02B8
0113
0071
0014
01EA
0235
02D1
01A0
0203
0117
0055
0118
0002
0014
0319
031A
031B
01A3
00C8
0205
011B
005C
005E
0014
01A4
011D
031C
031D
00CE
022F
0065
0066
01DC
0014
0228
00D2
031E
031F
00D4
006E
0320
0209
0071
0014
0160
02F7
0321
0322
029A
0077
029B
01AD
0014
0014
00DB
0323
0324
0325
007F
00B0
0130
0326
00E8
0014
0085
0327
0328
0329
0089
00B0
032A
008C
0034
0014
02C3
008E
032B
032C
0091
0080
013D
0093
0014
0014
013E
017C
032D
017D
01B4
0002
032E
02DE
009C
0006
0007
009E
0009
0250
000B
000C
0188
032F
0252
0010
0011
00A4
0013
0014
0149
0014
0002
0014
0014
0014
0014
00FB
02AF
0018
0019
0014
002D
0002
0014
0014
0014
0002
0014
001F
001C
001C
001D
001E
0016
0014
0002
0002
0002
0002
0014
001B
001A
0016
0021
0014
0025
0002
0014
0014
0014
0014
0014
0020
001B
0018
0021
0014
0012
0014
0002
0002
0014
0014
0014
001C
001C
0020
0026
0014
001D
0014
0002
0014
0014
0002
0014
0023
001E
0016
0021
0024
0016
0014
0014
0002
0014
0002
0002
0018
0012
0025
0026
0014
001A
0002
0014
0002
0014
0014
0002
0014
014C
0016
0026
0014
014D
0002
0014
0014
0014
0014
0014
0010
0330
0012
0010
0013
00A8
0014
0002
0014
0014
0014
0014
0019
0331
0025
0026
0014
0332
0014
0014
0014
0014
0014
0014
0010
0333
0020
0019
0014
0332
0002
0014
0002
0014
0014
0002
0030
0031
0334
0033
0034
0014
0035
0036
0037
0335
0105
0293
02B5
003C
00B2
0014
003D
019A
0156
0040
0041
0042
0043
0044
0120
00B0
0047
01CA
0049
004A
0336
004C
004D
004E
004F
0014
0050
0337
015C
0053
0116
0054
01A1
0056
0083
0014
0057
0058
0059
0292
011A
005C
005D
00E7
00E8
0014
00CA
025F
0061
0062
005F
0064
0207
02F6
0067
0068
00D1
02F2
02F3
0338
0339
00D5
006F
0070
0169
0014
0116
033A
0074
012A
0290
0014
020C
033B
007A
0014
020E
02D8
033C
033D
033E
0080
00DE
033F
0083
0084
0340
00E0
0341
0342
0343
008A
0344
0345
0034
0014
0346
0347
0348
0349
013C
0046
034A
00E7
0094
0014
0336
013F
0097
034B
0001
0002
0003
021C
034C
00F0
034D
034E
034F
02AE
00A0
01F8
0251
000E
0252
0010
002B
0012
0014
0014
0227
0014
0002
0002
0014
0014
0014
0026
0350
0018
0014
0014
014B
0002
0002
0014
0002
0014
0002
001B
001B
001C
00FB
0019
0020
0014
0002
0002
0002
0002
0014
0023
001A
0016
001E
0014
001B
0014
0014
0014
0014
0014
0014
001C
001C
0020
0021
0014
00A4
0014
0002
0002
0014
0002
0014
001C
0022
0020
0021
0014
0018
0014
0002
0014
0014
0014
0014
0016
0021
0025
00FA
0014
0016
0014
0014
0014
0002
0014
0002
0018
001A
0018
0010
0014
0021
0014
0014
0014
0014
0014
0002
0013
0351
018D
0026
0014
0352
0014
0014
0014
0014
0014
0014
0013
018F
0018
0024
0014
0353
0014
0014
0014
0014
0014
0014
0014
0354
0025
0014
0014
0355
0014
0014
0014
0002
0014
0014
0026
0356
0016
0014
0014
027A
0014
0014
0014
0014
0014
0002
00AA
010D
0357
0101
0014
0014
020E
00AD
0358
0359
0244
0077
035A
0054
0014
0014
003D
003E
035B
035C
0316
022D
035D
00B7
01CD
010D
0047
0230
035E
0318
00AA
004C
02B8
028A
004F
0014
0121
00BF
0052
035F
0360
0117
0361
0362
0002
0014
0319
031A
0363
0364
0365
008A
005D
005C
005E
0014
00CA
0060
031C
031D
0366
00CF
0065
02F6
01DC
0014
0069
0164
006B
0367
006D
00D5
0298
0209
0071
0014
0160
02F7
0368
0322
029A
016D
0369
029C
007A
0014
00DF
007C
036A
029E
007F
016D
02C2
0082
00E8
0014
00DF
00E0
0214
0088
004B
0014
0344
008C
0014
0014
036B
008E
008F
036C
0069
036D
034A
036E
0014
0014
0138
036F
02C5
0098
017E
0002
0370
0004
0005
0006
00F1
009E
0009
000A
000B
0371
0188
00F6
000F
0010
0011
00A4
0013
0014
0015
0014
0002
0014
0014
0014
0014
0016
0017
00A4
0019
0014
001A
0002
0002
0014
0014
0002
0014
001F
0023
0016
001D
001E
0016
0002
0002
0014
0002
0002
0014
001B
001A
001F
0021
0014
0025
0002
0014
0002
0014
0014
0014
0020
001B
0018
0014
0014
0012
0014
0002
0014
0014
0002
0014
0020
0023
0018
0026
0014
0016
0014
0002
0014
0002
0002
0014
0023
001E
0016
0021
0024
0016
0014
0014
0002
0014
0002
0002
0012
0012
0025
0026
0014
001A
0002
0014
0002
0014
0014
0002
0026
0027
0016
0014
0014
0028
0002
0014
0014
0014
0014
0014
0010
0029
0020
0010
0013
002A
0014
0002
0014
0014
0014
0014
0019
002B
002C
0026
0014
02B0
0014
0014
0014
0014
0014
0014
0021
00A5
002F
0019
0014
00A8
0002
0014
0002
0014
0014
0014
0030
0031
0372
0033
0034
0014
00AC
0036
0037
0335
0105
003A
003B
003C
0002
0014
0373
0374
01C8
0040
0041
0042
0043
0044
0045
0046
010E
01CA
0049
004A
004B
00BD
004D
004E
005E
0014
00BE
025B
0375
025D
0048
0054
0055
0056
0014
0014
0057
0058
0059
005A
005B
005C
005D
003C
0094
0014
01A4
0376
0061
0062
005F
0064
0207
0066
0067
0068
0377
0378
0379
01A9
037A
006E
006F
0070
0169
0014
016A
033A
0074
012A
0076
0077
0078
0079
0014
0014
00DB
037B
00DD
033D
007F
0080
029F
02F6
0083
0084
026B
037C
0341
037D
0114
008A
032A
0345
0034
0014
0174
0347
0179
032C
0091
0080
013D
0093
0094
0014
0095
013F
0275
037E
037F
0002
01B5
0380
0005
0006
0381
0382
0009
000A
0383
000C
0384
0385
00A3
0010
0386
0012
0013
0014
027A
0014
0002
0014
0014
0014
0014
0016
001B
001A
0026
0014
001A
0014
0002
0014
0002
0014
0014
0023
001B
0025
0026
001E
0012
0002
0002
0014
0002
0014
0014
0023
001A
001F
0021
0014
001B
0014
0014
0002
0014
0014
0014
001C
001B
0020
0021
0014
00A4
0014
0002
0014
0014
0002
0014
0020
0022
001D
0019
0014
001A
0014
0002
0014
0002
0002
0014
0023
001E
0025
0026
0014
00FA
0014
0014
0014
0002
0002
0002
0018
001A
0025
0010
0014
0021
0014
0014
0014
0014
0014
0014
0013
00FC
018C
0014
0014
0387
0014
0014
0014
0014
0014
0014
0010
014E
0020
0010
0013
00A6
0014
0002
0014
0014
0014
0014
0019
002B
0025
0014
0014
002D
0014
0014
0014
0014
0014
0014
0019
002E
0020
0014
0014
00A6
0002
0014
0002
0014
0014
0002
0233
0077
0388
0033
0034
0014
0197
0389
038A
038B
0244
003A
038C
0054
0094
0014
003D
038D
0284
038E
00B6
038F
035D
022D
00B2
00B0
0047
0230
0390
0391
015D
0392
004D
0393
0094
0014
0394
0395
0396
00C1
0397
0054
0120
0056
0002
0014
0319
0398
0399
039A
00C8
0293
005D
0117
00C9
0014
005F
0060
039B
039C
01C0
0064
0065
01A6
00E8
0014
00D1
039D
039E
01A9
0339
006E
0320
0070
0071
0014
039F
0265
03A0
01E1
029A
016D
029B
020D
0014
0014
00DB
01E4
03A1
03A2
03A3
0080
029F
0082
0083
0084
0085
03A4
03A5
03A6
0030
0046
032A
00E4
0014
0014
008D
03A7
03A8
03A9
0121
00B0
013D
00E7
0014
0014
0095
03AA
03AB
03AC
0001
0002
0003
0004
03AD
02AC
01B8
0008
02AD
03AE
000B
03AF
000D
000E
00F7
0010
00F8
001A
0014
0014
0149
0014
0002
0002
0014
0014
0014
00FB
02AF
0018
0019
0014
014B
0002
0002
0014
0014
0002
0002
001B
0023
001C
001D
0019
0016
0014
0002
0002
0002
0002
0014
001B
001A
0016
001E
0014
0025
0002
0014
0014
0014
0014
0014
00A4
001C
0012
0021
0014
0012
0014
0002
0002
0014
0002
0014
001C
0022
0020
0021
0014
0016
0014
0002
0014
0014
0014
0014
0020
00FB
0016
0021
0024
0016
0014
0014
0002
0014
0002
0002
0012
0012
0018
0026
0014
001A
0002
0014
0002
0014
0014
0002
0026
002E
0016
0026
0014
0015
0002
0014
0014
0014
0014
0014
0010
0029
0018
0026
0014
00F9
0014
0002
0014
0014
0014
0014
0019
018F
002C
0026
0014
002D
0014
0014
0014
0002
0014
0014
0021
002B
002F
0019
0014
00F9
0014
0014
0014
0014
0014
0014
0030
0031
03B0
0101
0014
0014
01DA
0036
03B1
0038
0105
0293
02B5
003C
0002
0014
00C5
0155
0156
0040
0107
0042
0043
0044
0045
0046
0102
0048
0049
004A
0111
004C
0112
004E
004F
0014
0050
0051
015C
0053
0116
03B2
0055
02BA
0094
0014
03B3
0058
03B4
03B5
011A
005C
005D
005C
005E
0014
03B6
011D
0061
0062
0063
00CF
0207
0066
0067
0068
0228
006A
006B
023D
03B7
0218
006F
0126
01DC
0014
0160
01AB
03B8
0075
0076
0077
020C
016F
007A
0014
00DF
020F
03B9
007E
007F
0172
00DE
0131
00E8
0014
00E9
0086
0087
0088
0116
008A
00E3
008C
0034
0014
03BA
008E
0348
0090
0091
0080
00E6
0093
0094
0014
03BB
0096
0097
0098
0001
0002
03BC
021C
03BD
0006
0381
034E
01BA
000A
03BE
00F5
0147
03BF
000F
0010
0190
0012
0013
0014
027A
0014
0014
0014
0014
0014
0014
0016
001B
001D
0014
0014
001A
0002
0002
0014
0002
0002
0002
001B
001B
001C
001D
001E
0020
0002
0002
0014
0002
0002
0014
0023
001A
001F
001E
0014
0025
0014
0014
0002
0014
0014
0014
001C
001B
0020
0021
0014
00FB
0014
0002
0014
0014
0002
0014
001C
0022
0020
0021
0014
0018
0014
0002
0014
0002
0002
0014
0023
001E
0025
0021
0014
0016
0014
0014
0014
0002
0002
0002
0018
001D
0025
0010
0014
0021
0014
0014
0002
0014
0014
0002
0014
00FC
018C
0014
0014
0387
0014
0014
0014
0014
0014
0014
0010
0225
03C0
0024
0014
00A6
0014
0014
0014
0014
0014
0014
0019
03C1
0025
0014
0014
0227
0014
0014
0014
0002
0014
0014
0019
0254
0016
0014
0014
00A6
0002
0014
0002
0014
0014
0014
03C2
0077
03C3
0033
0034
0014
0102
00AD
03C4
03C5
0244
003A
0198
0054
0014
0014
003D
003E
0284
02CC
0365
022D
0043
02CD
0120
00B0
03B6
0230
03C6
03C7
00D1
019D
004D
03C8
004F
0014
01EA
02D0
0396
00C1
0397
0054
03C9
0056
0002
0014
0319
0398
03CA
03CB
00C8
0293
005D
003C
005E
0014
01A4
0060
03CC
02D5
03CD
00CF
0065
01A6
0067
0014
0377
0164
03CE
006C
0339
006E
00D6
0070
0071
0014
016A
0073
00D7
00D8
029A
0014
03CF
020D
0014
0014
00DB
020F
0210
0211
007F
0242
03D0
03D1
0083
0014
0085
03D2
03D3
03D4
0030
00B0
032A
00E4
0014
0014
0174
03D5
03A8
03D6
027D
00B0
013D
0093
0014
0014
0095
00EA
03D7
03D8
03D9
0002
01B5
0004
0005
02AC
01B8
009E
02AD
03DA
000B
0222
03DB
000E
00F7
0010
00F8
001E
0014
0014
0149
0014
0002
0002
0014
0014
0014
00FB
02AF
0018
0019
0014
00A6
0002
0014
0014
0014
0014
0014
0023
0023
0016
001D
0010
0016
0014
0002
0002
0002
0002
0014
001B
001A
0016
00FB
0014
001B
0002
0014
0014
0014
0014
0014
001D
001C
0012
00FA
0014
0012
0014
0002
0002
0014
0014
0014
0020
0023
0018
0019
0014
0016
0014
0002
0014
0014
0014
0014
0016
00FB
0016
00FA
0024
0018
0014
0014
0002
0014
0002
0002
0012
0012
0018
0026
0014
001A
0002
0014
0014
0014
0014
0014
0026
014C
0016
0026
0014
014D
0002
0014
0014
0014
0014
0014
0010
0029
0020
0010
0013
00F9
0014
0002
0014
0014
0014
0014
0019
002B
002C
0026
0014
002D
0014
0014
0014
0014
0014
0014
0021
00A5
002F
0019
0014
00F9
0014
0014
0014
0014
0014
0002
0030
0031
03DC
003A
0014
0014
01C0
0036
03DD
0335
0105
0293
02B5
003C
0002
0014
00C5
03DE
0156
022E
0041
0042
03DF
0044
0045
0046
012F
0048
01CB
03E0
0111
004C
0112
004E
007A
0014
0050
03E1
015C
0053
0116
03E2
0055
03E3
0094
0014
0057
0058
03E4
015F
011A
005C
0161
005C
0094
0014
00CA
011D
0061
023B
0063
0064
0207
0066
01DC
0068
0069
0122
006B
0124
03B7
0218
006F
0126
01DC
0014
0160
03E5
03E6
03E7
0076
0077
020C
01E3
007A
0014
00DF
03E8
03E9
03EA
007F
0080
00DE
01A6
00E8
0084
0095
0086
01E8
0246
0114
008A
0215
008C
0034
0014
02C3
02A4
0348
0090
0091
0080
0217
00E7
0094
0014
03BB
03EB
0097
0098
024D
0002
00EE
03EC
03ED
0006
03EE
03EF
01BA
01F6
03F0
03F1
0251
03F2
0252
0010
002B
0012
0014
0014
027A
0014
0002
0014
0014
0014
0014
0010
03F3
00FB
0026
0014
014B
0014
0002
0014
0002
0014
0014
0025
001B
0020
001D
0014
0018
0014
0002
0014
0002
0002
0014
0023
001E
001F
0021
0014
001B
0014
0014
0002
0014
0014
0014
001C
0020
0020
0021
0014
001A
0014
0002
0014
0014
0002
0014
00FA
03F4
00A4
0021
0014
03F5
0014
0002
0014
0002
0014
0014
0023
001E
0025
0019
0014
0016
0014
0014
0014
0002
0002
0002
0018
001D
0025
0010
0014
0021
0014
0014
0014
0014
0014
0014
0026
002E
0012
0014
0014
0352
0014
0014
0014
0014
0014
0014
0010
0029
0012
0013
0014
00F9
0014
0014
0014
0014
0014
0014
0019
00A9
0025
0013
0014
002D
0014
0014
0014
0014
0014
0014
0021
0254
0016
0014
0014
002A
0002
0014
0002
0014
0014
0002
02E8
00B0
03F6
0033
0014
0014
03F7
03F8
03F9
03FA
0039
00B0
03FB
0054
0002
0014
00B3
022B
03FC
03FD
0365
03FE
035D
0168
0045
0014
03FF
0230
0400
0401
004B
019D
004D
008C
0094
0014
0394
025B
019F
025D
0402
0054
0403
0056
0002
0014
0057
02BB
0404
039A
00C8
0405
0406
03FE
005E
0014
01A4
0060
0407
0408
02F1
00CF
0409
01A6
00B2
0014
040A
040B
040C
0297
0339
00D5
006F
0070
0071
0014
039F
0265
040D
01E1
012B
0068
020C
040E
0014
0014
00DB
040F
012D
0410
007F
0080
0411
0082
0083
0014
0085
037C
0087
026D
0089
008A
0412
00E4
0034
0014
008D
01EC
0271
0413
0414
0080
0415
036E
0014
0014
0095
0416
01F1
0417
02C6
0002
0003
0143
0005
00F0
0007
0418
01F5
0419
0221
000C
041A
000E
000F
0010
00F8
001A
0013
0014
0149
0014
0002
0002
0014
0014
0014
0016
0017
0018
0019
0014
001A
0002
0014
0014
0014
0002
0002
001B
0023
001C
001D
001E
0016
0002
0002
0002
0002
0002
0014
001B
001A
0016
001E
0014
0025
0002
0014
0014
0014
0014
0014
00A4
001B
00A4
0021
0014
0012
0014
0002
0002
0014
0002
0014
001C
0022
0020
0026
0014
0016
0014
0002
0014
0014
0002
0014
0016
00FB
0016
0021
0024
0016
0014
0014
0002
0014
0002
0002
0012
0012
0025
0026
0014
001A
0002
0014
0002
0014
0014
0002
0026
0224
00FD
0026
0014
0028
0002
0014
0014
0014
0014
0014
0010
014E
0020
0010
0013
00A6
0014
0002
0014
0014
0014
0014
0010
014E
002C
0026
0014
002D
0014
0014
0014
0002
0014
0014
0019
00A5
002F
0019
0014
002D
0014
0014
0014
0014
0014
0014
0030
0031
041B
01BF
0034
0014
0035
0036
041C
041D
041E
003A
003B
003C
00B2
0014
0154
0155
003F
0040
0041
0042
0043
0044
0120
0046
012F
0048
0049
004A
0111
004C
0112
004E
004F
0014
0050
0235
041F
0420
0116
0421
0055
02BA
0094
0014
0422
0058
03B4
03B5
0238
005C
005D
005C
0094
0014
00CA
011D
0061
0062
0063
0064
0065
0066
0067
0068
0069
02D6
006B
023D
03B7
006E
00D6
0126
01DC
0014
0160
01AB
03E6
0075
029A
0077
029B
020D
007A
0014
020E
007C
03B9
007E
007F
00B0
0081
02F6
00E8
0084
0095
00E0
0245
0246
02E8
010D
008B
008C
0034
0014
0216
008E
0348
0090
0091
010D
0092
0093
0094
0014
0138
0096
0097
024C
0423
0002
0424
02DE
01B7
0006
0007
0008
0009
00F4
01F7
01BC
0147
000E
000F
0010
00A7
0012
0013
0014
00F9
0014
0014
0002
0014
0014
0014
0016
001B
0018
0026
0014
001A
0002
0014
0014
0014
0014
0002
001B
0023
0016
001D
0019
0025
0002
0002
0014
0002
0002
0014
0023
001A
0016
001E
0014
0025
0002
0014
0014
0014
0014
0014
0020
001F
0020
0010
0014
001A
0014
0002
0002
0014
0002
0014
001C
0022
0018
0026
0014
0016
0014
0002
0014
0014
0002
0014
0023
00FB
0025
0021
0014
0016
0014
0014
0002
0014
0002
0002
0018
001A
0025
0010
0014
00FA
0014
0014
0014
0014
0014
0014
0026
0027
0020
0026
0014
00FE
0014
0014
0014
0014
0014
0014
0010
00A7
0018
0010
0013
002A
0014
0014
0014
0014
0014
0014
0019
00A9
0025
0014
0014
002D
0014
0014
0014
0002
0014
0014
0021
0425
0020
0014
0014
00F9
0002
0014
0002
0014
0014
0014
0426
0031
014F
0101
0034
0014
00AC
0427
0428
0429
042A
003A
003B
003C
0094
0014
00B3
0256
01C8
042B
00B6
00B7
035D
022F
0045
010D
03FF
0230
042C
042D
042E
042F
0112
004E
0071
0014
0050
03E1
0430
0431
015D
0054
0055
0118
0094
0014
03B3
01D2
031B
0432
0433
0293
005D
003C
0094
0014
01A4
0060
0162
0434
02F1
00CF
0207
0066
0067
0014
0121
039D
0435
0436
01E0
006E
011B
0070
0071
0014
016A
0437
0074
01E1
016C
0077
01E2
040E
007A
0014
020A
040F
0438
01E5
0439
0080
029F
043A
0083
0084
0174
037C
0087
026D
0136
008A
032A
008C
0014
0014
0174
043B
0179
043C
013C
0080
043D
0093
0014
0014
0095
043E
0275
043F
0001
0002
0003
0307
00EF
00F0
0183
0440
01F5
01F6
0441
01F8
0188
0442
0252
0010
0011
00A4
0014
0014
0015
0014
0002
0002
0014
0014
0014
00FB
02AF
00A4
0019
0014
014B
0002
0002
0014
0002
0002
0014
0023
001B
001C
001D
001E
0016
0014
0002
0002
0002
0014
0014
001B
001A
001F
0021
0014
001B
0002
0014
0002
0014
0014
0014
001C
001B
0018
0021
0014
0012
0014
0002
0014
0014
0002
0014
0020
0022
0020
0021
0014
0018
0014
0002
0014
0002
0014
0014
0016
001E
0016
00FA
0024
0018
0014
0014
0002
0002
0002
0002
0018
0012
0018
0026
0014
001A
0002
0014
0002
0014
0014
0002
0026
01FC
00FD
0014
0014
014D
0002
0014
0014
0014
0014
0014
0010
002B
0020
0026
0014
002D
0014
0002
0014
0014
0014
0014
0010
002B
002C
0026
0014
002D
0014
0014
0014
0014
0014
0014
0010
002E
002F
0019
0014
00A6
0014
0014
0014
0014
0014
0002
02DC
0031
0192
0033
0014
0014
0102
01B3
0037
02B4
0443
0293
0444
0054
0002
0014
0445
0446
0447
0040
010A
0042
0043
0044
0120
0046
012F
0259
0049
004A
00D1
004C
004D
019D
004F
0014
01EA
00BF
0052
0236
0048
0448
01A1
0056
0002
0014
00C4
0058
0059
0292
005B
005C
005D
005C
005E
0014
0239
0376
01A5
0062
0063
0064
0065
02F6
0002
0068
00D1
006A
006B
006C
00D4
00D5
006F
0209
007A
0014
0160
01AB
0449
0075
0076
0077
020C
020D
0014
0014
007B
007C
007D
02C1
007F
010D
02C2
0082
00E8
0014
0085
00E0
01AF
01B0
02DC
0301
00E3
00E4
0034
0014
036B
008E
008F
036C
0091
00B0
00E6
00E7
0094
0014
0138
0096
02C5
0098
044A
0002
00EE
0004
03AD
02AC
00F1
00F2
02AD
0220
000B
044B
000D
00F6
044C
0010
002B
00A4
0014
0014
0149
0014
0002
0002
0014
0014
0014
0016
018B
00A4
0019
0014
001A
0002
0014
0014
0014
0002
0002
001B
0023
001C
001D
001E
0016
0014
0002
0014
0002
0002
0014
001B
001A
0016
001E
0014
0025
0002
0014
0014
0014
0014
0014
001D
001B
0012
0021
0014
0012
0014
0014
0014
0014
0002
0014
001C
0022
0020
0021
0014
0018
0014
0002
0014
0014
0002
0014
0023
00FB
0025
00FA
0014
0018
0014
0014
0014
0014
0014
0002
0018
001D
0025
0026
0014
00FB
0014
0014
0014
0014
0014
0002
0026
00FC
044D
0014
0014
00FE
0014
0014
0014
0014
0014
0014
0010
027B
044E
0026
0014
00A6
0014
0014
0014
0014
0014
0014
0019
0190
0018
0026
0014
002D
0014
0014
0014
0002
0014
0014
0019
00A5
0018
0019
0014
002D
0014
0014
0014
0014
0014
0014
0228
0031
044F
0101
0014
0014
01DA
02E9
0450
0451
0039
003A
0452
003C
0002
0014
02F5
0453
0454
0455
019C
0042
0456
0044
0120
00B0
0102
0230
0457
0458
0336
0459
0112
0113
004F
0014
045A
03E1
045B
045C
01EA
03E2
01A1
02BE
0094
0014
0057
01A2
045D
045E
02C3
005C
045F
005C
005E
0014
01DA
023A
0460
0461
00CE
0295
0462
00D0
01DC
0014
015D
02F2
00D3
0463
006D
006E
006F
0464
01DC
0014
020A
02F7
0465
0466
0076
0077
0078
0467
0014
0014
0160
007C
012D
029E
007F
0080
029F
0468
00E8
0014
0160
02A1
0134
026D
0469
0046
046A
0247
0034
0014
046B
02A4
046C
0272
013C
0301
046D
0093
0094
0014
0138
03EB
046E
017D
046F
0002
009A
0470
0005
0006
009D
0471
0009
0472
0473
000C
0474
000E
000F
0010
0011
0012
0013
0014
002A
0014
0002
0014
0014
0014
0014
0010
01FB
0018
0026
0014
00A6
0014
0002
0014
0002
0014
0014
001F
001B
0025
001D
0010
0020
0002
0002
0002
0002
0014
0014
0023
00FB
001F
00FB
0014
001B
0014
0014
0002
0014
0014
0014
001C
001F
0020
0021
0014
001A
0014
0002
0002
0014
0002
0014
0010
0475
001A
0019
0014
0476
0014
0002
0014
0002
0014
0014
0020
001E
0016
0021
0024
0016
0014
0014
0002
0002
0002
0002
0014
00FC
0477
0010
0014
014B
0002
0014
0002
0014
0014
0002
0014
014C
0016
0026
0014
014D
0002
0014
0014
0014
0014
0014
0010
00A7
0020
0010
0013
00A8
0014
0002
0014
0014
0014
0014
0019
014E
002C
0013
0014
002D
0014
0014
0014
0014
0014
0014
0021
0478
002F
0014
0014
002A
0002
0014
0002
0014
0014
0002
0030
0031
0032
0033
0034
0014
010E
0036
0037
00AE
0191
00B0
0479
0054
0094
0014
003D
003E
047A
01FF
00B6
0054
0043
022F
0045
0046
0047
0048
047B
02CF
004B
004C
004D
004E
005E
0014
0114
0235
047C
0420
0203
0054
0055
0056
0002
0014
0319
0290
0204
005A
0030
0080
047D
0205
0094
0014
005F
0060
047E
047F
00CA
0064
0065
0066
0067
0068
0069
02D6
0165
006C
037A
0014
0480
0481
0071
0014
0116
0073
0074
0075
029A
0014
0268
0079
007A
0014
007B
037B
00DD
02DA
007F
0172
0212
0082
0083
0084
026B
0086
00E1
0246
0089
008A
0482
008C
0034
0014
008D
0178
008F
0090
0091
0080
0483
00E7
0014
0014
0095
017C
0484
0219
017E
0002
01B5
0004
03BD
00F0
0485
0486
01F5
01F6
0473
000C
02C9
0487
000F
0010
002B
00A4
0013
0014
0149
0014
0002
0002
0014
0014
0014
0010
044E
0488
0019
0014
014B
0002
0014
0014
0014
0002
0002
001B
0025
001C
001D
001E
0016
0002
0002
0014
0002
0002
0014
001B
001A
0016
001E
0014
001B
0002
0014
0014
0014
0014
0014
00A4
001B
0018
0021
0014
0012
0014
0002
0002
0014
0002
0014
001C
0022
0020
0019
0014
0016
0014
0002
0014
0014
0002
0014
0023
001E
0025
0021
0014
0016
0014
0014
0014
0002
0002
0002
0018
0012
0025
0010
0014
001A
0002
0014
0014
0014
0014
0002
0026
0489
018C
0026
0014
0015
0002
0014
0014
0014
0014
0014
0026
018F
0012
0026
0014
0227
0014
0014
0014
0014
0014
0014
0010
0190
002C
0026
0014
0227
0014
0014
0014
0002
0014
0014
0010
02E3
002F
0019
0014
00A6
0014
0014
0014
0014
0014
0014
02E8
00B0
0032
0033
0034
0014
0150
0036
048A
048B
048C
0077
035A
048D
0002
0014
003D
0256
048E
048F
0197
00B7
035D
0044
0120
0046
0035
0259
0490
0491
00AA
0492
004D
019D
004F
0014
0114
0493
0494
0495
00BC
0496
0055
0056
0002
0014
00C4
0497
0204
0292
0433
008A
005D
005C
0094
0014
0193
00CB
0498
0499
00CE
023C
0045
0066
0067
0014
015D
049A
031E
049B
00D4
00D5
0298
049C
0071
0014
0346
01AB
049D
049E
049F
0068
04A0
020D
007A
0014
020A
007C
04A1
0241
007F
0242
04A2
0082
00E8
0014
00DF
04A3
04A4
04A5
0030
0242
0302
00E4
0034
0014
036B
02A4
04A6
032C
0102
0242
04A7
0093
0094
0014
0138
0274
04A8
017D
0001
0002
009A
021C
0005
0006
01B8
0471
0009
00F4
000B
02E1
000D
000E
00F7
0010
00F8
0012
0014
0014
00A6
0014
0002
0002
0014
0014
0014
0016
0017
00FA
0014
0014
001A
0002
0002
0014
0002
0014
0014
001F
001B
0016
001D
0014
0020
0014
0002
0002
0002
0002
0014
0023
001E
001F
0021
0014
0025
0014
0014
0002
0014
0014
0014
001C
0016
0020
0014
0014
001A
0014
0014
0014
0014
0002
0014
0020
0022
001D
0021
0014
0018
0014
0002
0014
0002
0014
0014
0025
00FB
0016
0019
0024
0012
0014
0014
0002
0014
0002
0002
0018
001D
0018
0026
0014
0021
0014
0014
0002
0014
0014
0002
0026
0027
0016
0014
0014
014B
0002
0014
0014
0014
0014
0014
0010
00A7
0020
0010
0013
002A
0014
0002
0014
0014
0014
0014
0019
002B
0025
0013
0014
002D
0014
0014
0014
0014
0014
0014
0021
00A5
0016
0014
0014
00F9
0002
0014
0002
0014
0014
0002
0030
0031
04A9
0101
0014
0014
00AC
022B
01C2
0038
0039
003A
003B
04AA
0014
0014
019C
0446
003F
0040
0041
0042
0043
010C
0045
0014
04AB
04AC
0049
004A
004B
004C
007A
004E
007A
0014
00BE
0051
041F
0053
0048
0054
01A1
02BA
0014
0014
0057
02BB
0119
02BC
005B
005C
005D
04AD
005E
0014
005F
011D
0061
0062
005F
0064
0065
02F6
01DC
0068
0069
006A
02F3
031F
01E0
006E
006F
0070
01DC
0014
0116
0073
0074
00D8
012B
0077
0078
016F
0014
0014
007B
040F
0210
007E
012F
0080
0081
0131
0083
0084
026B
0086
0087
0088
0116
008A
008B
008C
0034
0014
0174
0178
0249
0349
04AE
0080
0092
036E
0014
0014
0095
0096
0484
034B
04AF
0002
00EE
03EC
03AD
02AC
0007
0008
02AD
04B0
000B
03F1
000D
000E
0252
0010
00A7
0012
0014
0014
0149
0014
0002
0002
0014
0014
0014
00FB
04B1
001D
0019
0014
002D
0002
0014
0014
0014
0014
0002
001B
001C
0016
001D
0019
0016
0014
0014
0002
0002
0002
0014
001B
001E
001F
001E
0014
001B
0002
0014
0014
0014
0014
0014
0020
001F
0020
00FA
0014
0012
0014
0002
0014
0014
0002
0014
0020
0022
0018
0019
0014
0016
0014
0002
0014
0014
0002
0014
0023
00FB
0025
0010
0014
0012
0014
0014
0002
0014
0002
0002
0018
001D
0025
0026
0014
00FB
0014
0014
0014
0014
0014
0014
0026
002E
0020
0014
0014
027A
0014
0014
0014
0014
0014
0014
0010
0029
0018
0026
0014
00F9
0014
0014
0014
0014
0014
0014
0019
00A9
0018
0026
0014
002D
0014
0014
0014
0002
0014
0014
0021
018F
0012
0026
0014
00F9
0002
0014
0002
0014
0014
0014
02E8
00B0
014F
0101
0014
0014
00AC
04B2
0428
0429
0105
0293
04B3
01C5
0002
0014
00B3
04B4
04B5
04B6
0107
0042
035D
0044
0045
010D
0035
04B7
01CB
03E0
0111
0492
01CD
008C
0071
0014
008A
04B8
04B9
045C
0114
02B9
0055
0218
0094
0014
03B3
04BA
04BB
04BC
011A
005C
005D
003C
0094
0014
00AC
04BD
04BE
04BF
02F1
00CF
0409
0066
01DC
0014
0121
04C0
0379
0436
04C1
00D5
006F
0126
0169
0014
04C2
04C3
04C4
04C5
0290
0077
020C
01E3
0014
0014
00DB
04C6
04C7
04C8
033E
0172
04C9
01A6
00E8
0014
0132
04CA
0087
04CB
01EA
008A
026F
008C
0034
0014
013E
04CC
01ED
04CD
013C
0080
04CE
0093
00E8
0014
03BB
04CF
01F1
04D0
0001
0002
0003
0143
0005
0006
04D1
04D2
0009
000A
04D3
000C
04D4
04D5
000F
0010
0011
00A4
0013
0014
00A6
0014
0002
0002
0014
0014
0014
0016
0017
0018
0014
0014
001A
0014
0002
0014
0002
0002
0014
001F
001B
001C
001D
001E
0020
0002
0002
0014
0002
0014
0014
0023
001A
0016
00FB
0014
0025
0002
0014
0002
0014
0014
0014
001C
001B
0018
0021
0014
00A4
0014
0002
0002
0014
0002
0014
001C
0022
0020
0021
0014
0018
0014
0002
0014
0002
0014
0014
0016
001E
0016
0021
0024
0016
0014
0014
0002
0002
0002
0002
0012
0012
0018
0010
0014
001A
0002
0014
0002
0014
0014
0002
0013
0224
00FD
0026
0014
0028
0002
0014
0014
0014
0014
0014
0010
014E
0020
0010
0013
00A6
0014
0002
0014
0014
0014
0014
0010
002B
002C
0013
0014
002D
0014
0014
0014
0014
0014
0014
0010
002E
002F
0019
0014
00A6
0014
0014
0014
0014
0014
0002
0111
0031
0192
0033
0034
0014
010E
04D6
0037
02B4
00AF
003A
003B
003C
0014
0014
0154
04D7
003F
04D8
00B6
0054
0043
010C
0120
0046
04AB
0048
0201
0202
004B
004C
004D
004E
004F
0014
0114
04D9
0052
0236
00C2
0054
00D6
0056
0002
0014
0319
0290
00C6
005A
00C8
0205
005D
005C
005E
0014
005F
04DA
0162
0206
0063
0064
0065
02F6
0067
0068
00D1
02D6
006B
006C
006D
006E
00D6
0070
0071
0014
0072
0073
0074
0075
029A
0077
029B
020D
007A
0014
020E
007C
007D
02C1
007F
0080
0081
0082
0083
0084
011A
00E0
01AF
04DB
0030
0046
008B
00E4
0034
0014
0174
008E
008F
00E5
005B
00B0
0092
00E7
0094
0014
0095
00EA
0097
04DC
04DD
0002
00EE
0004
009C
02AC
0007
00F2
034F
04DE
000B
044B
000D
000E
044C
0010
014E
00A4
0014
0014
0149
0014
0002
0002
0014
0014
0014
0016
018B
00A4
0019
0014
001A
0002
0014
0014
0014
0014
0002
001B
0025
001C
0019
001E
0016
0014
0014
0014
0002
0002
0014
001B
001A
0020
001E
0014
0025
0002
0014
0014
0014
0014
0014
001D
001B
001D
0021
0014
0012
0014
0002
0014
0014
0002
0014
001C
0022
0020
0026
0014
0016
0014
0002
0014
0014
0002
0014
0023
00FB
0025
00FA
0014
0018
0014
0014
0014
0014
0014
0002
0018
001D
0025
0026
0014
00FB
0014
0014
0014
0014
0014
0014
0026
00FC
044D
0014
0014
00FE
0014
0014
0014
0014
0014
0014
0010
027B
044E
0010
0013
027A
0014
0014
0014
0014
0014
0014
0019
0190
0025
0026
0014
0227
0014
0014
0014
0002
0014
0014
0019
00A9
0020
0019
0014
002D
0014
0014
0014
0014
0014
0014
0228
0031
014F
0101
0014
0014
01DA
04DF
04E0
04E1
0105
003A
038C
003C
0002
0014
04E2
04E3
04E4
04E5
0041
0042
035D
0044
0002
00B0
0035
04E6
04E7
04E8
0336
0492
0112
0113
0071
0014
045A
04E9
0494
045C
0114
04EA
0055
0218
0094
0014
03B3
04BA
04EB
04EC
011A
005C
005D
005C
0094
0014
01DA
01CA
04ED
04EE
00CE
0295
04EF
0066
01DC
0014
0377
04F0
031E
0463
006D
006E
0298
02F6
0169
0014
048C
04F1
04F2
0466
029A
0077
04F3
04F4
0014
0014
033E
04F5
04F6
02FC
007F
00B0
04F7
0468
00E8
0084
0248
04F8
0134
03D4
0469
00B0
04F9
0247
0034
0014
024A
03EB
04FA
04FB
013C
0301
046D
0093
0094
0014
04FC
0194
04FD
04FE
0001
0002
0003
021C
00EF
0006
02C7
0471
0009
04FF
0500
000C
0501
0502
000F
0010
0011
0012
0013
0014
00A6
0014
0002
0014
0014
0014
0014
0010
01FB
0018
0014
0014
00A6
0014
0002
0014
0002
0002
0014
001F
001B
0025
001D
0010
0020
0002
0002
0002
0002
0014
0014
0023
00FB
001F
00FB
0014
001B
0014
0014
0002
0014
0014
0014
001C
001F
0020
0021
0014
001A
0014
0002
0002
0014
0002
0014
0010
0503
001A
0021
0014
0488
0014
0002
0014
0002
0014
0014
0016
001E
0016
0021
0024
0016
0014
0014
0002
0002
0002
0002
0014
00FC
0477
0010
0014
014B
0002
0014
0002
0014
0014
0002
0014
014C
0016
0026
0014
014D
0002
0014
0014
0014
0014
0014
0010
00A7
0020
0013
0014
00F9
0014
0002
0014
0014
0014
0014
0019
014E
002C
0013
0014
002D
0014
0014
0014
0014
0014
0014
0021
002E
002F
0014
0014
002A
0002
0014
0002
0014
0014
0002
0111
0031
00AB
0033
0034
0014
010E
027F
0037
02B4
00AF
00B0
0504
0054
0014
0014
0154
0505
0506
0507
0197
0054
0043
0118
0045
0046
04AB
0048
0508
02CF
004B
004C
004D
004E
004F
0014
0114
0509
047C
050A
0402
0054
0361
0056
0002
0014
0319
0290
00C6
005A
00C8
0080
047D
03E3
005E
0014
005F
011D
050B
050C
00CA
0064
0065
02F6
0067
0068
0069
006A
0165
006C
037A
0014
050D
0481
0071
0014
0072
0073
0074
0075
0076
0014
020C
0079
007A
0014
020E
02D8
007D
02C1
007F
0080
0212
0082
0083
0014
0085
0086
00E1
050E
0089
008A
0482
008C
0034
0014
008D
0178
008F
050F
0091
0080
0510
00E7
0014
0014
0095
017C
0484
00EC
044A
0002
0370
0004
0511
02AC
0007
00F2
02AD
0512
000B
044B
0513
000E
0252
0010
014E
001A
0014
0014
0149
0014
0002
0002
0014
0014
0014
0016
018B
0018
0019
0014
001A
0002
0014
0014
0002
0002
0002
001B
0023
001C
001D
001E
0016
0014
0002
0014
0002
0002
0014
001B
001A
0016
001E
0014
0025
0002
0014
0014
0014
0014
0014
0019
03F3
001A
0021
0014
03C0
0014
0002
0002
0014
0002
0014
001C
0022
0020
0021
0014
0016
0014
0002
0014
0014
0002
0014
0023
00FB
0025
00FA
0014
0018
0014
0014
0014
0014
0014
0002
0018
0012
0025
0026
0014
001A
0002
0014
0014
0014
0014
0002
0026
0224
018C
0026
0014
0028
0002
0014
0014
0014
0014
0014
0010
018F
0018
0026
0014
00A6
0014
0014
0014
0014
0014
0014
0010
0190
002C
0026
0014
002D
0014
0014
0014
0002
0014
0014
0021
00A5
002F
0019
0014
00F9
0014
0014
0014
0014
0014
0014
02E8
0031
041B
01BF
0014
0014
01DA
0036
0514
0335
0152
003A
011B
003C
0002
0014
02F5
03DE
0515
0516
019C
0042
0517
0044
0045
0046
0102
0048
0518
0519
0111
00BD
0112
019D
004F
0014
0050
03E1
051A
051B
0116
0031
051C
04AD
0094
0014
03B3
0058
051D
051E
011A
005C
051F
005C
005E
0014
00AC
011D
0520
04EE
00CE
0056
0521
0066
01DC
0014
0228
02F2
031E
0522
006D
006E
006F
02F6
01DC
0014
0346
01AB
0523
012A
0076
0077
0078
0524
007A
0014
020A
04F5
03E9
03EA
007F
0080
029F
01A6
00E8
0014
0248
037C
0525
037D
0136
0046
046A
008C
0034
0014
03F7
02A4
046C
043C
0091
0080
046D
0093
0094
0014
03BB
03EB
046E
017D
0526
0002
009A
0470
0005
0006
0527
0471
0009
0528
03BE
000C
0529
02CA
000F
0010
0011
0012
0013
0014
027A
0014
0002
0014
0014
0014
0014
0010
01FB
001A
0026
0014
002D
0014
0002
0014
0014
0014
0014
00FB
0475
0020
0026
0014
00FC
0002
0002
0002
0002
0014
0014
0023
001E
001F
0021
0014
001B
0014
0014
0002
0014
0014
0014
001C
0016
0020
0021
0014
001A
0014
0002
0014
0014
0002
0014
00FA
0503
001D
0019
0014
002A
0014
0002
0014
0002
0014
0014
0025
001E
0016
0021
0024
0016
0014
0014
0002
0002
0002
0002
0012
001D
0018
0010
0014
0021
0014
0014
0002
0014
0014
0002
0014
014C
0016
0014
0014
052A
0014
0014
0014
0014
0014
0014
0010
00A7
0020
0010
0013
00A8
0014
0002
0014
0014
0014
0014
0019
014E
0025
0013
0014
002D
0014
0014
0014
0014
0014
0014
0019
0254
0016
0014
0014
00A6
0002
0014
0002
0014
0014
0002
0111
0031
0357
0033
0034
0014
010E
00AD
01FD
0104
00AF
00B0
052B
0054
0094
0014
003D
003E
052C
00B5
00B6
03E3
052D
0118
00C9
0014
0047
0230
052E
052F
004B
004C
004D
004E
005E
0014
01EA
02D0
047C
035F
0397
0054
0530
0056
0002
0014
0319
0398
0531
0532
00C8
0080
0533
0054
00C9
0014
005F
0060
0534
0535
00CA
0064
0065
02F6
0067
0068
00D1
0164
0165
006C
0536
0168
00D6
0070
0071
0014
0116
0073
00D7
00D8
00D9
0014
0268
0079
0014
0014
007B
020F
0210
0211
007F
0172
0212
0082
0083
0084
0085
0537
0087
0088
0030
008A
0482
00E4
0034
0014
008D
03D5
008F
0538
0228
0046
0539
00E7
0014
0014
0095
00EA
0484
00EC
044A
0002
01B5
0004
0511
02AC
0007
00F2
02AD
0512
000B
044B
053A
000E
00F7
0010
014E
001A
0014
0014
0149
0014
0002
0002
0014
0014
0014
0016
018B
0018
0019
0014
001A
0002
0014
0014
0014
0014
0002
001B
0020
001C
00FB
001E
0016
0014
0014
0014
0002
0002
0014
001B
001A
0016
001E
0014
0025
0002
0014
0014
0014
0014
0014
0019
0475
00FB
0021
0014
0226
0014
0002
0002
0014
0002
0014
001C
0022
0020
0021
0014
0016
0014
0002
0014
0014
0002
0014
0023
00FB
0025
00FA
0014
0018
0014
0014
0014
0014
0014
0002
0018
0012
0025
0026
0014
001A
0002
0014
0014
0014
0014
0014
0026
018C
018C
0026
0014
018E
0002
0014
0014
0014
0014
0014
0010
018F
0018
0026
0014
027A
0014
0014
0014
0014
0014
0014
0010
0190
002C
0026
0014
0227
0014
0014
0014
0002
0014
0014
0019
00A5
002F
0019
0014
002D
0014
0014
0014
0014
0014
0014
02E8
0031
053B
003A
0014
0014
01DA
0036
0151
0335
0105
003A
011B
003C
0002
0014
02F5
03DE
0515
053C
0107
0042
053D
0044
01CD
0046
0102
0048
053E
053F
0111
00BD
0112
019D
004F
0014
0050
03E1
051A
051B
0116
008A
0540
0421
0094
0014
03B3
0058
0541
051E
011A
005C
0403
005C
005E
0014
00AC
011D
0542
04EE
00CE
0056
0207
0066
01DC
0014
0228
02F2
031E
0522
006D
006E
006F
049C
01DC
0014
0346
01AB
03E6
012A
0076
0077
0078
0543
007A
0014
020A
03E8
03E9
03EA
007F
00B0
01E6
01A6
00E8
0014
0248
0544
0525
04A5
0469
010D
0545
008C
0034
0014
03F7
02A4
0546
043C
0091
0242
046D
0093
0094
0014
03BB
03EB
046E
017D
0526
0002
009A
0470
0005
0006
0527
0471
01BA
0547
03BE
000C
0475
0502
000F
0010
0011
0012
0013
0014
027A
0014
0002
0014
0014
0014
0014
0010
01FB
001E
0014
0014
00A6
0014
0002
0014
0002
0002
0014
00FB
0548
0020
001D
0014
018C
0002
0002
0002
0002
0014
0014
0023
001E
001F
0021
0014
001B
0014
0014
0002
0014
0014
0014
001C
0016
0020
0021
0014
001A
0014
0002
0014
0014
0002
0014
00FA
0503
00FB
0019
0014
00F9
0014
0002
0014
0002
0014
0014
0025
001E
0016
0021
0024
0016
0014
0014
0002
0002
0002
0002
0018
001D
0018
0010
0014
0021
0014
0014
0002
0014
0014
0002
0014
014C
0016
0014
0014
014D
0002
0014
0014
0014
0014
0014
0010
00A7
0020
0010
0013
00A8
0014
0002
0014
0014
0014
0014
0019
014E
0025
0013
0014
002D
0014
0014
0014
0014
0014
0014
0021
0254
0016
0014
0014
002A
0002
0014
0002
0014
0014
0002
0111
0242
0357
0033
0034
0014
010E
00AD
01FD
0104
00AF
00B0
052B
0054
0014
0014
003D
003E
047A
0549
00B6
03E3
054A
04AD
0045
0014
0047
0230
054B
054C
054D
004C
004D
004E
005E
0014
01EA
02D0
047C
054E
0402
0054
0530
0056
0002
0014
0319
054F
0531
0532
00C8
0080
0550
03E3
00E8
0014
005F
0060
0551
0552
0085
0064
0065
02F6
0067
0068
00D1
0164
0165
006C
0536
00D5
00D6
0070
0071
0014
0116
0073
00D7
00D8
00D9
0014
0268
0079
0014
0014
007B
020F
0210
0211
007F
0080
0212
0082
0083
0084
0085
0086
0087
0088
0089
008A
0482
00E4
0034
0014
008D
0178
008F
0538
04AE
0080
0553
036E
0014
0014
0095
017C
0484
00EC
03D9
0002
0370
0004
0511
02AC
0007
00F2
02AD
0554
000B
044B
0555
000E
044C
0010
00A7
00A4
0014
0014
0149
0014
0002
0002
0014
0014
0014
0016
018B
0018
0019
0014
001A
0002
0014
0014
0014
0002
0002
001B
0025
001C
001D
001E
0016
0014
0014
0002
0002
0002
0014
001B
001A
0016
001E
0014
0025
0002
0014
0014
0014
0014
0014
0019
0475
001D
0021
0014
0226
0014
0002
0002
0014
0002
0014
001C
0022
0020
0026
0014
0016
0014
0002
0014
0014
0002
0014
0023
00FB
0025
00FA
0014
0018
0014
0014
0002
0014
0002
0002
0018
0012
0025
0026
0014
001A
0002
0014
0014
0014
0014
0002
0026
018C
044D
0026
0014
018E
0002
0014
0014
0014
0014
0014
0010
018F
0018
0026
0014
027A
0014
0014
0014
0014
0014
0014
0019
0190
0018
0026
0014
0227
0014
0014
0014
0002
0014
0014
0019
00A5
0018
0019
0014
002D
0014
0014
0014
0014
0014
0014
02E8
0031
053B
01BF
0014
0014
01DA
0036
0151
0335
0105
003A
0556
003C
0002
0014
02F5
03DE
0557
0558
0107
0042
053D
0044
0120
00B0
0102
04E6
0559
055A
0336
00BD
0112
004E
004F
0014
0050
03E1
051A
051B
0116
008A
055B
04AD
0094
0014
03B3
0058
055C
055D
011A
005C
055E
005C
0094
0014
00AC
0397
055F
04EE
00CE
00CF
0207
0066
01DC
0014
0228
049A
031E
0522
00D4
006E
0298
02F6
0169
0014
0160
01AB
0560
012A
029A
0077
0561
0562
007A
0014
00DB
04F5
00DD
03EA
007F
00B0
04F7
01A6
00E8
0014
0248
0544
0525
04A5
0469
00B0
02A3
008C
0034
0014
03F7
02A4
0563
043C
013C
0301
046D
0093
0094
0014
03BB
03EB
0564
017D
0001
0002
021B
0565
0005
0006
0566
0471
01BA
0567
0568
000C
0569
0502
000F
0010
0011
0012
0013
0014
027A
0014
0002
0014
0014
0014
0014
0010
01FB
001E
0014
0014
00A6
0014
0002
0014
0002
0014
0014
00FB
0548
0020
001D
0010
0310
0002
0002
0014
0002
0014
0014
0023
001E
001F
0021
0014
001B
0014
0014
0002
0014
0014
0014
001C
0016
0020
0021
0014
001A
0014
0002
0014
0014
0002
0014
0010
0503
001A
0021
0014
018D
0014
0002
0014
0002
0014
0014
0018
001E
0016
0021
0024
0016
0014
0014
0002
0002
0002
0002
0012
001D
0018
0010
0014
0021
0014
0014
0002
0014
0014
0002
0014
014C
0016
0014
0014
014D
0002
0014
0014
0014
0014
0014
0010
00A7
0020
0010
0013
00F9
0014
0002
0014
0014
0014
0014
0019
002B
002C
0013
0014
002D
0014
0014
0014
0014
0014
0014
0021
0254
002F
0014
0014
002A
0002
0014
0002
0014
0014
0002
0111
010D
0357
0033
0034
0014
010E
00AD
01FD
0104
00AF
00B0
056A
0054
0014
0014
003D
003E
047A
0549
00B6
03E3
056B
0118
0045
0046
0047
0230
056C
056D
054D
004C
004D
008C
005E
0014
01EA
0509
047C
056E
0402
0054
0530
0056
0002
0014
0319
054F
0531
0532
00C8
0080
056F
03E3
005E
0014
005F
0060
0570
0571
0085
0064
0065
02F6
0067
0068
00D1
006A
0165
006C
0339
0168
006F
0070
0071
0014
0116
0073
0074
00D8
0076
0014
020C
0079
0014
0014
020E
020F
0210
0211
007F
0080
0212
0082
0083
0084
0085
0086
0087
0088
0089
008A
0344
00E4
0034
0014
008D
0178
008F
0538
0091
0080
034A
00E7
0014
0014
0095
017C
0484
00EC
024D
0002
032E
0572
0005
0006
01B8
0382
0009
0573
000B
0222
0574
000E
0575
0010
00F8
0012
0014
0014
0015
0014
0002
0002
0014
0014
0014
00FB
02AF
0018
0019
0014
00A6
0002
0002
0014
0014
0014
0014
001B
001B
0025
001D
0010
0020
0014
0002
0002
0002
0002
0014
001B
0019
0016
001E
0014
001B
0002
0014
0002
0014
0014
0014
001C
001F
0020
00FA
0014
0012
0014
0002
0002
0014
0002
0014
0020
001B
001D
0021
0014
0016
0014
0002
0014
0002
0014
0014
0025
00FB
0016
0019
0024
0019
0014
0014
0002
0014
0002
0002
0018
0012
0018
0013
0014
001A
0002
0014
0002
0014
0014
0014
0014
044D
00FD
0026
0014
0576
0002
0014
0014
0014
0014
0014
0010
014E
0020
0010
0013
002D
0014
0002
0014
0014
0014
0014
0010
014E
0025
0013
0014
002D
0014
0014
0014
0014
0014
0014
0021
0577
0020
0014
0014
00F9
0014
0014
0014
0014
0014
0002
0030
0031
014F
02B1
0014
0014
00AC
0427
01C2
0335
0039
0293
02B5
0578
0094
0014
00C5
03DE
02B7
0040
0041
0042
0043
0044
0045
0068
04AB
0048
0049
004A
004B
004C
0083
019D
004F
0014
0050
025B
0579
0053
0048
0054
0055
02BA
0094
0014
0057
02BB
0119
02BC
005B
005C
005D
0101
005E
0014
005F
011D
0061
0062
005F
0064
0065
0066
01DC
0068
0069
01A7
057A
0124
01E0
00B7
006F
0070
007A
0014
0116
033A
00D7
012A
0290
0014
020C
0524
007A
0014
007B
00DC
00DD
007E
0439
0080
00DE
01A6
0083
0084
008D
0086
0245
0246
0136
0046
0344
008C
0034
0014
008D
043B
057B
0090
013C
0080
034A
0421
0014
0014
0095
03EB
057C
0219
02C6
0002
0003
0004
03BD
00F0
0276
0008
030C
000A
057D
01F8
0147
057E
000F
0010
00FF
00A4
0013
0014
002D
0014
0002
0002
0014
0014
0014
0016
001C
00A4
0026
0014
001A
0002
0002
0014
0002
0002
0002
001F
0023
001C
001D
001E
0016
0002
0002
0014
0002
0002
0014
0020
057F
001F
0021
0014
0580
0002
0014
0014
0014
0014
0014
00A4
001B
0018
0021
0014
001D
0014
0002
0014
0014
0002
0014
001C
0022
0020
0013
0014
001A
0014
0002
0014
0014
0002
0014
0023
001E
0025
0021
0014
0016
0014
0014
0014
0002
0002
0002
0018
001D
0025
0010
0014
00FB
0014
0014
0014
0014
0014
0002
0026
0027
0020
0014
0014
0028
0002
0014
0014
0014
0014
0014
0010
0029
0012
0026
0014
002A
0014
0014
0014
0014
0014
0014
0019
00A9
002C
0026
0014
002D
0014
0014
0014
0002
0014
0014
0019
0356
002F
0019
0014
00A6
0002
0014
0002
0014
0014
0014
0581
0031
0192
0033
0034
0014
0150
027F
0582
0281
00AA
003A
01C4
003C
0002
0014
003D
003E
01C8
0583
0233
00B7
035D
010C
0120
0046
0035
0259
0584
0585
0586
00E4
0587
004E
005E
0014
0588
0589
058A
058B
00AA
0496
00D6
0056
0002
0014
00C4
016C
058C
0292
0433
0205
005D
005C
00E8
0014
00AC
00CB
058D
058E
00CE
023C
0409
00D0
0067
0014
015D
058F
00D3
006C
03B7
006E
011B
0209
0071
0014
020A
02F7
03E6
0590
029A
0077
01E2
0079
0014
0014
020A
007C
0591
0171
007F
0172
01E6
0082
00E8
0014
0085
04A3
0087
03D4
0030
008A
032A
00E4
0034
0014
0592
008E
0271
0593
0102
0046
013D
0093
0094
0014
024A
00EA
0275
0594
0001
0002
0003
0180
0595
0006
01B8
0471
0009
0596
000B
0222
0574
000E
000F
0010
00F8
001A
0013
0014
0015
0014
0002
0002
0014
0014
0014
00FB
02AF
0018
0019
0014
00A6
0002
0002
0014
0014
0014
0014
001F
001B
0025
001D
0014
0018
0002
0002
0002
0002
0002
0014
001B
00FB
001F
0019
0014
001B
0002
0014
0002
0014
0014
0014
001C
001F
0012
0014
0014
0012
0014
0002
0002
0014
0002
0014
0020
001B
0018
0021
0014
0016
0014
0002
0014
0002
0014
0014
0020
00FB
0016
0021
0024
0016
0014
0014
0002
0014
0002
0002
0012
0012
0018
0026
0014
001A
0002
0014
0002
0014
0014
0002
0026
014C
0016
0026
0014
014D
0002
0014
0014
0014
0014
0014
0010
0029
0020
0013
0014
00A8
0014
0002
0014
0014
0014
0014
0019
002B
0025
0013
0014
002D
0014
0014
0014
0014
0014
0014
0021
00A5
0016
0014
0014
00F9
0002
0014
0002
0014
0014
0002
0030
0031
0372
02B1
0034
0014
00AC
0036
022C
0335
0105
0293
02B5
0229
0002
0014
02B6
003E
02B7
0040
0107
0042
0043
0044
0045
0014
0047
0048
0049
004A
004B
004C
005E
004E
0094
0014
0050
0051
0597
0053
0048
0054
0055
02BA
0014
0014
0057
0058
0119
005A
005B
005C
005D
0101
005E
0014
005F
0060
0061
0062
005F
0064
0065
0066
0067
0068
0069
006A
0165
023D
0167
0218
006F
0070
01DC
0014
0072
0073
0074
0075
0076
0077
020C
0079
007A
0014
020E
00DC
03B9
007E
007F
0172
00DE
02F6
0083
0014
026B
0086
01E8
0246
0116
008A
0215
008C
0034
0014
008D
0178
057B
0090
013C
0080
0598
036E
0014
0014
0095
0096
0484
0219
0599
0002
00EE
059A
009C
00F0
0381
034E
059B
000A
059C
01F8
0147
059D
044C
0010
002B
0012
0014
0014
0227
0014
0002
0002
0014
0014
0014
0016
001B
00A4
0013
0014
001A
0002
0014
0014
0002
0002
0002
001B
0023
001C
001D
001E
0016
0014
0002
0014
0002
0002
0014
0016
001A
00A4
001E
0014
0025
0002
0014
0014
0014
0014
0014
00A4
001B
0020
0021
0014
00A4
0014
0002
0014
0014
0002
0014
001C
0022
0020
0013
0014
001A
0014
0002
0014
0014
0002
0014
0023
001E
0025
00FA
0014
0012
0014
0014
0014
0002
0002
0002
0018
001D
0025
0010
0014
00FB
0014
0014
0014
0014
0014
0002
0026
00FC
018C
0014
0014
00FE
0014
0014
0014
0014
0014
0014
0010
027B
0226
0010
0013
00A6
0014
0014
0014
0014
0014
0014
0019
027B
002C
0026
0014
002D
0014
0014
0014
0002
0014
0014
0019
0356
002F
0019
0014
00A6
0014
0014
0014
0014
0014
0014
02D3
0077
059E
0033
0014
0014
0150
059F
05A0
05A1
0340
003A
0055
003C
00B2
0014
0154
0283
05A2
05A3
0286
0200
0158
05A4
0120
0046
008D
00B9
0288
0491
0586
0393
004D
03C8
004F
0014
0588
05A5
05A6
05A7
0360
0496
05A8
0056
0002
0014
00C4
005F
0291
05A9
0160
0293
05AA
005C
00E8
0014
01C0
05AB
05AC
05AD
00CE
0295
04EF
05AE
0002
0014
0377
04F0
01A8
049B
006D
006E
0298
049C
0071
0014
048C
04F1
05AF
0466
029A
0077
04F3
029C
0014
0014
00DB
007C
05B0
0171
007F
0080
029F
05B1
00E8
0084
00DF
02A1
02A2
026D
05B2
0046
046A
00E4
0034
0014
046B
02A4
05B3
0272
008D
0301
05B4
0093
0094
0014
0138
0274
05B5
017D
0001
0002
0003
021C
00EF
0006
05B6
0008
0009
05B7
02C8
000C
05B8
0502
000F
0010
00F8
001A
0013
0014
0015
0014
0002
0002
0014
0014
0014
0010
05B9
0018
0019
0014
00A6
0002
0002
0014
0014
0014
0002
001F
001B
001C
001D
0019
0025
0002
0002
0002
0002
0014
0014
001B
001E
001F
00FB
0014
001B
0002
0014
0002
0014
0014
0014
001C
001C
0012
0021
0014
0012
0014
0002
0002
0014
0002
0014
00FA
0022
0020
0021
0014
0018
0014
0002
0014
0002
0014
0014
0016
00FB
0016
0021
0024
0016
0014
0014
0002
0014
0002
0002
0014
00FC
05BA
0026
0014
014B
0002
0014
0002
0014
0014
0002
0026
014C
0016
0026
0014
014D
0002
0014
0014
0014
0014
0014
0010
00A7
0020
0013
0014
00A8
0014
0002
0014
0014
0014
0014
0019
014E
002C
0013
0014
002D
0014
0014
0014
0014
0014
0014
0021
00A5
002F
0014
0014
00F9
0014
0014
0014
0014
0014
0002
0111
0031
04A9
02B1
0034
0014
0035
027F
022C
05BB
041E
00B0
05BC
022D
0034
0014
003D
003E
0447
04D8
0197
00B7
0043
0044
0045
0046
0047
0048
00BA
0202
004B
004C
01CD
004E
004F
0014
0050
02D0
05BD
05BE
0402
0054
00D6
02BA
0083
0014
00C4
0290
05BF
005A
00C8
0205
005D
005C
005E
0014
005F
0060
05C0
00CD
0063
0064
0065
02F6
0067
0068
0069
02D6
0165
023D
03B7
0014
0480
0481
01DC
0014
0072
0073
0074
0075
029A
0077
0268
0079
007A
0014
020E
05C1
03B9
02DA
007F
0172
00DE
02F6
0083
0014
026B
0086
01E8
04DB
0116
008A
00E3
008C
0034
0014
008D
008E
057B
00E5
0091
0080
00E6
00E7
0014
0014
0095
017C
0484
05C2
0599
0002
00EE
0004
01B7
02AC
0007
0440
034F
000A
000B
05C3
000D
000E
0252
0010
00FF
0012
0014
0014
00F9
0014
0002
0014
0014
0014
0014
0016
001B
00A4
0026
0014
001A
0014
0014
0014
0002
0002
0002
001B
0023
0018
001D
001E
0016
0014
0002
0014
0002
0002
0014
0016
001A
0020
001E
0014
0025
0014
0014
0014
0014
0014
0014
001D
001B
0020
0021
0014
001D
0014
0002
0014
0014
0002
0014
001C
0022
00A4
0026
0014
0016
0014
0002
0014
0014
0002
0014
0023
001E
0025
00FA
0014
0012
0014
0014
0014
0002
0002
0002
0018
001D
0025
0010
0014
0021
0014
0014
0014
0014
0014
0002
0026
00FC
044D
0014
0014
00FE
0014
0014
0014
0014
0014
0014
0010
03C1
044E
0010
0013
00A6
0014
0014
0014
0014
0014
0014
0019
03C1
0025
0026
0014
002D
0014
0014
0014
0002
0014
0014
0019
0356
0020
0019
0014
00A6
0002
0014
0002
0014
0014
0014
0228
00B0
0032
0033
0014
0014
05C4
05C5
048A
04E1
0039
003A
05C6
003C
0002
0014
05C7
05C8
05C9
05CA
0041
0042
0158
022F
0120
00B0
0102
00B9
05CB
0458
0336
0492
004D
0393
0071
0014
05CC
05CD
0494
05CE
0114
0496
0055
0056
0002
0014
0057
04BA
0059
05CF
011A
005C
05AA
003C
0094
0014
05D0
05D1
05D2
0461
05D3
0295
04EF
0066
01DC
0014
0377
04C0
031E
0297
0339
006E
006F
033B
0071
0014
048C
05D4
0368
0466
012B
0068
0078
05D5
0014
0014
00DB
05D6
012D
05D7
007F
0080
029F
05D8
00E8
0084
0244
02A1
03D3
026D
02DC
0046
046A
00E4
0034
0014
0592
01EC
03A8
05D9
013C
0301
046D
0093
0094
0014
05DA
04AC
05DB
05DC
0526
0002
0003
02AA
0005
0006
0381
05DD
0009
05DE
0383
000C
05DF
05E0
000F
0010
002B
0012
0013
0014
027A
0014
0002
0014
0014
0014
0014
0010
0029
001A
0014
0014
00A6
0014
0002
0014
0002
0014
0014
0025
001B
0020
0013
001E
0012
0002
0002
0002
0002
0014
0014
0023
001A
001F
0021
0014
001B
0014
0014
0014
0014
0014
0014
001C
001B
0020
0021
0014
001A
0014
0002
0014
0014
0014
0014
00FA
05E1
001A
0019
0014
0576
0014
0002
0014
0014
0002
0014
0023
001E
0025
0021
0014
0016
0014
0014
0014
0002
0002
0002
0018
001D
0025
0010
0014
0021
0014
0014
0002
0014
0014
0002
0014
002E
0020
0014
0014
0015
0002
0014
0014
0014
0014
0014
0010
00A7
0020
0010
0013
00F9
0014
0014
0014
0014
0014
0014
0019
00A9
002C
0013
0014
002D
0014
0014
0014
0014
0014
0014
0019
002E
002F
0014
0014
00A6
0002
0014
0002
0014
0014
0002
00C4
0077
03F6
0033
0034
0014
010E
05E2
05E3
05E4
00AF
00B0
056A
0054
0014
0014
003D
003E
05E5
0549
00B6
01BF
0043
03E3
00B2
0046
0047
0230
05E6
05E7
027D
042F
004D
008C
005E
0014
0588
02D0
05E8
05E9
02D3
0054
05EA
0056
0002
0014
0319
0239
05EB
05EC
0433
0301
05ED
03E3
00E8
0014
005F
0060
050B
05EE
03CD
00CF
0065
01A6
0067
0014
00D1
0164
05EF
006C
0339
00B7
00D6
0070
0071
0014
016A
0073
00D7
00D8
029A
0014
05F0
0079
0014
0014
00DB
037B
0210
02C1
007F
0080
05F1
0082
0083
0084
0085
03A4
00E1
03A6
0030
008A
05F2
00E4
0034
0014
008D
03D5
0271
03A9
005B
0046
0415
00E7
0014
0014
0095
00EA
05F3
03AC
044A
0002
00EE
0004
03AD
02AC
01B8
0418
00F3
05F4
000B
03AF
000D
000E
0252
0010
00F8
001A
0014
0014
0149
0014
0002
0002
0014
0014
0014
0016
0017
0018
0019
0014
001A
0002
0002
0014
0014
0002
0002
001B
0023
001C
001D
0019
0016
0014
0002
0014
0002
0002
0014
001B
001A
0020
001E
0014
0025
0002
0014
0002
0014
0014
0014
0019
0478
00A4
0021
0014
00FC
0014
0002
0002
0014
0002
0014
001C
0022
0020
0021
0014
0016
0014
0002
0014
0002
0014
0014
0020
00FB
0016
00FA
0024
0018
0014
0014
0002
0014
0002
0002
0018
0012
0018
0026
0014
001A
0002
0014
0014
0014
0014
0002
0026
018C
00FD
0026
0014
018E
0002
0014
0014
0014
0014
0014
0010
002B
0018
0026
0014
00A6
0014
0002
0014
0014
0014
0014
0010
002B
0018
0026
0014
0227
0014
0014
0014
0002
0014
0014
0021
002B
0018
0019
0014
00F9
0014
0014
0014
0014
0014
0014
0030
0031
041B
0101
0014
0014
01DA
0036
05F5
0038
0105
003A
05F6
003C
0002
0014
00C5
03DE
003F
022E
010A
0042
05F7
0044
0045
010D
0102
0048
05F8
05F9
004B
004C
0112
004E
004F
0014
0050
025B
0052
0053
0048
008A
05FA
02BE
0094
0014
0057
0058
05FB
05FC
005B
005C
0298
005C
005E
0014
03B6
011D
011E
05FD
0063
0064
0207
0066
01DC
0068
0228
02F2
006B
0124
03B7
006E
006F
0126
01DC
0014
0160
01AB
03B8
012A
0076
0077
0078
0524
007A
0014
00DF
007C
03E9
03EA
007F
00B0
0081
01A6
00E8
0014
03BA
0086
0214
0088
0136
0301
008B
008C
0034
0014
03F7
02A4
0348
0090
013C
0080
0092
0093
0094
0014
03BB
03EB
0097
0098
0001
0002
009A
02AA
00EF
0006
0381
0008
01BA
05DE
03BE
000C
05FE
05E0
000F
0010
0386
0012
0013
0014
027A
0014
0002
0014
0014
0014
0014
0010
0029
001A
0014
0014
00A6
0002
0002
0014
0002
0002
0002
0025
001B
0020
001D
0019
0020
0002
0002
0002
0002
0014
0014
0023
001E
001F
0021
0014
001B
0014
0014
0002
0014
0014
0014
001C
0018
0020
0021
0014
001A
0014
0014
0014
0014
0002
0014
00FA
05E1
001E
0021
0014
0488
0014
0002
0014
0002
0002
0014
0023
001E
0025
0021
0014
0016
0014
0014
0014
0002
0002
0002
0018
001D
0025
0010
0014
0021
0014
0014
0002
0014
0014
0002
0014
014C
0020
0014
0014
014D
0002
0014
0014
0014
0014
0014
0010
00A7
0020
0013
0014
00F9
0014
0002
0014
0014
0014
0014
0019
002B
0025
0013
0014
002D
0014
0014
0014
0014
0014
0014
0019
0254
0016
0014
0014
00A6
0002
0014
0002
0014
0014
0002
0127
0077
05FF
0033
0034
0014
010E
00AD
0600
0601
00AF
00B0
056A
0054
0014
0014
003D
003E
05E5
0549
0340
03E3
0043
0229
0120
010D
0047
0230
0602
0603
015D
042F
004D
008C
005E
0014
01EA
02D0
05E8
00C1
0397
0054
0604
0056
0002
0014
0319
0398
0605
039A
00C8
0080
05ED
03E3
005E
0014
005F
0060
0606
05EE
0607
0064
0065
01DB
0067
0014
00D1
0164
01DE
006C
0339
00D5
00D6
0070
0071
0014
0116
0073
00D7
00D8
029A
0014
0268
0079
0014
0014
007B
020F
0210
0211
007F
0080
0608
0082
0083
0014
0085
0609
0087
026D
0030
008A
05F2
00E4
0034
0014
008D
03D5
0271
03D6
0228
0046
0415
036E
0014
0014
0095
00EA
05F3
060A
03D9
0002
01B5
0004
009C
02AC
01B8
0440
01F5
060B
000B
03AF
0513
000E
00F7
0010
00F8
001A
0014
0014
0149
0014
0002
0002
0014
0014
0014
0016
0017
0018
0019
0014
001A
0002
0014
0014
0014
0014
0002
001B
001F
001C
001D
001E
0016
0014
0014
0014
0002
0002
0014
001B
001A
0016
001E
0014
0025
0002
0014
0014
0014
0014
0014
0019
060C
00FB
0021
0014
00FC
0014
0002
0002
0014
0002
0014
001C
001C
0020
0026
0014
0016
0014
0002
0014
0014
0014
0014
0016
00FB
0016
00FA
0024
0018
0014
0014
0002
0014
0002
0002
0012
0012
0018
0026
0014
001A
0002
0014
0014
0014
0014
0014
0026
018C
00FD
0026
0014
018E
0002
0014
0014
0014
0014
0014
0010
018F
0018
0010
0013
027A
0014
0002
0014
0014
0014
0014
0010
018F
002C
0026
0014
0227
0014
0014
0014
0002
0014
0014
0021
00A5
002F
0019
0014
00F9
0014
0014
0014
0014
0014
0014
0030
0031
041B
003A
0014
0014
01DA
0036
060D
0335
0105
003A
05F6
003C
0002
0014
00C5
03DE
003F
022E
0041
0042
053D
0044
0045
0046
0102
0048
060E
0519
0111
004C
0112
004E
004F
0014
0050
03E1
0052
0053
0116
008A
060F
0421
0094
0014
03B3
0058
0610
0611
011A
005C
0612
005C
0094
0014
03B6
011D
0613
0614
0063
00CF
0207
0066
01DC
0068
0228
02F2
006B
0124
03B7
006E
006F
049C
01DC
0014
0160
01AB
03E6
012A
0076
0077
0078
0524
007A
0014
020A
03E8
03E9
03EA
007F
00B0
0081
01A6
00E8
0084
03BA
0086
0245
0246
0136
010D
008B
008C
0034
0014
03F7
02A4
0348
0090
0091
0080
0092
0093
0094
0014
03BB
03EB
0097
0098
0001
0002
021B
0565
00EF
0006
03EE
0008
01BA
0615
03F0
00F5
0475
03F2
000F
0010
0386
0012
0013
0014
027A
0014
0002
0014
0014
0014
0014
0010
0029
001E
0014
0014
002D
0002
0002
0014
0002
0014
0002
00FB
001B
0020
001D
0019
0020
0002
0002
0014
0002
0002
0014
0023
001E
001F
0021
0014
001B
0014
0014
0014
0014
0014
0014
001C
0012
0020
0021
0014
001A
0014
0014
0014
0014
0014
0014
00FA
05E1
00FB
0021
0014
018D
0014
0002
0014
0014
0014
0014
0025
001E
0025
0021
0014
0016
0014
0014
0014
0002
0002
0002
0018
001D
0018
0010
0014
0021
0014
0014
0002
0014
0014
0002
0014
014C
0018
0014
0014
0253
0014
0014
0014
0014
0014
0014
0010
00A7
0020
0013
0014
00F9
0014
0002
0014
0014
0014
0014
0019
014E
002C
0013
0014
002D
0014
0014
0014
0014
0014
0014
0021
0254
002F
0014
0014
002A
0002
0014
0002
0014
0014
0002
02E8
0242
0616
0033
0034
0014
010E
022B
0600
0617
0039
00B0
056A
0054
0014
0014
003D
003E
0618
0258
0346
03FE
0043
03E3
0045
0046
03B6
0230
0619
0603
0111
042F
004D
008C
005E
0014
0588
0051
05E8
0431
061A
0054
0403
0056
0002
0014
0057
061B
0404
061C
0433
0080
056F
03E3
005E
0014
01A4
0060
061D
061E
02F1
0064
0065
01DB
0067
0014
0377
006A
01DE
006C
0339
00B7
006F
0070
0071
0014
0116
0073
0074
00D8
0076
0014
020C
0079
0014
0014
020E
040F
0210
0211
007F
0080
0608
0082
0083
0014
0085
037C
0087
026D
0089
008A
05F2
00E4
0034
0014
008D
0178
0271
061F
0091
0080
0415
00E7
0014
0014
0095
017C
05F3
0620
03D9
0002
01B5
0004
009C
02AC
0007
0621
01F5
05F4
0221
0222
0622
000E
0252
0010
00F8
001A
0014
0014
0149
0014
0002
0002
0014
0014
0014
0016
0017
0018
0019
0014
001A
0002
0002
0014
0014
0002
0002
001B
001F
001C
001D
001E
0016
0014
0002
0002
0002
0002
0014
001B
001A
0016
001E
0014
0025
0002
0014
0002
0014
0014
0014
0019
060C
001D
0021
0014
0226
0014
0002
0002
0014
0002
0014
001C
001C
0020
0026
0014
0016
0014
0002
0014
0002
0002
0014
0023
00FB
0016
00FA
0024
0018
0014
0014
0002
0014
0002
0002
0018
0012
0025
0026
0014
001A
0002
0014
0014
0014
0014
0002
0026
0224
00FD
0026
0014
0028
0002
0014
0014
0014
0014
0014
0010
018F
0018
0010
0013
027A
0014
0002
0014
0014
0014
0014
0010
018F
0025
0026
0014
0227
0014
0014
0014
0002
0014
0014
0019
00A5
0020
0019
0014
002D
0014
0014
0014
0014
0014
0014
0030
0031
041B
02B1
0014
0014
01C0
0036
05F5
0623
048C
003A
05F6
003C
0002
0014
00C5
03DE
003F
022E
0041
0042
0530
0044
0120
00B0
012F
0048
0624
0625
004B
004C
0112
004E
004F
0014
0050
0626
0052
0236
0048
008A
0627
02BE
0094
0014
00C4
0058
05FB
0628
005B
005C
0629
005C
0094
0014
00CA
011D
0613
0614
0063
00CF
0207
0066
01DC
0068
0069
049A
006B
0124
00D4
006E
0298
02F6
01DC
0014
0160
01AB
062A
012A
029A
0077
0561
0543
007A
0014
00DB
007C
00DD
03EA
007F
00B0
0081
01A6
00E8
0084
03BA
00E0
0245
0246
0469
0301
008B
008C
0034
0014
03F7
02A4
0348
0090
013C
0301
0092
0093
0094
0014
03BB
03EB
0097
0098
062B
0002
01B5
0004
03BD
00F0
01F3
0440
01F5
01F6
01F7
000C
02C9
04D5
062C
0010
002B
00A4
0013
0014
0149
0014
0002
0002
0014
0014
0014
0010
03F3
0018
0019
0014
014B
0002
0014
0014
0014
0014
0014
001B
001C
001C
0021
001E
0016
0014
0002
0014
0002
0002
0014
001B
001A
0016
001E
0014
001B
0002
0014
0014
0014
0014
0014
00A4
001B
0018
0021
0014
0012
0014
0002
0002
0014
0014
0014
00FA
044E
0310
0021
0014
062D
0014
0002
0014
0014
0002
0014
0023
001E
0025
0021
0014
0016
0014
0014
0014
0002
0002
0002
0012
0012
0025
0010
0014
001A
0002
0014
0014
0014
0014
0014
0026
0489
018C
0026
0014
0015
0002
0014
0014
0014
0014
0014
0010
018F
0012
0026
0014
002D
0014
0014
0014
0014
0014
0014
0019
0190
002C
0026
0014
002D
0014
0014
0014
0014
0014
0014
0019
002E
002F
0019
0014
00A6
0014
0014
0014
0014
0014
0014
02E8
00B0
0032
0033
0034
0014
0035
0036
0037
0335
0039
00B0
035A
003C
0002
0014
003D
0256
062E
062F
0197
00B7
035D
0044
004F
0046
0035
0048
0490
0491
0111
00BD
004D
019D
004F
0014
0050
03E1
051A
0630
00BC
0496
0055
0056
0002
0014
0057
0058
0204
0292
0365
0405
0406
0631
005E
0014
0193
0060
0498
0632
00CE
023C
0633
0066
0067
0014
015D
049A
031E
049B
0634
0218
0320
049C
0071
0014
0346
01AB
049D
049E
049F
0068
04A0
029C
007A
0014
020A
007C
0635
0241
007F
0080
00DE
0082
00E8
0014
0216
00E0
01AF
0246
004B
0046
00E3
00E4
0034
0014
013E
02A4
008F
0090
0102
0301
00E6
0093
0094
0014
0138
0274
0097
0098
046F
0002
009A
021C
0005
0636
01B8
0008
01BA
00F4
01BB
02E1
000D
000E
000F
0010
0011
0012
0014
0014
00A6
0014
0002
0002
0014
0014
0014
0016
0017
001A
0014
0014
001A
0002
0002
0014
0002
0002
0002
001F
001B
0016
001D
0019
0020
0002
0002
0002
0002
0002
0014
0023
001A
001F
00FA
0014
0025
0014
0014
0002
0014
0014
0014
001C
0016
0020
0014
0014
001A
0014
0014
0014
0014
0002
0014
001C
0022
0014
0014
0014
001D
0014
0002
0014
0002
0014
0014
0025
00FB
0016
0019
0024
0012
0014
0014
0002
0014
0002
0002
0018
001D
0018
0026
0014
0021
0014
0014
0002
0014
0014
0002
0026
0027
0016
0014
0014
00FE
0014
0014
0014
0014
0014
0014
0010
00A7
0020
0010
0013
002A
0014
0002
0014
0014
0014
0014
0019
002B
0025
0013
0014
002D
0014
0014
0014
0002
0014
0014
0021
00FF
0016
0014
0014
00F9
0002
0014
0002
0014
0014
0002
02DC
0031
04A9
0101
0014
0014
022A
0637
0103
0104
0191
003A
003B
04EA
0014
0014
019C
0446
003F
0040
0041
0042
0043
010C
0045
010D
04AB
0048
0049
004A
00BC
004C
0071
004E
007A
0014
0394
00BF
041F
0638
0048
0054
01A1
02BA
0014
0014
00C4
02BB
0119
01A3
005B
005C
005D
0014
0014
0014
005F
011D
0061
0062
0085
0064
0065
02F6
01DC
0068
0069
006A
0165
031F
01E0
006E
006F
0070
01DC
0014
0116
0073
0074
00D8
0076
0077
0078
0079
0014
0014
007B
040F
0210
007E
007F
0172
0130
02F6
0083
0084
0085
0327
0087
0176
0116
008A
032A
008C
0034
0014
0174
0178
0639
03D6
04AE
0080
013D
036E
0014
0014
0095
0096
063A
063B
062B
0002
01B5
0004
0511
02AC
00F1
00F2
02AD
030D
000B
044B
01BD
00F6
063C
0010
002B
001A
0014
0014
0149
0014
0002
0002
0014
0014
0014
0016
018B
0018
0019
0014
001A
0002
0014
0014
0014
0014
0002
001B
001C
001C
00FB
001E
0016
0014
0002
0014
0002
0002
0014
001B
001A
0020
001E
0014
0025
0002
0014
0014
0014
0014
0014
0021
001B
001A
0021
0014
0012
0014
0002
0002
0014
0002
0014
001C
0022
0020
0021
0014
0016
0014
0002
0014
0014
0002
0014
0023
00FB
0025
00FA
0014
0018
0014
0014
0014
0002
0014
0002
0018
0012
0025
0026
0014
001A
0002
0014
0014
0014
0014
0014
0026
018C
018C
0026
0014
018E
0002
0014
0014
0014
0014
0014
0010
018F
0018
0026
0014
00A6
0014
0014
0014
0014
0014
0014
0019
0190
002C
0026
0014
002D
0014
0014
0014
0002
0014
0014
0019
002E
002F
0019
0014
00A6
0014
0014
0014
0014
0014
0014
0228
0031
0032
04AD
0014
0014
01DA
0036
02B3
0335
0039
003A
011B
003C
0002
0014
02F5
03DE
0515
063D
019C
0042
028F
0044
01CD
0046
0102
0048
063E
063F
0336
00BD
02B8
019D
004F
0014
0050
03E1
051A
051B
01EA
008A
0055
0362
0002
0014
0057
0058
0640
0641
011A
005C
0361
005C
005E
0014
00AC
011D
0642
04EE
00CE
0056
0633
0066
01DC
0014
0228
049A
031E
0522
006D
006E
0298
049C
01DC
0014
0346
01AB
049D
012A
029A
0077
0561
0643
007A
0014
020A
007C
03E9
03EA
007F
0080
029F
0082
00E8
0014
0248
02A1
04A4
037D
02DC
0046
046A
008C
0034
0014
03F7
02A4
05B3
043C
0091
0301
046D
0093
0094
0014
03BB
03EB
046E
017D
021A
0002
009A
0470
0005
0006
01B8
0471
0009
0644
0645
000C
03F3
000E
000F
0010
0011
0012
0013
0014
00A6
0014
0002
0014
0014
0014
0014
0010
05B9
001E
0014
0014
00A6
0002
0002
0014
0002
0002
0014
00FB
001B
0020
001D
0014
0020
0002
0002
0002
0002
0014
0014
0023
001E
001F
0021
0014
001B
0014
0014
0002
0014
0014
0014
001C
0016
0020
00FA
0014
001A
0014
0002
0014
0014
0002
0014
0010
0646
001E
0019
0014
002A
0014
0002
0014
0002
0014
0014
0025
001E
0016
0021
0024
0016
0014
0014
0002
0014
0002
0002
0018
001D
0018
0010
0014
0021
0014
0014
0002
0014
0014
0002
0014
014C
0016
0014
0014
014D
0002
0014
0014
0014
0014
0014
0010
00A7
0020
0010
0013
00A8
0014
0002
0014
0014
0014
0014
0019
014E
0025
0013
0014
002D
0014
0014
0014
0014
0014
0014
0021
00FF
0016
0014
0014
00F9
0002
0014
0002
0014
0014
0002
0111
0031
0647
0033
0034
0014
010E
00AD
01FD
0104
0191
00B0
052B
0229
0014
0014
003D
003E
0028
0549
00B6
03E3
0043
0496
0045
0014
0047
0230
0648
0649
054D
004C
004D
004E
005E
0014
01EA
00BF
064A
064B
00C2
0054
0530
0056
0094
0014
0319
054F
0531
0532
0030
0080
064C
0229
00E8
0014
005F
0060
064D
064E
0239
0064
0065
02F6
0067
0068
00D1
006A
0165
006C
037A
00D5
006F
0070
0071
0014
0116
0073
0074
00D8
0076
0014
020C
0079
0014
0014
007B
040F
0210
0211
007F
0172
0212
02F6
0083
0084
0085
0086
0087
0088
0116
008A
064F
0287
0034
0014
008D
0178
0650
0538
04AE
0080
0651
036E
0014
0014
0095
017C
0484
00EC
04DD
0002
0370
0004
009C
02AC
0007
0440
02AD
04DE
000B
044B
02CF
000E
044C
0010
014E
00A4
0014
0014
0149
0014
0002
0002
0014
0014
0014
0016
018B
00A4
0019
0014
001A
0002
0014
0014
0014
0002
0002
001B
001C
001C
001D
0010
0016
0014
0014
0014
0002
0002
0014
001B
001A
0020
001E
0014
0025
0002
0014
0014
0014
0014
0014
0021
0652
001A
0021
0014
03C0
0014
0002
0014
0014
0002
0014
001C
001C
0020
0026
0014
0016
0014
0002
0014
0014
0002
0014
0023
00FB
0025
00FA
0014
0018
0014
0014
0014
0014
0014
0002
0018
0012
0025
0026
0014
001A
0002
0014
0014
0014
0014
0002
0026
018C
044D
0014
0014
018E
0002
0014
0014
0014
0014
0014
0010
027B
044E
0010
0013
00A6
0014
0014
0014
0014
0014
0014
0019
0190
0025
0026
0014
002D
0014
0014
0014
0002
0014
0014
0019
002B
0020
0019
0014
002D
0014
0014
0014
0014
0014
0014
02E8
0031
0372
01BF
0014
0014
01DA
0036
0151
0335
0105
003A
038C
003C
0002
0014
04E2
04E3
04E4
063D
0041
0042
035D
0044
0120
0068
0035
04E6
04E7
0653
0336
00BD
0112
019D
004F
0014
045A
0115
051A
051B
0116
008A
0654
0218
0094
0014
024A
0058
04EB
0655
011A
005C
005D
005C
0094
0014
00AC
01CA
04ED
0656
0366
0295
02B8
0066
01DC
0014
0228
049A
031E
0522
006D
006E
0298
02F6
0169
0014
0160
01AB
0560
012A
029A
0077
0561
0562
0014
0014
00DB
04F5
00DD
03EA
007F
0080
029F
0657
00E8
0084
0248
02A1
0525
037D
0469
0046
046A
008C
0034
0014
0658
0659
046C
05D9
013C
0301
046D
0093
0094
0014
04FC
013F
065A
065B
0001
0002
009A
0470
00EF
0006
0566
0008
0009
04FF
065C
000C
065D
0502
000F
0010
0011
0012
0013
0014
027A
0014
0002
0014
0014
0014
0014
0010
01FB
0018
0014
0014
00A6
0002
0002
0014
0002
0014
0002
00FB
0548
0025
001D
001E
065E
0002
0002
0002
0002
0014
0014
0023
001A
001F
0021
0014
001B
0014
0014
0002
0014
0014
0014
001C
001B
0020
0021
0014
001A
0014
0002
0002
0014
0002
0014
0010
0503
001A
0021
0014
018D
0014
0002
0014
0002
0014
0014
0020
001E
0016
0021
0024
0016
0014
0014
0002
0002
0002
0002
0014
002A
0477
0010
0014
065F
0014
0014
0002
0014
0014
0002
0014
014C
0016
0026
0014
014D
0002
0014
0014
0014
0014
0014
0010
00A7
0020
0013
0014
00F9
0014
0002
0014
0014
0014
0014
0019
014E
002C
0013
0014
002D
0014
0014
0014
0014
0014
0014
0021
002E
002F
0014
0014
002A
0002
0014
0002
0014
0014
0002
0111
0031
0357
0033
0034
0014
010E
00AD
01FD
0104
00AF
00B0
052B
0054
0014
0014
0154
0505
0660
0661
0340
03E3
056B
0118
0045
0046
04AB
04AC
0662
0603
054D
004C
004D
004E
005E
0014
0114
0509
047C
050A
0402
0054
0530
0056
0002
0014
0319
054F
0531
0532
00C8
0080
056F
03E3
005E
0014
005F
011D
0570
0663
0085
0064
0065
02F6
0067
0068
00D1
006A
0165
006C
037A
0014
050D
0481
0071
0014
0116
0073
0074
00D8
0076
0014
020C
0079
007A
0014
020E
020F
0210
0211
007F
0172
0212
0082
0083
0014
0085
0086
0087
0088
0089
008A
0482
00E4
0034
0014
008D
0178
008F
0538
0091
0080
0510
00E7
0014
0014
0095
017C
0484
00EC
046F
0002
0003
0180
0005
0006
0183
0008
0009
0596
000B
000C
0188
00F6
000F
0010
00F8
001D
0013
0014
0149
0014
0002
0002
0014
0014
0014
00FB
02AF
001A
0019
0014
00A6
0002
0014
0014
0014
0014
0002
001B
001B
001C
001D
0019
0016
0002
0002
0002
0002
0002
0014
001B
001E
0016
001E
0014
001B
0002
0014
0014
0014
0014
0014
001C
001F
0012
0021
0014
0012
0014
0002
0014
0014
0014
0014
0020
0022
0020
0019
0014
0016
0014
0002
0014
0014
0014
0014
0014
052A
02E7
0021
0024
0664
0014
0014
0002
0014
0002
0014
0012
0012
0018
0026
0014
001A
0002
0014
0002
0014
0014
0002
0026
002E
0016
0014
0014
0015
0002
0014
0014
0014
0014
0014
0010
0029
0020
0010
0013
00F9
0014
0002
0014
0014
0014
0014
0019
018F
002C
0026
0014
002D
0014
0014
0014
0014
0014
0014
0021
00A5
002F
0026
0014
00F9
0002
0014
0002
0014
0014
0002
0030
0031
014F
0448
0034
0014
0035
0036
022C
02B4
0105
0293
02B5
022D
0002
0014
003D
003E
02B7
0040
0041
0042
0043
0044
0045
0046
0047
0048
0049
004A
0111
004C
004F
004E
0071
0014
028B
0051
0579
0053
0136
0054
0055
02BA
0094
0014
0057
0058
0119
03B5
0238
005C
005D
005C
0094
0014
00CA
0060
0061
0062
0063
0014
0665
0666
0067
0068
0069
006A
0667
023D
00D4
0218
006F
0070
007A
0014
0072
0073
00D7
0075
0076
0077
0668
0079
0014
0014
007B
0669
007D
007E
007F
0172
00DE
02F6
0083
0084
008D
0086
066A
0246
0116
008A
00E3
008C
0034
0014
008D
008E
066B
0090
0091
0080
00E6
00E7
00E8
0014
00E9
0096
066C
0219
062B
0002
00EE
02DE
066D
02AC
0007
066E
059B
000A
066F
0187
0147
0670
0252
0010
0386
0012
0014
0014
00A6
0014
0002
0014
0014
0014
0014
0016
018B
0018
0014
0014
001A
0002
0002
0014
0002
0002
0002
001F
001C
0016
001D
001E
0025
0014
0002
0014
0002
0002
0014
001C
001A
001F
0021
0014
0025
0002
0014
0002
0014
0014
0014
0020
001B
0020
0021
0014
00A4
0014
0002
0002
0014
0002
0014
001C
001B
0018
0021
0014
0018
0014
0002
0014
0002
0002
0014
0023
001E
0025
00FA
0014
0018
0014
0014
0002
0002
0002
0002
0018
001D
0025
0010
0014
00FB
0014
0014
0014
0014
0014
0002
0026
0015
018C
0026
0014
00FE
0014
0014
0014
0014
0014
0014
0010
002B
0012
0014
0014
00A6
0014
0002
0014
0014
0014
0014
0010
002B
0025
0014
0014
002D
0014
0014
0014
0002
0014
0014
0019
0254
0016
0019
0014
00A6
0014
0014
0014
0014
0014
0014
00AA
0077
0671
0033
0014
0014
02B2
059F
0672
0429
0340
003A
0673
003C
0014
0014
0315
0453
0674
0675
0365
0200
010B
05A4
0120
00B0
010E
0259
0288
0676
054D
010C
004D
0056
004F
0014
0121
019E
0677
00C1
00C2
02B9
05A8
0056
0002
0014
00C4
0398
0291
0678
00C8
0293
011B
003C
005E
0014
01A4
0679
067A
067B
067C
0064
0045
067D
0002
0014
0377
0262
067E
0297
0339
006E
011B
01AA
0071
0014
048C
067F
0129
0466
016C
0077
01E2
0680
007A
0014
0160
05D6
0438
0681
007F
0080
029F
0082
0014
0014
0085
0682
0134
026D
026E
0046
0137
00E4
0014
0014
01B1
0270
0683
0272
0360
00B0
013D
0093
0094
0014
013E
0274
0684
017D
0001
0002
03BC
021C
0005
0182
0007
0685
01F5
030D
066F
0222
0147
0686
00A3
0010
0011
0012
0013
0014
002D
0014
0002
0002
0014
0014
0014
0016
0017
001D
0014
0014
001A
0002
0002
0014
0002
0002
0002
001F
0023
001C
001D
0019
0020
0002
0002
0014
0002
0002
0014
0023
001A
0016
00FB
0014
001B
0002
0014
0002
0014
0014
0014
0020
001F
0020
0021
0014
00A4
0014
0002
0014
0014
0002
0014
001C
0022
0020
0021
0014
0018
0014
0002
0014
0002
0002
0014
0023
00FB
0016
0021
0024
0016
0014
0014
0002
0002
0002
0002
0018
001A
0025
0026
0014
00FA
0014
0014
0014
0014
0014
0002
0026
0224
00FD
0014
0014
0028
0002
0014
0014
0014
0014
0014
0010
0225
0020
0010
0013
00A6
0014
0002
0014
0014
0014
0014
0019
02E7
002C
0014
0014
002D
0014
0014
0014
0002
0014
0014
0019
002E
002F
0014
0014
00A6
0002
0014
0002
0014
0014
0014
0111
0031
0357
0101
0034
0014
00AC
027F
0687
0104
0191
003A
003B
0054
0014
0014
00C5
0688
003F
0689
054D
022D
00D6
02CD
0120
0046
010E
0048
068A
068B
054D
004C
02B8
004E
004F
0014
00BE
00BF
041F
035F
00C2
0117
028F
0118
0002
0014
00C4
016C
068C
005A
00C8
0293
0161
003C
005E
0014
011C
011D
068D
0434
0239
00CF
0207
02F6
0067
0068
0228
068E
006B
068F
00B3
006E
0298
01AA
0169
0014
020A
02F7
0690
0691
029A
0077
029B
01AD
0014
0014
007B
03E8
0692
0693
007F
0080
0081
0082
00E8
0084
0095
0694
0214
0088
0030
0046
008B
008C
0014
0014
02C3
0695
008F
0538
005B
0301
0092
0093
0014
0014
02C4
036F
024B
024C
01B4
0002
01B5
0004
034C
0006
0183
009E
01BA
01F6
000B
01F8
0188
00F6
0252
0010
0386
00A4
0014
0014
0015
0014
0002
0002
0014
0014
0014
00FB
04B1
0018
0019
0014
00A6
0002
0014
0014
0014
0014
0014
001B
001B
0016
001D
001E
0016
0014
0002
0002
0002
0002
0014
001B
001A
001F
001E
0014
0025
0002
0014
0014
0014
0014
0014
001C
001B
0018
0010
0014
0012
0014
0002
0002
0014
0014
0014
0020
0022
0018
0026
0014
0016
0014
0002
0014
0014
0014
0014
0016
001E
0025
0019
0014
0016
0014
0014
0014
0014
0002
0002
0018
0012
0018
0010
0014
001A
0002
0014
0002
0014
0014
0014
0026
014C
0012
0026
0014
0576
0002
0014
0014
0014
0014
0014
0010
0029
0018
0026
0014
00F9
0014
0002
0014
0014
0014
0014
0019
002B
0012
0026
0014
002D
0014
0014
0014
0014
0014
0014
0021
002B
0018
0019
0014
00F9
0014
0014
0014
0014
0014
0002
0426
0031
014F
0033
0014
0014
0150
0696
0037
02B4
0039
0293
0444
003C
0002
0014
003D
0697
0257
0040
019C
0042
0043
0044
0045
00B0
0047
0048
0049
004A
0336
00BD
004D
008C
0071
0014
0121
0698
019F
051B
0114
0054
0055
0056
0094
0014
0057
04BA
0059
00C7
011A
005C
005D
005C
0094
0014
00CA
0060
01D8
0062
00CE
0064
0065
0066
01DC
0014
00D1
0699
069A
069B
03B7
00D5
006F
0070
0071
0014
016A
069C
0074
069D
0076
0077
020C
040E
007A
0014
020A
0669
007D
007E
007F
0172
0173
043A
0083
0014
0085
0133
069E
069F
0136
008A
026F
0247
0034
0014
0346
03EB
0179
06A0
0414
0080
06A1
0218
0094
0014
0336
06A2
0275
06A3
046F
0002
009A
0143
0308
0006
00F1
0008
0009
0220
000B
0222
0188
00F6
000F
0010
00F8
00A4
0013
0014
0149
0014
0002
0002
0014
0014
0014
0016
0017
0018
0019
0014
001A
0002
0014
0014
0014
0014
0002
001B
001B
001C
0021
0019
0016
0002
0002
0002
0002
0002
0014
001B
001A
001F
001E
0014
0025
0002
0014
0014
0014
0014
0014
001C
001F
0012
0021
0014
0012
0014
0002
0002
0014
0014
0014
0020
0022
0020
0026
0014
0016
0014
0002
0014
0014
0002
0014
0023
00FB
0016
0010
0024
0019
0014
0014
0002
0014
0002
0002
0012
0012
0025
0026
0014
001A
0014
0014
0002
0014
0014
0002
0013
0027
0016
0026
0014
0028
0002
0014
0014
0014
0014
0014
0010
0029
0020
0026
0014
002A
0014
0002
0014
0014
0014
0014
0019
014E
002C
0026
0014
002D
0014
0014
0014
0014
0014
0014
0010
00A5
002F
0026
0014
002D
0002
0014
0002
0014
0014
0002
0030
0031
014F
0448
0034
0014
0193
0036
022C
02B4
0105
003A
003B
003C
00B2
0014
02B6
003E
003F
0040
0107
0042
0043
0044
01CD
0046
0047
0048
0049
004A
0336
004C
0112
004E
0071
0014
0050
0051
041F
0053
0116
0054
0055
02BA
0094
0014
0057
0058
0119
03B5
0238
005C
005D
005C
0094
0014
00CA
0060
0061
0062
0063
0064
0065
0066
01DC
0068
0069
006A
06A4
06A5
00D4
006E
006F
0070
01DC
0014
0072
0073
00D7
00D8
0076
0077
0078
0079
007A
0014
007B
0669
007D
007E
007F
0172
0081
02F6
0083
0014
026B
00E0
01E8
0246
02E8
008A
008B
008C
0034
0014
0174
008E
0348
0090
0091
0046
0092
00E7
00E8
0014
0336
0096
0097
0098
062B
0002
00EE
0307
009C
00F0
034D
06A6
00F3
01F6
066F
00F5
0147
000E
044C
0010
002B
0012
0014
0014
027A
0014
0002
0014
0014
0014
0014
0010
0350
00A4
0026
0014
014B
0002
0002
0014
0002
0002
0002
001F
001C
0016
001D
001E
0025
0014
0002
0014
0002
0002
0014
001C
001A
0020
0021
0014
001B
0002
0014
0002
0014
0014
0014
0020
001B
0020
0021
0014
00A4
0014
0014
0014
0014
0002
0014
001C
001B
0018
0021
0014
0018
0014
0002
0014
0002
0014
0014
0016
001E
0025
0021
0014
0016
0014
0014
0014
0002
0002
0002
0018
00A4
0018
0010
0014
00FB
0002
0014
0014
0014
0014
0002
0026
0351
00FC
0014
0014
027A
0014
0014
0014
0014
0014
0014
0010
027B
0226
0010
0013
002D
0014
0014
0014
0014
0014
0014
0019
0190
0025
0013
0014
002D
0014
0014
0014
0002
0014
0014
0021
0254
0016
0019
0014
002A
0014
0014
0014
0014
0014
0014
00AA
0031
06A7
0033
0014
0014
0150
06A8
06A9
06AA
0340
00B0
06AB
0054
0002
0014
0154
0453
06AC
06AD
0286
0054
010B
05A4
0045
00B0
026B
0048
0288
06AE
054D
019D
004D
0056
004F
0014
0426
019E
019F
00C1
00C2
0117
05A8
0056
0002
0014
00C4
054F
0291
0678
00C8
008A
011B
003C
005E
0014
05D3
01E0
06AF
06B0
01C0
06B1
0207
00E4
0067
0014
0377
06B2
06B3
06B4
0339
00D5
011B
033B
0071
0014
06B5
01AB
06B6
06B7
0402
0077
06B8
029C
0014
0014
020A
04F5
06B9
012E
007F
0080
06BA
05D8
00E8
0084
00DF
037C
0134
026D
0089
0046
06BB
00E4
0034
0014
036B
043B
06BC
02A6
0414
0080
06BD
0093
0094
0014
013E
043E
06BE
043F
046F
0002
03BC
02AA
0005
02AC
0007
0008
01F5
00F4
0221
0222
0574
0686
018A
0010
00F8
0012
0013
0014
0149
0014
0002
0002
0014
0014
0014
0016
0017
001A
0019
0014
001A
0002
0002
0014
0014
0002
0002
001B
0023
001C
001D
0019
0020
0002
0002
0014
0002
0014
0014
001B
001E
0016
001E
0014
001B
0002
0014
0002
0014
0014
0014
0020
001F
0020
0021
0014
0012
0014
0002
0014
0014
0002
0014
0020
0022
0020
0019
0014
0016
0014
0002
0014
0002
0002
0014
0023
00FB
0016
0021
0024
0016
0014
0014
0002
0002
0002
0002
0018
0012
0025
0026
0014
001A
0014
0014
0014
0014
0014
0002
0026
0027
0016
0014
0014
0028
0002
0014
0014
0014
0014
0014
0010
0029
0020
0010
0013
002A
0014
0002
0014
0014
0014
0014
0019
014E
002C
0014
0014
002D
0014
0014
0014
0014
0014
0014
0019
00A5
002F
0014
0014
00A6
0002
0014
0002
0014
0014
0014
0030
0031
0372
02B1
0034
0014
00AC
0036
01C2
01C3
041E
003A
003B
022D
0034
0014
02B6
003E
003F
022E
0041
0042
035D
0044
0120
0046
0035
0048
0231
0232
00BC
004C
004F
004E
004F
0014
00BE
0235
041F
035F
0048
0117
0055
0118
0094
0014
00C4
0058
0119
005A
005B
005C
005D
005C
0094
0014
011C
0060
0061
023B
0063
0064
0207
0066
0067
0068
0228
06BF
057A
06C0
00D4
006E
06C1
0126
01DC
0014
020A
02F7
0690
0322
029A
0077
029B
0079
0014
0014
007B
03E8
00DD
06C2
007F
0080
0081
02F6
00E8
0084
0095
00E0
01E8
0246
02E8
008A
008B
008C
0014
0014
02C3
008E
06C3
0090
0091
0046
0092
00E7
0014
0014
02C4
0096
02C5
0098
024D
0002
00EE
0004
034C
0006
03EE
0440
06C4
01F6
01F7
06C5
0147
00F6
0252
0010
002B
00A4
0014
0014
00A6
0014
0002
0014
0014
0014
0014
0010
0350
0018
0026
0014
014B
0002
0014
0014
0002
0014
0002
0023
001B
0016
001D
001E
0016
0014
0002
0002
0002
0002
0014
001C
001A
001F
0026
0014
0025
0002
0014
0014
0014
0014
0014
001C
001B
0018
0021
0014
00A4
0014
0002
0002
0014
0002
0014
001C
0022
0018
0021
0014
0018
0014
0002
0014
0014
0014
0014
0016
001E
0025
00FA
0014
0016
0014
0014
0014
0014
0002
0002
0018
00A4
0018
0010
0014
00FB
0002
0014
0002
0014
0014
0014
0026
0351
00FC
0026
0014
027A
0014
0014
0014
0014
0014
0014
0026
018F
0018
0026
0014
0227
0014
0014
0014
0014
0014
0014
0010
0190
0018
0026
0014
0227
0014
0014
0014
0002
0014
0014
0021
0254
0018
0019
0014
00F9
0014
0014
0014
0014
0014
0002
0228
0031
0192
0033
0014
0014
0150
04DF
06C6
06C7
0039
0301
0255
003C
0002
0014
0107
06C8
06C9
0258
046B
0054
0043
010C
0045
00B0
012F
0048
0201
0202
0336
019D
004D
0113
0094
0014
0343
0698
019F
06CA
0360
0054
00D6
0056
0002
0014
0057
04BA
058C
06CB
0160
0205
005D
003C
005E
0014
0239
011D
0260
02D5
05D3
0247
0065
01A6
01DC
0014
00D1
06CC
06CD
06CE
0339
00D5
006F
0070
0071
0014
016A
0437
0074
069D
012B
0077
06CF
029C
007A
0014
020A
020F
0210
007E
007F
010D
06D0
0082
0083
0014
0085
06D1
0134
06D2
0089
010D
0412
00E4
0034
0014
0346
06D3
06D4
06D5
0414
0080
0415
0093
0094
0014
0336
0416
06D6
03D8
06D7
0002
00EE
0004
00EF
00F0
0007
00F2
01F5
06D8
01BB
00F5
000D
000E
000F
0010
002B
0012
0014
0014
002D
0014
0014
0002
0014
0014
0014
00FB
04B1
0018
0026
0014
014B
0002
0002
0014
0002
0002
0002
001B
001C
001C
001D
001E
0020
0002
0002
0014
0002
0002
0014
001C
001A
001F
001E
0014
001B
0002
0014
0002
0014
0014
0014
0020
001B
0020
0021
0014
001D
0014
0002
0002
0014
0002
0014
001C
0022
0020
0021
0014
0018
0014
0002
0014
0002
0002
0014
0023
00FB
0025
0019
0014
0016
0014
0014
0014
0002
0014
0002
0018
001D
0025
0026
0014
00FB
0014
0014
0014
0014
0014
0002
0026
0351
018C
0026
0014
027A
0014
0014
0014
0014
0014
0014
0010
018F
0020
0013
0014
002D
0014
0014
0014
0014
0014
0014
0019
03C1
0025
0013
0014
002D
0014
0014
0014
0002
0014
0014
0021
00A5
0016
0014
0014
002A
0002
0014
0002
0014
0014
0014
0191
0031
04A9
0101
0014
0014
0035
0194
06D9
06DA
0197
0293
06DB
003C
0002
0014
0107
06DC
06C9
022E
06DD
0042
06DE
010C
0045
00B0
0102
0048
06DF
06E0
004B
019D
0112
004E
004F
0014
0050
019E
019F
00C1
0048
02B9
01A1
02BE
0094
0014
00C4
02BB
04BB
06E1
005B
005C
06E2
00E7
005E
0014
02B2
023A
06E3
06E4
03CD
023C
0207
06E5
01DC
0014
0377
02F2
06E6
06E7
06E8
00B7
006F
0464
01DC
0014
048C
06E9
06EA
06EB
031A
0077
06EC
012C
007A
0014
0346
05D6
06ED
05D7
012F
0080
00DE
0131
00E8
0014
0085
0086
0214
0088
01EA
0046
0344
02CD
0034
0014
02C3
0347
0348
0538
0414
0080
034A
036E
0014
0014
0138
01B3
0097
04DC
02C6
0002
009A
009B
009C
0006
06EE
009E
0009
000A
06EF
0222
02C9
01FA
0252
0010
0011
00A4
0013
0014
0015
0014
0002
0002
0014
0014
0014
0016
0017
00A4
0019
0014
001A
0002
0014
0014
0014
0014
0014
0023
001B
0016
00FA
0010
0016
0014
0002
0002
0002
0002
0014
001B
001E
0025
00FB
0014
0025
0002
0014
0014
0014
0014
0014
001C
001C
0018
0021
0014
0012
0014
0002
0014
0014
0014
0014
0020
0022
0018
0026
0014
0016
0014
0002
0014
0014
0014
0014
0025
001E
0016
0021
0024
0016
0014
0014
0002
0014
0002
0002
0018
0012
0018
0010
0014
001A
0002
0014
0002
0014
0014
0002
0014
0027
0016
0014
0014
0028
0002
0014
0014
0014
0014
0014
0010
0029
0012
0010
0013
002A
0014
0002
0014
0014
0014
0014
0019
014E
002C
0026
0014
002D
0014
0014
0014
0014
0014
0014
0010
0478
002F
0019
0014
002D
0014
0014
0014
0014
0014
0002
0030
010D
0032
0033
0034
0014
01D6
0036
0037
02B4
0105
003A
003B
0054
00B2
0014
02B6
003E
003F
01FF
00B6
00B7
0043
0044
01CD
0046
0047
0048
00BA
0202
0336
004C
004D
008C
005E
0014
06F0
0051
041F
0053
00BC
0054
0055
0056
0002
0014
0057
0058
0204
005A
06F1
0293
005D
005C
0094
0014
005F
0060
05C0
0261
0063
0064
0065
0066
0067
0068
0069
02D6
006B
006C
06F2
006E
00D6
0070
0071
0014
0072
0073
00D7
0075
006D
0014
0561
0079
0014
0014
007B
06F3
007D
02C1
007F
0172
06F4
0082
0083
0084
0174
04A3
00E1
04A5
02DC
008A
02A3
008C
0034
0014
0174
008E
0271
032C
005B
0046
043D
0093
0094
0014
0095
00EA
06F5
017D
06F6
0002
0003
02AA
01B7
06F7
0007
0008
06F8
00F4
01BB
01BC
000D
000E
0148
0010
014E
0012
0013
0014
0227
0014
0014
0002
0014
0014
0014
0016
018B
001D
0014
0014
001A
0002
0002
0014
0002
0002
0002
001F
0023
0025
001D
001E
0025
0014
0002
0014
0002
0014
0014
001C
001A
0016
0021
0014
001B
0002
0014
0014
0014
0014
0014
0020
001B
0020
0014
0014
00A4
0014
0014
0014
0014
0014
0014
0020
0022
0018
0019
0014
001A
0014
0002
0014
0014
0002
0014
0023
0021
0025
0021
0014
0016
0014
0014
0014
0002
0014
0002
0018
001D
0025
0026
0014
00FB
0014
0014
0014
0014
0014
0002
0013
0027
0020
0014
0014
0387
0014
0014
0014
0014
0014
0014
0010
0029
0018
0010
0013
002A
0014
0014
0014
0014
0014
0014
0019
06F9
0025
0014
0014
002D
0014
0014
0014
0014
0014
0014
0021
018F
0016
0014
0014
002A
0014
0014
0014
0014
0014
0014
0191
0031
06FA
0101
0034
0014
00AC
0637
06D9
06DA
00AA
003A
01C4
01C5
0014
0014
0373
0446
01C8
022E
0041
0042
00D6
05A4
0045
00B0
010E
0203
0231
0232
00AA
00E4
01CD
008C
004F
0014
045A
00BF
06FB
06FC
0136
0117
01A1
0118
0014
0014
0422
04BA
0119
06FD
011A
005C
01D5
003C
00E8
0014
02F1
023A
04BE
06FE
06FF
00CF
0207
0700
0067
0014
0377
0701
0702
0703
0315
006E
0704
01AA
0169
0014
048C
0705
0706
0707
029A
016D
04F3
0079
0014
0014
0160
05D6
0708
05D7
007F
0080
0081
02F6
00E8
0084
0138
0086
0087
0088
0116
008A
008B
0247
0014
0014
0709
0178
06C3
036C
013C
0080
0092
0093
0014
0014
0709
0096
02C5
0098
024D
0002
01B5
0004
00EF
0006
06EE
070A
0009
01F6
01F7
01F8
0474
04D5
000F
0010
0011
00A4
0014
0014
0015
0014
0002
0002
0014
0014
0014
0010
01FB
0018
0019
0014
00A6
0002
0002
0014
0014
0014
0002
001B
001B
001C
00FB
0010
0016
0002
0002
0002
0002
0002
0014
001B
001A
001F
001E
0014
0025
0002
0014
0002
0014
0014
0014
001C
001C
0018
0021
0014
0012
0014
0002
0002
0014
0002
0014
001C
001B
0020
0021
0014
0016
0014
0002
0014
0002
0014
0014
0025
001E
0016
00FA
0024
0016
0014
0014
0002
0014
0002
0002
0018
0012
0018
0010
0014
001A
0002
0014
0002
0014
0014
0014
0026
01FC
00FD
0026
0014
014D
0002
0014
0014
0014
0014
0014
0010
002B
0020
0026
0014
002D
0014
0002
0014
0014
0014
0014
0010
002B
002C
0026
0014
002D
0014
0014
0014
0002
0014
0014
0019
002E
002F
0019
0014
002D
0002
0014
0002
0014
0014
0002
0030
0031
0032
0033
0014
0014
010E
0036
0037
0335
0039
00B0
01FE
003C
0002
0014
003D
0256
0156
01FF
0197
00B7
0043
0044
01CD
0046
0047
0048
00BA
0202
004B
004C
004D
004E
0071
0014
0114
025B
0052
0053
0203
0054
0055
0056
0002
0014
0057
0058
0204
0292
00C8
0205
005D
005C
005E
0014
00CA
0060
0162
0206
0063
0064
0065
0066
0002
0068
0069
02F2
006B
0338
03B7
00D5
006F
0070
0071
0014
0072
070B
0074
070C
0076
0077
020C
029C
007A
0014
007B
06F3
00DD
070D
007F
00B0
070E
0082
0083
0014
0085
0544
03A5
04A5
0030
0301
0302
008C
0034
0014
0174
02A4
03A8
043C
005B
00B0
0305
00E7
0094
0014
00E9
0274
0140
070F
046F
0002
009A
0143
0005
0006
01F3
009E
0009
000A
0146
0222
0251
00F6
0252
0010
0011
0012
0013
0014
002A
0014
0002
0002
0014
0014
0014
0016
0017
00A4
0026
0014
001A
0002
0002
0014
0002
0002
0014
001B
001B
0020
001D
0010
0016
0014
0002
0002
0002
0002
0014
0023
001A
001F
001E
0014
0025
0014
0014
0002
0014
0014
0014
001C
001C
0020
0021
0014
001D
0014
0002
0014
0014
0002
0014
0020
0022
00A4
0026
0014
0016
0014
0002
0014
0002
0002
0014
0023
001E
0016
0010
0024
0012
0014
0014
0002
0014
0002
0002
0018
001E
0025
0014
0014
0021
0014
0014
0014
0014
0014
0002
0014
0027
0016
0014
0014
00FE
0014
0014
0014
0014
0014
0014
0010
0029
0020
0010
0013
002A
0014
0002
0014
0014
0014
0014
0019
014E
002C
0026
0014
002D
0014
0014
0014
0014
0014
0014
0021
002E
002F
0026
0014
00F9
0002
0014
0002
0014
0014
0014
0030
010D
0032
0033
0034
0014
00AC
022B
01FD
0104
0152
003A
003B
003C
00B2
0014
02B6
003E
003F
062F
00B6
00B7
035D
022F
0045
0046
0047
0230
042C
042D
004B
004C
004D
008C
0071
0014
00BE
0051
041F
0053
0203
0054
0055
0056
0002
0014
0057
01A2
0204
06FD
0030
0293
005D
005C
0094
0014
005F
0060
0162
0163
0063
0064
0065
0066
01DC
0068
0069
0164
02F3
006C
0208
006E
0320
0070
0014
0014
0072
0073
0710
016B
006D
0014
029B
0079
0014
0014
007B
020F
0711
029E
007F
0172
0081
0082
0083
0084
0085
0086
0087
0088
0089
008A
008B
008C
0034
0014
0174
008E
008F
0090
0091
0080
0092
00E7
00E8
0014
0095
017C
0097
0098
0712
0002
01B5
0307
0713
00F0
0714
0685
030C
0715
01BB
00F5
01BD
032F
000F
0010
014E
001A
0014
0014
0149
0014
0002
0014
0014
0014
0014
00FB
04B1
0018
0019
0014
014B
0002
0014
0014
0014
0014
0002
001F
001C
001C
00FB
001E
0025
0002
0014
0014
0002
0002
0014
001B
001A
0016
00FB
0014
001B
0002
0014
0014
0014
0014
0014
0018
001B
0012
0021
0014
0012
0014
0002
0002
0014
0002
0014
001C
0022
0020
0021
0014
0018
0014
0002
0014
0014
0014
0014
0016
00FB
0020
0021
0014
0016
0014
0014
0002
0002
0014
0002
0012
0012
0012
0010
0014
001A
0002
0014
0002
0014
0014
0014
0026
0489
018D
0026
0014
0015
0002
0014
0014
0014
0014
0014
0010
018F
0012
0013
0014
002D
0014
0014
0014
0014
0014
0014
0010
0190
0018
0013
0014
002D
0014
0014
0014
0002
0014
0014
0019
002B
0012
0019
0014
00A6
0014
0014
0014
0014
0014
0002
0191
0031
04A9
04AD
0014
0014
0150
01B3
0716
01C3
0197
0293
0444
022D
0002
0014
0445
0717
06AC
0040
019C
0042
0043
0044
004F
00B0
0102
0048
0049
004A
0111
00BD
01CD
004E
004F
0014
0121
0718
02D1
02D2
0116
0117
01A1
02BA
0094
0014
00C4
0058
03B4
03B5
0238
005C
005D
003C
005E
0014
01D6
01E0
0719
0062
01C0
0459
0207
071A
0067
0014
0377
02F2
071B
0522
071C
0218
006F
0464
0071
0014
071D
01AB
071E
071F
031A
0077
06CF
029C
007A
0014
0346
0720
0721
0722
0439
0080
0723
043A
00E8
0014
00E9
02A1
0724
0725
0228
0046
05F2
0247
0034
0014
02C3
01EC
0726
0727
013C
00B0
0728
0093
0094
0014
0138
013F
0729
03D8
046F
0002
0003
02AA
01B7
06F7
0007
0008
072A
030D
0221
0222
000D
000E
0148
0010
0386
0012
0013
0014
00F9
0014
0014
0002
0014
0014
0014
0016
001B
001A
0024
0014
001A
0002
0002
0014
0002
0002
0002
001F
001B
0020
001D
0019
0020
0014
0002
0014
0002
0014
0014
0023
001E
0016
0021
0014
001B
0014
0014
0014
0014
0014
0014
001C
0016
0020
0021
0014
001D
0014
0014
0014
0014
0014
0014
0020
0022
00A4
0019
0014
0016
0014
0002
0014
0014
0002
0014
0023
0021
0025
0021
0014
0016
0014
0014
0014
0002
0014
0002
0018
001D
0025
0026
0014
00FB
0014
0014
0014
0014
0014
0002
0013
0027
0020
0014
0014
00FE
0014
0014
0014
0014
0014
0014
0010
0029
0018
0010
0013
002A
0014
0002
0014
0014
0014
0014
0019
014E
0025
0014
0014
002D
0014
0014
0014
0014
0014
0014
0021
002E
0016
0014
0014
002A
0014
0014
0014
0014
0014
0014
02E8
0031
0032
0101
0034
0014
00AC
022B
0358
0359
0191
003A
003B
0054
0034
0014
02B6
003E
003F
022E
0041
0042
035D
022F
0045
010D
0035
0230
0231
0232
00AA
004C
02B8
008C
004F
0014
045A
0235
041F
035F
0114
0117
0055
0118
0002
0014
00C4
04BA
0119
06FD
011A
005C
005D
0054
0094
0014
011C
0060
0061
023B
0607
0064
0207
0066
0067
0014
0121
0701
057A
072B
072C
006E
0704
01AA
01DC
0014
02A7
067F
072D
072E
029A
016D
04F3
0079
0014
0014
00DB
03E8
0711
072F
007F
0172
0081
0082
00E8
0084
00DF
0086
0087
0088
0089
008A
008B
008C
0014
0014
036B
0178
008F
0090
013C
0080
0092
00E7
0014
0014
013E
0096
02C5
0098
024D
0002
01B5
0004
00EF
0006
06EE
070A
06C4
01F6
01F7
01F8
02C9
04D5
000F
0010
0011
00A4
0014
0014
0015
0014
0002
0002
0014
0014
0014
0010
014A
0018
0019
0014
014B
0002
0002
0014
0014
0014
0002
001B
001C
001C
00FB
001E
0016
0002
0002
0002
0002
0002
0014
001B
001A
001F
001E
0014
0025
0002
0014
0002
0014
0014
0014
0018
001B
0018
0021
0014
0012
0014
0002
0002
0014
0002
0014
001C
001C
0020
0021
0014
0018
0014
0002
0014
0002
0014
0014
0025
001E
0016
00FA
0024
0016
0014
0014
0002
0014
0002
0002
0018
0012
0018
0010
0014
001A
0002
0014
0002
0014
0014
0014
0026
0489
00FD
0026
0014
0015
0002
0014
0014
0014
0014
0014
0010
018F
0020
0026
0014
002D
0014
0002
0014
0014
0014
0014
0010
018F
002C
0026
0014
002D
0014
0014
0014
0002
0014
0014
0019
002B
002F
0019
0014
002D
0002
0014
0002
0014
0014
0002
0030
0031
04A9
0033
0014
0014
0150
0036
0037
0335
0039
00B0
0255
003C
0002
0014
0154
0453
0730
0258
0340
00B7
0043
0044
004F
0046
012F
0048
00BA
0202
004B
00BD
004D
004E
0071
0014
0114
025B
02D1
025D
00C2
0054
00D6
0056
0094
0014
0057
0058
00C6
0292
00C8
0205
005D
005C
005E
0014
00CA
011D
0260
02D5
0063
00CF
0065
01DB
0002
0068
00D1
02F2
02D7
049B
03B7
00D5
006F
0070
0071
0014
0072
0731
0074
0732
0076
0077
06CF
029C
007A
0014
020E
0733
033C
0734
007F
0080
0735
043A
0083
0014
026B
02A1
0736
0737
0228
0046
0302
0738
0034
0014
0174
02A4
0739
073A
005B
00B0
0305
0093
0094
0014
00E9
0274
02A8
043F
073B
0002
00EE
073C
01B7
0006
00F1
0008
0009
0220
000B
01BC
000D
0189
044C
0010
0386
00A4
0013
0014
027A
0014
0014
0002
0014
0014
0014
0016
0023
0018
0026
0014
001A
0002
0014
0014
0002
0014
0002
001B
001B
0025
0021
0019
0016
0014
0002
0014
0002
0002
0014
0023
001E
0016
001E
0014
001B
0002
0014
0014
0014
0014
0014
001C
001C
0012
0010
0014
001D
0014
0002
0002
0014
0014
0014
0020
0022
0018
0019
0014
001A
0014
0002
0014
0014
0002
0014
0023
0021
0025
0021
0014
0016
0014
0014
0002
0002
0002
0002
0018
001E
0025
0026
0014
0021
0014
0014
0014
0014
0014
0014
0014
0027
0020
0026
0014
0387
0014
0014
0014
0014
0014
0014
0010
0029
0018
0010
0013
002A
0014
0002
0014
0014
0014
0014
0019
002B
002C
0026
0014
002D
0014
0014
0014
0014
0014
0014
0010
0577
002F
0026
0014
00A6
0014
0014
0014
0014
0014
0014
02E8
010D
073D
0101
0034
0014
00AC
0036
073E
0281
0039
003A
01C4
022D
00B2
0014
00B3
0256
01C8
022E
0041
0042
035D
05A4
007A
0046
0035
0048
0231
0232
0111
010C
01CD
008C
0071
0014
0050
03E1
058A
0630
0136
0054
01A1
0118
0094
0014
0057
0058
0119
005A
011A
005C
005D
005C
00C9
0014
01A4
0060
01D8
01D9
0366
0064
0409
00D0
0067
0014
0377
039D
073F
0740
006D
006E
0604
0070
0169
0014
016A
0073
0741
01E1
029A
0014
0742
0209
007A
0014
033E
040F
0711
01E5
007F
0080
0081
0743
0083
0084
00DF
00E0
0087
0088
0469
008A
008B
0345
0034
0014
008D
02A4
06C3
036C
0091
0046
0092
00E7
00E8
0014
0095
03EB
02C5
0098
0001
0002
0003
0004
00EF
0744
009D
0745
00F3
0250
0746
06C5
02C9
000E
000F
0010
0011
0012
0014
0014
0149
0014
0002
0014
0014
0014
0014
0010
014A
00A4
0019
0014
014B
0002
0002
0014
0014
0002
0002
0016
0023
001C
001D
001E
0020
0002
0002
0002
0002
0002
0014
001B
001A
001F
00FB
0014
0025
0002
0014
0002
0014
0014
0014
0018
001B
0020
0021
0014
0012
0014
0014
0014
0014
0002
0014
001C
001B
0020
0021
0014
0016
0014
0002
0014
0002
0014
0014
0012
001E
0016
00FA
0024
0016
0014
0014
0002
0014
0002
0002
0012
0012
0018
0010
0014
001A
0002
0014
0002
0014
0014
0002
0026
00A9
00FD
0014
0014
0149
0002
0014
0014
0014
0014
0014
0010
03C1
0020
0013
0014
002D
0014
0002
0014
0014
0014
0014
0019
018F
0025
0013
0014
002D
0014
0014
0014
0002
0014
0014
0021
0478
0016
0019
0014
00F9
0002
0014
0002
0014
0014
0002
0030
0031
0032
0033
0014
0014
010E
022B
0037
00AE
041E
00B0
0153
003C
0002
0014
0107
0155
0156
01FF
0340
0200
0043
0044
0045
00B0
012F
0259
00BA
0202
004B
004C
004D
004E
004F
0014
01EA
0235
047C
035F
0203
0496
0055
0056
0002
0014
0319
031A
0204
00C7
0030
0205
005D
003C
005E
0014
0239
0376
0162
02D5
00CA
0459
0065
0066
0002
0068
0069
006A
006B
006C
037A
0218
006F
0126
0071
0014
0160
01AB
03B8
0075
0076
0077
0747
020D
0014
0014
020E
007C
03B9
02DA
007F
00B0
0748
0082
00E8
0014
0213
0327
03A5
04A5
0089
00B0
0302
008C
0034
0014
0216
0178
03A8
032C
013C
0080
0305
0093
0094
0014
024A
017C
0140
03D8
046F
0002
0003
0307
03AD
06F7
0007
0008
0749
04B0
000B
01BC
000D
000E
0148
0010
00F8
0012
0013
0014
00F9
0014
0002
0002
0014
0014
0014
00FB
02AF
001D
0026
0014
014B
0002
0002
0014
0002
0002
0002
001B
0023
001C
001D
0019
0025
0014
0002
0014
0002
0002
0014
0023
001A
0025
001E
0014
001B
0002
0014
0014
0014
0014
0014
0020
0016
0020
0021
0014
001D
0014
0014
0014
0014
0002
0014
001C
0022
0020
0019
0014
0016
0014
0002
0014
0014
0002
0014
0023
0021
0016
0010
0024
0012
0014
0014
0002
0002
0002
0002
0018
001D
0025
0026
0014
00FB
0014
0014
0014
0014
0014
0002
0026
014C
0016
0014
0014
052A
0014
0014
0014
0014
0014
0014
0010
0029
0018
0014
0014
00F9
0014
0002
0014
0014
0014
0014
0019
002B
0025
0014
0014
002D
0014
0014
0014
0002
0014
0014
0021
00FF
0016
0014
0014
002A
0014
0014
0014
0014
0014
0014
0030
0031
0372
0101
0034
0014
00AC
022B
0103
0104
0152
0293
04B3
01C5
0002
0014
0373
0155
04B5
074A
010A
0042
010B
022F
0045
010D
010E
074B
01CB
074C
0111
025A
01CD
008C
004F
0014
028B
0051
074D
074E
0136
02B9
0055
0118
0094
0014
03B3
04BA
0119
06FD
011A
005C
035D
003C
0094
0014
02F1
074F
04BE
04BF
005F
0064
0207
0066
01DC
0068
0121
006A
0435
0166
072C
00B7
006F
01AA
0169
0014
048C
0750
0129
0751
012B
0068
020C
016F
0014
0014
0160
0752
012D
0753
012F
0172
0754
0131
0014
0014
03BB
0755
0087
04CB
0116
008A
0756
008C
0014
0014
0709
0178
01ED
017A
013C
0080
0757
0093
0014
0014
02C4
0096
01F1
01F2
0758
0002
032E
059A
0005
0006
02C7
070A
0009
000A
057D
01F8
04D4
04D5
000F
0010
002B
00A4
0014
0014
0015
0014
0002
0002
0014
0014
0014
0016
001B
0018
0019
0014
001A
0002
0002
0014
0014
0014
0014
0023
001B
0016
0021
001E
0016
0002
0002
0002
0002
0014
0014
001B
001A
001F
00FB
0014
0025
0002
0014
0002
0014
0014
0014
001C
001B
0018
0021
0014
0012
0014
0002
0002
0014
0002
0014
0020
001B
0018
0021
0014
0018
0014
0002
0014
0002
0014
0014
0025
001E
0025
0021
0014
0016
0014
0014
0014
0014
0002
0002
0018
0012
0018
0010
0014
001A
0002
0014
0002
0014
0014
0014
0026
0224
018D
0026
0014
0028
0002
0014
0014
0014
0014
0014
0010
02E7
0020
0010
0013
00A6
0014
0014
0014
0014
0014
0014
0010
03C1
002C
0026
0014
002D
0014
0014
0014
0014
0014
0014
0019
002E
002F
0019
0014
002D
0002
0014
0002
0014
0014
0002
00AA
0031
0192
0033
0014
0014
010E
02CB
0037
00AE
00AF
003A
003B
003C
00B2
0014
003D
0256
003F
04D8
00B6
00B7
0043
0044
004F
0046
0047
0048
00BA
0202
004B
004C
004D
004E
005E
0014
0114
0759
0052
0236
00C2
0054
00D6
0056
0002
0014
00C4
0290
00C6
0292
00C8
0205
005D
005C
005E
0014
00CA
0060
0162
0206
00CE
00CF
0065
02F6
0067
0014
00D1
075A
006B
0338
00D4
006E
00D6
0070
0071
0014
0072
075B
00D7
012A
029A
0077
029B
020D
007A
0014
007B
075C
00DD
075D
007F
0080
0081
0082
0083
0084
0085
00E0
01AF
02DB
0030
0046
008B
00E4
0034
0014
0174
02A4
008F
00E5
005B
00B0
0092
00E7
0094
0014
00E9
0274
0097
04DC
046F
0002
0003
0143
075E
0006
00F1
0440
0009
000A
000B
0371
000D
00F6
000F
0010
0386
0012
0014
0014
002A
0014
0002
0002
0014
0014
0014
0016
001B
00A4
0026
0014
001A
0002
0002
0014
0002
0002
0014
001B
001B
0025
001D
0010
0016
0002
0002
0014
0002
0002
0014
0023
001A
001F
001E
0014
001B
0014
0014
0002
0014
0014
0014
001C
001C
0020
0021
0014
00A4
0014
0002
0014
0014
0002
0014
0020
0022
00A4
0019
0014
0016
0014
0002
0014
0002
0002
0014
0023
001E
0025
0010
0014
0012
0014
0014
0014
0002
0002
0002
0018
001E
0025
0010
0014
0021
0014
0014
0014
0014
0014
0002
0014
0015
03C1
0014
0014
0387
0014
0014
0014
0014
0014
0014
0010
002B
0020
0026
0014
00A6
0014
0002
0014
0014
0014
0014
0010
014E
002C
0026
0014
002D
0014
0014
0014
0014
0014
0014
0021
002E
002F
0026
0014
002A
0014
0014
0014
0014
0014
0014
02E8
0242
0032
0033
0014
0014
022A
022B
048A
04E1
0039
003A
003B
003C
00B2
0014
00B3
003E
0284
022E
0107
0042
035D
022F
0045
0046
0035
0230
0231
0232
004B
042F
004D
0459
0071
0014
0426
0051
075F
025D
0048
0054
0055
0056
0002
0014
0057
02BB
0059
06FD
005B
005C
005D
005C
0094
0014
01A4
0060
0061
023B
0366
0064
0065
0066
01DC
0014
0121
0164
069A
006C
00D4
006E
0320
0070
0071
0014
0116
0073
0741
016B
006D
0014
029B
0760
0014
0014
007B
020F
0761
029E
007F
010D
0081
0082
0083
0014
0085
0086
0214
0088
0089
0301
008B
008C
0034
0014
008D
008E
008F
0090
0091
0080
0092
00E7
00E8
0014
0095
0096
0097
0098
0712
0002
01B5
0307
0762
00F0
0714
0008
030C
0763
00A0
00F5
0764
032F
00F7
0010
00F8
001A
0013
0014
0149
0014
0002
0014
0014
0014
0014
0010
014A
0018
0019
0014
014B
0002
0002
0014
0014
0014
0002
001F
0023
001C
00FB
001E
0025
0014
0002
0002
0002
0002
0014
001B
001A
0016
00FB
0014
0025
0002
0014
0014
0014
0014
0014
0018
001B
0012
0021
0014
0012
0014
0002
0002
0014
0002
0014
001C
0022
0020
0021
0014
0018
0014
0002
0014
0014
0014
0014
0020
00FB
0016
0021
0024
0016
0014
0014
0002
0014
0002
0002
0012
0012
0018
0026
0014
001A
0002
0014
0002
0014
0014
0014
0026
00A5
0016
0026
0014
0015
0002
0014
0014
0014
0014
0014
0010
0029
00A4
0010
0013
00A8
0014
0002
0014
0014
0014
0014
0019
018F
0025
0013
0014
002D
0014
0014
0014
0002
0014
0014
0019
002B
0016
0019
0014
002D
0002
0014
0002
0014
0014
0002
0111
0031
04A9
0229
0034
0014
0035
027F
0151
01C3
048C
00B0
0255
022D
0002
0014
0445
0717
0447
02CC
00B6
0200
0043
0044
004F
00B0
012F
0048
00BA
0202
0111
004C
01CD
004E
004F
0014
0050
0718
0765
035F
00AA
0421
00D6
02BA
0083
0014
00C4
0290
0766
03B5
0160
0205
005D
003C
005E
0014
0239
011D
0767
02D5
00CA
00CF
0207
02F6
0067
0068
00D1
02F2
006B
0124
01E0
0218
006F
0126
0169
0014
0160
0768
03B8
0769
076A
0077
076B
076C
007A
0014
0160
0720
076D
076E
012F
0080
026A
0131
00E8
0084
00E9
0682
076F
0770
015D
008A
06BB
0738
0034
0014
0248
0771
0772
0773
0121
0046
0774
0093
0094
0014
024A
0775
0776
03D8
046F
0002
0003
03EC
0777
06F7
0007
00F2
06F8
030D
000B
01BC
000D
000E
0148
0010
0386
0012
0013
0014
00F9
0014
0014
0002
0014
0014
0014
0016
001B
001D
0026
0014
001A
0002
0014
0014
0002
0002
0002
001B
0023
0020
001D
0019
0020
0014
0002
0014
0002
0002
0014
0023
001E
0020
001E
0014
001B
0014
0014
0014
0014
0014
0014
0020
001F
0020
0021
0014
001D
0014
0014
0014
0014
0014
0014
0020
0022
00A4
0019
0014
0016
0014
0002
0014
0014
0002
0014
0023
0021
0025
0010
0014
0012
0014
0014
0002
0002
0002
0002
0018
001D
0025
0026
0014
00FB
0014
0014
0014
0014
0014
0002
0026
0015
0778
0014
0014
0387
0014
0014
0014
0014
0014
0014
0010
002B
0018
0014
0014
00A6
0014
0002
0014
0014
0014
0014
0019
002B
0018
0014
0014
0227
0014
0014
0014
0014
0014
0014
0021
0254
0012
0014
0014
002A
0014
0014
0014
0014
0014
0014
02E8
0031
0032
0101
0034
0014
00AC
022B
0312
0429
0152
003A
0314
0054
0002
0014
0373
0155
0674
074A
019C
0042
00D6
022F
0045
010D
010E
0203
0231
0232
0111
0492
02B8
0459
004F
0014
045A
0051
0779
077A
0136
0117
0055
0118
0002
0014
0057
04BA
0119
06FD
02C3
005C
01D5
003C
0094
0014
02F1
011D
077B
06FE
02F1
0064
0207
0066
01DC
0014
0121
0164
0379
072B
072C
006E
0704
01AA
007A
0014
048C
077C
04C4
077D
029A
0068
04F3
077E
0014
0014
00DB
077F
0780
0781
007F
0242
0782
0082
0014
0014
00DF
0327
0783
0329
0089
00B0
0784
008C
0014
0014
036B
0178
0683
032C
013C
0080
046D
0093
0014
0014
013E
0096
0785
0594
024D
0002
032E
059A
0005
0006
02C7
009E
0009
01F6
057D
01F8
04D4
04D5
000F
0010
0011
00A4
0014
0014
0015
0014
0002
0002
0014
0014
0014
0010
01FB
0018
0019
0014
00A6
0002
0002
0014
0014
0014
0002
001F
001B
001C
00FB
001E
0016
0002
0002
0002
0002
0002
0014
001B
001A
001F
00FB
0014
0025
0002
0014
0002
0014
0014
0014
001C
001B
0018
0021
0014
0012
0014
0002
0002
0014
0002
0014
001C
001B
0020
0021
0014
0018
0014
0002
0014
0002
0014
0014
0025
001E
0016
0021
0024
0016
0014
0014
0002
0014
0002
0002
0018
0012
0018
0010
0014
001A
0002
0014
0002
0014
0014
0014
0026
002E
0016
0026
0014
0015
0002
0014
0014
0014
0014
0014
0010
00A7
0020
0010
0013
00F9
0014
0002
0014
0014
0014
0014
0019
018F
002C
0026
0014
002D
0014
0014
0014
0002
0014
0014
0019
0577
002F
0019
0014
002D
0002
0014
0002
0014
0014
0002
0111
0031
0786
0033
0014
0014
0150
027F
0037
00AE
00AF
00B0
01FE
003C
00B2
0014
003D
0256
0156
04D8
00B6
0054
0043
0044
004F
0046
0047
0048
00BA
0202
004B
004C
004D
004E
005E
0014
0114
0787
0052
0236
00C2
0054
00D6
0056
0094
0014
00C4
0290
00C6
0292
00C8
0205
005D
005C
005E
0014
00CA
0060
0162
00CD
0063
00CF
0065
02F6
0067
0068
00D1
02F2
006B
0338
03B7
00D5
006F
0070
0071
0014
0072
033A
0074
0788
0076
0077
0668
040E
007A
0014
020E
0789
033C
078A
007F
0080
078B
0131
0083
0084
026B
00E0
0341
02DB
0228
008A
00E3
0345
0034
0014
0174
02A4
0348
00E5
005B
0046
00E6
00E7
0094
0014
00E9
0274
0097
04DC
0599
0002
00EE
0004
03AD
02AC
00F1
00F2
02AD
030D
000B
044B
000D
00F6
078C
0010
0386
0012
0014
0014
0149
0014
0002
0002
0014
0014
0014
0016
001B
0018
0019
0014
001A
0002
0014
0014
0002
0014
0002
001B
0023
001C
00FB
0019
0016
0014
0002
0014
0002
0002
0014
001B
001A
0016
001E
0014
001B
0002
0014
0014
0014
0014
0014
0020
001C
0020
0021
0014
0012
0014
0002
0002
0014
0002
0014
0020
0022
0020
0019
0014
0016
0014
0002
0014
0014
0002
0014
0023
00FB
0025
0010
0014
0012
0014
0014
0002
0002
0002
0002
0018
001A
0025
0026
0014
0021
0014
0014
0014
0014
0014
0014
0026
018C
044D
0026
0014
014B
0002
0014
0014
0014
0014
0014
0010
002B
0018
0026
0014
00A6
0014
0002
0014
0014
0014
0014
0019
002B
002C
0026
0014
0227
0014
0014
0014
0002
0014
0014
0019
0478
002F
0019
0014
00A6
0014
0014
0014
0014
0014
0014
02E8
00B0
0032
0101
0014
0014
00AC
0036
02B3
0038
0039
003A
0556
003C
0002
0014
0315
03DE
0674
078D
0107
0042
010B
0044
007A
0046
010E
0048
010F
0110
0111
00BD
02B8
078E
0071
0014
0050
03E1
078F
051B
0136
0117
0055
0118
0002
0014
0057
0058
0119
005A
02C3
005C
011B
005C
0094
0014
01A4
011D
06E3
011F
0366
0064
0065
0066
01DC
0014
015D
04F0
0435
01DF
006D
006E
0320
049C
0169
0014
0160
02F7
0790
0466
029A
0068
0791
0792
007A
0014
00DB
0793
0794
0795
03A3
0242
0796
0082
00E8
0014
00DF
0544
0797
0798
02DC
00B0
0799
00E4
0034
0014
036B
02A4
079A
043C
0091
0301
046D
0093
0094
0014
013E
03EB
0684
017D
0001
0002
009A
0470
0005
0006
009D
05DD
0009
01F6
00A0
000C
04D4
000E
000F
0010
0011
00A4
0013
0014
00A6
0014
0002
0014
0014
0014
0014
0010
01FB
00A4
0014
0014
00A6
0002
0002
0014
0014
0002
0014
0025
001B
0016
001D
001E
0020
0002
0002
0002
0002
0014
0014
0023
001A
001F
00FB
0014
0025
0002
0014
0002
0014
0014
0014
001C
001B
0018
0014
0014
001D
0014
0002
0014
0014
0002
0014
001C
001B
0018
0021
0014
0018
0014
0002
0014
0002
0014
0014
0018
001E
0016
0021
0024
0016
0014
0014
0002
0014
0002
0002
0018
0012
0018
0010
0014
001A
0002
0014
0002
0014
0014
0002
0026
002E
0016
0014
0014
0015
0002
0014
0014
0014
0014
0014
0010
00A7
0020
0010
0013
00F9
0014
0002
0014
0014
0014
0014
0019
018F
0025
0013
0014
002D
0014
0014
0014
0014
0014
0014
0021
00A5
0016
0014
0014
00F9
0002
0014
0002
0014
0014
0002
0111
0031
04A9
0033
0034
0014
010E
00AD
01FD
079B
041E
00B0
079C
022D
0014
0014
003D
003E
0447
04D8
00B6
0200
0043
010C
0045
00B0
0047
074B
0201
0202
004B
004C
004D
004E
004F
0014
01EA
00BF
0052
0236
00C2
0054
00D6
0056
0014
0014
0319
054F
058C
06CB
0030
0205
005D
0101
005E
0014
00CA
00CB
05C0
0206
00CA
00CF
0207
02F6
0067
0068
0069
006A
006B
006C
037A
00D5
006F
0070
0071
0014
0116
0073
0074
0075
0076
0077
06CF
0079
0014
0014
020E
007C
03B9
02DA
007F
0080
079D
02F6
0083
0084
026B
0086
066A
050E
0116
008A
079E
008C
0034
0014
0174
0178
0650
050F
04AE
0080
079F
036E
0014
0014
0336
017C
0484
00EC
0001
0002
0003
0004
0308
07A0
0007
07A1
00F3
01F6
0221
03AF
000D
000E
000F
0010
002B
00A4
0014
0014
0015
0014
0002
0002
0014
0014
0014
00FB
02E2
00A4
0019
0014
014B
0002
0002
0014
0002
0002
0002
0023
001B
0016
001D
0014
0016
0002
0002
0002
0002
0002
0014
001B
001A
001F
0021
0014
0020
0002
0014
0002
0014
0014
0014
001C
001C
0018
0021
0014
0012
0014
0014
0014
0014
0002
0014
0020
0022
0018
0021
0014
0016
0014
0002
0014
0002
0002
0014
0023
001E
0025
00FA
0014
0012
0014
0014
0014
0014
0002
0002
0018
00A4
0025
0010
0014
00FB
0002
0014
0014
0014
0014
0002
0026
0351
0778
0014
0014
027A
0014
0014
0014
0014
0014
0014
0010
027B
0778
0026
0014
0227
0014
0014
0014
0014
0014
0014
0010
02E4
0025
0026
0014
002D
0014
0014
0014
0002
0014
0014
0021
0254
0016
0019
0014
00F9
0014
0014
0014
0014
0014
0014
0228
00B0
0032
0033
0014
0014
02B2
022B
07A2
0359
0244
0293
07A3
003C
0002
0014
02B6
003E
0156
074A
019C
0042
035D
0044
0045
0014
0047
0230
05CB
074C
00BC
004C
004D
03C8
005E
0014
01EA
0235
0052
0236
0048
0117
0055
0056
0002
0014
00C4
02BB
0059
0678
005B
005C
005D
005C
005E
0014
005F
0060
01A5
02F0
0366
00CF
04EF
0066
01DC
0014
0069
02D6
006B
006C
03B7
00D5
011B
0209
0071
0014
00AA
01AB
03E6
0075
029A
0068
0268
07A4
0014
0014
007B
007C
0591
03EA
007F
010D
02FD
07A5
00E8
0014
0085
0327
07A6
03D4
0089
0301
07A7
008C
0034
0014
01B1
008E
032B
032C
013C
0080
0273
00E7
0094
0014
013E
0096
0140
017D
00FD
0002
07A8
07A9
07AA
0006
07AB
0008
0009
00F4
01F7
000C
07AC
07AD
063C
0010
00F8
0012
0013
0014
002D
0014
0002
0002
0014
0014
0014
0016
0017
0018
0026
0014
001A
0002
0014
0014
0014
0014
0002
001B
0023
001C
00FB
001E
0020
0014
0002
0014
0002
0002
0014
0023
001A
0016
001E
0014
001B
0002
0014
0014
0014
0014
0014
0020
001B
0020
0021
0014
001A
0014
0002
0002
0014
0014
0014
001C
0022
0020
0019
0014
001D
0014
0002
0014
0014
0014
0014
0020
00FB
0016
0021
0024
0016
0014
0014
0002
0002
0002
0002
0018
0012
0018
0026
0014
001A
0014
0014
0002
0014
0014
0014
0026
0027
0016
0026
0014
0028
0002
0014
0014
0014
0014
0014
0010
00A7
00A4
0010
0013
002A
0014
0002
0014
0014
0014
0014
0019
002B
002C
0013
0014
002D
0014
0014
0014
0014
0014
0014
0019
0577
002F
0014
0014
00A6
0002
0014
0002
0014
0014
0002
0030
0031
04A9
04AD
0034
0014
0035
0036
01C2
0335
0105
003A
003B
01C5
0094
0014
0445
06DC
01C8
0258
054D
0054
0043
010C
00B8
0046
0102
0048
02CE
02CF
0111
00BD
00B8
004E
004F
0014
0050
0337
0375
074E
0233
0054
00D6
02BA
0094
0014
0057
0058
05BF
03B5
0160
0205
005D
003C
00C9
0014
07AE
011D
068D
02D5
005F
0064
0065
01DB
0067
0068
015D
02F2
01DE
07AF
01E0
006E
006F
0070
0169
0014
0072
0073
00D7
0266
0290
0077
0078
07B0
007A
0014
020A
07B1
07B2
07B3
00DB
0080
0081
005C
0083
0084
0174
07B4
07B5
00E2
0469
008A
008B
0168
0034
0014
008D
07B6
07B7
0349
005B
0046
0092
0093
0014
0014
00E9
07B8
024B
024C
02C6
0002
0003
0004
0308
02AC
00F1
00F2
00F3
030D
000B
03AF
000D
00F6
0148
0010
002B
0012
0014
0014
0149
0014
0002
0002
0014
0014
0014
0016
001B
00A4
0019
0014
001A
0002
0002
0014
0002
0002
0002
001B
0023
001C
001D
0019
0016
0014
0002
0014
0002
0002
0014
001B
001A
001F
001E
0014
0018
0002
0014
0002
0014
0014
0014
0020
001C
0020
0021
0014
0012
0014
0002
0014
0014
0002
0014
0020
0022
0020
0026
0014
0016
0014
0002
0014
0002
0002
0014
0023
00FB
0025
0010
0014
0012
0014
0014
0014
0014
0014
0002
0018
001D
0025
0010
0014
00FB
0014
0014
0014
0014
0014
0002
0026
00FC
0778
0014
0014
0387
0014
0014
0014
0014
0014
0014
0010
02E4
02E3
0026
0014
027A
0014
0014
0014
0014
0014
0014
0010
027B
0025
0026
0014
002D
0014
0014
0014
0002
0014
0014
0021
0356
0016
0019
0014
00F9
0014
0014
0014
0014
0014
0014
0228
00B0
0032
0101
0014
0014
00AC
022B
0358
0359
0039
003A
0314
003C
0002
0014
019C
0155
003F
074A
019C
0042
010B
0044
0045
010D
010E
0230
02EE
074C
004B
004C
02B8
0459
0071
0014
00BE
0051
0052
0053
0048
0117
0055
0118
0002
0014
0057
01A2
0119
07B9
005B
005C
011B
005C
0094
0014
011C
011D
06E3
011F
0366
0247
0065
0066
01DC
0014
0228
0164
0123
07BA
006D
006E
0320
0209
0071
0014
020A
02F7
0790
0590
029A
0068
029B
07BB
0014
0014
00DB
0793
07BC
07BD
007F
010D
0130
07BE
00E8
0014
0085
04CA
07BF
07C0
0089
0301
0137
008C
0034
0014
01B1
008E
07C1
017A
013C
0080
013D
0093
0094
0014
013E
0096
0140
0141
0758
0002
032E
07C2
009C
0006
009D
0471
0009
07C3
00A0
000C
04D4
032F
000F
0010
0011
00A4
0013
0014
00A6
0014
0002
0014
0014
0014
0014
0010
01FB
0018
0014
0014
00A6
0002
0014
0014
0014
0014
0014
001F
001B
0016
0021
001E
0020
0002
0002
0002
0002
0014
0014
001C
001A
0025
00FB
0014
001B
0002
0014
0014
0014
0014
0014
001C
001B
0018
0014
0014
001D
0014
0002
0002
0014
0014
0014
001C
001B
0018
0021
0014
0018
0014
0014
0014
0014
0014
0014
0020
001E
0016
0021
0024
0016
0014
0014
0002
0002
0002
0002
0018
0012
0018
0026
0014
001A
0002
0014
0002
0014
0014
0014
0026
014C
0016
0026
0014
014D
0002
0014
0014
0014
0014
0014
0010
00A7
00A4
0010
0013
00A8
0014
0002
0014
0014
0014
0014
0019
002B
002C
0013
0014
002D
0014
0014
0014
0014
0014
0014
0019
0577
002F
0014
0014
00A6
0002
0014
0002
0014
0014
0002
0111
0031
04A9
0033
0034
0014
010E
027F
0037
00AE
041E
00B0
05BC
022D
0014
0014
003D
0256
07C4
04D8
00B6
0054
0043
010C
004F
0046
0047
074B
0201
0202
0111
00BD
004D
004E
004F
0014
0114
07C5
07C6
07C7
00AA
0054
00D6
0056
0014
0014
0319
016C
00C6
0292
02DC
0205
005D
0101
005E
0014
00CA
00CB
05C0
0206
00CA
0064
0207
01DB
0067
0068
00D1
01A7
02D7
01A9
037A
00D5
006F
0070
0169
0014
0116
0265
0074
012A
0076
0077
020C
0079
007A
0014
020E
007C
04A1
076E
007F
0080
0212
02F6
0083
0084
0174
0694
07C8
07C9
0228
008A
079E
0738
0034
0014
008D
0270
07CA
07CB
005B
0046
079F
038F
0014
0014
00E9
0274
07CC
00EC
04DD
0002
00EE
0004
03AD
02AC
0007
00F2
034F
000A
000B
02E1
000D
000E
0148
0010
0029
0012
0014
0014
0149
0014
0002
0002
0014
0014
0014
0016
001B
00A4
0019
0014
001A
0002
0014
0014
0002
0002
0002
001B
0023
001C
001D
0019
0016
0014
0002
0014
0002
0002
0014
001B
001A
0020
001E
0014
001B
0002
0014
0014
0014
0014
0014
0020
001F
0020
0021
0014
0012
0014
0002
0014
0014
0002
0014
001C
0022
0020
0019
0014
0016
0014
0002
0014
0014
0002
0014
0023
001E
0025
0010
0014
0012
0014
0014
0002
0014
0002
0002
0018
001D
0025
0010
0014
00FB
0014
0014
0014
0014
0014
0002
0026
00FC
0778
0014
0014
0387
0014
0014
0014
0014
0014
0014
0010
02E4
05BA
0026
0014
027A
0014
0014
0014
0014
0014
0014
0019
027B
0018
0026
0014
0227
0014
0014
0014
0002
0014
0014
0021
00A9
0018
0019
0014
00F9
0014
0014
0014
0014
0014
0014
02E8
00B0
014F
0033
0014
0014
00AC
0427
07A2
0359
0152
003A
05F6
003C
0002
0014
019C
07CD
003F
0109
019C
0042
010B
0044
0045
010D
010E
07CE
05CB
07CF
0111
004C
004D
0459
004F
0014
028B
04E9
041F
0053
0136
02B9
0055
0056
0094
0014
03B3
04BA
0059
07B9
02C3
005C
011B
005C
0094
0014
011C
019C
06E3
07D0
0366
00CF
0065
0066
01DC
0014
0121
04F0
0165
0338
006D
006E
0298
033B
0071
0014
04C2
04F1
0368
0466
029A
0068
04F3
07D1
0014
0014
00DB
07D2
0780
07D3
007F
0242
07D4
07D5
00E8
0014
00DF
07D6
07D7
07D8
0136
00B0
07D9
008C
0034
0014
036B
01F0
0303
07DA
013C
0080
01EF
0093
0094
0014
013E
07DB
0140
0141
0001
0002
009A
0470
0005
0006
07DC
0471
0009
02AE
057D
000C
07DD
02CA
00A3
0010
0011
001A
0013
0014
00A6
0014
0002
0014
0014
0014
0014
0010
01FB
0018
0014
0014
00A6
0002
0002
0014
0014
0014
0014
001F
001B
0016
0021
001E
0020
0002
0002
0002
0002
0014
0014
001C
001A
001F
00FB
0014
0025
0002
0014
0002
0014
0014
0014
001C
001B
0012
0021
0014
001A
0014
0002
0002
0014
0002
0014
00FA
001B
0018
0021
0014
0018
0014
0002
0014
0002
0014
0014
0018
00FB
0016
0021
0024
0016
0014
0014
0002
0002
0002
0014
0018
0012
0018
0026
0014
001A
0002
0014
0002
0014
0014
0002
0026
014C
0016
0026
0014
014D
0002
0014
0014
0014
0014
0014
0010
00A7
0020
0010
0013
00F9
0014
0002
0014
0014
0014
0014
0019
002B
002C
0013
0014
002D
0014
0014
0014
0014
0014
0014
0019
002E
002F
0014
0014
00A6
0002
0014
0002
0014
0014
0002
0111
0031
0192
02B1
0034
0014
010E
027F
02B3
01C3
00AF
00B0
079C
0054
0014
0014
003D
003E
07C4
04D8
00B6
0054
0043
010C
004F
0046
0047
0048
0201
0202
004B
00BD
02B8
004E
005E
0014
0114
0509
02D1
01A0
0397
0054
00D6
02BA
0002
0014
0319
0290
05BF
03B5
00C8
0205
005D
0101
005E
0014
00CA
0060
05C0
0206
00CA
0064
0207
01DB
0067
0068
00D1
006A
02D7
023D
0167
00D5
006F
0070
0169
0014
0072
0073
0074
0075
0076
0077
020C
0079
007A
0014
020E
0789
03B9
02DA
007F
0080
0212
0082
0083
0084
026B
07DE
00E1
07DF
0030
008A
0482
00E4
0034
0014
0174
07E0
008F
07E1
005B
0046
079F
00E7
0014
0014
00E9
07E2
00EB
07E3
0599
0002
00EE
0004
07E4
0182
01F3
07E5
07E6
000A
0146
044B
0147
00F6
0148
0010
002B
0012
0014
0014
0015
0014
0002
0002
0014
0014
0014
0016
001B
00A4
0019
0014
001A
0002
0002
0014
0002
0002
0002
001B
0023
001C
001D
0010
0016
0014
0002
0014
0002
0002
0014
001B
001A
0020
001E
0014
0025
0002
0014
0002
0014
0014
0014
001D
001C
0020
0021
0014
0012
0014
0002
0014
0014
0002
0014
001C
0022
0020
0026
0014
0016
0014
0002
0014
0002
0002
0014
0023
001E
0025
00FA
0014
0012
0014
0014
0014
0002
0002
0002
0018
001D
0025
0010
0014
00FB
0014
0014
0014
0014
0014
0002
0026
00FC
044D
0014
0014
00FE
0014
0014
0014
0014
0014
0014
0010
02E4
044E
0026
0014
027A
0014
0014
0014
0014
0014
0014
0019
027B
002C
0026
0014
0227
0014
0014
0014
0002
0014
0014
0021
0254
002F
0019
0014
002A
0014
0014
0014
0014
0014
0014
0228
00B0
0032
0033
0014
0014
01DA
02E9
048A
04E1
0039
003A
07E7
003C
0002
0014
07E8
03DE
07E9
07EA
0316
00B7
010B
0044
0045
0046
026B
0230
0490
06AE
004B
0492
004D
0459
0071
0014
00BE
025B
0494
025D
0203
0117
0055
0056
0002
0014
0057
01A2
0204
0678
00C8
0293
011B
005C
0094
0014
01A4
011D
05AC
07EB
0366
0295
0065
0066
01DC
0014
0228
04F0
031E
049B
006D
006E
0298
049C
0071
0014
0160
02F7
05AF
0466
029A
0077
04F3
07BB
0014
0014
00DB
03E8
05B0
02FC
007F
00B0
04F7
07BE
00E8
0014
00DF
07EC
07ED
0300
0089
00B0
04F9
008C
0034
0014
01B1
02A4
07EE
043C
0091
0080
07EF
0093
0094
0014
013E
043E
05B5
017D
0001
0002
009A
0470
0005
0006
009D
0008
0009
0596
01BB
000C
0223
032F
000F
0010
00F8
001A
0013
0014
002D
0014
0002
0014
0014
0014
0014
00FB
02AF
0018
0014
0014
002D
0002
0014
0014
0014
0014
0002
001F
001B
0025
0021
001E
0020
0002
0002
0002
0002
0014
0014
0023
001A
001F
00FB
0014
001B
0002
0014
0014
0014
0014
0014
001C
001B
0012
0014
0014
001A
0014
0002
0002
0014
0014
0014
0020
0022
0018
0021
0014
0018
0014
0002
0014
0014
0014
0014
0020
00FB
0016
0021
0024
0016
0014
0014
0002
0014
0002
0002
0018
0012
0018
0026
0014
001A
0002
0014
0002
0014
0014
0002
0013
014C
0016
0026
0014
014D
0002
0014
0014
0014
0014
0014
0010
00A7
0020
0010
0013
00A8
0014
0002
0014
0014
0014
0014
0019
014E
0025
0013
0014
002D
0014
0014
0014
0014
0014
0014
0010
00A5
0020
0014
0014
002D
0002
0014
0002
0014
0014
0002
02DC
0031
04A9
0448
0034
0014
010E
01B3
022C
07F0
041E
0293
02B5
0229
0014
0014
003D
003E
02B7
0040
0041
0042
0043
010C
004F
00B0
0047
074B
0049
004A
0111
004C
004F
004E
004F
0014
0114
00BF
07F1
0420
0116
0054
01A1
02BA
0014
0014
00C4
0058
0119
03B5
0238
005C
005D
0117
005E
0014
00CA
00CB
0061
0062
00CA
0064
0207
02F6
0067
0068
00D1
006A
0165
023D
0167
00D5
006F
0070
0169
0014
0116
0073
0074
0075
0076
0077
020C
0079
007A
0014
020E
02D8
03B9
02DA
007F
0080
0212
02F6
0083
0084
026B
00E0
07F2
01B0
02E8
008A
07F3
0287
0034
0014
008D
0178
07F4
07F5
04AE
0046
07F6
0496
0014
0014
00E9
0096
07F7
07F8
0599
0002
00EE
0004
03AD
02AC
0007
00F2
034F
000A
000B
044B
000D
000E
0148
0010
002B
0012
0014
0014
0149
0014
0002
0002
0014
0014
0014
0016
001B
00A4
0019
0014
001A
0002
0002
0014
0002
0002
0002
001B
0023
001C
001D
0019
0016
0014
0002
0014
0002
0002
0014
001B
001A
0020
001E
0014
001B
0002
0014
0014
0014
0014
0014
001D
001C
0020
0021
0014
0012
0014
0002
0014
0014
0002
0014
001C
0022
0020
0019
0014
0016
0014
0002
0014
0014
0002
0014
0023
001E
0025
0010
0014
0012
0014
0014
0014
0014
0002
0002
0018
001D
0025
0010
0014
00FB
0014
0014
0014
0014
0014
0002
0026
00FC
044D
0014
0014
0387
0014
0014
0014
0014
0014
0014
0010
02E4
044E
0026
0014
027A
0014
0014
0014
0014
0014
0014
0019
027B
0025
0026
0014
0227
0014
0014
0014
0002
0014
0014
0021
0489
0016
0019
0014
00F9
0014
0014
0014
0014
0014
0014
02E8
00B0
0032
0033
0014
0014
01DA
0427
048A
04E1
0152
003A
07E7
003C
0002
0014
05C7
05C8
05C9
07F9
019C
0042
0158
0044
0045
010D
0197
00B9
05CB
0458
0111
0492
004D
0459
004F
0014
045A
04E9
0779
045C
0114
0496
0055
0056
0002
0014
0057
04BA
0059
07FA
02C3
005C
05AA
005C
0094
0014
05D0
0679
05D2
0461
0366
0295
0065
0066
01DC
0014
0121
04F0
0379
049B
006D
006E
0298
033B
0071
0014
04C2
04F1
0368
0466
029A
0068
04F3
07D1
0014
0014
00DB
07D2
07BC
07FB
007F
0242
07D4
05D8
00E8
0014
00DF
07FC
07FD
07FE
0089
00B0
07FF
008C
0034
0014
036B
0637
0800
0801
013C
0080
046D
0093
0094
0014
0138
0802
04FD
0803
0001
0002
009A
0470
0005
0006
0804
0471
0009
0805
057D
000C
05B8
02CA
018A
0010
00F8
001A
0013
0014
00A6
0014
0002
0014
0014
0014
0014
0010
05B9
0018
0014
0014
00A6
0002
0002
0014
0014
0014
0014
001F
001B
0016
0021
001E
0020
0002
0002
0002
0002
0014
0014
0023
001A
001F
00FB
0014
0025
0002
0014
0002
0014
0014
0014
001C
001B
0012
0014
0014
001A
0014
0002
0002
0014
0002
0014
00FA
001B
0018
0021
0014
0018
0014
0014
0014
0002
0014
0014
0020
00FB
0016
0021
0024
0016
0014
0014
0002
0002
0002
0014
0018
0012
0018
0026
0014
001A
0002
0014
0002
0014
0014
0002
0026
014C
0016
0026
0014
014D
0002
0014
0014
0014
0014
0014
0010
00A7
0020
0010
0013
00F9
0014
0002
0014
0014
0014
0014
0019
002B
002C
0013
0014
002D
0014
0014
0014
0014
0014
0014
0019
00A5
002F
0014
0014
00A6
0002
0014
0002
0014
0014
0002
0111
0031
04A9
02B1
0034
0014
010E
027F
022C
05BB
00AF
00B0
079C
022D
0014
0014
003D
003E
0447
04D8
00B6
0054
0043
010C
004F
0046
0047
0048
0201
0202
004B
004C
004F
004E
005E
0014
0114
0509
0052
0236
0397
0054
00D6
02BA
0014
0014
0319
0290
05BF
005A
00C8
0205
005D
0101
005E
0014
005F
0060
05C0
0206
00CA
0064
0207
02F6
0067
0068
00D1
006A
006B
023D
0167
00D5
006F
0070
0169
0014
0072
0073
0074
0075
0076
0077
020C
0079
007A
0014
020E
02D8
03B9
02DA
007F
0080
0212
02F6
0083
0084
026B
07DE
0806
0807
02E8
008A
0808
0345
0034
0014
0174
07E0
0809
080A
005B
0046
080B
00E7
0014
0014
0095
07E2
080C
080D
0599
0002
01B5
0004
0005
06F7
01F3
0440
080E
030D
03F0
05C3
080F
00F6
078C
0010
0011
0012
0014
0014
0015
0014
0002
0002
0014
0014
0014
0016
0017
00A4
0019
0014
001A
0002
0014
0014
0002
0014
0002
001B
0023
001C
00FB
001E
0016
0014
0002
0014
0002
0002
0014
001B
001A
0016
001E
0014
0025
0002
0014
0014
0014
0014
0014
001D
001B
0020
0021
0014
0012
0014
0002
0014
0014
0002
0014
0020
001B
0020
0026
0014
0016
0014
0002
0014
0014
0002
0014
0023
00FB
0016
00FA
0024
0018
0014
0014
0014
0002
0002
0002
0018
001D
0025
0010
0014
00FB
0014
0014
0014
0014
0014
0014
0026
0224
0810
0014
0014
0028
0002
0014
0014
0014
0014
0014
0010
0190
0020
0010
0013
027A
0014
0002
0014
0014
0014
0014
0019
018F
0025
0026
0014
002D
0014
0014
0014
0002
0014
0014
0019
0254
0020
0019
0014
00A6
0014
0014
0014
0014
0014
0014
0030
00B0
0032
04AD
0014
0014
01DA
02E9
0687
0811
0039
003A
05AA
003C
0002
0014
05C7
0812
0813
0814
00B6
00B7
028F
0044
007A
00B0
008D
0230
0815
0816
0336
0492
02B8
028A
0071
0014
028B
0817
0494
0818
015D
0117
0055
0362
0002
0014
0057
01A2
0819
081A
0160
0293
0361
003C
0094
0014
05D0
023A
05AC
07EB
005F
0295
0065
0066
01DC
0068
015D
02F2
031E
01DF
081B
006E
006F
02F6
0071
0014
020A
02F7
04F2
0466
0290
0077
0078
07D1
0014
0014
0346
007C
081C
029E
007F
00B0
0130
0082
00E8
0084
011A
081D
04A4
081E
05B2
00B0
081F
00E4
0034
0014
01B1
0820
0821
0822
0823
0301
0824
0093
0094
0014
024A
0825
0826
0827
0001
0002
0003
0470
03BD
0006
034D
0008
0009
07C3
01BB
000C
000D
000E
000F
0010
0386
00A4
0013
0014
002D
0014
0014
0002
0014
0014
0014
00FB
04B1
0018
0014
0014
002D
0002
0002
0014
0014
0002
0002
001F
001B
0016
001D
0019
0020
0002
0002
0002
0002
0014
0014
0023
001A
001F
0021
0014
001B
0002
0014
0002
0014
0014
0014
001C
001C
0018
0014
0014
001D
0014
0002
0002
0014
0002
0014
001C
0022
00A4
0021
0014
0018
0014
0002
0014
0002
0014
0014
0016
001E
0025
0021
0014
0016
0014
0014
0002
0014
0002
0002
0018
0012
0018
0026
0014
001A
0002
0014
0002
0014
0014
0002
0013
014C
00A4
0026
0014
0576
0002
0014
0014
0014
0014
0014
0010
00A7
0012
0013
0014
00A8
0014
0002
0014
0014
0014
0014
0019
002B
002C
0013
0014
002D
0014
0014
0014
0014
0014
0014
0021
00A5
002F
0014
0014
00A8
0002
0014
0002
0014
0014
0002
0191
0031
04A9
0033
0034
0014
010E
01B3
0037
0038
041E
0293
02B5
022D
0014
0014
003D
003E
0447
0040
0107
0042
0043
010C
0045
0046
0047
0048
0049
004A
004B
004C
004D
004E
004F
0014
0114
00BF
0828
0420
0048
0054
01A1
0056
0014
0014
00C4
0058
0059
005A
005B
005C
005D
005C
005E
0014
005F
0060
0061
0062
00CE
0064
0207
02F6
0067
0014
0069
02D6
02F3
006C
03B7
00D5
00D6
0070
0169
0014
0116
0073
0074
0075
029A
0077
016E
0079
007A
0014
007B
040F
007D
0211
007F
0080
0212
02F6
0083
0014
026B
0086
0087
0088
0116
008A
0829
008C
0034
0014
008D
008E
0249
0538
0091
0080
082A
00E7
0014
0014
0095
0096
0484
00EC
02C6
0002
0003
0004
082B
0182
01F3
07E5
059B
000A
0146
082C
0147
00F6
062C
0010
002B
00A4
0014
0014
00F9
0014
0002
0002
0014
0014
0014
0016
001C
00A4
0026
0014
001A
0002
0002
0014
0002
0002
0002
001B
0023
001C
001D
001E
0016
0014
0002
0014
0002
0002
0014
001C
001A
0020
001E
0014
001B
0002
0014
0002
0014
0014
0014
001D
001B
0018
0021
0014
00A4
0014
0002
0014
0014
0002
0014
001C
0023
0020
0019
0014
0016
0014
0002
0014
0002
0002
0014
0023
001E
0025
00FA
0014
0012
0014
0014
0014
0002
0002
0002
0018
001D
0025
0010
0014
00FB
0014
0014
0014
0014
0014
0002
0026
0224
044D
0014
0014
0028
0002
0014
0014
0014
0014
0014
0010
027B
0488
0026
0014
027A
0014
0014
0014
0014
0014
0014
0019
027B
002C
0026
0014
0227
0014
0014
0014
0002
0014
0014
0019
02E3
002F
0019
0014
00A6
0014
0014
0014
0014
0014
0014
02E8
00B0
0032
0033
0014
0014
05D0
022B
048A
04E1
0039
003A
0314
003C
0002
0014
07E8
0155
07E9
0157
0316
00B7
0158
022F
0120
0046
008D
0230
0288
082D
004B
0492
004D
028A
004F
0014
0426
0051
0494
025D
0203
0117
0055
0056
0002
0014
0057
01A2
0204
05A9
00C8
0293
05AA
003C
0094
0014
01DA
023A
082E
07EB
05D3
0295
0065
0066
01DC
0014
015D
0164
031E
006C
0339
006E
0298
0209
0071
0014
020A
02F7
05AF
0590
016C
0077
04F3
07BB
0014
0014
020A
03E8
082F
02FC
007F
00B0
04F7
0830
00E8
0014
00DF
0831
0832
03D4
05B2
00B0
0833
00E4
0034
0014
036B
0695
0834
017A
008D
0301
0835
0093
0094
0014
0138
00EA
0836
017D
0758
0002
032E
0837
0005
0006
009D
0008
0009
0573
01BB
000C
0188
000E
000F
0010
00F8
0012
0013
0014
0015
0014
0002
0002
0014
0014
0014
00FB
02AF
0018
0019
0014
002D
0002
0014
0014
0014
0014
0002
001F
001B
0025
001D
0019
0018
0002
0002
0002
0002
0014
0014
001B
00FB
001F
0021
0014
0025
0002
0014
0014
0014
0014
0014
001C
001F
0020
0014
0014
0012
0014
0002
0002
0014
0014
0014
0020
0022
0018
0021
0014
0018
0014
0002
0014
0014
0014
0014
0020
00FB
0016
0021
0024
0016
0014
0014
0002
0014
0002
0002
0018
0012
0018
0026
0014
001A
0002
0014
0002
0014
0014
0014
0013
014C
0016
0026
0014
0576
0002
0014
0014
0014
0014
0014
0010
00A7
0020
0010
0013
00A8
0014
0002
0014
0014
0014
0014
0019
014E
0025
0013
0014
002D
0014
0014
0014
0014
0014
0014
0021
0838
0020
0014
0014
00A8
0002
0014
0002
0014
0014
0002
02DC
0031
04A9
0448
0034
0014
0035
01B3
01C2
02B4
041E
0293
02B5
022D
0094
0014
003D
019A
02B7
0040
0041
0042
0043
0044
0045
010D
0047
0048
0049
004A
0111
004C
005E
004E
005E
0014
0050
0839
083A
0420
0116
0054
01A1
02BA
0014
0014
00C4
0058
0119
005A
0238
005C
005D
005C
005E
0014
005F
0060
0061
0062
0063
0064
0207
02F6
0067
0068
0069
0378
02F3
0124
03B7
00D5
006F
0070
0169
0014
0116
033A
0074
012A
0076
0077
020C
0079
007A
0014
007B
02D8
007D
02C1
007F
0080
00DE
02F6
0083
0084
026B
0086
066A
01B0
0114
008A
083B
008C
0034
0014
0174
01B2
083C
00E5
013C
0080
083D
0496
0014
0014
0095
013F
083E
083F
0599
0002
00EE
0004
03AD
06F7
0007
00F2
0749
000A
000B
044B
000D
000E
0148
0010
002B
00A4
0014
0014
0149
0014
0002
0002
0014
0014
0014
0016
001C
00A4
0019
0014
001A
0002
0002
0014
0002
0002
0002
001B
0023
001C
001D
0019
0016
0014
0002
0014
0002
0002
0014
001B
001A
0020
001E
0014
001B
0002
0014
0014
0014
0014
0014
001D
001C
0018
0021
0014
0012
0014
0002
0014
0014
0002
0014
0020
0022
0020
0019
0014
0016
0014
0002
0014
0014
0002
0014
0023
001E
0025
0010
0014
0012
0014
0014
0014
0014
0002
0002
0018
001D
0025
0010
0014
00FB
0014
0014
0014
0014
0014
0002
0026
00FC
044D
0014
0014
00FE
0014
0014
0014
0014
0014
0014
0010
02E4
044E
0026
0014
027A
0014
0014
0014
0014
0014
0014
0019
027B
002C
0026
0014
0227
0014
0014
0014
0002
0014
0014
0021
0489
002F
0019
0014
00F9
0014
0014
0014
0014
0014
0014
02E8
00B0
0032
0033
0014
0014
01DA
04DF
048A
04E1
0152
003A
07E7
003C
0002
0014
05C7
0374
05C9
07F9
019C
0042
0158
0044
0045
0046
0197
0230
05CB
0110
0111
0492
004D
0459
0071
0014
028B
0698
0779
045C
0114
0117
0055
0056
0002
0014
0057
04BA
0059
07FA
02C3
005C
05AA
005C
0094
0014
05D0
023A
0840
011F
0366
0295
0065
0066
01DC
0014
0377
02F2
0435
049B
006D
006E
006F
033B
0071
0014
048C
04F1
0841
0466
0076
0068
0078
07D1
0014
0014
00DB
0323
04C7
0842
007F
0242
07D4
05D8
00E8
0014
00DF
0843
02FF
0844
0089
00B0
0845
00E4
0034
0014
036B
0846
0847
0848
0091
0080
046D
0093
0094
0014
0138
0802
04FD
0849
0001
0002
009A
009B
0005
0006
02C7
0471
0009
06D8
057D
000C
04D4
02CA
000F
0010
00F8
0012
0013
0014
00A6
0014
0002
0014
0014
0014
0014
0010
05B9
0018
0014
0014
00A6
0002
0002
0014
0014
0014
0014
001F
001B
0016
0021
001E
0025
0002
0002
0002
0002
0014
0014
0023
001A
001F
00FB
0014
0025
0002
0014
0002
0014
0014
0014
001C
001B
0020
0014
0014
001A
0014
0002
0002
0014
0002
0014
001C
0022
0018
0021
0014
0018
0014
0014
0014
0002
0014
0014
0020
00FB
0016
0021
0024
0016
0014
0014
0002
0002
0002
0002
0018
0012
0018
0026
0014
001A
0002
0014
0002
0014
0014
0002
0026
014C
0016
0026
0014
014D
0002
0014
0014
0014
0014
0014
0010
00A7
0020
0010
0013
00F9
0014
0002
0014
0014
0014
0014
0019
002B
0025
0013
0014
002D
0014
0014
0014
0014
0014
0014
0019
00A5
0020
0014
0014
00A6
0002
0014
0002
0014
0014
0002
0111
0031
04A9
02B1
0034
0014
0150
02CB
01C2
02B4
00AF
00B0
079C
022D
0014
0014
003D
003E
0447
04D8
00B6
0054
0043
010C
01CD
00B0
0047
0048
0201
0202
004B
004C
01CD
004E
004F
0014
0114
0589
0052
0236
0397
0054
00D6
02BA
0014
0014
00C4
0290
05BF
005A
00C8
0205
005D
0101
005E
0014
005F
0060
05C0
00CD
00CA
0064
0207
02F6
0067
0068
0069
02D6
006B
023D
0167
00D5
00D6
0070
0169
0014
0072
0073
0074
0075
029A
0077
0268
0079
007A
0014
020E
02D8
007D
02C1
007F
0080
0212
02F6
0083
0084
026B
084A
066A
050E
02E8
008A
0808
008C
0034
0014
0174
084B
0809
084C
0228
0046
084D
00E7
0014
0014
0095
0665
084E
084F
