// Healthy Ranges — Index Table (level 1 of two-level lookup)
// Addr = node_idx * 279 + feature_idx  (16 bits)
// Data = pair_id (12 bits, stored as 16-bit)
// Depth: 59985 (215 nodes x 279 features)
// Populated: 59985, Unique pairs: 2953 (incl. sentinel at id=0)
//
0001
0002
0003
0004
0005
0006
0007
0008
0009
000A
000B
000C
000D
000E
000F
0010
0011
0012
0013
0014
0015
0014
0002
0002
0014
0014
0014
0016
0017
0018
0019
0014
001A
0002
0002
0014
0002
0002
0002
001B
001C
001D
001E
001F
0016
0002
0002
0002
0002
0002
0014
001B
001E
0020
001F
0021
001B
0002
0014
0002
0014
0014
0014
001D
001B
0022
001F
0014
0022
0014
0002
0002
0014
0002
0014
001D
001C
0022
0023
0014
0016
0014
0002
0014
0002
0002
0014
0024
001A
0016
0023
0025
0016
0014
0014
0002
0002
0002
0002
0018
0012
0010
0026
0014
001A
0002
0014
0002
0014
0014
0002
0027
0028
0016
0027
0014
0029
0002
0014
0014
0014
0014
0014
0026
002A
0022
0026
0013
002B
0014
0002
0014
0014
0014
0002
0019
002C
002D
0027
0014
002E
0014
0014
0014
0002
0014
0002
0023
002F
0030
0019
0014
002B
0002
0014
0002
0014
0014
0002
0031
0032
0033
0034
0035
0014
0036
0037
0038
0039
003A
003B
003C
0034
0002
0014
003D
003E
003F
0040
0041
0042
0043
0044
0045
0046
0047
0048
0049
004A
004B
004C
004D
004E
004F
0050
0051
0052
0053
0054
0055
0056
0057
0058
004F
0014
0059
005A
005B
005C
005D
005E
005F
0060
0061
0014
0062
0063
0064
0065
0066
0067
0068
0069
006A
006B
006C
006D
006E
006F
0070
0071
0072
0073
0074
0014
0075
0076
0077
0078
0079
007A
007B
007C
007D
0014
007E
007F
0080
0081
0082
0083
0084
0085
0086
0050
0087
0088
0089
008A
008B
008C
008D
008E
0035
0014
008F
0090
0091
0092
0093
0094
0095
0096
0097
0014
0098
0099
009A
009B
009C
0002
009D
009E
009F
0006
00A0
00A1
0009
00A2
00A3
00A4
00A5
000E
000F
0010
001D
0015
0013
0014
0015
0014
0014
0002
0014
0014
0014
0026
00A6
001E
0019
0014
00A7
0002
0002
0014
0002
0014
0002
001B
001C
001D
0019
001F
0016
0002
0002
0002
0002
0014
0014
001B
001E
0016
001F
0014
001B
0002
0014
0002
0014
0014
0014
001D
001B
0018
001F
0014
0022
0014
0002
0014
0014
0002
0014
001D
001C
0022
0019
0014
001E
0014
0002
0014
0002
0014
0014
0022
001F
0010
0023
0014
0016
0014
0014
0002
0014
0002
0002
0018
0012
0018
0026
0014
001A
0014
0014
0002
0014
0014
0002
0014
002F
0012
0014
0014
00A8
0002
0014
0014
0014
0014
0014
0026
002A
0018
0026
0013
00A9
0014
0014
0014
0014
0014
0002
0019
00AA
002D
0027
0014
002E
0014
0014
0014
0014
0014
0002
0026
002F
0030
0027
0014
002E
0002
0014
0002
0014
0014
0002
00AB
0032
0033
0034
0035
0014
00AC
00AD
0038
0039
00AE
00AF
00B0
0034
00B1
0014
00B2
00B3
00B4
00B5
00B6
00B7
0043
0044
00B8
0046
0047
00B9
00BA
00BB
00BC
004C
004D
004E
004F
0014
00BD
00BE
0053
00BF
00C0
0056
00C1
0058
004F
0014
00C2
00C3
00C4
00C5
00C6
008C
005F
005E
00C7
0014
00C8
0063
00C9
00CA
00CB
00CC
0068
0069
006A
0014
00CD
00CE
00CF
006F
0070
00D0
00D1
0073
0074
0014
0075
0076
00D2
00D3
00D4
0014
00D5
007C
0014
0014
007E
00D6
0080
0081
00D7
0083
00D8
0085
0086
0050
0087
00D9
0089
008A
0031
008C
00DA
008E
0035
0014
008F
0090
0091
0092
005D
0094
00DB
00DC
00DD
0014
00DE
00DF
00E0
00E1
00E2
0002
00E3
0004
00E4
00E5
00E6
00E7
00E8
00E9
000B
000C
00EA
00EB
00EC
0026
00ED
0012
0014
0014
00A9
0014
0002
0002
0014
0014
0014
0016
0017
0018
0027
0014
001A
0002
0002
0014
0014
0002
0002
0020
0020
0016
001E
0014
0018
0014
0002
0014
0002
0002
0014
0024
001E
0020
0023
0021
0010
0002
0014
0014
0014
0014
0014
0022
0024
0022
0021
0014
0015
0014
0002
0002
0014
0002
0014
0022
001B
0018
0023
0014
0016
0014
0002
0014
0014
0002
0014
0024
001A
0016
0019
0025
0018
0014
0014
0002
0002
0002
0002
0012
0015
0010
0027
0014
00EE
0002
0014
0014
0014
0014
0002
0027
00EF
00F0
0027
0014
00F1
0014
0014
0014
0014
0014
0014
0026
002C
0022
0013
0014
00A7
0014
0002
0014
0014
0014
0014
0019
002C
0010
0013
0014
002E
0014
0014
0014
0002
0014
0014
0023
00F2
0016
0019
0014
002B
0014
0014
0014
0014
0014
0002
0031
00F3
00F4
00F5
0014
0014
00F6
0037
00F7
00F8
00F9
003B
00FA
00FB
0002
0014
00FC
00FD
00FE
00FF
0100
0042
00D1
0101
0045
0014
0102
0048
0103
0104
0105
0106
0107
0108
0061
0050
0109
010A
010B
010C
010D
010E
0057
0060
0097
0014
0059
005A
010F
005C
0110
005E
0111
0060
0061
0014
0112
0113
0114
0115
0062
0067
0068
0116
00C7
006B
0117
0118
006E
0119
011A
0071
0072
011B
007D
0014
011C
011D
011E
011F
0120
007A
007B
0121
007D
0014
0122
007F
0123
0124
0110
00AF
0125
0126
00DD
0014
0127
0128
0129
012A
012B
00AF
012C
012D
0035
0014
012E
012F
0130
0131
0132
0083
0133
0096
0097
0014
0134
0135
0136
0137
0138
0014
0003
0139
013A
013B
013C
013D
013E
013F
0140
0141
0142
0143
0144
0019
0145
0015
0014
0014
00A8
0014
0002
0002
0014
0014
0014
00EE
0146
0018
0019
0014
002E
0002
0002
0014
0014
0002
0014
0024
001C
0016
001E
001F
0016
0002
0002
0002
0002
0014
0014
001B
001E
0020
0023
0021
0010
0002
0014
0002
0014
0014
0014
001D
001B
0018
0023
0014
0012
0014
0002
0002
0014
0002
0014
001D
001C
0012
0027
0014
001E
0014
0002
0014
0002
0014
0014
0016
001A
0016
0021
0025
0021
0014
0014
0014
0014
0002
0002
0018
0012
0018
0026
0014
001A
0002
0014
0014
0014
0014
0002
0027
0147
0148
0027
0014
0149
0002
0014
0014
0014
0014
0014
0026
002C
0022
0027
0014
014A
0014
0002
0014
0014
0014
0014
0019
002C
0022
0027
0014
002E
0014
0014
0014
0014
0014
0014
0019
002F
0022
0027
0014
002E
0014
0014
0014
0014
0014
0014
014B
00F3
014C
0034
0014
0014
014D
014E
014F
0150
0151
0152
0153
0154
0002
0014
0155
0156
0157
0158
0100
0042
0159
0044
015A
00AF
00F6
0055
015B
015C
00BC
015D
004D
015E
004F
0050
0109
00BE
015F
0160
0055
010E
0161
0058
0002
0014
0162
0163
005B
0164
005D
005E
0165
0060
00C7
0014
0166
0167
0114
0168
0169
0067
0068
016A
016B
006B
016C
006D
016D
006F
016E
00D0
0072
011B
0074
0014
0105
016F
0170
0078
0079
007A
0171
0172
007D
0014
0173
0174
0175
0176
00D7
0083
0177
0178
00DD
0014
0087
00D9
0179
017A
0031
0046
017B
012D
0035
0014
017C
017D
017E
017F
0180
00AF
0181
0096
00DD
0014
0182
0099
0183
0184
0185
0186
0187
0188
0189
0006
0007
00A1
0009
000A
018A
018B
018C
000E
018D
0010
001B
0012
0013
0014
001E
0014
0002
0002
0014
0014
0014
0016
001B
0015
0025
0014
001A
0002
0002
0014
0002
0014
0002
001B
0024
001D
001E
0019
0010
0014
0002
0014
0002
0002
0014
0024
001E
0016
001F
0014
001B
0002
0014
0014
0014
0014
0014
0022
0024
0022
001F
0014
0022
0014
0002
0014
0014
0002
0014
0022
001C
0022
0023
0014
0016
0014
0002
0014
0014
0002
0014
0024
0023
0010
0023
0014
0016
0014
0014
0002
0002
0002
0002
0018
001E
0010
0027
0014
00EE
0014
0014
0002
0014
0014
0014
0013
0028
0022
0014
0014
0029
0002
0014
0014
0014
0014
0014
0026
002A
0012
0026
0013
002B
0014
0014
0014
0014
0014
0002
0019
00AA
002D
0013
0014
002E
0014
0014
0014
0002
0014
0002
0023
018E
0030
0019
0014
002B
0002
0014
0002
0014
0014
0002
018F
0032
0033
00F5
0035
0014
0036
0037
0190
0039
0191
003B
003C
0034
0035
0014
003D
0192
003F
0193
00B6
00B7
0043
0194
0045
0046
0047
0048
0195
0196
0105
004C
0197
004E
0074
0014
0198
0199
0053
0054
019A
0056
0057
019B
004F
0014
019C
005A
019D
005C
004B
0152
005F
00FB
0061
0014
0062
019E
019F
01A0
00CB
00CC
0068
0069
006A
0014
00CD
01A1
01A2
01A3
0070
0071
00D1
0073
01A4
0014
010D
0076
0077
01A5
01A6
01A7
01A8
007C
0014
0014
01A9
01AA
01AB
0081
0110
01AC
01AD
0085
0086
0050
008F
01AE
0089
01AF
012B
008C
01B0
008E
0035
0014
008F
01B1
01B2
01B3
0093
0094
01B4
01B5
0097
0014
0098
01B6
0136
01B7
0001
0002
01B8
01B9
0189
0006
0007
00A1
0009
01BA
018A
018B
018C
000E
018D
0010
0011
001A
0013
0014
0015
0014
0002
0002
0014
0014
0014
0026
01BB
0015
0019
0014
01BC
0002
0002
0014
0002
0014
0002
001B
0024
001D
001E
0019
0010
0014
0002
0014
0002
0002
0014
001B
001E
0016
001F
0014
001B
0002
0014
0014
0014
0014
0014
0022
0024
0012
001F
0014
0022
0014
0002
0014
0014
0014
0014
001D
001C
0022
0023
0014
0016
0014
0002
0014
0014
0002
0014
0024
00EE
0016
0019
0025
0012
0014
0014
0002
0002
0002
0002
0012
001E
0010
0027
0014
00EE
0014
0014
0014
0014
0014
0002
0013
01BD
0016
0014
0014
01BE
0002
0014
0014
0014
0014
0014
0026
002A
0012
0026
0013
00A9
0014
0002
0014
0014
0014
0014
0019
002C
002D
0014
0014
002E
0014
0014
0014
0014
0014
0014
0023
002C
0030
0014
0014
002B
0002
0014
0002
0014
0014
0002
0031
0032
0033
00F5
0035
0014
01BF
0037
0190
0039
0191
00AF
01C0
0034
0035
0014
01C1
003E
01C2
0193
00B6
00B7
00D1
0044
0045
0046
01C3
0048
01C4
01C5
0105
004C
0197
012D
0074
0014
01C6
0052
0053
0054
019A
0056
0057
00FB
004F
0014
019C
005A
01C7
01C8
004B
008C
01C9
00FB
0061
0014
00C8
0113
019F
01CA
0066
0067
0068
0069
00C7
006B
006C
00CE
01A2
01CB
01CC
01CD
01CE
0073
01A4
0014
01CF
0076
0077
01D0
01A6
01A7
01D1
007C
0014
0014
0105
007F
01D2
01D3
0110
01AC
01D4
0085
0086
0050
008F
01AE
0089
01AF
010D
008C
01D5
008E
0014
0014
008F
01D6
01B2
01D7
0093
0094
01D8
01B5
0014
0014
00DE
01D9
0136
01B7
01DA
0002
01DB
0139
01DC
013B
013C
013D
013E
01DD
01DE
0141
0142
0143
01DF
0019
002C
0012
0014
0014
00A7
0014
0002
0002
0014
0014
0014
0016
01E0
0018
0027
0014
001A
0002
0002
0014
0014
0002
0002
0024
001C
0016
001E
001F
0016
0002
0002
0002
0002
0002
0014
001D
001E
0020
0023
0021
0010
0002
0014
0002
0014
0014
0014
001D
001B
0022
0023
0014
0015
0014
0002
0002
0014
0002
0014
0022
001C
0018
0027
0014
001E
0014
0014
0014
0002
0014
0014
0016
001A
0010
0023
0014
0016
0014
0014
0014
0014
0002
0002
0018
0012
0018
0026
0014
001A
0002
0014
0002
0014
0014
0002
0027
01E1
01E2
0027
0014
01E3
0002
0014
0014
0014
0014
0014
0026
01E4
0022
0027
0014
00A7
0014
0014
0014
0014
0014
0002
0019
01E5
0022
0027
0014
002E
0014
0014
0014
0002
0014
0002
0019
002F
0022
0019
0014
002E
0014
0014
0014
0014
0014
0002
01E6
00F3
014C
0034
0014
0014
01E7
01E8
01E9
01EA
01EB
003B
01EC
0154
0002
0014
01ED
01EE
01EF
01F0
01F1
0042
0043
0101
015A
00AF
0036
0055
0049
004A
00BC
015E
004D
004E
004F
0050
0051
01F2
01F3
0160
0055
010E
0161
0058
0002
0014
0162
0163
005B
01F4
005D
005E
005F
0060
00C7
0014
01F5
0063
0114
0065
01F6
00CC
0045
01F7
006A
0014
01F8
01F9
01FA
01FB
01FC
0071
0072
01FD
0074
0014
0122
016F
01FE
011F
0079
007A
007B
01FF
007D
0014
007E
0200
0175
0201
00D7
0083
0084
0178
00DD
0014
0087
00D9
0179
017A
0031
0046
008D
0202
0035
0014
017C
0090
017E
017F
0132
00AF
0095
0096
0097
0014
0134
0099
0183
0184
0001
0002
0003
0203
0204
0006
0205
00A1
0009
000A
0206
000C
018C
0207
018D
0010
001D
0012
0013
0014
001F
0014
0002
0002
0014
0014
0014
0016
001B
0018
0027
0014
001A
0002
0002
0014
0014
0014
0002
0020
001C
001D
001E
0019
0022
0014
0002
0014
0002
0014
0014
0024
001E
0016
00EE
0014
001B
0014
0014
0014
0014
0014
0014
001D
0020
0022
001F
0014
0022
0014
0002
0002
0014
0014
0014
0022
001C
0022
0023
0014
0018
0014
0002
0014
0014
0014
0014
0010
0023
0010
0019
0014
0016
0014
0014
0014
0002
0014
0002
0012
001A
0018
0026
0014
0023
0014
0014
0014
0014
0014
0002
0027
0028
0018
0027
0014
0029
0002
0014
0014
0014
0014
0014
0026
002A
0012
0026
0013
002B
0014
0014
0014
0014
0014
0002
0019
00AA
002D
0014
0014
002E
0014
0014
0014
0014
0014
0002
0023
0208
0030
0019
0014
002B
0002
0014
0002
0014
0014
0002
00AB
0032
0033
00F5
0035
0014
0102
0209
0190
0039
00AE
003B
003C
0034
0002
0014
003D
00B3
003F
020A
00B6
00B7
020B
020C
0045
0046
0047
0055
020D
020E
020F
004C
0197
0210
0061
0014
0109
0211
0053
00BF
0212
0056
00C1
005E
004F
0014
0213
0120
0214
0215
0122
0152
005F
005E
0061
0014
00C8
0063
0216
0217
0218
00CC
0068
0069
00B1
0014
00CD
00CE
01A2
0219
0070
0071
021A
0073
0074
0014
010D
0076
021B
01D0
00D4
006B
021C
007C
007D
0014
01A9
007F
01D2
01D3
00D7
01AC
0084
0085
0086
0050
008F
021D
0089
008A
008B
008C
008D
008E
0014
0014
008F
0090
0091
0092
0093
0094
0095
01B5
0097
0014
00DE
021E
021F
0220
0221
0002
0222
0223
0224
0225
0007
013D
0226
013F
000B
0227
0142
000E
0228
0019
0145
0015
0014
0014
00A8
0014
0002
0002
0014
0014
0014
00EE
0146
0012
0019
0014
01BC
0002
0002
0014
0002
0002
0002
001B
0024
0016
001E
001F
0016
0002
0002
0002
0002
0002
0014
001B
001E
0020
001F
0021
0010
0002
0014
0002
0014
0014
0014
001E
001B
0018
0021
0014
0012
0014
0002
0014
0014
0002
0014
001D
001C
0018
0027
0014
0016
0014
0002
0014
0002
0002
0014
0024
001A
0016
0023
0025
0016
0014
0014
0002
0014
0002
0002
0018
0012
0010
0027
0014
001A
0002
0014
0002
0014
0014
0002
0027
0147
00F0
0014
0014
0149
0002
0014
0014
0014
0014
0014
0026
002C
0022
0027
0014
002E
0014
0002
0014
0014
0014
0014
0019
002C
0022
0027
0014
002E
0014
0014
0014
0002
0014
0014
0019
0229
0022
0027
0014
002E
0014
0014
0014
0014
0014
0014
0031
00F3
022A
0034
0014
0014
022B
022C
014F
0150
0191
0152
022D
00FB
00B1
0014
022E
00FD
022F
01F0
0100
0042
0043
0044
015A
00AF
0102
0230
0049
004A
004B
0210
004D
004E
004F
0050
00BD
0231
0232
0233
0055
0234
0057
0058
0097
0014
0059
0163
005B
0235
005D
005E
005F
0060
0097
0014
01F5
0236
0237
0065
0062
0067
0068
0116
006A
006B
016C
01F9
0238
01FB
0239
00D0
0072
023A
01A4
0014
0122
016F
023B
023C
023D
007A
0171
023E
0014
0014
0173
023F
0175
0201
0240
0083
0241
0242
00DD
0014
0087
0243
0129
0244
0117
0046
0245
012D
0035
0014
017C
0246
0247
0248
0249
00AF
024A
0096
00DD
0014
0134
024B
024C
024D
0185
0002
024E
024F
0250
0006
0007
0008
0009
0251
0252
000C
0253
0254
0255
0026
00ED
001A
0013
0014
002B
0014
0002
0002
0014
0014
0014
0016
0017
0018
0025
0014
001A
0002
0002
0014
0002
0014
0002
0020
001D
0010
00EE
0019
0018
0014
0002
0014
0002
0002
0014
001D
001F
0016
00EE
0021
001B
0002
0014
0014
0014
0014
0014
0022
0024
0012
0021
0014
001E
0014
0002
0002
0014
0002
0014
0022
001C
0018
0023
0014
0016
0014
0002
0014
0014
0002
0014
0024
00EE
0016
0019
0025
0016
0014
0014
0002
0002
0002
0002
0018
001A
0010
0027
0014
0023
0014
0014
0014
0014
0014
0014
0013
0256
00F0
0027
0014
0029
0002
0014
0014
0014
0014
0014
0027
002C
0012
0026
0013
00A7
0014
0002
0014
0014
0014
0002
0026
002C
002D
0013
0014
002E
0014
0014
0014
0002
0014
0002
0026
018E
0030
0019
0014
00A7
0002
0014
0002
0014
0014
0002
0031
0257
0258
00F5
0035
0014
0036
0037
0259
025A
025B
003B
003C
025C
0035
0014
003D
0192
003F
0193
00B6
00B7
020B
0194
004F
0046
025D
0048
025E
025F
0105
004C
00B8
004E
0002
0050
0051
0260
0261
0262
019A
0056
0057
00FB
00B1
0014
00C2
0120
01C7
01C8
004B
0152
005F
00FB
0061
0014
00AC
019E
0263
01CA
0066
0067
0068
0069
00B1
006B
01F8
0264
0265
0266
0070
0071
01CE
0073
01A4
0014
0075
0076
0077
0267
01A6
01A7
01A8
0268
007D
0014
01A9
007F
0269
026A
0110
006B
0084
0126
0086
0050
008F
0088
0179
026B
01F8
0257
008D
026C
0035
0014
008F
01B1
026D
026E
005D
00AF
0095
01B5
0097
0014
00DE
026F
0270
0271
0138
0002
0003
0004
0272
013B
013C
0273
013E
00A2
000B
0274
000D
00EB
000F
0010
001D
0012
0014
0014
0015
0014
0014
0002
0014
0014
0014
00EE
0275
0012
0019
0014
01BC
0002
0002
0014
0014
0002
0014
001B
001C
001D
001E
001F
0016
0002
0002
0002
0002
0002
0014
001B
001E
0020
001F
0014
0010
0002
0014
0002
0014
0014
0014
001D
001B
0022
001F
0014
0022
0014
0002
0014
0014
0002
0014
001D
001C
0022
0027
0014
001E
0014
0002
0014
0002
0014
0014
0016
001A
0010
0023
0014
0016
0014
0014
0014
0014
0002
0002
0012
0012
0018
0026
0014
001A
0002
0014
0002
0014
0014
0002
0027
002F
0018
0014
0014
002B
0002
0014
0014
0014
0014
0014
0026
002A
0022
0027
0014
00A9
0014
0014
0014
0014
0014
0014
0019
00AA
0022
0027
0014
002E
0014
0014
0014
0014
0014
0014
0023
002F
0022
0027
0014
00A9
0014
0014
0014
0014
0014
0014
018F
0032
005F
0034
0014
0014
0276
0277
0278
0279
00F9
0152
022D
0034
0002
0014
01F1
027A
027B
01F0
027C
0042
0043
0044
0045
00AF
027D
0055
0049
004A
0240
0106
004D
012D
004F
0014
027E
0052
027F
010C
0055
010E
0161
0058
004F
0014
0059
0280
005B
01F4
005D
005E
005F
0060
00C7
0014
0062
0167
0281
0065
01F6
026C
0068
0282
006A
0014
006C
006D
006E
006F
016E
0283
0072
011B
0074
0014
0284
016F
0285
0078
0079
007A
0286
007C
0014
0014
0173
0200
0080
0081
00D7
0083
0287
0085
00DD
0014
0087
0288
0089
0289
008B
008C
028A
008E
0035
0014
017C
017D
01B2
028B
0180
0094
028C
0096
00DD
0014
0134
0099
0136
0184
028D
0002
028E
028F
0290
0291
0292
00A1
0293
0294
0295
0296
00EA
000E
0297
0026
002C
0015
0014
0014
002E
0014
0014
0002
0014
0014
0014
0016
0024
0018
0027
0014
001A
0002
0002
0014
0014
0002
0002
001B
001C
001D
001E
001F
0010
0002
0002
0014
0002
0002
0014
0024
001A
0020
001F
0014
001B
0002
0014
0014
0014
0014
0014
001D
001B
0012
0023
0014
0015
0014
0002
0002
0014
0002
0014
0022
001C
0022
0019
0014
001A
0014
0002
0014
0014
0014
0014
0010
00EE
0010
0021
0014
0016
0014
0014
0014
0014
0014
0002
0012
0012
0018
0026
0014
001A
0002
0014
0014
0014
0014
0002
0013
0256
01E2
0027
0014
0029
0002
0014
0014
0014
0014
0014
0026
0298
0012
0013
0014
00A7
0014
0014
0014
0014
0014
0002
0019
0299
002D
0013
0014
002E
0014
0014
0014
0002
0014
0002
0023
0229
0030
0014
0014
00A9
0002
0014
0002
0014
0014
0002
01E6
00F3
029A
00F5
0014
0014
00AC
01E8
029B
029C
025B
003B
003C
00FB
0097
0014
029D
029E
00FE
00FF
00FC
0042
020B
0101
0045
0046
0047
0048
0103
029F
0105
0106
0107
004E
0074
0014
0051
02A0
02A1
02A2
0109
010E
0161
0060
00B1
0014
00C2
0163
010F
0235
02A3
005E
005F
005E
00C7
0014
0062
0063
0064
02A4
01F6
00CC
0068
0282
0002
0014
00CD
02A5
02A6
02A7
01FC
0071
01CE
011B
0074
0014
0122
016F
02A8
011F
00D4
007A
01A8
01FF
007D
0014
007E
02A9
02AA
0124
0082
0257
01AD
0282
00DD
0014
0087
02AB
02AC
02AD
02AE
00AF
02AF
02B0
0035
0014
02B1
0090
02B2
02B3
0093
0083
0133
01B5
0014
0014
0134
0099
0136
0220
0001
0002
0003
0139
0005
02B4
02B5
013D
02B6
02B7
02B8
000C
02B9
00EB
02BA
0010
0011
0012
0013
0014
0015
0014
0002
0002
0014
0014
0014
0026
01BB
0012
0019
0014
01BC
0002
0002
0014
0002
0014
0014
0020
0024
0016
0023
0026
0016
0014
0002
0002
0002
0002
0014
001B
001E
0010
0023
0021
0010
0002
0014
0002
0014
0014
0014
0022
001D
0022
001F
0014
0022
0014
0002
0014
0014
0002
0014
001D
001C
0018
0023
0014
0016
0014
0002
0014
0002
0002
0014
0024
001A
0016
0023
0025
0016
0014
0014
0002
0002
0002
0002
0018
001E
0010
0027
0014
0023
0014
0014
0002
0014
0014
0002
0027
01BD
0016
0014
0014
02BB
0002
0014
0014
0014
0014
0014
0026
002A
0022
0026
0013
00A9
0014
0002
0014
0014
0014
0014
0019
002C
0010
0027
0014
002E
0014
0014
0014
0014
0014
0014
0019
0208
0022
0019
0014
00A7
0014
0014
0014
0014
0014
0002
0031
0032
0033
0034
0035
0014
01A9
0037
0038
0039
0191
00AF
02BC
0034
0002
0014
02BD
02BE
02BF
02C0
00B6
0056
0043
0044
02C1
006B
00F6
02C2
00BA
0196
0240
004C
004D
012D
004F
0050
027E
0052
0053
0054
02C3
0056
0057
0058
004F
0014
0059
005A
02C4
02C5
0031
008C
005F
0060
0061
0014
0166
02C6
02C7
01A0
0066
0067
02C8
0069
006A
006B
016C
006D
0238
006F
02C9
00D0
0072
0073
01A4
0014
01CF
0076
02CA
00D3
023D
007A
0171
007C
0014
0014
0105
007F
01AB
0081
00D7
0083
02CB
0085
0086
0050
008F
02CC
0089
008A
02CD
008C
02CE
008E
0035
0014
008F
02CF
0091
0092
016C
0094
02D0
0096
0097
0014
00DE
02D1
0183
0271
0001
0002
0003
01B9
009F
0006
02D2
02D3
0009
000A
000B
02D4
000D
000E
018D
0010
001B
001E
0013
0014
001E
0014
0002
0002
0014
0014
0014
0016
01E0
0012
0027
0014
001A
0002
0002
0014
0002
0002
0002
001B
001B
001D
001E
001F
0022
0014
0002
0002
0002
0002
0014
001D
001E
0018
001F
0021
001B
0002
0014
0014
0014
0014
0014
001D
001B
0012
001F
0014
0022
0014
0002
0014
0014
0002
0014
001D
001C
0022
0023
0014
0016
0014
0002
0014
0014
0014
0014
0016
00EE
0010
0021
0014
0016
0014
0014
0002
0014
0002
0002
0012
001E
0018
0026
0014
0023
0014
0014
0014
0014
0014
0002
0014
0256
00EF
0014
0014
0029
0002
0014
0014
0014
0014
0014
0026
02D5
02D6
0026
0013
00A7
0014
0014
0014
0014
0014
0014
0026
02D5
0010
0014
0014
002E
0014
0014
0014
0002
0014
0014
0023
002F
0016
0019
0014
00A9
0014
0014
0014
0014
0014
0014
018F
0032
02D7
02D8
0035
0014
01E7
0037
02D9
02DA
003A
003B
02DB
0034
0097
0014
01ED
00B3
02DC
02DD
0041
0042
020B
0194
0045
00AF
0036
0055
02DE
015C
020F
02DF
0197
004E
0074
0050
0198
0052
02E0
02E1
0109
0056
0057
0154
004F
0014
0059
005A
02E2
0215
02E3
005E
005F
0096
0061
0014
02E4
019E
02E5
02E6
01F6
00CC
0068
0116
0002
0014
01F8
006D
02E7
02E8
01FC
0071
0072
0073
0074
0014
0075
0076
0077
02E9
02EA
0014
007B
02EB
0014
0014
0105
02EC
02ED
02EE
00D7
0083
02EF
02F0
0086
0050
02F1
0288
02F2
0289
008B
0046
02F3
008E
0014
0014
02F4
02F5
02F6
02F7
0180
0094
02F8
0096
0097
0014
00DE
02F9
024C
02FA
02FB
0002
00E3
02FC
00E4
00E5
02FD
0008
02FE
02FF
0300
018B
0301
0207
0302
0019
0145
0012
0014
0014
0303
0014
0002
0002
0014
0014
0014
0026
01BB
0018
0019
0014
01BC
0002
0002
0014
0014
0014
0002
0022
001C
0016
00EE
0019
0016
0002
0002
0014
0002
0014
0014
001B
001F
0020
00EE
0014
0010
0002
0014
0002
0014
0014
0014
0022
0024
0022
0019
0014
0012
0014
0002
0002
0014
0002
0014
0021
001C
0018
0013
0014
001E
0014
0002
0014
0002
0002
0014
0024
001A
0016
0023
0025
0016
0014
0014
0002
0002
0002
0002
0018
0012
0010
0027
0014
001A
0002
0014
0002
0014
0014
0014
0027
01BD
0016
0027
0014
0149
0002
0014
0014
0014
0014
0014
0026
002A
0022
0027
0014
00A9
0014
0002
0014
0014
0014
0002
0019
002C
002D
0027
0014
002E
0014
0014
0014
0014
0014
0002
0019
002C
0030
0027
0014
00A7
0002
0014
0002
0014
0014
0002
020F
00F3
0304
0034
0014
0014
01BF
0305
0038
025A
0306
00AF
0307
0308
0002
0014
00FC
029E
0309
0193
01EB
00B7
0043
0044
02C1
0046
027D
0048
00BA
00BB
004B
004C
004D
0210
004F
0014
030A
030B
030C
0262
030D
030E
00D1
0058
00B1
0014
00C2
030F
00C4
0235
00C6
0310
005F
0060
00DD
0014
0062
0167
0311
01A0
0066
0067
0312
0069
006A
006B
006C
0313
006E
0314
02C9
00D0
00D1
011B
01A4
0014
0315
016F
0285
0316
00D4
007A
0317
0318
007D
0014
007E
0319
02AA
0201
031A
01AC
02CB
0242
00DD
0014
0087
0088
031B
026B
006C
008C
031C
012D
0035
0014
031D
0090
026D
017F
005D
0046
02D0
005E
00DD
0014
0134
00DF
0270
009B
031E
0002
031F
0320
0321
0006
00A0
0322
0323
000A
0295
0324
000D
000E
018D
0010
001B
0012
0013
0014
0015
0014
0002
0002
0014
0014
0014
0016
01E0
0018
0019
0014
001A
0002
0002
0014
0014
0002
0014
001B
001B
001D
001E
0014
0010
0014
0002
0002
0002
0014
0014
001B
001E
0010
001F
0021
001B
0002
0014
0014
0014
0014
0014
001D
0020
0022
001F
0014
0022
0014
0002
0002
0014
0014
0014
001D
001B
0022
0019
0014
001E
0014
0002
0014
0014
0014
0014
0022
00EE
0022
0019
0014
0016
0014
0014
0002
0014
0002
0002
0018
0012
0018
0027
0014
001A
0014
0014
0014
0014
0014
0002
0027
0028
0018
0027
0014
01E3
0002
0014
0014
0014
0014
0014
0026
002A
0018
0026
0013
002B
0014
0014
0014
0014
0014
0002
0019
00AA
0010
0013
0014
002E
0014
0014
0014
0014
0014
0002
0023
002C
0016
0019
0014
00A9
0002
0014
0002
0014
0014
0002
01E6
0032
01C9
02D8
0035
0014
01E7
0325
0190
0039
01EB
003B
01EC
0034
0002
0014
0326
0327
0328
0329
0041
0042
0159
0044
0045
0014
00F6
00B9
032A
032B
020F
032C
0197
004E
0074
0050
0051
032D
032E
032F
012B
0056
0161
0154
004F
0014
00C2
0330
02E2
0331
02E3
005E
0332
00FB
00C7
0014
0276
0113
02E5
02E6
02E4
00CC
0068
016A
016B
0014
0117
0333
0334
0335
0336
0071
01CE
0073
01A4
0014
01CF
0076
0077
0337
01A6
006B
01A8
007C
007D
0014
0173
01AA
0080
0338
01C3
01AC
01AD
0085
0086
0050
0339
033A
0089
033B
027E
008C
033C
008E
0035
0014
02F4
033D
01B2
033E
0132
0094
02F8
01B5
0097
0014
00DE
033F
0340
0341
0001
0002
0003
01B9
00E4
00E5
02B5
0342
02FE
0343
0344
0345
0346
0347
0228
0019
0145
0015
0014
0014
00A9
0014
0002
0002
0014
0014
0014
0026
0348
0012
0013
0014
00A7
0002
0002
0014
0002
0014
0002
0024
001C
0016
00EE
001F
0016
0002
0002
0014
0002
0002
0014
0024
001E
0020
0023
0014
0010
0002
0014
0002
0014
0014
0014
0022
001B
0018
0023
0014
0015
0014
0002
0014
0014
0002
0014
0018
001C
0012
0023
0014
0016
0014
0002
0014
0002
0002
0014
0024
001A
0016
0023
0025
0016
0014
0014
0002
0002
0002
0002
0018
0015
0010
0026
0014
00EE
0002
0014
0002
0014
0014
0002
0027
0349
00F0
0014
0014
01BE
0002
0014
0014
0014
0014
0014
0026
002C
0022
0027
0014
002E
0014
0002
0014
0014
0014
0014
0026
002C
002D
0027
0014
002E
0014
0014
0014
0002
0014
0014
0019
002F
0030
0027
0014
00A7
0014
0014
0014
0014
0014
0002
0031
00F3
034A
0034
0014
0014
0102
0037
034B
034C
0191
00AF
0307
00FB
00B1
0014
003D
003E
02BF
0193
01EB
034D
0043
0101
004F
0046
0047
0048
034E
034F
004B
004C
004D
0108
004F
0014
027E
0052
0261
0054
02C3
010E
0057
0058
0002
0014
0059
005A
02C4
005C
00C6
0310
005F
0060
0061
0014
0062
0063
0311
0350
0066
0067
0068
0069
006A
006B
00CD
006D
006E
006F
02C9
00D0
0072
0351
0074
0014
0105
016F
0352
0078
0079
007A
0171
0353
0014
0014
01A9
0354
0355
0356
0082
0083
0177
0178
00DD
0014
0357
0088
0358
026B
0031
0046
02CE
0202
0035
0014
0127
017D
017E
026E
005D
00AF
0359
0096
00DD
0014
0134
035A
009A
0184
035B
0002
035C
035D
0290
035E
0007
0008
035F
0294
0360
0296
0142
000E
0297
0026
00F2
0015
0013
0014
00A9
0014
0014
0002
0014
0014
0014
0016
0024
001E
0027
0014
001A
0002
0002
0014
0014
0014
0002
0024
001C
001D
001E
001F
0018
0002
0002
0014
0002
0002
0014
0024
001A
0020
00EE
0014
0010
0002
0014
0014
0014
0014
0014
001D
001B
0012
0023
0014
001E
0014
0002
0014
0014
0002
0014
0022
001C
0022
0027
0014
0016
0014
0002
0014
0014
0002
0014
0016
00EE
0010
0023
0014
0016
0014
0014
0014
0014
0014
0002
0018
0012
0010
0026
0014
001A
0002
0014
0014
0014
0014
0002
0013
0256
01E1
0014
0014
0029
0002
0014
0014
0014
0014
0014
0027
0299
0361
0013
0014
00A7
0014
0014
0014
0014
0014
0002
0026
0299
002D
0013
0014
002E
0014
0014
0014
0002
0014
0002
0023
00A6
0030
0014
0014
00A9
0002
0014
0002
0014
0014
0002
016C
00F3
0362
0363
0035
0014
0364
0277
0365
0366
00AE
003B
003C
0367
0097
0014
0112
02BE
00FE
00FF
00FC
0042
00D1
0101
0045
0046
01C3
0055
0368
0369
0162
0106
00B8
004E
0002
0014
036A
036B
010B
036C
0109
010E
0057
005E
00B1
0014
00C2
0163
010F
036D
02A3
005E
01C9
005E
0097
0014
036E
036F
0064
02A4
01F6
0370
0068
0116
006A
0014
00CD
006D
02A6
0371
01FC
0071
0072
0351
0074
0014
0105
016F
0372
0078
0079
007A
007B
01FF
0014
0014
007E
0373
02AA
0374
00D7
0257
0084
0375
00DD
0014
0087
021D
0179
0376
010D
0257
008D
026C
0035
0014
0377
0090
0378
026E
0093
0083
0095
01B5
0014
0014
0182
0099
021F
0220
0185
0002
00E3
0004
0005
0006
0379
0273
037A
00A2
018A
000C
02B9
00EB
02BA
0010
0011
0012
0014
0014
0015
0014
0002
0002
0014
0014
0014
0026
01BB
0018
0019
0014
01BC
0002
0002
0014
0002
0002
0014
001B
0024
0016
001E
0026
0016
0014
0002
0002
0002
0002
0014
001B
001E
0010
001F
0021
001B
0002
0014
0002
0014
0014
0014
0022
0024
0022
001F
0014
0022
0014
0002
0002
0014
0002
0014
001D
001C
0018
0023
0014
0018
0014
0002
0014
0002
0014
0014
0024
001A
0016
0026
0025
0012
0014
0014
0002
0002
0002
0002
0018
001E
0010
0027
0014
00EE
0014
0014
0002
0014
0014
0002
0027
01BD
0016
0027
0014
037B
0014
0014
0014
0014
0014
0014
0026
002A
0022
0026
0013
00A9
0014
0002
0014
0014
0014
0014
0019
002C
0010
0027
0014
002E
0014
0014
0014
0014
0014
0014
0019
037C
0022
0019
0014
00A7
0014
0014
0014
0014
0014
0002
0031
0032
0033
0034
0014
0014
0036
0037
034B
037D
0191
00AF
02BC
0034
0002
0014
003D
0192
02BF
0193
00BC
00B7
0043
0044
015A
006B
0036
037E
00BA
034F
004B
004C
004D
012D
004F
0050
0051
0231
0053
0054
00C0
0056
00C1
0058
004F
0014
0059
005A
037F
005C
0031
008C
005F
0060
0061
0014
01F5
0380
02C7
01A0
0066
0067
0312
0069
016B
006B
016C
0381
0382
0383
02C9
00D0
00D1
0073
007D
0014
01CF
0384
02CA
01A5
0385
007A
0317
007C
007D
0014
0105
007F
01AB
0081
0082
0083
0241
0085
0086
0050
008F
0243
0089
0289
0240
008C
0386
008E
0035
0014
008F
0387
01B2
0388
006C
0094
0389
0096
0097
0014
0098
038A
038B
01B7
038C
0002
031F
0004
009F
0225
0007
038D
0226
038E
000B
038F
0390
000E
00EC
0019
00ED
001A
0014
0014
0303
0014
0002
0002
0014
0014
0014
0016
0017
0018
0019
0014
001A
0002
0014
0014
0014
0014
0002
001B
0020
001D
00EE
001F
0016
0014
0014
0014
0002
0002
0014
001B
001E
0016
001F
0014
0010
0002
0014
0014
0014
0014
0014
0019
0391
00EE
0023
0014
00EF
0014
0002
0002
0014
0002
0014
001D
001C
0022
0023
0014
0016
0014
0002
0014
0014
0002
0014
0024
001A
0016
0021
0025
0018
0014
0014
0014
0014
0002
0002
0018
0012
0010
0027
0014
001A
0002
0014
0014
0014
0014
0014
0027
01E1
00F0
0027
0014
01E3
0002
0014
0014
0014
0014
0014
0026
01E4
0022
0026
0013
0392
0014
0002
0014
0014
0014
0014
0026
01E4
002D
0027
0014
0393
0014
0014
0014
0002
0014
0014
0019
00A6
0030
0019
0014
002E
0014
0014
0014
0014
0014
0014
0031
00F3
0394
003B
0014
0014
01E7
0037
0395
0396
00F9
003B
0397
00FB
0002
0014
00C3
0192
003F
0040
0041
0042
0398
0044
02C1
0046
00F6
0048
0399
039A
0105
004C
0107
004E
004F
0014
0051
0199
0261
0054
010D
008C
039B
039C
0097
0014
0059
005A
039D
039E
0110
005E
039F
0060
0061
0014
025D
0113
03A0
03A1
0066
0058
0068
0069
016B
006B
016C
03A2
006E
02A7
0070
0071
0072
03A3
016B
0014
0122
016F
02A8
011F
02EA
007A
007B
03A4
007D
0014
0105
03A5
03A6
0176
0082
00AF
01AD
01F7
00DD
0050
0127
0128
03A7
03A8
01F8
03A9
01B0
012D
0035
0014
0364
03AA
03AB
03AC
0093
00AF
03AD
0096
0097
0014
03AE
03AF
0136
01B7
03B0
0002
009D
03B1
00E4
0006
03B2
00E7
0323
03B3
0206
018B
03B4
0207
000F
0010
01E0
0012
0013
0014
001F
0014
0014
0014
0014
0014
0014
0026
002A
001E
0014
0014
002E
0014
0002
0014
0002
0002
0014
0023
03B5
0022
001E
0014
01E1
0002
0002
0002
0002
0014
0014
0024
001E
0020
0023
0021
001B
0014
0014
0002
0014
0014
0014
001D
0016
0022
001F
0014
0022
0014
0002
0014
0014
0002
0014
0021
03B6
001A
0019
0014
002B
0014
0002
0014
0002
0014
0014
0010
001F
0010
0023
0014
0016
0014
0014
0002
0002
0002
0002
0018
001E
0018
0026
0014
0023
0014
0014
0002
0014
0014
0002
0014
01BD
0018
0014
0014
01BE
0002
0014
0014
0014
0014
0014
0026
002A
0022
0013
0014
00A9
0014
0002
0014
0014
0014
0002
0019
002C
0010
0013
0014
002E
0014
0014
0014
0014
0014
0002
0023
037C
0016
0014
0014
002B
0002
0014
0002
0014
0014
0002
00AB
0032
03B7
0034
0035
0014
0102
00AD
03B8
03B9
00AE
00AF
03BA
0034
0014
0014
003D
00B3
03BB
03BC
03BD
03BE
03BF
0308
0045
0014
0047
03C0
03C1
03C2
03C3
03C4
004D
0210
0061
0050
027E
0211
03C5
03C6
03C7
0056
03C8
0058
004F
0014
03C9
030F
03CA
03CB
00C6
0083
03CC
00FB
00DD
0014
0062
0063
03CD
03CE
03CF
0067
0068
016A
006A
0014
00CD
03D0
0334
006F
03D1
00D0
00D1
0073
0074
0014
010D
0076
00D2
00D3
03D2
0014
0317
007C
0014
0014
007E
0354
01AB
0081
00D7
0083
0177
0085
0086
0014
0087
021D
0089
008A
008B
008C
017B
008E
0035
0014
02F4
0090
0091
0092
0180
0094
03D3
03D4
0014
0014
0098
021E
03D5
00E1
03D6
0002
03D7
03D8
009F
0006
0007
03D9
0009
01DD
03DA
0296
03DB
03DC
0255
0026
0145
0012
0014
0014
00A9
0014
0002
0002
0014
0014
0014
0016
0017
0015
0025
0014
001A
0002
0002
0014
0014
0002
0002
001B
001D
001D
001E
0019
0010
0014
0002
0002
0002
0002
0014
0024
001A
0012
001F
0014
001B
0002
0014
0002
0014
0014
0014
0018
0024
0022
0023
0014
001E
0014
0002
0014
0014
0002
0014
001D
001C
0022
0019
0014
0016
0014
0002
0014
0002
0002
0014
0024
001F
0016
0021
0025
0018
0014
0014
0002
0014
0002
0002
0018
0012
0010
0027
0014
001A
0002
0014
0014
0014
0014
0002
0027
01E1
00F0
0014
0014
01E3
0002
0014
0014
0014
0014
0014
0026
03DD
0012
0026
0013
00A7
0014
0002
0014
0014
0014
0014
0019
0298
0010
0014
0014
0393
0014
0014
0014
0002
0014
0014
0019
0229
0016
0014
0014
002E
0002
0014
0002
0014
0014
0014
0031
00F3
03DE
0034
0014
0014
022B
0037
0038
0396
00F9
003B
003C
0367
0035
0014
029D
03DF
003F
0193
00B6
0056
020B
0101
015A
0257
0047
03E0
03E1
03E2
004B
004C
004D
004E
004F
0014
00BD
0231
03E3
0054
02C3
0056
0057
0058
0097
0014
019C
005A
02C4
02C5
00C6
0310
005F
005E
0097
0014
00C8
03E4
03E5
01CA
0066
00CC
0068
0069
0002
006B
006C
02A5
02A6
0314
03E6
0071
03E7
0073
01A4
0014
0075
0076
03E8
011F
03E9
007A
03EA
03EB
0014
0014
0173
03EC
03ED
0374
0082
00AF
01AD
0282
0086
0050
008F
02AB
03A7
03A8
01F8
00AF
02F3
012D
0014
0014
008F
03EE
03EF
03F0
006C
03A9
01B4
01B5
0014
0014
00DE
03F1
03F2
01B7
0001
0002
0003
0004
00E4
00E5
013C
013D
03F3
02B7
03F4
000C
000D
00EB
000F
0010
01E0
001E
0013
0014
0015
0014
0002
0002
0014
0014
0014
00EE
0275
0018
0019
0014
01BC
0002
0002
0014
0002
0014
0014
0010
001C
0010
001E
001F
0016
0002
0002
0014
0002
0014
0014
001B
001E
0020
0023
0021
0010
0002
0014
0014
0014
0014
0014
001D
001B
0012
001F
0014
0022
0014
0002
0002
0014
0014
0014
0022
001C
0012
0023
0014
0018
0014
0002
0014
0014
0014
0014
0016
001A
0010
0023
0014
0016
0014
0014
0014
0002
0014
0002
0012
001E
0018
0026
0014
00EE
0014
0014
0002
0014
0014
0002
0027
01BD
0018
0027
0014
01BE
0002
0014
0014
0014
0014
0014
0026
002A
0022
0027
0014
00A9
0014
0002
0014
0014
0014
0002
0019
002C
002D
0027
0014
002E
0014
0014
0014
0014
0014
0002
0023
037C
0030
0019
0014
002B
0014
0014
0014
0014
0014
0002
01F8
0032
03F5
00F5
0035
0014
01EB
014E
03F6
03F7
01EB
0152
03F8
0034
0002
0014
01C1
03F9
03FA
01F0
027C
0042
0043
0044
0045
0046
0102
03FB
0049
004A
0059
015D
0197
0210
0061
0050
0109
00BE
032E
03FC
012B
010E
0161
019B
004F
0014
0162
00C6
010F
03FD
02A3
005E
005F
0060
0061
0014
01F5
03FE
0281
0065
03FF
0067
02C8
016A
006A
0014
0400
006D
016D
0371
0401
01CD
0072
011B
0074
0014
00AB
0402
011E
00D3
0079
006B
0171
007C
007D
0014
00DE
0319
01AB
0081
00D7
0083
0177
0085
00DD
0014
0087
021D
0089
008A
008B
008C
00DA
008E
0035
0014
0403
0090
0091
0092
0093
0094
00DB
0096
0097
0014
0134
0099
009A
0184
0404
0002
0003
02FC
0405
0006
0007
0273
0009
01DD
000B
0406
0407
000E
0408
0019
0145
0015
0014
0014
0303
0014
0002
0002
0014
0014
0014
0016
0017
001E
0019
0014
001A
0002
0002
0014
0002
0002
0002
0020
001C
001D
001E
001F
0016
0014
0002
0014
0002
0002
0014
001B
001A
0020
00EE
0014
0010
0002
0014
0014
0014
0014
0014
0018
001B
0018
0023
0014
0012
0014
0002
0014
0014
0002
0014
0022
0024
0022
0027
0014
0016
0014
0002
0014
0014
0002
0014
0024
001A
0016
0019
0025
0018
0014
0014
0002
0014
0002
0002
0018
0012
0010
0027
0014
001A
0002
0014
0014
0014
0014
0002
0027
0028
0016
0014
0014
01E3
0002
0014
0014
0014
0014
0014
0026
002A
0018
0027
0014
002B
0014
0002
0014
0014
0014
0014
0019
002C
0010
0027
0014
002E
0014
0014
0014
0002
0014
0014
0019
002C
0016
0019
0014
002E
0002
0014
0002
0014
0014
0014
0031
00F3
0258
0034
0014
0014
0036
0037
0038
0396
0191
003B
003C
0308
0002
0014
02BD
003E
003F
0040
00FC
0042
00D1
0044
015A
00AF
0409
0048
0103
015C
0105
004C
004D
012D
004F
0014
0198
0052
0261
0054
010D
0056
0057
0058
0086
0014
040A
005A
005B
02C5
0110
005E
01C9
0060
0097
0014
0087
0167
0064
02A4
0066
0067
0068
0069
016B
006B
006C
006D
006E
006F
01CC
0071
0072
0073
01A4
0014
0075
0076
0077
0078
0079
007A
007B
040B
0014
0014
007E
00D6
02AA
0176
0082
01AC
01AD
0282
0086
0014
0087
02AB
040C
040D
01E6
008C
012C
012D
0035
0014
008F
040E
040F
0410
0180
0046
0133
01B5
0097
0014
00DE
0099
03F2
009B
0411
0002
00E3
0188
0005
0412
0205
0008
0413
00A2
0206
0414
02B9
00EB
000F
0010
001D
0012
0013
0014
001F
0014
0002
0002
0014
0014
0014
0026
0415
0012
0014
0014
01BC
0002
0002
0014
0014
0014
0002
001B
001B
0016
001E
0019
0022
0002
0002
0002
0002
0014
0014
0024
001E
0016
001F
0021
001B
0002
0014
0014
0014
0014
0014
001D
001D
0022
001F
0014
0022
0014
0014
0014
0014
0014
0014
001D
001C
0012
0023
0014
0018
0014
0002
0014
0014
0014
0014
0016
00EE
0010
0023
0014
0016
0014
0014
0014
0002
0014
0002
0015
001E
0018
0026
0014
0023
0014
0014
0002
0014
0014
0014
0013
0416
01E2
0014
0014
00A8
0002
0014
0014
0014
0014
0014
0026
02D5
0417
0026
0013
002E
0014
0014
0014
0014
0014
0002
0019
01E5
002D
0013
0014
002E
0014
0014
0014
0014
0014
0002
0023
037C
0030
0014
0014
002B
0014
0014
0014
0014
0014
0002
00AB
0032
0418
00F5
0035
0014
0419
041A
041B
041C
01EB
00AF
041D
0034
0014
0014
041E
041F
0157
0420
004B
00B7
0043
0421
0045
0046
0422
03C0
034E
034F
020F
015D
0197
004E
0074
0050
0423
0424
032E
03FC
0425
010E
0426
019B
004F
0014
0427
00D7
0428
0429
042A
008C
005F
0096
0061
0014
042B
019E
042C
0350
042D
00CC
0045
016A
006A
0014
042E
0264
042F
0266
01FC
0430
00D1
011B
0074
0014
0284
0431
0432
01A5
03E9
01A7
0433
0434
0014
0014
0105
007F
01AB
0081
00D7
0083
0435
0436
00DD
0050
0134
021D
0437
008A
008B
0046
00DA
008E
0035
0014
0438
01B1
0091
0092
0093
0094
00DB
0096
0014
0014
0438
01B6
009A
0439
043A
0002
031F
0004
009F
0225
0007
038D
0226
043B
0360
043C
043D
000E
0255
0019
00ED
001A
0014
0014
0303
0014
0002
0002
0014
0014
0014
0016
0017
0018
0019
0014
001A
0002
0014
0014
0014
0002
0002
001B
0020
001D
001E
001F
0016
0014
0002
0002
0002
0002
0014
001B
001E
0016
001F
0014
0010
0002
0014
0014
0014
0014
0014
0019
001B
001E
0023
0014
0012
0014
0002
0002
0014
0002
0014
001D
001C
0022
0027
0014
0016
0014
0002
0014
0014
0002
0014
0024
00EE
0016
0021
0025
0018
0014
0014
0002
0014
0002
0002
0018
0012
0010
0027
0014
001A
0002
0014
0014
0014
0014
0002
0027
01E1
00F0
0027
0014
01E3
0002
0014
0014
0014
0014
0014
0026
01E4
0022
0026
0013
0392
0014
0002
0014
0014
0014
0014
0019
01E4
0010
0027
0014
0393
0014
0014
0014
0002
0014
0014
0019
00A6
0022
0019
0014
002E
0014
0014
0014
0014
0014
0014
0031
00F3
043E
02D8
0014
0014
02E4
0037
0395
043F
0306
003B
0397
00FB
0002
0014
00C3
0192
003F
0040
0041
0042
0398
0044
015A
00AF
00F6
0440
0441
0442
0105
004C
0107
004E
004F
0014
0051
0260
0261
0443
010D
008C
0057
0444
0097
0014
0162
005A
0445
0446
0110
005E
0447
0060
0097
0014
025D
0448
0449
044A
0066
00CC
0068
0069
016B
006B
016C
02A5
02A6
02A7
03E6
0071
03E7
0282
01A4
0014
0122
016F
044B
011F
03E9
007A
03EA
03A4
007D
0014
0173
007F
03ED
0176
0082
00AF
01AD
01F7
00DD
0050
0127
044C
03A7
03A8
01F8
00AF
02F3
012D
0035
0014
0364
03AA
03AB
03AC
0132
00AF
03AD
0096
0097
0014
03AE
03AF
0136
01B7
0001
0002
009D
044D
00E4
0006
03B2
00E7
0323
044E
044F
000C
0450
0207
000F
0010
01E0
0012
0013
0014
001F
0014
0014
0014
0014
0014
0014
0026
002A
001E
0014
0014
002E
0014
0002
0014
0002
0014
0014
00EE
03B5
0022
001E
0026
01E1
0002
0002
0014
0002
0014
0014
0024
001E
0020
0023
0021
001B
0014
0014
0002
0014
0014
0014
001D
0016
0022
001F
0014
0022
0014
0002
0014
0014
0002
0014
0026
03B6
001A
0023
0014
01E2
0014
0002
0014
0002
0014
0014
0010
001A
0010
0023
0014
0016
0014
0014
0014
0002
0002
0002
0012
001E
0018
0026
0014
0023
0014
0014
0002
0014
0014
0002
0014
01BD
0018
0014
0014
01BE
0002
0014
0014
0014
0014
0014
0026
002A
0022
0013
0014
00A9
0014
0002
0014
0014
0014
0002
0019
002C
002D
0013
0014
002E
0014
0014
0014
0014
0014
0002
0023
037C
0030
0014
0014
002B
0002
0014
0002
0014
0014
0002
00AB
0032
0451
0034
0035
0014
0102
00AD
0452
041C
00AE
00AF
00B0
0034
0014
0014
003D
00B3
03BB
03BC
03BD
03BE
0453
0060
0045
0046
0047
03C0
0454
0455
03C3
03C4
004D
0210
0061
0050
027E
0456
032E
03C6
03C7
0056
0457
0058
004F
0014
03C9
030F
0458
03CB
00C6
0083
0459
00FB
0061
0014
0062
0063
045A
045B
03CF
0067
0068
016A
006A
0014
00CD
006D
016D
006F
045C
01CD
0072
0073
0074
0014
010D
0076
0077
00D3
0079
0014
0171
007C
0014
0014
01A9
045D
01AB
0081
00D7
0083
0177
0085
0086
0014
0087
021D
0089
008A
008B
008C
00DA
008E
0035
0014
02F4
0090
0091
0092
0093
0094
00DB
00DC
0014
0014
0098
021E
03D5
00E1
045E
0002
00E3
0139
00E4
0006
0007
00E7
0009
01DD
00A3
018B
0253
000E
045F
0026
0145
0012
0013
0014
00A7
0014
0002
0002
0014
0014
0014
0016
0017
0018
0027
0014
001A
0002
0002
0014
0014
0002
0014
0024
001B
0016
001E
001F
0010
0002
0002
0014
0002
0014
0014
0024
001A
0020
00EE
0014
0010
0002
0014
0002
0014
0014
0014
001D
001B
0022
0019
0014
0015
0014
0002
0002
0014
0002
0014
001D
001B
0018
0027
0014
001E
0014
0014
0014
0002
0002
0014
0024
001A
0016
0023
0025
0016
0014
0014
0002
0014
0002
0002
0018
0012
0010
0026
0014
001A
0014
0014
0014
0014
0014
0002
0027
0028
0016
0027
0014
01E3
0002
0014
0014
0014
0014
0014
0026
002A
0022
0013
0014
002B
0014
0002
0014
0014
0014
0002
0019
002C
0018
0013
0014
002E
0014
0014
0014
0014
0014
0002
0023
00A6
0012
0014
0014
00A9
0002
0014
0002
0014
0014
0002
020F
00F3
029A
0034
0035
0014
01BF
0305
0038
025A
025B
003B
003C
0308
0002
0014
00FC
0460
00FE
0461
0105
0056
00D1
0101
0045
00AF
0102
0048
0462
0463
004B
032C
004D
0210
004F
0014
030A
01F2
0464
0160
00C0
0056
00D1
0058
00B1
0014
00C2
0465
00C4
0235
00C6
0310
01C9
0060
0035
0014
01F5
0113
0311
01CA
0169
0067
0312
016A
006A
006B
016C
01F9
016D
01FB
016E
0071
0072
0073
0074
0014
0075
0076
02CA
0337
02EA
007A
007B
0069
007D
0014
007E
007F
03ED
0466
0082
01AC
0084
0467
0086
0014
0087
0088
031B
026B
027E
008C
008D
012D
0035
0014
02F1
0468
026D
017F
0132
0083
0095
01B5
0014
0014
0098
0469
0270
0271
0001
0002
009D
01B9
009F
046A
013C
03D9
046B
02B7
000B
038F
000D
046C
046D
0010
001B
001E
0014
0014
0015
0014
0002
0002
0014
0014
0014
00EE
046E
0012
0019
0014
00A7
0002
0002
0014
0002
0014
0002
001B
001C
001D
00EE
0019
0016
0014
0002
0002
0002
0002
0014
001B
001E
0016
001F
0021
001B
0002
0014
0014
0014
0014
0014
0022
001D
0012
001F
0014
0022
0014
0002
0014
0014
0002
0014
0022
001C
0022
0023
0014
0016
0014
0002
0014
0014
0014
0014
0022
00EE
0010
0021
0014
0016
0014
0014
0002
0002
0002
0002
0015
0015
0018
0013
0014
00EE
0002
0014
0002
0014
0014
0002
0014
0416
00EF
0014
0014
00A8
0002
0014
0014
0014
0014
0014
0026
02D5
01E1
0026
0013
002E
0014
0014
0014
0014
0014
0014
0026
02D5
002D
0027
0014
002E
0014
0014
0014
0002
0014
0014
0026
037C
0030
0019
0014
00A7
0014
0014
0014
0014
0014
0014
018F
0032
0033
0363
0014
0014
01E7
0037
046F
037D
0191
0152
022D
0034
00B1
0014
029D
00B3
02BF
0040
0041
0042
0043
0044
004F
0046
0047
02C2
0049
004A
020F
004C
0197
004E
0074
0050
0470
0052
0053
0054
0109
0032
0057
019B
004F
0014
0059
005A
010F
0471
02E3
005E
005F
0096
0061
0014
00C8
0063
0472
0065
00CB
00CC
0068
0069
0002
0014
0473
0474
02A6
0475
0070
0430
00D1
01FD
007D
0014
0284
016F
011E
0078
00D4
0014
0476
0477
0014
0014
0105
0478
01AB
0081
00D7
0083
0241
0479
00DD
0050
047A
047B
047C
0289
014B
0046
047D
008E
0035
0014
03CF
047E
047F
028B
0093
0094
0480
0096
0097
0014
03AE
0099
0136
0184
043A
0002
031F
0004
0005
00E5
00A0
0481
0226
000A
000B
000C
000D
000E
0482
0010
0011
0027
0013
0014
0015
0014
0002
0002
0014
0014
0014
0016
0017
0018
0019
0014
001A
0002
0014
0014
0014
0014
0014
0024
001D
0016
001E
0014
0016
0014
0002
0002
0002
0002
0014
001B
001E
0020
00EE
0014
001B
0002
0014
0014
0014
0014
0014
0022
0024
0012
001F
0014
0022
0014
0002
0002
0014
0014
0014
0022
001D
0018
0019
0014
0016
0014
0002
0014
0014
0014
0014
0016
00EE
0016
0026
0025
0018
0014
0014
0002
0014
0002
0002
0018
0012
0018
0027
0014
001A
0002
0014
0014
0014
0014
0014
0027
0028
0016
0027
0014
0029
0002
0014
0014
0014
0014
0014
0026
002A
0022
0026
0013
002B
0014
0002
0014
0014
0014
0002
0019
002C
0010
0027
0014
002E
0014
0014
0014
0014
0014
0002
0023
00A6
0022
0019
0014
00A9
0002
0014
0002
0014
0014
0002
0031
0032
0033
03A9
0035
0014
0036
0037
0190
0039
003A
003B
003C
0034
0002
0014
003D
0192
003F
0040
0041
0042
020B
0044
0045
0014
0047
0048
032A
032B
0105
004C
0197
004E
0002
0014
0051
0199
0053
0054
010D
039C
0057
0154
004F
0014
019C
005A
0483
01C8
0110
005E
005F
0060
0097
0014
00C8
019E
0064
02A4
0066
0067
0068
0069
016B
006B
0484
0485
0486
02A7
0070
0071
0487
011B
016B
0014
0315
0488
0489
011F
03E9
007A
048A
007C
007D
0014
0339
048B
0080
048C
0082
0083
0084
0085
00DD
0050
0127
0088
0089
008A
012B
008C
008D
008E
0035
0014
0364
01B1
0091
0092
0132
0094
0095
005E
0097
0014
012E
03AF
009A
048D
0001
0002
009D
035D
048E
0006
048F
0008
0490
0343
0491
0492
0346
0493
0297
0026
02D5
0494
0014
0014
0392
0014
0014
0002
0014
0014
0014
0026
0415
0012
0014
0014
01BC
0002
0002
0014
0002
0002
0002
001B
001C
001D
001E
001F
0010
0002
0002
0014
0002
0002
0014
0024
001E
001A
001F
0021
0010
0002
0014
0002
0014
0014
0014
001D
001B
0022
0023
0014
001F
0014
0002
0014
0014
0002
0014
001D
001C
0022
0023
0014
0018
0014
0002
0014
0002
0002
0014
0024
001A
0010
0023
0014
0016
0014
0014
0014
0002
0002
0002
0018
001E
0010
0026
0014
00EE
0014
0014
0002
0014
0014
0002
0014
0495
0147
0014
0014
0392
0014
0014
0014
0014
0014
0014
0027
02D5
02D6
0013
0014
0393
0014
0014
0014
0014
0014
0014
0026
0496
002D
0013
0014
0393
0014
0014
0014
0002
0014
0014
0026
037C
0030
0014
0014
00A7
0014
0014
0014
0014
0014
0014
0497
0498
0499
049A
0014
0014
0166
00AD
049B
049C
049D
00AF
049E
0154
0014
0014
027C
049F
03FA
0420
04A0
034D
0043
04A1
015A
0046
0357
0055
04A2
04A3
00CD
015E
004D
04A4
004F
0050
027E
0456
01F3
0160
030D
0056
04A5
0058
0002
0014
0162
04A6
04A7
04A8
00C6
008C
005F
0096
0061
0014
01F5
0167
04A9
01A0
04AA
00CC
0068
01F7
006A
0014
016C
006D
04AB
006F
0239
00D0
0072
0073
0074
0014
0075
0076
0077
00D3
0079
0014
0171
04AC
0014
0014
0173
0354
0355
0356
00D7
04AD
01D4
04AE
0086
0014
0339
04AF
04B0
04B1
0031
03A9
028A
012D
0035
0014
02F1
04B2
04B3
04B4
00F6
00AF
04B5
0096
0014
0014
0098
035A
04B6
009B
0404
0002
0003
0004
009F
04B7
00E6
04B8
04B9
000A
000B
000C
000D
00EB
02BA
0010
001D
0015
0014
0014
001A
0014
0002
0002
0014
0014
0014
0016
001A
0012
0027
0014
001A
0014
0014
0014
0002
0014
0002
001B
0010
0016
00EE
001F
0018
0014
0002
0014
0002
0002
0014
001D
001E
0016
001F
0014
001B
0002
0014
0014
0014
0014
0014
0012
001B
0018
001F
0014
0022
0014
0002
0014
0014
0002
0014
001D
001D
0012
0019
0014
001A
0014
0002
0014
0014
0002
0014
0024
001A
0010
0021
0014
0016
0014
0014
0014
0002
0002
0002
0018
001E
0010
0027
0014
00EE
0014
0014
0014
0014
0014
0002
0027
00EF
01E1
0014
0014
00F1
0014
0014
0014
0014
0014
0014
0026
02D5
0417
0026
0013
0392
0014
0014
0014
0014
0014
0002
0019
02D5
0010
0014
0014
002E
0014
0014
0014
0002
0014
0002
0019
04BA
0022
0019
0014
00A7
0014
0014
0014
0014
0014
0002
018F
0032
005F
0034
0014
0014
01EB
0037
01E9
02DA
003A
003B
01EC
0034
0002
0014
003D
00B3
04BB
02DD
0041
0042
020B
0101
016B
00AF
0036
0055
015B
015C
020F
04BC
004D
0210
0074
0014
04BD
0052
04BE
04BF
0109
0234
0161
0058
004F
0014
0059
005A
005B
005C
02E3
005E
005F
0060
00C7
0014
0155
019E
04C0
04C1
01F6
04C2
0045
04C3
016B
0014
019A
03D0
04C4
006F
016E
0071
03E7
0351
01A4
0014
0105
04C5
0285
04C6
03E9
007A
021C
0434
0014
0014
0173
007F
04C7
02EE
00D7
00AF
04C8
04C9
00DD
0050
0339
04CA
04CB
04CC
014B
00AF
04CD
008E
0014
0014
02B1
04CE
04CF
02F7
0132
0094
04D0
0096
0097
0014
0134
02F9
04D1
04D2
0185
0002
04D3
04D4
0224
0006
00A0
04D5
0009
04D6
04D7
0296
04D8
000E
0297
0026
00ED
0012
0013
0014
00A8
0014
0002
0002
0014
0014
0014
0026
04D9
0018
0019
0014
00A7
0002
0002
0014
0014
0002
0002
0022
001C
001D
001E
0019
0016
0002
0002
0002
0002
0014
0014
001B
001F
0020
0023
0021
0010
0002
0014
0002
0014
0014
0014
001D
0024
0022
0023
0014
0012
0014
0002
0002
0014
0002
0014
0026
001C
0022
0023
0014
0016
0014
0002
0014
0002
0014
0014
0010
00EE
0016
0023
0025
0016
0014
0014
0002
0014
0002
0002
0014
00EF
04DA
0026
0014
01BC
0002
0014
0002
0014
0014
0002
0014
01BD
0016
0027
0014
01BE
0002
0014
0014
0014
0014
0014
0026
04DB
0022
0027
0014
04DC
0014
0002
0014
0014
0014
0014
0019
018E
002D
0027
0014
002E
0014
0014
0014
0014
0014
0014
0023
0229
0030
0027
0014
00A9
0002
0014
0002
0014
0014
0002
0031
00F3
04DD
00F5
0035
0014
00AC
04DE
04DF
025A
0306
00AF
00B0
0363
00B1
0014
0112
029E
04E0
0193
01EB
0056
0043
0044
0045
0046
01C3
0048
00BA
00BB
004B
004C
02C1
004E
004F
0050
0051
04E1
04E2
04E3
02C3
0056
0057
019B
0086
0014
00C2
030F
019D
04E4
00C6
0083
005F
00F5
0061
0014
0087
0167
00C9
00CA
0066
0067
0068
0069
006A
006B
006C
03A2
04E5
02A7
0070
0014
04E6
04E7
0074
0014
010D
04E8
0077
011F
0079
0014
0171
0318
007D
0014
01A9
045D
0175
0356
031A
0083
00D8
0126
0086
0014
008F
0088
04E9
026B
02AE
008C
00DA
012D
0035
0014
008F
040E
04EA
026E
0093
0083
00DB
03D4
00DD
0014
00DE
021E
03D5
04EB
0001
0002
0003
02FC
0005
0006
00A0
013D
0009
00E9
000B
04EC
00EA
000E
00EC
0026
0145
0012
0014
0014
00A8
0014
0002
0002
0014
0014
0014
0016
0017
0027
0019
0014
001A
0002
0002
0014
0002
0014
0014
0020
001B
0022
001E
0026
0016
0014
0002
0002
0002
0002
0014
001B
001F
0020
0023
0021
0010
0002
0014
0002
0014
0014
0014
001D
0024
0022
0019
0014
0012
0014
0002
0014
0014
0002
0014
0022
001C
001E
0023
0014
0016
0014
0002
0014
0002
0014
0014
0010
00EE
0016
0019
0025
0012
0014
0014
0002
0014
0002
0002
0018
001E
0018
0027
0014
0023
0014
0014
0002
0014
0014
0002
0027
0028
0016
0014
0014
00F1
0014
0014
0014
0014
0014
0014
0026
002A
0022
0026
0013
002B
0014
0002
0014
0014
0014
0002
0019
002C
002D
0027
0014
002E
0014
0014
0014
0014
0014
0002
0023
00A6
0030
0027
0014
00A9
0002
0014
0002
0014
0014
0002
0031
00F3
0258
00F5
0014
0014
0036
0277
04ED
034C
003A
003B
003C
04EE
0002
0014
00FC
003E
003F
0040
0041
0042
0043
0044
0045
0046
027D
0048
0049
004A
004B
004C
0061
004E
007D
0050
00BD
0052
03E3
0054
0055
0056
0057
019B
00B1
0014
019C
0280
010F
0235
005D
005E
005F
00F5
0061
0014
0062
0113
0064
0065
0066
0067
0068
0069
016B
006B
006C
006D
04E5
0371
0070
0071
0072
0073
007D
0014
010D
0076
0077
00D3
023D
007A
007B
04EF
0014
0014
007E
0354
0355
0201
0110
0083
0084
0126
0086
0050
0087
0088
031B
026B
010D
008C
008D
012D
0035
0014
008F
04CE
0378
026E
0093
0083
0095
03D4
00DD
0014
0098
02F9
03D5
048D
01DA
0002
031F
0188
048E
0225
048F
04F0
02FE
02B7
04F1
04F2
02B9
04F3
000F
0010
001D
0015
0013
0014
001A
0014
0002
0002
0014
0014
0014
0026
04F4
04DA
0014
0014
01BC
0002
0014
0014
0014
0002
0002
001B
001C
001D
001E
001F
0010
0002
0002
0014
0002
0002
0014
001D
001E
0016
001F
0014
001B
0002
0014
0014
0014
0014
0014
0015
001B
0018
001F
0014
0022
0014
0002
0002
0014
0002
0014
001D
001C
0022
0019
0014
001A
0014
0002
0014
0014
0002
0014
0024
001A
0010
0023
0014
0016
0014
0014
0014
0002
0002
0002
0018
0012
0010
0026
0014
001A
0002
0014
0014
0014
0014
0002
0027
0416
01E1
0027
0014
00A8
0002
0014
0014
0014
0014
0014
0026
01E4
0022
0013
0014
0393
0014
0014
0014
0014
0014
0014
0026
01E5
0022
0014
0014
0393
0014
0014
0014
0002
0014
0014
0019
0208
0022
0019
0014
00A7
0014
0014
0014
0014
0014
0014
049D
0032
01C9
0034
0035
0014
04F5
0209
0038
0039
0284
0257
04F6
04F7
0014
0014
04F8
01EE
04F9
04FA
0284
00B7
020B
04A1
015A
00AF
0036
02C2
03E1
04FB
04FC
032C
004D
015E
004F
0014
0109
04FD
04FE
032F
00AB
04FF
04A5
0058
004F
0014
0162
01A6
00C4
02C5
042A
008C
005F
0060
00DD
0014
022B
0063
0500
0501
01F6
0370
0045
04C3
006A
0014
019A
02A5
04C4
0502
016E
00D0
03E7
03A3
0074
0014
0503
011D
0285
0504
00D4
007A
0505
02EB
007D
0014
0105
0319
0080
048C
00D7
00AF
0506
0085
00DD
0014
0403
04CA
0507
04CC
0031
03A9
028A
008E
0014
0014
0134
017D
0508
028B
0473
0094
04B5
0096
0097
0014
03AE
035A
0509
009B
031E
0002
00E3
0004
0005
0006
050A
050B
0323
01DD
050C
000C
0346
00EB
0255
0026
00F2
0015
0014
0014
0392
0014
0002
0002
0014
0014
0014
0016
0024
0012
0027
0014
0019
0014
0014
0014
0002
0014
0002
0024
001C
0016
00EE
001F
0022
0014
0002
0002
0002
0002
0014
001D
001E
0016
00EE
0014
0010
0002
0014
0014
0014
0014
0014
001D
001B
0018
0021
0014
001E
0014
0002
0014
0014
0002
0014
001D
001B
0012
0027
0014
001E
0014
0002
0014
0014
0002
0014
0016
001F
0010
0019
0014
0016
0014
0014
0014
0002
0002
0002
0018
001A
0010
0026
0014
0023
0014
0014
0014
0014
0014
0014
0027
00EF
01E1
0014
0014
00F1
0014
0014
0014
0014
0014
0014
0026
02D5
02D6
0026
0013
00A7
0014
0014
0014
0014
0014
0014
0026
02D5
0010
0014
0014
002E
0014
0014
0014
0002
0014
0014
0026
00F2
0022
0019
0014
00A7
0014
0014
0014
0014
0014
0014
0425
00AF
050D
0034
0014
0014
0036
0209
050E
050F
025B
003B
00FA
00FB
0002
0014
01C1
029E
00FE
0461
004B
00B7
00D1
0421
02C1
00AF
02F4
0048
0510
04FB
0511
0101
004D
0512
004F
0014
0198
04FD
0513
0514
0425
0056
0515
0058
0097
0014
0162
0120
0516
02C5
004B
0152
0111
0096
0035
0014
00AC
0167
04A9
027B
01F6
04C2
0068
04C3
016B
0014
016C
0381
0517
0518
01FC
0071
03E7
0073
0074
0014
0075
0076
0519
0337
00D4
006B
048A
051A
0014
0014
01A9
007F
051B
0466
0082
0083
02EF
051C
0086
0050
02E3
0243
051D
051E
00CD
0046
02F3
012D
0014
0014
02F1
017D
051F
02B3
0484
0257
02F8
0096
0097
0014
00DE
035A
024C
0184
0001
0002
009D
044D
0520
0225
00A0
0008
0226
02B7
000B
0296
000D
000E
000F
0010
0011
0012
0013
0014
0015
0014
0002
0014
0014
0014
0014
00EE
0146
0018
0019
0014
0521
0002
0002
0014
0014
0002
0002
001B
0024
001D
001E
0019
0016
0002
0002
0014
0002
0002
0014
001B
001E
0020
001F
0021
001B
0002
0014
0002
0014
0014
0014
0022
0020
0022
001F
0014
0022
0014
0002
0002
0014
0002
0014
0022
001C
0022
0023
0014
0016
0014
0002
0014
0002
0014
0014
0024
001A
0016
0023
0025
0016
0014
0014
0002
0014
0002
0002
0015
0012
0010
0027
0014
001A
0002
0014
0002
0014
0014
0002
0027
01BD
0016
0027
0014
01BE
0002
0014
0014
0014
0014
0014
0026
002A
0012
0027
0014
00A9
0014
0002
0014
0014
0014
0002
0019
002C
002D
0027
0014
002E
0014
0014
0014
0014
0014
0002
0023
002F
0030
0027
0014
00A9
0002
0014
0002
0014
0014
0002
0031
0032
0033
0522
0035
0014
0166
0277
0190
0039
00F9
0152
0523
0034
00B1
0014
029D
00B3
0309
0040
00FC
0042
0043
0044
0045
0046
0047
02C2
0049
004A
0240
004C
0197
004E
0074
0050
0109
0052
0053
0054
0055
030E
0057
019B
004F
0014
019C
0280
010F
0524
005D
005E
005F
0060
0061
0014
0062
0525
0064
0065
0066
0067
0312
0069
006A
006B
0473
006D
006E
0371
01CC
0430
0072
011B
007D
0014
0526
016F
011E
0078
02EA
007A
0171
007C
007D
0014
0173
0527
0080
0081
00D7
01AC
02CB
0085
00DD
0014
0357
021D
0089
008A
008B
008C
0528
008E
0035
0014
0127
04CE
0091
0092
0093
0094
0529
01B5
00DD
0014
052A
02F9
0270
0271
0411
0002
031F
0004
0321
0225
0007
00A1
0226
000A
000B
052B
000D
000E
0482
0010
001B
001A
0014
0014
0015
0014
0002
0002
0014
0014
0014
0016
01E0
0018
0019
0014
001A
0002
0014
0014
0014
0002
0002
001B
00EE
001D
001E
001F
0016
0014
0014
0014
0002
0002
0014
001B
001E
0016
001F
0014
0010
0002
0014
0014
0014
0014
0014
001F
001B
001A
001F
0014
0022
0014
0002
0002
0014
0002
0014
001D
001C
0022
0023
0014
0016
0014
0002
0014
0014
0002
0014
0024
001A
0010
0021
0014
0018
0014
0014
0002
0014
0002
0002
0012
0012
0010
0027
0014
001A
0002
0014
0014
0014
0014
0002
0027
01E1
01E1
0027
0014
01E3
0002
0014
0014
0014
0014
0014
0026
01E4
0022
0026
0013
0392
0014
0014
0014
0014
0014
0002
0019
01E5
002D
0027
0014
002E
0014
0014
0014
0002
0014
0002
0023
002F
0030
0019
0014
00A9
0014
0014
0014
0014
0014
0002
016C
0032
0033
02D8
0014
0014
01E7
0037
0190
0039
003A
003B
01EC
0034
0002
0014
052C
0192
003F
0040
0041
0042
03E7
0044
0045
0046
00F6
0048
052D
052E
0511
004C
0197
0210
004F
0014
0051
0199
0053
0054
0109
008C
0057
0154
004F
0014
0059
005A
052F
0530
0110
005E
0332
0060
0061
0014
00AC
0113
0531
0532
00CB
00CC
0068
0069
016B
0014
016C
03A2
0238
0533
0070
0071
0072
0282
01A4
0014
0122
0534
0535
011F
02EA
007A
007B
0434
007D
0014
0122
0536
0080
048C
0082
00AF
01AD
0085
00DD
0050
0127
0128
047C
0537
008B
00AF
01B0
008E
0035
0014
0364
01B1
047F
0388
0093
0094
03AD
0096
0097
0014
03AE
03AF
038B
01B7
03B0
0002
009D
0538
00E4
0006
0539
00E7
0009
053A
0206
04EC
053B
053C
0297
0026
0145
0012
0013
0014
00A7
0014
0002
0014
0014
0014
0014
0026
053D
001F
0014
0014
002E
0014
0002
0014
0002
0014
0014
00EE
053E
0022
0013
0014
01E1
0002
0002
0002
0002
0014
0014
0024
001F
0020
00EE
0021
001B
0014
0014
0002
0014
0014
0014
001D
0016
0022
0014
0014
001E
0014
0002
0014
0014
0002
0014
0026
053F
001A
0019
0014
002B
0014
0002
0014
0002
0014
0014
0010
001F
0016
0023
0025
0016
0014
0014
0002
0002
0002
0002
0018
001E
0018
0026
0014
0023
0014
0014
0002
0014
0014
0002
0013
01BD
0016
0014
0014
01BE
0002
0014
0014
0014
0014
0014
0026
04DB
0022
0013
0014
00A9
0014
0002
0014
0014
0014
0014
0019
018E
0010
0013
0014
002E
0014
0014
0014
0014
0014
0014
0026
00F2
0016
0014
0014
00A7
0002
0014
0002
0014
0014
0002
0540
04AD
0541
0034
0035
0014
0102
00AD
014F
00F8
01E6
00AF
03BA
0363
0014
0014
003D
00B3
0542
0543
01EB
03BE
03BF
0544
0035
0014
0047
03C0
0545
0546
00CD
0106
004D
004E
0061
0050
027E
0211
0547
036C
0448
0056
0548
0058
0014
0014
03C9
0549
054A
054B
0031
0083
014C
0363
00DD
0014
0062
0063
054C
054D
036E
0067
0068
0282
006A
006B
00CD
03D0
01A2
006F
03D1
00D0
00D1
0073
0074
0014
010D
0076
00D2
00D3
054E
01A7
0317
040B
0014
0014
007E
007F
0355
0356
00D7
0083
0177
0282
0086
0014
0087
054F
031B
026B
018F
008C
0550
02B0
0035
0014
02F4
04B2
0378
017F
016C
0046
0551
00DC
0014
0014
0098
035A
03D5
00E1
0404
0002
0003
0538
0005
0006
013C
00E7
0490
01DD
0140
0274
00EA
0143
0255
0026
0552
0012
0014
0014
0392
0014
0002
0002
0014
0014
0014
0016
001B
001A
0014
0014
001A
0002
0002
0014
0002
0014
0002
001B
001C
0014
0014
0014
0022
0014
0002
0002
0002
0002
0014
0024
001F
0020
001F
0021
0010
0014
0014
0002
0014
0014
0014
001D
001D
0022
0026
0014
001F
0014
0014
0014
0014
0002
0014
0022
001C
001E
0014
0014
001E
0014
0002
0014
0002
0014
0014
0016
001F
0010
0019
0014
0012
0014
0014
0002
0002
0002
0002
0018
001E
0018
0014
0014
00EE
0014
0014
0002
0014
0014
0002
0014
0028
0018
0014
0014
01BC
0002
0014
0014
0014
0014
0014
0026
04DB
0022
0026
0013
002B
0014
0002
0014
0014
0014
0014
0019
002C
0010
0013
0014
002E
0014
0014
0014
0002
0014
0014
0019
002C
0016
0019
0014
00A7
0002
0014
0002
0014
0014
0014
0553
007A
0554
0034
0014
0014
0364
0555
0038
025A
01E6
003B
003C
02D8
0014
0014
01F1
03F9
00FE
01F0
0041
0042
0043
0014
0014
0014
027D
0055
0049
004A
00BC
0106
004D
004E
0074
0050
027E
00BE
02A1
036C
0055
0056
0161
0058
0097
0014
00C2
005A
005B
005C
005D
005E
005F
0544
0014
0014
0062
0167
0064
0065
04AA
0067
0068
0282
016B
0014
0473
006D
01A2
006F
045C
0071
0072
0073
0014
0014
0075
0076
00D2
00D3
0079
0014
007B
040B
0014
0014
007E
0354
0355
0201
00D7
0083
02EF
0282
0086
0050
0087
047B
031B
051E
01E6
008C
012C
020C
0035
0014
02F1
047E
0556
04B4
0180
0046
0133
03D4
0097
0014
0098
0099
0557
00E1
0411
0002
031F
0004
0558
00E5
0007
00A1
02FE
02B7
0344
000C
02B9
000E
000F
0010
0011
001A
0013
0014
0015
0014
0002
0002
0014
0014
0014
0026
01BB
0018
0019
0014
01BC
0002
0014
0014
0014
0002
0002
001A
0559
055A
001E
001F
055B
0002
0014
0014
0002
0002
0014
001B
001E
0016
00EE
0014
001B
0002
0014
0014
0014
0014
0014
001E
001B
001A
001F
0014
0022
0014
0002
0002
0014
0014
0014
001D
001C
0022
0023
0014
0016
0014
0002
0014
0014
0002
0014
0024
001A
0016
0023
0025
0016
0014
0014
0002
0014
0002
0002
0012
0012
0010
0026
0014
001A
0002
0014
0014
0014
0014
0002
0027
0416
00F0
0027
0014
00A8
0002
0014
0014
0014
0014
0014
0026
01E4
0022
0027
0014
0393
0014
0002
0014
0014
0014
0002
0026
01E4
002D
0027
0014
002E
0014
0014
0014
0014
0014
0002
0023
002F
0030
0027
0014
00A9
0014
0014
0014
0014
0014
0002
0031
0032
0033
02D8
0035
0014
0036
022C
046F
037D
003A
0257
055C
0034
0002
0014
003D
0192
02BF
0193
01EB
055D
055E
055F
0045
0046
0036
0048
0560
0561
0105
004C
0197
0210
004F
0014
0051
0199
0053
0054
00BC
04FF
0057
0154
004F
0014
0059
0562
0563
0564
042A
0310
005F
0060
0061
0014
00AC
019E
0565
0566
0066
00CC
0312
0069
006A
006B
016C
02A5
0238
0533
01CC
01CD
01CE
03A3
0074
0014
0567
0534
02A8
0504
03E9
007A
01D1
0434
007D
0014
0105
03A5
0080
048C
0082
00AF
00D8
0085
00DD
0014
0127
0088
0437
008A
008B
03A9
0528
008E
0035
0014
0364
01B1
0091
0092
0093
0094
0529
0096
00DD
0014
012E
01B6
009A
0271
031E
0002
031F
0004
0005
0006
00E6
00A1
0009
00E9
0360
000C
0568
00EB
00EC
0019
002A
0012
0013
0014
00A8
0014
0002
0002
0014
0014
0014
0016
01E0
0018
0019
0014
001A
0002
0014
0014
0002
0014
0002
001B
0020
001D
0027
0019
0019
0014
0002
0014
0002
0014
0014
001B
001E
0016
001F
0014
0010
0002
0014
0014
0014
0014
0014
0022
0024
0022
0023
0014
0012
0014
0002
0002
0014
0014
0014
001D
001C
0022
0027
0014
0016
0014
0002
0014
0014
0002
0014
0024
00EE
0010
0021
0014
0016
0014
0014
0002
0002
0002
0002
0018
0012
0010
0027
0014
001A
0002
0014
0014
0014
0014
0014
0027
01E1
01E1
0027
0014
01E3
0002
0014
0014
0014
0014
0014
0026
01E4
0022
0026
0013
0392
0014
0014
0014
0014
0014
0014
0026
01E5
0010
0014
0014
002E
0014
0014
0014
0014
0014
0014
0019
00A6
0022
0019
0014
00A7
0014
0014
0014
0014
0014
0002
016C
00F3
0258
0444
0035
0014
0036
0037
04DF
0569
025B
003B
0397
00FB
0002
0014
01C1
0192
003F
0040
0041
0042
0159
0044
00C7
0257
00F6
0048
02DE
032B
0511
004C
0107
015E
0074
0014
0051
0260
0261
056A
012B
0056
0057
056B
0097
0014
0162
005A
02E2
0215
0110
005E
056C
0060
0097
0014
022B
0113
02E5
02E6
0218
00CC
0312
0069
016B
0014
019A
02A5
02E7
0533
03E6
0071
03E7
0073
016B
0014
0075
0384
056D
011F
03E9
007A
048A
056E
007D
0014
0105
00D6
03A6
0176
0082
00AF
0125
056F
0086
0050
0087
0128
03A7
03A8
01F8
03A9
01B0
0202
0014
0014
008F
03AA
0130
03AC
0132
00AF
03AD
0096
0097
0014
00DE
03AF
038B
01B7
0001
0002
009D
035D
0570
013B
0292
013D
02FE
0571
02B8
0296
0572
000E
000F
0010
0011
0015
0014
0014
001A
0014
0002
0014
0014
0014
0014
0026
0348
001E
0027
0014
00A7
0014
0002
0014
0014
0002
0002
0012
03B5
0022
001E
001F
01E4
0002
0002
0002
0002
0002
0014
0024
001E
0020
00EE
0021
001B
0002
0014
0002
0014
0014
0014
001D
001B
0018
001F
0014
0022
0014
0002
0014
0014
0002
0014
0018
001C
0018
0023
0014
0018
0014
0002
0014
0002
0014
0014
0010
001A
0016
0023
0025
0016
0014
0014
0002
0014
0002
0002
0018
001E
0018
0026
0014
0023
0014
0014
0002
0014
0014
0002
0013
01BD
0016
0014
0014
01BE
0002
0014
0014
0014
0014
0014
0026
002A
0012
0027
0014
00A9
0014
0002
0014
0014
0014
0002
0019
002C
002D
0027
0014
002E
0014
0014
0014
0002
0014
0002
0023
037C
0030
0027
0014
00A9
0002
0014
0002
0014
0014
0002
0031
0032
0573
0034
0014
0014
0166
0277
014F
0574
00F9
00AF
0575
0034
00B1
0014
029D
00B3
03BB
0576
01EB
00B7
0453
04A1
0045
0046
0047
0577
0578
0579
0240
0106
004D
004E
004F
0050
027E
0052
027F
010C
00C0
030E
04A5
0058
004F
0014
019C
0280
057A
057B
0031
0083
005F
00FB
0061
0014
0062
0063
00C9
00CA
0062
0067
0068
0282
006A
006B
006C
006D
006E
006F
045C
00D0
0072
0351
0074
0014
00AB
0402
023B
00D3
0079
01A7
0171
007C
0014
0014
007E
007F
01AB
0081
00D7
0083
0177
0085
00DD
0014
0357
021D
0089
008A
008B
008C
00DA
008E
0035
0014
02B1
0090
0091
0092
0093
0094
00DB
03D4
00DD
0014
052A
021E
03D5
057C
0185
0002
031F
02FC
0005
0006
00A0
00A1
0009
057D
000B
018B
057E
000E
0297
0026
00ED
0012
0014
0014
00A8
0014
0002
0002
0014
0014
0014
00EE
0146
001A
0019
0014
00A7
0002
0002
0014
0002
0014
0002
001B
001B
0010
001E
0019
0022
0002
0002
0002
0002
0002
0014
001B
0027
0020
001F
0021
001B
0002
0014
0002
0014
0014
0014
001D
0024
0022
0021
0014
0012
0014
0002
0014
0014
0002
0014
0022
001C
0018
0023
0014
0016
0014
0002
0014
0002
0014
0014
0016
001A
0016
0019
0025
0018
0014
0014
0002
0014
0002
0002
0018
0012
0018
0027
0014
001A
0014
0014
0002
0014
0014
0014
0027
0147
00F0
0014
0014
0149
0002
0014
0014
0014
0014
0014
0026
002C
0022
0026
0013
002E
0014
0002
0014
0014
0014
0002
0026
002C
0010
0013
0014
002E
0014
0014
0014
0014
0014
0002
0023
00A6
0016
0019
0014
00A9
0002
0014
0002
0014
0014
0002
0031
00F3
0258
0522
0014
0014
0036
0037
04DF
0396
003A
0152
0523
0367
0002
0014
003D
0192
057F
0040
0041
0042
0043
0044
0045
0257
0047
0048
0049
004A
004B
004C
0580
004E
004F
0050
00BD
0231
0581
0054
0055
0056
0057
019B
00B1
0014
019C
005A
010F
005C
005D
005E
005F
005E
0061
0014
0062
019E
0064
0065
0066
0067
0068
0069
016B
006B
006C
01F9
006E
0582
0070
00B7
0072
0073
016B
0014
010D
0583
02CA
01A5
02EA
007A
0171
0584
0014
0014
007E
00D6
03ED
0201
0082
0083
00D8
0126
0086
0050
008F
0088
0585
0376
012B
0046
00DA
012D
0035
0014
008F
01B1
04EA
026E
0132
0083
00DB
03D4
0097
0014
0098
03AF
03D5
048D
035B
0002
0586
01B9
0520
0587
048F
013D
0588
000A
0589
058A
02B9
058B
02BA
0010
001D
0015
0013
0014
001A
0014
0014
0002
0014
0014
0014
0016
001D
0018
0013
0014
001A
0014
0014
0014
0014
0002
0002
0020
001C
001D
001E
001F
0016
0014
0002
0014
0002
0002
0014
0018
04DC
0010
0021
0014
058C
0002
0014
0014
0014
0014
0014
0015
001B
0018
001F
0014
0022
0014
0002
0002
0014
0002
0014
001D
001C
0022
0013
0014
001A
0014
0014
0014
0014
0002
0014
0024
001F
0010
0023
0014
0016
0014
0014
0014
0002
0002
0002
0018
0015
0010
0026
0014
00EE
0002
0014
0014
0014
0014
0002
0027
0028
0022
0027
0014
0029
0002
0014
0014
0014
0014
0014
0026
002A
0022
0027
0014
002B
0014
0014
0014
0014
0014
0014
0019
00AA
002D
0027
0014
002E
0014
0014
0014
0002
0014
0014
0019
04BA
0030
0027
0014
00A7
0014
0014
0014
0014
0014
0014
049D
0032
058D
0034
0035
0014
04F5
00AD
058E
058F
0590
003B
0591
0034
00B1
0014
0592
0593
0328
0594
0595
00B7
00D1
04A1
015A
0046
01A9
0577
0596
0597
0427
0598
0599
012D
007D
0014
0117
059A
059B
059C
00AB
04FF
04A5
0058
004F
0014
0162
04A6
0516
059D
0213
0152
056C
0060
00DD
0014
0276
036F
059E
0501
03FF
0370
02C8
04C3
006A
0014
019A
03D0
059F
006F
0239
0071
01CE
0351
0074
0014
0105
016F
02A8
0078
00D4
007A
01A8
007C
007D
0014
0105
007F
05A0
048C
00D7
01AC
01AD
0085
00DD
0014
0339
05A1
0089
04CC
0240
008C
04CD
008E
0035
0014
017C
04B2
01B2
028B
02A3
0094
05A2
0096
00DD
0014
05A3
035A
05A4
009B
0185
0002
031F
02FC
0005
0006
00A0
05A5
0009
000A
000B
0296
000D
000E
0482
0010
0011
0012
0014
0014
0015
0014
0002
0002
0014
0014
0014
0016
0017
001E
0019
0014
001A
0002
0002
0014
0014
0014
0014
0024
001B
0016
001E
0014
0018
0014
0002
0002
0002
0002
0014
001B
001E
0020
0026
0014
001F
0002
0014
0002
0014
0014
0014
001D
0024
0022
001F
0014
0022
0014
0002
0014
0014
0002
0014
0022
001B
0015
0023
0014
0016
0014
0002
0014
0002
0014
0014
0010
00EE
0016
0019
0025
0019
0014
0014
0002
0014
0002
0014
0018
0012
0018
0027
0014
001A
0014
0014
0002
0014
0014
0014
0027
0028
0016
0014
0014
01E3
0002
0014
0014
0014
0014
0014
0026
002A
0022
0026
0013
002B
0014
0002
0014
0014
0014
0002
0019
002C
0010
0013
0014
002E
0014
0014
0014
0014
0014
0002
0023
002F
0022
0014
0014
00A9
0014
0014
0014
0014
0014
0002
0031
0032
0033
0522
0014
0014
00AC
04DE
0190
0039
003A
003B
003C
0034
0002
0014
00C3
0192
003F
0040
0041
0042
0043
0044
0045
0014
027D
0048
0049
004A
004B
004C
0197
004E
0086
0014
00BD
0231
0053
0054
0055
0056
0057
019B
004F
0014
019C
0280
010F
0235
005D
005E
005F
0060
0061
0014
0062
0113
0064
0065
0066
0067
0068
0069
016B
006B
006C
0118
04E5
05A6
0070
0071
0072
0073
016B
0014
010D
05A7
00D2
01A5
02EA
007A
007B
007C
0014
0014
01A9
01AA
0080
0081
0082
01AC
0084
0085
0086
0050
0087
0088
0089
008A
008B
008C
008D
008E
0035
0014
008F
01B1
0091
0092
0132
0094
0095
005E
0014
0014
0098
03AF
05A8
048D
0404
0002
0003
01B9
0558
00E5
050A
0008
04B9
013F
04F1
000C
0346
05A9
0297
0019
002C
0015
0013
0014
002E
0014
0002
0002
0014
0014
0014
0026
002C
0018
0013
0014
002E
0002
0002
0014
0002
0002
0002
001B
001C
001D
001E
001F
0016
0002
0002
0014
0002
0002
0014
001D
0149
001A
001F
0021
05AA
0002
0014
0014
0014
0014
0014
0012
001B
0018
0023
0014
0015
0014
0002
0002
0014
0002
0014
001D
001C
0022
0019
0014
001A
0014
0002
0014
0014
0002
0014
0024
001A
0010
0023
0014
0016
0014
0014
0014
0002
0002
0002
0018
0015
0010
0026
0014
00EE
0002
0014
0014
0014
0014
0002
0014
0416
01E1
0027
0014
00A8
0002
0014
0014
0014
0014
0014
0026
01E4
0022
0027
0014
002E
0014
0014
0014
0014
0014
0014
0026
0299
002D
0027
0014
002E
0014
0014
0014
0002
0014
0014
0026
01E4
0030
0019
0014
00A7
0002
0014
0002
0014
0014
0014
049D
05AB
05AC
0034
0035
0014
01BF
0209
058E
050F
0315
0257
05AD
00FB
00B1
0014
003D
00B3
05AE
0594
0162
00B7
020B
04A1
015A
0046
0036
00B9
0596
0597
04FC
04BC
05AF
04A4
004F
0050
0109
059A
05B0
05B1
00AB
04FF
04A5
0058
0097
0014
0162
01A6
0516
02C5
042A
008C
005F
0096
00DD
0014
022B
0063
05B2
0501
03FF
0370
0045
04C3
006A
0014
019A
03D0
04C4
006F
0239
00D0
01CE
0351
0074
0014
0122
016F
02A8
0078
00D4
0014
01D1
0353
007D
0014
0173
0354
05B3
0124
00D7
0083
05B4
0282
00DD
0014
012E
05B5
05B6
051E
018F
0046
028A
0202
0035
0014
052A
04B2
02B2
04B4
00F6
00AF
04B5
0096
0097
0014
012E
035A
05B7
009B
0001
0002
009D
035D
00E4
0006
05B8
0008
0323
05B9
0206
000C
05BA
05BB
000F
0010
0011
0012
0013
0014
001F
0014
0002
0014
0014
0014
0014
0026
0348
001E
0014
0014
00A7
0002
0002
0014
0002
0002
0002
001B
001C
001D
001E
0019
0022
0002
0002
0014
0002
0014
0014
0024
001E
0020
001F
0021
001B
0014
0014
0002
0014
0014
0014
001D
00EE
0022
001F
0014
0022
0014
0014
0014
0014
0002
0014
0021
053F
0022
0023
0014
05BC
0014
0002
0014
0002
0014
0014
0010
001A
0016
0023
0025
0016
0014
0014
0002
0002
0002
0002
0018
001E
0018
0026
0014
0023
0014
0014
0002
0014
0014
0002
0014
01BD
0016
0014
0014
01BE
0002
0014
0014
0014
0014
0014
0026
002A
0022
0013
0014
00A9
0014
0002
0014
0014
0014
0002
0019
002C
0010
0013
0014
002E
0014
0014
0014
0014
0014
0002
0023
037C
0016
0014
0014
002B
0002
0014
0002
0014
0014
0002
020F
0032
05BD
0034
0035
0014
0102
00AD
014F
0574
00AE
00AF
00B0
0034
0014
0014
003D
00B3
03BB
03BC
0503
03BE
0043
00FB
0045
0257
0036
03C0
05BE
05BF
0240
03C4
004D
0210
004F
0050
027E
0211
03C5
03C6
03C7
0056
05C0
0058
004F
0014
03C9
030F
05C1
03CB
00C6
0083
05C2
00FB
0061
0014
01F5
0063
05C3
05C4
0087
0067
0068
016A
006A
006B
042E
03D0
016D
006F
045C
00D0
00D1
0073
0074
0014
010D
0076
0077
00D3
00D4
0014
0317
007C
0014
0014
007E
0354
01AB
0081
00D7
0083
05C5
0085
0086
0014
0087
0288
0089
0289
008B
008C
05C6
008E
0035
0014
02F4
0090
01B2
028B
0180
0094
05C7
03D4
0014
0014
0098
021E
05C8
00E1
043A
0002
031F
0004
009F
0225
0007
05C9
02FE
05CA
000B
043C
05CB
000E
00EC
0026
04DB
001A
0014
0014
0303
0014
0002
0002
0014
0014
0014
0016
01E0
0018
0019
0014
001A
0002
0014
0014
0014
0014
0002
0024
0016
0016
0023
001F
0016
0014
0002
0002
0002
0002
0014
001B
001E
0016
00EE
0014
0010
0002
0014
0014
0014
0014
0014
0019
05CC
001F
0014
0014
0361
0014
0002
0002
0014
0002
0014
001D
0020
0018
0027
0014
0016
0014
0002
0014
0014
0002
0014
0024
00EE
0010
0021
0014
0018
0014
0014
0002
0014
0002
0002
0012
0012
0010
0027
0014
001A
0002
0014
0014
0014
0014
0014
0027
01E1
01E1
0027
0014
01E3
0002
0014
0014
0014
0014
0014
0026
01E4
0022
0026
0013
0392
0014
0014
0014
0014
0014
0014
0026
01E5
002D
0027
0014
0393
0014
0014
0014
0002
0014
0014
0019
00A6
0030
0019
0014
002E
0014
0014
0014
0014
0014
0002
018F
00F3
043E
003B
0014
0014
02E4
0037
05CD
0396
00F9
003B
0397
00FB
0002
0014
00C3
0192
003F
0040
0041
0042
05CE
0044
02C1
0046
01C3
0048
05CF
05D0
0105
004C
0107
004E
0002
0014
0051
0199
0261
0054
010D
008C
05D1
05D2
0014
0014
0059
005A
05D3
05D4
0110
005E
05D5
0060
0097
0014
00C8
0113
05D6
05D7
00CB
00CC
0312
0069
016B
0014
006C
05D8
02A6
02A7
03E6
0071
0072
03A3
016B
0014
0122
05D9
05DA
011F
02EA
007A
007B
03A4
007D
0014
0105
03A5
03A6
0176
0082
00AF
0084
01F7
00DD
0050
0127
0088
0585
0376
0400
0257
008D
012D
0035
0014
0364
03AA
05DB
026E
0093
04AD
0095
0096
0097
0014
03AE
03AF
009A
0271
031E
0002
031F
0004
009F
0006
00A0
050B
0009
0294
000B
000C
0568
000E
0228
0019
002C
001A
0013
0014
0303
0014
0002
0002
0014
0014
0014
0016
01E0
0018
0019
0014
001A
0002
0014
0014
0014
0014
0014
0024
001C
0016
001E
001F
0018
0002
0002
0014
0002
0002
0014
001B
001E
0016
00EE
0014
0010
0002
0014
0014
0014
0014
0014
001D
001B
0014
0014
0014
0012
0014
0002
0002
0014
0014
0014
001D
001B
0018
0027
0014
0016
0014
0002
0014
0014
0014
0014
0016
00EE
0010
0021
0014
0018
0014
0014
0014
0014
0014
0002
0018
0012
0018
0026
0014
001A
0002
0014
0014
0014
0014
0014
0027
0256
01E2
0027
0014
0029
0002
0014
0014
0014
0014
0014
0026
01E4
0022
0026
0013
00A7
0014
0014
0014
0014
0014
0014
0026
03DD
002D
0014
0014
0393
0014
0014
0014
0014
0014
0014
0023
00A6
0030
0019
0014
00A9
0002
0014
0002
0014
0014
0002
016C
00F3
0258
0094
0035
0014
0036
0037
05DC
0396
003A
003B
003C
00FB
0002
0014
01C1
029E
003F
0040
0041
0042
0159
0044
0045
0046
01C3
0048
02DE
029F
0511
004C
0107
015E
0061
0014
0051
0199
0261
0054
0109
0056
0057
0014
0014
0014
0059
005A
02E2
0215
02A3
005E
01C9
0060
0097
0014
00C8
045C
0064
02A4
00CB
00CC
0312
0069
016B
0014
0484
05DD
02E7
05DE
03E6
0071
03E7
0073
0074
0014
0075
0583
056D
011F
00D4
007A
03EA
051A
007D
0014
0105
01AA
02AA
0176
0082
00AF
0084
0467
0086
0050
0087
0088
0585
0376
02AE
03A9
008D
0202
0014
0014
008F
017D
05DB
026E
0093
0083
0095
0096
0097
0014
00DE
0099
009A
009B
0001
0002
009D
035D
05DF
013B
050A
0008
05E0
0571
044F
0274
05E1
05E2
02BA
0010
0011
0012
0014
0014
001A
0014
0002
0014
0014
0014
0014
0026
0348
001E
0013
0014
00A7
0002
0002
0014
0002
0002
0002
001B
0024
001D
001E
0019
0016
0014
0002
0002
0002
0002
0014
0024
001E
0020
001F
0021
001B
0002
0014
0002
0014
0014
0014
001F
00EF
02D6
001F
0014
05E3
0014
0014
0014
0014
0002
0014
0018
001C
0022
0023
0014
0018
0014
0002
0014
0002
0002
0014
0024
001A
0016
0023
0025
0016
0014
0014
0002
0002
0002
0002
0018
001E
0010
0027
0014
0023
0014
0014
0002
0014
0014
0002
0014
01BD
0016
0014
0014
037B
0014
0014
0014
0014
0014
0014
0026
002A
0022
0027
0014
00A9
0014
0002
0014
0014
0014
0002
0019
002C
0010
0027
0014
002E
0014
0014
0014
0002
0014
0002
0019
037C
0016
0027
0014
00A7
0014
0014
0014
0014
0014
0002
0540
0032
0573
0034
0014
0014
0276
00AD
014F
0574
00AB
00AF
05E4
0034
00B1
0014
029D
00B3
03BB
03BC
049D
0367
0043
04A1
015A
0257
0036
0577
05E5
05BF
00CD
0106
004D
004E
004F
0050
05E6
0456
027F
05E7
0448
0234
05E8
05E9
004F
0014
00C2
0549
054A
05EA
00C6
0083
005F
00FB
0061
0014
0112
05EB
05EC
00CA
036E
0067
0068
0282
006A
006B
0117
006D
006E
006F
045C
00D0
0072
011B
01A4
0014
00AB
0402
05ED
00D3
02EA
0014
0171
007C
0014
0014
007E
0354
01AB
0081
00D7
0083
05C5
0085
00DD
0014
0357
05B5
0089
0289
0240
008C
05EE
008E
0035
0014
02B1
04CE
01B2
02F7
01F8
0094
05C7
03D4
00DD
0014
052A
05EF
05F0
05F1
0138
0002
009D
044D
00E4
0006
0007
00E7
0323
0343
018A
04EC
0346
03DC
01DF
0026
0552
0012
0014
0014
0392
0014
0002
0002
0014
0014
0014
0026
002A
0018
0014
0014
00A7
0014
0002
0014
0002
0002
0002
001B
001C
0010
001E
001F
0012
0002
0002
0014
0002
0002
0014
0024
001E
0020
001F
0021
0022
0014
0014
0002
0014
0014
0014
001D
001B
0022
0023
0014
0026
0014
0002
0002
0014
0002
0014
0018
001C
0012
0014
0014
001E
0014
0002
0014
0002
0002
0014
0024
001A
0010
0023
0014
0016
0014
0014
0002
0002
0002
0002
0018
001E
0010
0026
0014
0023
0014
0014
0014
0014
0014
0002
0014
01BD
0022
0027
0014
05F2
0014
0014
0014
0014
0014
0014
0026
04DB
0022
0013
0014
00A9
0014
0002
0014
0014
0014
0002
0019
018E
002D
0013
0014
002E
0014
0014
0014
0002
0014
0002
0019
037C
0030
0014
0014
00A7
0002
0014
0002
0014
0014
0002
016C
04AD
0499
0034
0014
0014
0102
0277
03B8
05F3
003A
00AF
0575
0154
0014
0014
003D
00B3
03FA
05F4
03BD
0367
020B
0421
015A
0046
0047
03C0
05F5
05F6
0240
03C4
004D
004E
0074
0050
0109
0052
05F7
0233
00C0
0056
05F8
0058
0002
0014
0059
0163
05F9
05FA
00C6
0083
005F
0096
0014
0014
0062
0063
05FB
05FC
0155
0067
0068
016A
006A
0014
006C
03D0
016D
006F
045C
00D0
05FD
0073
0074
0014
0075
0076
02CA
02E9
00D4
0014
0317
040B
007D
0014
007E
0354
05FE
05FF
00D7
01AC
0600
0178
0086
0014
0087
0601
031B
02AD
0031
008C
05C6
012D
0035
0014
02F1
0090
0602
04B4
005D
0046
05C7
0096
0014
0014
0098
00DF
0603
0184
038C
0002
031F
0004
009F
0225
013C
00A1
0226
000A
0360
038F
000D
00EB
0482
0010
0011
001F
0013
0014
0015
0014
0002
0002
0014
0014
0014
0016
0017
0015
0019
0014
001A
0002
0014
0014
0014
0014
0002
0020
0024
001D
001E
0019
0016
0014
0002
0002
0002
0014
0014
001B
001E
0016
00EE
0014
001B
0002
0014
0014
0014
0014
0014
001F
01BD
001A
001F
0014
0604
0014
0002
0014
0014
0014
0014
001D
001C
0022
0023
0014
0016
0014
0002
0014
0014
0014
0014
0016
00EE
0016
0021
0025
0018
0014
0014
0014
0014
0002
0002
0012
0012
0018
0027
0014
001A
0002
0014
0002
0014
0014
0014
0027
0256
00F0
0014
0014
0029
0002
0014
0014
0014
0014
0014
0026
01E5
0018
0026
0013
00A7
0014
0002
0014
0014
0014
0014
0026
01E4
0010
0027
0014
002E
0014
0014
0014
0014
0014
0014
0023
00A6
0022
0019
0014
00A9
0014
0014
0014
0014
0014
0002
0031
0032
0033
003B
0035
0014
01E7
0037
0190
0039
0306
003B
0605
0034
0002
0014
00C3
0192
003F
0040
0041
0042
0043
0044
0045
0257
00F6
0048
0049
004A
0105
004C
0197
015E
004F
0014
0470
0260
0053
00BF
010D
039C
0606
019B
004F
0014
00C2
005A
0607
0471
0110
005E
005F
0060
0061
0014
025D
0113
0237
0065
0066
0370
0312
0069
016B
006B
01F8
03A2
02A6
02A7
01CC
0071
0072
03A3
016B
0014
011C
0534
02A8
011F
02EA
007A
007B
02EB
0014
0014
0105
03A5
0080
0081
0082
0083
0084
0085
00DD
0050
0127
0088
0437
008A
027E
0046
008D
008E
0035
0014
0364
03AA
0091
0092
0132
0094
0095
01B5
0097
0014
03AE
03AF
009A
0271
0411
0002
031F
0004
009F
00E5
0007
0481
02FE
000A
000B
000C
000D
000E
0482
0010
001D
0015
0014
0014
001E
0014
0002
0002
0014
0014
0014
0016
001B
0018
0027
0014
001A
0014
0002
0014
0014
0014
0002
001B
0010
001D
0023
0026
0016
0014
0002
0014
0002
0002
0014
001D
001E
0022
001F
0014
001B
0002
0014
0002
0014
0014
0014
0015
0024
0018
001F
0014
0022
0014
0002
0002
0014
0002
0014
001D
001A
0022
0023
0014
0016
0014
0014
0014
0002
0002
0014
0024
001A
0010
0021
0014
0018
0014
0014
0014
0002
0002
0002
0018
001E
0010
0027
0014
00EE
0014
0014
0014
0014
0014
0014
0027
01E1
01E1
0027
0014
01BC
0002
0014
0014
0014
0014
0014
0026
01E4
0022
0026
0013
0392
0014
0014
0014
0014
0014
0002
0019
01E5
002D
0027
0014
002E
0014
0014
0014
0002
0014
0002
0019
002F
0030
0019
0014
00A7
0014
0014
0014
0014
0014
0002
018F
0032
02D7
0034
0014
0014
0036
0037
0038
0039
003A
003B
01EC
0034
0002
0014
003D
0192
04BB
0608
0041
0042
020B
0101
004F
0046
0036
0048
015B
0609
004B
032C
004D
0210
0074
0014
0051
0231
04FE
0233
0055
0234
0057
0058
004F
0014
0059
005A
005B
02C5
005D
005E
005F
0060
0061
0014
022B
019E
0531
060A
042D
04C2
0197
0116
016B
0014
019A
01A1
0238
0502
01FC
0071
03E7
03A3
01A4
0014
0122
04C5
0285
060B
03E9
007A
021C
0434
007D
0014
0173
007F
060C
02EE
0082
00AF
04C8
0085
00DD
0050
0339
0128
04CB
04CC
014B
00AF
033C
008E
0035
0014
014D
01B1
04CF
0388
0093
0094
04D0
0096
0097
0014
012E
03AF
060D
04D2
0138
0002
009D
035D
060E
0006
060F
0008
0490
0610
0491
0296
0611
0207
0297
0026
00ED
0012
0013
0014
00A8
0014
0002
0014
0014
0014
0014
0026
053D
001F
0019
0014
00A7
0002
0002
0014
0002
0002
0002
001A
001C
0010
001E
001F
0022
0002
0002
0002
0002
0014
0014
001B
001A
0020
0023
0021
0010
0002
0014
0014
0014
0014
0014
001D
001B
0022
0014
0014
0012
0014
0014
0014
0014
0014
0014
0026
0612
001F
0014
0014
0149
0014
0002
0014
0014
0014
0014
0010
00EE
0016
0023
0025
0016
0014
0014
0002
0014
0002
0002
0018
0012
0018
0026
0014
001A
0002
0014
0002
0014
0014
0002
0014
01BD
0016
0014
0014
01BE
0002
0014
0014
0014
0014
0014
0026
04DB
0022
0013
0014
04DC
0014
0002
0014
0014
0014
0014
0019
018E
0010
0013
0014
002E
0014
0014
0014
0014
0014
0014
0023
00F2
0016
0014
0014
00A9
0002
0014
0002
0014
0014
0002
020F
00F3
0258
00F5
0035
0014
0364
00AD
04ED
034C
01E6
00AF
0613
0363
0035
0014
01F1
0156
0614
0615
03BD
03BE
0043
0044
0045
00AF
027D
0055
00BA
00BB
0284
004C
006A
004E
004F
0050
0616
0456
0617
0262
0315
0056
00C1
019B
0014
0014
03C9
00D7
0618
0619
042A
0083
05C2
00F5
0014
0014
0062
0167
061A
061B
0066
0067
0068
0069
006A
006B
006C
006D
01A2
0371
01CC
00D0
0072
0073
0074
0014
010D
0076
0077
0078
0079
0014
0171
040B
0014
0014
01A9
045D
0175
0356
00D7
0083
0177
0282
0086
0014
008F
021D
031B
026B
010D
008C
061C
012D
0035
0014
008F
047E
0378
017F
0180
0083
061D
03D4
0014
0014
0098
021E
03D5
061E
0138
0002
009D
035D
0005
0006
00A0
0008
0323
00E9
0295
0274
00EA
000E
0297
0026
0145
0012
0014
0014
00A7
0014
0002
0002
0014
0014
0014
0016
0017
001A
0014
0014
001A
0002
0002
0014
0002
0002
0002
0020
001C
0016
001E
0019
0022
0002
0002
0002
0002
0002
0014
0024
001A
0020
0021
0021
0010
0014
0014
0002
0014
0014
0014
001D
0024
0022
0019
0014
001A
0014
0014
0014
0014
0002
0014
001D
001C
0014
0014
0014
001E
0014
0002
0014
0002
0014
0014
0010
00EE
0016
0019
0025
0012
0014
0014
0002
0014
0002
0002
0018
001E
0018
0027
0014
0023
0014
0014
0002
0014
0014
0002
0027
0028
0016
0014
0014
00F1
0014
0014
0014
0014
0014
0014
0026
04DB
0022
0026
0013
002B
0014
0002
0014
0014
0014
0002
0019
002C
0010
0013
0014
002E
0014
0014
0014
0002
0014
0002
0023
00F2
0016
0014
0014
00A9
0002
0014
0002
0014
0014
0002
014B
00F3
029A
00F5
0014
0014
0364
014E
00F7
00F8
018F
003B
003C
061F
0014
0014
01F1
003E
00FE
01F0
0041
0042
0043
0101
0045
0257
027D
0048
0049
004A
004B
0106
0074
004E
007D
0050
0249
00BE
02A1
036C
0055
0056
0161
019B
00B1
0014
00C2
0280
010F
0235
005D
005E
005F
0014
0014
0014
0062
0167
0064
0065
0087
0067
0068
0282
016B
006B
006C
006D
01A2
0371
0336
0071
0072
0073
016B
0014
010D
0076
0077
00D3
0079
007A
007B
040B
0014
0014
007E
045D
0355
0201
0082
01AC
0125
0282
0086
0050
0087
02AB
031B
02AD
010D
008C
02AF
012D
0035
0014
02F1
0090
0556
04B4
0180
0083
0133
03D4
0014
0014
0098
0099
05F0
061E
0411
0002
031F
0004
0558
00E5
02B5
0481
02FE
02B7
0344
000C
02B9
046C
0620
0010
001D
0015
0013
0014
0015
0014
0002
0002
0014
0014
0014
0026
0415
0018
0019
0014
01BC
0002
0014
0014
0014
0014
0014
001B
001D
001D
0023
001F
0016
0014
0002
0014
0002
0002
0014
001B
001E
0016
001F
0014
001B
0002
0014
0014
0014
0014
0014
0015
001B
0018
001F
0014
0022
0014
0002
0002
0014
0014
0014
0021
04F4
0417
0023
0014
0621
0014
0002
0014
0014
0002
0014
0024
001A
0010
0023
0014
0016
0014
0014
0014
0002
0002
0002
0012
0012
0010
0026
0014
001A
0002
0014
0014
0014
0014
0014
0027
0416
01E1
0027
0014
00A8
0002
0014
0014
0014
0014
0014
0026
01E4
0022
0027
0014
002E
0014
0014
0014
0014
0014
0014
0019
01E5
002D
0027
0014
002E
0014
0014
0014
0014
0014
0014
0019
002F
0030
0019
0014
00A7
0014
0014
0014
0014
0014
0014
018F
0032
0033
0034
0035
0014
0036
0037
0038
0039
003A
00AF
04F6
0034
0002
0014
003D
041F
02BF
02C0
01EB
00B7
020B
0044
004F
0046
0036
0055
0622
0623
020F
004C
004D
015E
004F
0014
0051
0199
0053
0054
00BC
04FF
0057
0058
004F
0014
0059
005A
02C4
02C5
0511
05AB
0624
0625
0061
0014
022B
019E
0500
0566
00CB
0370
0197
0069
006A
0014
019A
02A5
0238
0502
02C9
0283
021A
03A3
0074
0014
0503
016F
0285
0504
0626
006B
0505
0627
007D
0014
0105
007F
0080
048C
00D7
0083
00D8
0085
00DD
0014
0127
00D9
0437
008A
0240
0046
0528
008E
0035
0014
0364
03AA
0091
0092
02A3
0094
0529
0096
0097
0014
012E
038A
009A
0271
043A
0002
031F
0004
0189
00E5
0007
0481
04B9
01DD
000B
000C
0407
000E
00EC
0019
002A
0015
0014
0014
00A7
0014
0002
0002
0014
0014
0014
0016
01E0
0018
0027
0014
001F
0002
0002
0014
0002
0014
0002
001B
001B
001D
001E
0026
0016
0014
0002
0002
0002
0002
0014
0024
001E
0022
001F
0014
001B
0002
0014
0014
0014
0014
0014
001D
0024
0018
0023
0014
001E
0014
0002
0002
0014
0002
0014
001D
001B
0022
0019
0014
0019
0014
0002
0014
0014
0002
0014
0016
001F
0010
0021
0014
0018
0014
0014
0002
0002
0002
0002
0018
001E
0010
0027
0014
00EE
0014
0014
0014
0014
0014
0014
0027
00EF
01E1
0027
0014
00F1
0014
0014
0014
0014
0014
0014
0026
01E4
0022
0026
0013
00A7
0014
0014
0014
0014
0014
0014
0026
01E5
002D
0027
0014
002E
0014
0014
0014
0002
0014
0014
0023
00F2
0030
0019
0014
002B
0014
0014
0014
0014
0014
0002
018F
00F3
029A
0034
0014
0014
0036
0037
01E9
0628
003A
003B
00C1
00FB
0002
0014
01C1
0192
02DC
0329
0041
0042
0159
0101
0045
0046
00F6
0048
015B
032B
0105
0101
004D
0108
0074
0014
0051
0199
0629
02E1
0109
010E
0161
0058
0097
0014
0059
005A
005B
02C5
0110
005E
0165
0060
00DD
0014
00AC
0113
0114
0168
01F6
00CC
0068
04C3
0002
0014
01F8
03A2
059F
0502
01FC
0071
0072
023A
016B
0014
0122
04C5
062A
060B
02EA
007A
007B
0121
007D
0014
0122
062B
0596
062C
0082
0083
02EF
0126
00DD
0050
0339
0243
062D
062E
012B
0046
062F
0202
0035
0014
014D
03AA
0630
0631
0093
0083
0632
0096
0097
0014
012E
03AF
024C
04D2
0001
0002
009D
044D
013A
0006
0633
0008
0009
0634
0252
0296
0635
00EB
000F
0010
0011
0012
0013
0014
0015
0014
0002
0014
0014
0014
0014
0026
0348
001E
0019
0014
002E
0002
0002
0014
0014
0002
0002
0022
001C
0010
001E
001F
0022
0002
0002
0014
0002
0014
0014
001B
001E
0020
0023
0021
0010
0002
0014
0002
0014
0014
0014
0022
001B
0022
001F
0014
0022
0014
0002
0014
0014
0002
0014
0021
053F
001E
0023
0014
01E4
0014
0002
0014
0002
0014
0014
0024
001A
0016
0023
0025
0016
0014
0014
0002
0014
0002
0002
0018
0012
0010
0026
0014
001A
0002
0014
0002
0014
0014
0002
0014
01BD
0016
0014
0014
01BE
0002
0014
0014
0014
0014
0014
0026
002A
0022
0013
0014
00A9
0014
0002
0014
0014
0014
0002
0019
002C
0018
0013
0014
002E
0014
0014
0014
0014
0014
0002
0019
002F
0015
0014
0014
002E
0002
0014
0002
0014
0014
0002
0031
0032
0033
00F5
0035
0014
0364
0277
0190
0039
0636
00AF
0637
0034
0097
0014
029D
00B3
0638
02C0
01EB
0056
0043
0044
015A
00AF
0047
02C2
00BA
00BB
00BC
004C
0197
004E
004F
0050
027E
036B
0053
00BF
02C3
0056
0057
019B
004F
0014
03C9
00FC
019D
0524
00C6
0083
05C2
00FB
0061
0014
0062
0063
0639
063A
0066
0067
0312
0069
006A
006B
006C
03D0
006E
0371
01CC
00D0
00D1
0073
0074
0014
010D
0076
0077
0078
00D4
0014
0317
007C
0014
0014
007E
0354
0080
0081
00D7
01AC
0177
0085
0086
0014
008F
02CC
0089
008A
0031
008C
017B
008E
0035
0014
008F
0090
0091
0092
016C
0094
063B
00DC
0014
0014
0098
00DF
063C
04EB
0138
0002
0003
01B9
009F
0006
0007
00A1
0009
000A
02B8
000C
018C
0254
02BA
0010
01E0
0012
0013
0014
001E
0014
0014
0002
0014
0014
0014
0016
01E0
0018
0013
0014
001A
0002
0014
0014
0002
0014
0002
0020
001B
0010
0023
0019
0016
0014
0002
0014
0002
0002
0014
0024
001E
001F
00EE
0014
0010
0002
0014
0014
0014
0014
0014
001D
0020
0022
001F
0014
0022
0014
0002
0002
0014
0002
0014
0022
001C
0018
0027
0014
0016
0014
0002
0014
0014
0002
0014
0024
0026
0010
0019
0014
0018
0014
0014
0002
0002
0002
0002
0018
001E
0010
0027
0014
00EE
0014
0014
0014
0014
0014
0002
0014
0256
01E1
0027
0014
0029
0002
0014
0014
0014
0014
0014
0027
002C
0012
0026
0013
00A7
0014
0002
0014
0014
0014
0014
0027
002C
002D
0027
0014
0393
0014
0014
0014
0002
0014
0014
0026
00A6
0030
0027
0014
0392
0014
0014
0014
0014
0014
0002
018F
0032
02D7
00F5
0035
0014
0036
0037
0190
0039
003A
003B
063D
0034
00B1
0014
01C1
02BE
00FE
063E
00B6
00B7
00D1
0194
02C1
0046
0102
00B9
063F
020E
0059
0106
0197
04A4
0061
0014
0051
0052
027F
010C
00BC
0056
0057
0060
004F
0014
019C
005A
019D
005C
0122
0152
0111
0060
0097
0014
0112
0113
02C7
0640
042B
0067
0641
0116
00DD
0014
016C
006D
0642
0643
0644
0071
0072
0073
01A4
0014
0075
0076
056D
02E9
0120
0014
007B
0627
007D
0014
007E
0354
02ED
02EE
0173
01A7
0084
0085
0086
0050
02F1
0645
0437
008A
0409
0498
008D
008E
0035
0014
02F1
02CF
0091
0092
005D
0094
0095
01B5
00DD
0014
0098
0646
009A
0271
0647
0002
031F
02FC
013A
013B
013C
0648
013E
013F
01DE
0649
0142
0143
01DF
0019
0145
0015
0014
0014
00A8
0014
0002
0002
0014
0014
0014
00EE
0146
0012
0019
0014
01BC
0002
0002
0014
0014
0002
0014
001B
001C
001D
001E
001F
0022
0002
0002
0002
0002
0014
0014
001B
001E
0020
001F
0021
001B
0002
0014
0002
0014
0014
0014
0015
001B
0018
0023
0014
0012
0014
0002
0014
0014
0002
0014
001D
001C
0022
0023
0014
0018
0014
0002
0014
0002
0014
0014
0014
064A
01E4
0023
0025
064B
0014
0014
0002
0014
0002
0002
0012
0012
0018
0026
0014
001A
0002
0014
0002
0014
0014
0002
0027
002F
0016
0014
0014
002B
0002
0014
0014
0014
0014
0014
0026
002A
0022
0013
0014
04DC
0014
0002
0014
0014
0014
0002
0019
01E4
0010
0013
0014
002E
0014
0014
0014
0014
0014
0002
0023
037C
0016
0019
0014
00A9
0002
0014
0002
0014
0014
0002
014B
00F3
034A
0034
0014
0014
047A
064C
034B
064D
0306
0152
0523
0154
0002
0014
064E
029E
02BF
0040
00FC
0042
0043
0044
0045
00AF
0047
0048
0049
004A
004B
004C
004D
004E
004F
0050
0249
01F2
064F
0262
0055
010E
0161
0058
0002
0014
0162
0280
005B
0650
005D
005E
005F
0096
0061
0014
00C8
0063
0064
0065
0066
0014
0651
0652
006A
006B
0473
0333
0382
0502
0070
0283
00D1
023A
0074
0014
011C
0653
0654
023C
00D4
007A
0433
040B
0014
0014
0122
0319
0175
0201
0082
0083
0655
0178
00DD
0014
0087
0243
031B
0656
008B
008C
05C6
0202
0035
0014
031D
0090
0602
04B4
0132
0083
05C7
0096
0097
0014
012E
0099
0657
0184
031E
0002
00E3
0658
0204
0006
050A
0659
0323
000A
04F1
000C
018C
065A
02BA
0010
01E0
0012
0014
0014
001A
0014
0002
0014
0014
0014
0014
0016
001B
0018
0014
0014
001A
0014
0014
0014
0014
0014
0002
0020
001C
0016
0023
0014
0010
0014
0002
0014
0002
0002
0014
001D
001E
0015
0023
0014
001B
0002
0014
0014
0014
0014
0014
0022
0024
0022
001F
0014
0022
0014
0002
0002
0014
0002
0014
0022
001B
0018
0019
0014
001E
0014
0014
0014
0014
0002
0014
0024
001A
001A
0023
0014
0016
0014
0014
0002
0002
0002
0002
0018
0015
0010
0026
0014
00EE
0002
0014
0002
0014
0014
0014
0027
00EF
01E1
0027
0014
00F1
0014
0014
0014
0014
0014
0014
0026
002C
0012
0026
0013
00A7
0014
0002
0014
0014
0014
0002
0026
002C
0010
0013
0014
002E
0014
0014
0014
0002
0014
0002
0019
065B
0022
0019
0014
00A7
0014
0014
0014
0014
0014
0002
00AB
0032
065C
0034
0014
0014
01BF
0209
03B8
02DA
0306
003B
01EC
0034
0014
0014
003D
029E
00FE
065D
03C3
034D
0043
04A1
007D
0014
0036
0048
034E
034F
0105
0210
004D
0210
01A4
0014
030A
04FD
03C5
065E
049D
0056
04A5
0058
004F
0014
00C2
01A6
0516
02C5
00BC
0152
005F
0060
00DD
0014
00AC
0063
02C7
01A0
0580
0067
0068
01F7
006A
0014
0400
05DD
065F
0660
0239
0071
00D1
0073
0074
0014
01CF
0076
0077
011F
00D4
007A
01A8
0434
007D
0014
0105
01AA
01AB
0081
031A
00AF
01AD
0085
0086
0050
02F1
0128
04CB
0661
00CD
03A9
033C
008E
0035
0014
02F4
0090
02F6
028B
0117
0094
02F8
01B5
0097
0014
00DE
00DF
0662
009B
0001
0002
0003
0004
0224
0663
00A0
0008
02FE
0664
000B
0274
0142
000E
0228
0026
0145
001E
0013
0014
00A8
0014
0002
0002
0014
0014
0014
00EE
0146
0012
0019
0014
01BC
0002
0002
0014
0002
0002
0002
001B
001B
001D
001E
001F
0016
0002
0002
0002
0002
0002
0014
001B
001E
0020
001F
0021
0010
0002
0014
0002
0014
0014
0014
001D
001B
0012
0023
0014
0012
0014
0002
0014
0014
0002
0014
001D
001C
0022
0023
0014
0016
0014
0002
0014
0002
0014
0014
0014
05F2
0665
0026
0025
0666
0014
0014
0014
0014
0002
0002
0012
0012
0018
0027
0014
001A
0014
0014
0014
0014
0014
0002
0027
002F
0016
0014
0014
00A8
0002
0014
0014
0014
0014
0014
0026
002A
0022
0027
0014
00A9
0014
0002
0014
0014
0014
0014
0019
01E4
002D
0027
0014
002E
0014
0014
0014
0014
0014
0014
0023
002F
0030
0027
0014
00A9
0002
0014
0002
0014
0014
0014
0031
00F3
034A
0522
0035
0014
00AC
0277
0667
0366
003A
0152
0523
00FB
0002
0014
01F1
02BE
02BF
0040
00FC
0042
00D1
0044
0045
0046
027D
0668
0368
0369
0240
004C
0669
004E
004F
0050
00BD
0052
0261
0054
0055
030E
0057
0060
0002
0014
0059
0163
010F
0524
005D
005E
01C9
0096
0061
0014
0062
0113
0064
02A4
0066
0014
066A
066B
016B
006B
006C
006D
04E5
0371
0070
0283
0072
011B
016B
0014
0105
066C
05DA
01D0
02EA
007A
0286
040B
0014
0014
007E
0174
0175
066D
00D7
0083
00D8
0178
00DD
0014
0087
021D
031B
0376
008B
008C
00DA
012D
0035
0014
031D
02F5
017E
026E
0093
0083
00DB
0096
00DD
0014
0134
02F9
009A
0439
0138
0002
0003
066E
009F
0006
02B5
00A1
0009
000A
0344
000C
066F
00EB
000F
0010
0011
0015
0013
0014
001E
0014
0002
0002
0014
0014
0014
0016
0017
0018
0027
0014
001A
0002
0014
0014
0002
0014
0002
001B
001C
0010
0023
001F
0010
0002
0002
0014
0002
0002
0014
0024
001E
0022
001F
0014
001B
0002
0014
0014
0014
0014
0014
001D
001B
0012
001F
0014
0022
0014
0002
0002
0014
0014
0014
0022
001C
0018
0019
0014
0016
0014
0002
0014
0014
0002
0014
0024
0023
0016
0019
0025
0016
0014
0014
0002
0002
0002
0002
0018
001F
0010
0027
0014
0027
0014
0014
0014
0014
0014
0002
0027
00A8
00F0
0027
0014
0670
0014
0014
0014
0014
0014
0014
0027
002C
0018
0026
0013
00A7
0014
0002
0014
0014
0014
0014
0026
002C
002D
0014
0014
0393
0014
0014
0014
0014
0014
0014
0026
00A6
0030
0014
0014
00A7
0014
0014
0014
0014
0014
0002
0031
0032
02D7
00F5
0035
0014
0036
0277
0671
0574
003A
003B
02DB
0034
0002
0014
003D
00B3
00FE
063E
00B6
00B7
020B
0101
02C1
0046
0047
03C0
063F
0672
020F
0210
0197
0108
0074
0014
0051
0052
03C5
0673
00BC
0056
0057
0060
004F
0014
019C
0163
019D
01F4
042A
0310
005F
0060
0097
0014
0062
0063
02C7
0640
0062
0067
0641
0116
016B
006B
006C
00CE
0674
0675
0336
0071
0676
0073
01A4
0014
0075
0076
056D
02E9
00D4
007A
021C
0627
007D
0014
0173
007F
04C7
02EE
0677
0257
0084
0085
0086
0050
0339
02CC
0437
008A
018F
007A
008D
008E
0014
0014
02F4
0678
0091
0092
005D
0094
0095
005E
0014
0014
0098
0679
0270
009B
0647
0002
031F
067A
013A
067B
00A0
013D
067C
013F
0295
043C
0142
000E
067D
0019
002C
0012
0014
0014
00A8
0014
0002
0002
0014
0014
0014
00EE
046E
0012
0019
0014
01BC
0002
0002
0014
0014
0002
0002
0024
0024
001D
001E
0026
0016
0014
0002
0002
0002
0002
0014
001B
001E
0020
00EE
0021
0010
0002
0014
0002
0014
0014
0014
0015
0024
0022
0023
0014
0012
0014
0002
0014
0014
0002
0014
001D
001B
0022
0023
0014
0018
0014
0002
0014
0002
0014
0014
0016
001A
0010
0023
0014
0016
0014
0014
0014
0014
0002
0002
0014
02D5
04F4
0026
0014
014A
0002
0014
0002
0014
0014
0002
0027
0229
0018
0014
0014
067E
0002
0014
0014
0014
0014
0014
0026
002A
0022
0027
0014
04DC
0014
0014
0014
0014
0014
0002
0019
067F
0010
0027
0014
002E
0014
0014
0014
0002
0014
0002
0023
0208
0016
0019
0014
00A9
0002
0014
0002
0014
0014
0002
01F8
00F3
034A
0034
0014
0014
03CF
0555
0038
0366
0306
0152
0523
00FB
00B1
0014
01F1
03DF
02BF
0040
0100
0042
0043
0044
0045
006B
01A9
037E
0049
004A
004B
004C
004D
004E
004F
0050
027E
01F2
0680
0262
0055
04FF
0161
0058
0002
0014
0162
005A
005B
02C5
005D
005E
005F
0096
0061
0014
0681
0236
0064
0065
00CB
0682
0068
0069
006A
0014
01F8
03A2
006E
0314
01CC
0014
0683
0684
0074
0014
0315
016F
02A8
0685
02EA
007A
0686
040B
0014
0014
0339
0687
0688
0689
0082
0083
0655
0178
00DD
0014
0364
0243
031B
0656
008B
008C
068A
0202
0035
0014
04AA
0468
0602
068B
030A
0083
028C
0096
0097
0014
03AE
0135
0136
068C
0404
0002
0003
0139
009F
0006
068D
0481
0009
01DD
068E
000C
03DB
068F
0255
0026
0145
0015
0013
0014
0392
0014
0002
0002
0014
0014
0014
0016
0017
0018
0027
0014
001A
0002
0002
0014
0002
0014
0014
0020
0024
0010
0023
001F
0016
0014
0002
0002
0002
0014
0014
001D
001A
0016
0023
0014
001B
0002
0014
0014
0014
0014
0014
0022
001B
0018
0023
0014
001E
0014
0002
0002
0014
0014
0014
0022
0024
0018
0019
0014
001E
0014
0002
0014
0014
0014
0014
0022
001A
0016
0023
0025
0016
0014
0014
0002
0002
0002
0002
0018
0015
0018
0027
0014
00EE
0002
0014
0002
0014
0014
0002
0027
0028
0016
0027
0014
0029
0002
0014
0014
0014
0014
0014
0026
002A
00EE
0026
0013
002B
0014
0002
0014
0014
0014
0002
0019
002C
002D
0027
0014
002E
0014
0014
0014
0014
0014
0002
0019
002F
0030
0019
0014
00A7
0002
0014
0002
0014
0014
0002
020F
00F3
034A
0034
0035
0014
0036
0690
0038
0691
025B
003B
003C
0308
0002
0014
003D
003E
003F
0193
00B6
0056
0043
020C
007D
0046
0047
0048
0692
0196
0105
004C
004D
004E
01A4
0014
0051
0693
0261
0443
0497
0056
00C1
0058
0002
0014
00C2
01A6
00C4
02C5
004B
0152
005F
0060
00C7
0014
00C8
019E
0311
0694
0066
0067
0312
0069
006A
006B
0473
0474
0382
006F
0070
0071
00D1
0073
01A4
0014
010D
0076
0077
0078
03E9
006B
01A8
040B
007D
0014
01A9
02EC
0695
0696
0082
0083
0084
0178
0086
0050
008F
0088
0697
0698
014B
008C
008D
04BC
0035
0014
008F
04CE
017E
0699
005D
0046
0095
01B5
0097
0014
00DE
05EF
021F
069A
038C
0002
00E3
0188
069B
0225
0007
0008
00E8
00A2
000B
0274
000D
000E
000F
0010
001D
0012
0014
0014
0015
0014
0002
0002
0014
0014
0014
00EE
0275
0012
0019
0014
002E
0002
0002
0014
0014
0002
0002
001B
001C
001D
001E
0019
0010
0002
0002
0014
0002
0002
0014
001B
001E
0020
001F
0021
0010
0002
0014
0002
0014
0014
0014
001D
001D
0022
001F
0014
0022
0014
0014
0014
0014
0002
0014
001D
001C
0022
0023
0014
0016
0014
0002
0014
0002
0002
0014
0024
00EE
0010
0026
0014
0012
0014
0014
0014
0014
0014
0002
0018
0012
0010
0026
0014
001A
0014
0014
0014
0014
0014
0002
0027
0604
0604
0014
0014
002B
0002
0014
0014
0014
0014
0014
0026
069C
069D
0014
0014
0393
0014
0014
0014
0014
0014
0014
0026
02D5
0022
0014
0014
002E
0014
0014
0014
0002
0014
0014
0023
0298
0022
0014
0014
00A9
0014
0014
0014
0014
0014
0014
018F
0032
02D7
00F5
0014
0014
0166
022C
069E
0279
0132
0152
069F
0034
0035
0014
01F1
06A0
027B
06A1
01F1
0042
058D
0044
0045
0257
0102
0055
06A2
029F
0240
0106
0197
015E
004F
0050
027E
0231
027F
010C
0055
030E
0057
0060
004F
0014
0059
0163
010F
01F4
005D
005E
01CE
0096
0061
0014
0112
0167
0114
0168
042B
00CC
0068
0116
016B
0014
016C
03A2
04E5
0119
06A3
00B7
0072
0282
0074
0014
0105
04C5
06A4
06A5
0079
007A
0171
06A6
0014
0014
0173
0319
0080
06A7
0677
00AF
06A8
06A9
0014
0014
0087
06AA
06AB
06AC
02AE
03A9
028A
008E
0014
0014
017C
047E
06AD
028B
0132
0094
028C
0096
0014
0014
0134
0099
0136
009B
0001
0002
0003
02FC
05DF
06AE
0633
0008
046B
000A
0252
06AF
02B9
00EB
000F
0010
001D
0012
0014
0014
001E
0014
0002
0002
0014
0014
0014
0016
001B
0012
0027
0014
001A
0002
0002
0014
0002
0014
0002
001B
001C
0016
001E
0019
0022
0002
0002
0014
0002
0002
0014
0024
001E
0020
001F
0021
001B
0014
0014
0002
0014
0014
0014
001D
001D
0022
001F
0014
0022
0014
0002
0014
0014
0002
0014
0022
001C
0012
0023
0014
0016
0014
0002
0014
0002
0014
0014
0016
00EE
0010
0021
0014
0012
0014
0014
0002
0002
0014
0014
0012
001E
0018
0026
0014
0023
0014
0014
0014
0014
0014
0002
0027
00EF
01E2
0014
0014
00F1
0014
0014
0014
0014
0014
0014
0026
069C
0417
0013
0014
0392
0014
0014
0014
0014
0014
0014
0019
06B0
002D
0013
0014
002E
0014
0014
0014
0002
0014
0014
0023
037C
0030
0014
0014
002B
0014
0014
0014
0014
0014
0014
018F
0032
02D7
00F5
0014
0014
012E
0277
02D9
03B9
0151
003B
063D
0034
0002
0014
06B1
02BE
01EF
06B2
06B3
0367
058D
0101
0045
0046
0102
0055
06B4
06B5
00BC
0210
0197
0108
0074
0050
027E
036B
03C5
03C6
02C3
010E
0057
0060
004F
0014
06B6
0465
019D
01F4
00C6
0310
01CE
0060
0061
0014
01F5
0167
06B7
06B8
01F6
0194
0068
0116
016B
0014
016C
03D0
02E7
0371
06B9
0071
05FD
0351
0074
0014
0122
04C5
06BA
06BB
00D4
007A
048A
0477
0014
0014
0173
0319
04C7
06BC
00D7
00AF
0125
06BD
00DD
0014
0087
06BE
06BF
06C0
008B
00AF
02AF
008E
0035
0014
02B1
017D
06C1
028B
0093
0094
0133
0096
0014
0014
0134
021E
06C2
009B
031E
0002
03D7
067A
009F
0006
0007
0481
0009
06C3
000B
000C
0407
0254
0255
0026
0145
0015
0013
0014
0303
0014
0002
0014
0014
0014
0014
00EE
0146
0018
0019
0014
002E
0002
0014
0014
0014
0002
0014
0020
001D
001D
001E
001F
0016
0014
0002
0002
0002
0002
0014
001B
001A
0016
0023
0014
0010
0002
0014
0014
0014
0014
0014
0022
001B
0018
0023
0014
0012
0014
0002
0002
0014
0014
0014
001D
001D
0022
0027
0014
001E
0014
0002
0014
0014
0002
0014
0024
001A
0016
0023
0025
0016
0014
0014
0002
0014
0002
0002
0018
0012
0010
0027
0014
001A
0002
0014
0002
0014
0014
0002
0014
01BD
0016
0027
0014
01BE
0002
0014
0014
0014
0014
0014
0026
06C4
0012
0026
0013
04DC
0014
0002
0014
0014
0014
0002
0019
06C5
0010
0027
0014
014A
0014
0014
0014
0014
0014
0002
0026
06C6
0022
0019
0014
014A
0002
0014
0002
0014
0014
0002
0031
00F3
0394
0034
0035
0014
0036
0037
0038
0396
00F9
0152
0523
00FB
00B1
0014
003D
0460
01C2
0040
0041
0042
0043
0044
015A
00AF
0047
06C7
0049
004A
0511
004C
004D
004E
004F
0014
0051
06C8
06C9
0054
010D
0056
0161
0058
00B1
0014
019C
005A
005B
02C5
0110
005E
005F
00DC
00DD
0014
00C8
0380
0064
0065
0066
0067
0312
0069
006A
006B
0473
03A2
006E
0314
0070
00D0
0072
0073
01A4
0014
010D
05A7
0077
011F
0120
0014
0171
023A
007D
0014
01A9
02EC
06CA
06CB
00BC
0083
00D8
06CC
0086
0050
008F
0088
06CD
06CE
0400
008C
00DA
02B0
0035
0014
008F
0468
05DB
06CF
0132
0046
00DB
00DC
0097
0014
00DE
0135
009A
06D0
0404
0002
0003
0139
0405
0006
06D1
0481
0009
06D2
00A3
018B
06D3
0254
0255
0026
0145
001A
0013
0014
00A7
0014
0002
0014
0014
0014
0014
0016
0017
0018
0027
0014
001A
0002
0002
0014
0002
0014
0014
0020
001C
0016
0023
001F
0016
0014
0002
0014
0002
0014
0014
0024
001A
0016
0023
0021
001B
0002
0014
0014
0014
0014
0014
0022
001B
0012
0023
0014
001E
0014
0002
0002
0014
0014
0014
0022
0024
0018
0019
0014
001E
0014
0002
0014
0014
0014
0014
0022
001A
0016
0023
0025
0016
0014
0014
0002
0002
0002
0002
0018
0012
0018
0027
0014
001A
0002
0014
0002
0014
0014
0002
0027
0028
0016
0027
0014
0029
0002
0014
0014
0014
0014
0014
0026
002A
001E
0027
0014
002B
0014
0002
0014
0014
0014
0002
0019
002C
00EE
0027
0014
002E
0014
0014
0014
0014
0014
0002
0019
002F
001E
0019
0014
00A7
0002
0014
0002
0014
0014
0002
020F
00F3
034A
0444
0035
0014
0036
0209
0667
06D4
025B
003B
003C
0308
0002
0014
003D
003E
003F
0193
01EB
0056
0043
0101
007D
00AF
0047
0048
0692
0196
0105
004C
0669
004E
01A4
0050
0051
00BE
03E3
056A
0425
0056
00D1
019B
0002
0014
00C2
01A6
0214
0471
004B
0310
005F
0060
00DD
0014
00C8
0063
0311
01A0
0066
0067
0068
0069
006A
006B
0473
006D
0382
0475
0070
0071
0072
0073
01A4
0014
010D
0076
0077
0078
0079
007A
007B
040B
007D
0014
01A9
007F
02AA
0696
0082
0083
0084
0178
0086
0014
008F
0088
0697
06D5
014B
008C
008D
04BC
0035
0014
008F
0090
017E
06D6
016C
0046
0095
005E
0097
0014
00DE
00DF
0270
009B
038C
0002
00E3
0188
0005
0663
00E6
0008
06D7
02B7
000B
038F
000D
00EB
000F
0010
001D
0012
0014
0014
0015
0014
0014
0002
0014
0014
0014
00EE
0275
0012
0019
0014
00A7
0002
0002
0014
0014
0002
0002
001B
001B
001D
001E
0019
0010
0002
0002
0002
0002
0002
0014
001B
001E
0020
001F
0014
0010
0002
0014
0002
0014
0014
0014
001D
001D
0022
001F
0014
0022
0014
0002
0014
0014
0002
0014
001D
001C
0022
0023
0014
0016
0014
0002
0014
0002
0002
0014
0024
001F
0010
0026
0014
0012
0014
0014
0014
0014
0002
0002
0018
001E
0010
0026
0014
00EE
0014
0014
0014
0014
0014
0002
0014
0495
0147
0014
0014
06D8
0014
0014
0014
0014
0014
0014
0026
02D5
0147
0026
0013
0393
0014
0014
0014
0014
0014
0014
0026
02D5
06D9
0014
0014
002E
0014
0014
0014
0002
0014
0014
0023
0298
0030
0014
0014
00A9
0014
0014
0014
0014
0014
0014
018F
0032
02D7
0034
0014
0014
04F5
022C
0278
06DA
0132
0152
069F
0034
0097
0014
01F1
06DB
027B
06A1
0041
0042
058D
0044
0045
0046
0102
03C0
015B
06DC
0240
0106
004D
04A4
004F
0014
027E
0231
027F
010C
0055
04FF
0057
0058
004F
0014
0059
0163
005B
0429
005D
005E
01CE
0096
0061
0014
0112
0113
0114
0168
042D
026C
06DD
0116
016B
0014
016C
0333
0642
0314
06B9
00B7
03E7
023A
0074
0014
0105
04C5
06DE
06DF
0626
0014
06E0
06A6
0014
0014
0173
06E1
06E2
06A7
00D7
0257
06E3
06A9
00DD
0050
0087
033A
06E4
04CC
027E
03A9
028A
06E5
0014
0014
017C
06E6
06C1
06E7
0093
0094
028C
0096
0014
0014
0134
024B
0136
06E8
0001
0002
0003
035D
0405
00E5
0292
0008
06E9
02B7
00A3
0345
02B9
000E
02BA
0010
001D
0012
0014
0014
001F
0014
0002
0002
0014
0014
0014
0026
06EA
0018
0014
0014
01BC
0002
0002
0014
0002
0014
0002
001B
001C
001D
00EE
0019
0022
0014
0002
0002
0002
0002
0014
0024
001E
0016
001F
0014
001B
0014
0014
0014
0014
0014
0014
001D
001D
0022
001F
0014
0022
0014
0002
0002
0014
0002
0014
001D
001C
0022
0023
0014
0018
0014
0002
0014
0014
0014
0014
0016
00EE
0010
0021
0014
0016
0014
0014
0014
0002
0014
0002
0018
001A
0018
0026
0014
0023
0014
0014
0014
0014
0014
0002
0013
0495
01E2
0027
0014
06D8
0014
0014
0014
0014
0014
0014
0013
01E4
0022
0025
0014
06EB
0014
0014
0014
0014
0014
0014
0014
01E5
0010
0014
0014
06EC
0014
0014
0014
0002
0014
0014
0026
04BA
0016
0014
0014
0392
0014
0014
0014
0014
0014
0002
00AB
0032
0573
00F5
0014
0014
01A9
00AD
069E
06DA
0151
007A
06ED
0034
0014
0014
003D
00B3
03FA
05F4
03BD
0367
020B
0421
02C1
0257
0047
03C0
06EE
06B5
00AB
0106
0197
0512
004F
0014
0117
00BE
027F
05E7
06EF
010E
05F8
00FB
004F
0014
06B6
0465
06F0
06F1
0511
008C
005F
0096
0061
0014
00C8
0063
042C
0640
042D
00CC
0068
0282
016B
0014
006C
03D0
02A6
0371
01FC
00D0
03E7
0351
0074
0014
0122
04C5
06DE
06BB
00D4
01A7
06F2
0627
007D
0014
0339
007F
06F3
02EE
00D7
01A7
02CB
0085
00DD
0014
0339
00D9
0437
008A
0240
0014
00DA
008E
0014
0014
014D
017D
0091
0092
006C
0094
00DB
0096
0014
0014
012E
06F4
0183
009B
01DA
0002
0222
0004
0005
0006
00E6
0481
0009
01DD
000B
0141
0407
00EB
0297
0019
0145
0015
0013
0014
00A8
0014
0002
0014
0014
0014
0014
0016
0017
0015
0019
0014
001A
0002
0002
0014
0014
0002
0014
0020
0024
0016
001E
001F
0016
0002
0002
0014
0002
0002
0014
001B
001A
0020
0023
0021
0010
0002
0014
0002
0014
0014
0014
0022
001B
0018
0019
0014
0012
0014
0002
0014
0014
0002
0014
0022
0024
0018
0027
0014
0016
0014
0002
0014
0002
0002
0014
0024
001A
0016
0023
0025
0016
0014
0014
0002
0014
0002
0002
0012
0012
0010
0027
0014
001A
0002
0014
0002
0014
0014
0002
0027
0028
0016
0014
0014
0029
0002
0014
0014
0014
0014
0014
0026
002A
0022
0026
0013
002B
0014
0002
0014
0014
0014
0002
0019
002C
002D
0027
0014
0521
0014
0014
0014
0014
0014
0002
0023
00A6
0030
0019
0014
04DC
0002
0014
0002
0014
0014
0002
0031
00F3
0394
0034
0035
0014
01E7
0037
0038
0396
00F9
003B
003C
00FB
0002
0014
027C
03DF
003F
0040
0041
0042
0043
0044
0045
0046
0102
06C7
0049
004A
004B
004C
004D
004E
0061
0050
00BD
0231
03E3
0054
0055
0056
0057
0058
00B1
0014
019C
005A
005B
005C
005D
005E
005F
0060
0097
0014
01F5
06F5
0064
0065
0066
0067
0312
0069
006A
006B
019A
05D8
0238
01FB
01CC
0071
0072
0073
01A4
0014
01CF
05A7
0077
011F
02EA
007A
007B
040B
0014
0014
0173
06F6
03ED
06CB
0082
0083
02EF
0282
0086
0050
008F
0243
06CD
0244
0109
008C
02AF
02B0
0035
0014
008F
0468
06F7
03F0
0093
0083
0133
01B5
0097
0014
0098
0135
038B
06F8
0185
0002
00E3
06F9
009F
0006
0292
0008
0009
01DD
0360
000C
00EA
06FA
0255
0026
0145
0012
0013
0014
00A9
0014
0002
0002
0014
0014
0014
0016
0017
0012
0025
0014
001F
0002
0014
0014
0002
0014
0002
001B
001B
001D
00EE
0019
0018
0014
0002
0002
0002
0002
0014
0024
001E
0016
001F
0014
0022
0014
0014
0014
0014
0014
0014
001D
0024
0022
0023
0014
0015
0014
0014
0014
0014
0002
0014
001D
001C
0022
0023
0014
0016
0014
0002
0014
0014
0014
0014
0016
001A
0016
0021
0025
0016
0014
0014
0002
0002
0002
0002
0018
0015
0018
0027
0014
00EE
0002
0014
0014
0014
0014
0014
0013
0256
00F0
0014
0014
0029
0002
0014
0014
0014
0014
0014
0013
01E5
0022
0026
0013
0392
0014
0002
0014
0014
0014
0014
0014
0298
0010
0014
0014
06EB
0014
0014
0014
0002
0014
0014
0014
065B
0022
0019
0014
06FB
0014
0014
0014
0014
0014
0002
0031
00F3
0258
0034
0035
0014
01A9
0037
034B
034C
025B
003B
00FA
00FB
0035
0014
00FC
0460
003F
0040
0041
0042
00D1
0194
02C1
0257
00F6
0048
0103
032B
0511
004C
004D
0512
0074
0014
01C6
06FC
0261
0262
012B
0056
0057
0058
0097
0014
0162
005A
005B
02C5
0110
005E
0111
0096
0061
0014
0166
0113
02E5
0115
0066
00CC
0068
0069
0002
006B
016C
0333
0238
0502
0070
0071
03E7
0073
01A4
0014
0075
0076
02CA
011F
03C7
01A7
03EA
06FD
0014
0014
0105
007F
06FE
0124
00B6
01A7
0084
0242
0086
0050
0087
0088
0179
026B
01F8
0014
008D
012D
0014
0014
008F
06FF
05DB
026E
030A
0014
0095
0096
0097
0014
00DE
0135
009A
0271
035B
0002
0003
066E
013A
0225
02B5
0273
02FE
0700
0344
0274
0701
0207
000F
0010
01E0
001E
0014
0014
0015
0014
0014
0002
0014
0014
0014
0026
002C
0018
0019
0014
00A7
0002
0002
0014
0014
0002
0014
0022
001C
0016
001E
001F
0016
0002
0002
0014
0002
0002
0014
001B
001E
0020
0023
0021
001B
0002
0014
0002
0014
0014
0014
0022
001B
0012
001F
0014
0022
0014
0002
0002
0014
0002
0014
0021
001C
0018
0019
0014
001E
0014
0002
0014
0002
0002
0014
0024
00EE
0010
0023
0014
0016
0014
0014
0002
0014
0014
0002
0012
0012
0010
0026
0014
001A
0014
0014
0002
0014
0014
0002
0027
01BD
0022
0027
0014
0149
0002
0014
0014
0014
0014
0014
0026
002A
0022
0027
0014
00A9
0014
0002
0014
0014
0014
0002
0019
002C
002D
0027
0014
002E
0014
0014
0014
0014
0014
0002
0023
002F
0030
0027
0014
0702
0002
0014
0002
0014
0014
0002
018F
0032
005F
0522
0014
0014
00AC
0277
0190
0039
00F9
00AF
0307
0034
0002
0014
029D
00B3
0703
0576
03BD
00B7
0043
0044
0045
0046
0047
02C2
00BA
034F
0240
0106
0197
004E
004F
0050
0051
0052
027F
010C
03C7
030E
00D1
019B
004F
0014
019C
0280
0214
0524
0031
0310
005F
0060
00C7
0014
0062
0063
0311
00CA
01F6
0067
02C8
0282
006A
0014
00CD
006D
01A2
0704
0705
0283
0072
01FD
0074
0014
0315
0402
011E
00D3
0079
007A
0171
007C
007D
0014
007E
0200
0080
0081
00D7
0083
0241
0085
00DD
0014
0357
0288
0089
0289
008B
008C
0245
008E
0035
0014
02B1
0090
01B2
028B
0093
0094
0706
005E
00DD
0014
052A
021E
0707
057C
0708
0002
031F
0658
0005
0006
048F
00E7
0009
000A
0709
000C
070A
070B
000F
0010
01E0
0012
0013
0014
001F
0014
0002
0014
0014
0014
0014
0016
001B
001E
0027
0014
001A
0014
0002
0014
0002
0014
0014
0024
001C
0010
0027
001F
0012
0002
0002
0014
0002
0014
0014
0024
001E
0020
0023
0021
001B
0014
0014
0002
0014
0014
0014
001D
001B
0022
001F
0014
0022
0014
0002
0014
0014
0002
0014
0022
001C
001E
0019
0014
001A
0014
0002
0014
0002
0002
0014
0024
001A
0010
0027
0014
0021
0014
0014
0014
0002
0002
0002
0018
001E
0010
0026
0014
0023
0014
0014
0014
0014
0014
0014
0013
00EF
01E1
0014
0014
0670
0014
0014
0014
0014
0014
0014
0026
002C
0022
0026
0013
00A7
0014
0002
0014
0014
0014
0014
0019
002C
0010
0014
0014
002E
0014
0014
0014
0014
0014
0014
0019
002F
0022
0014
0014
00A7
0002
0014
0002
0014
0014
0002
0162
0032
070C
0034
0035
0014
01EB
070D
070E
070F
0151
003B
02DB
0034
0097
0014
003D
01EE
00FE
0710
00B6
0544
020B
0308
00B1
00AF
0047
03C0
0711
0712
019A
0598
004D
0713
01A4
0050
0553
0714
0715
03C6
0448
0056
015A
0058
004F
0014
03C9
0549
0716
03CB
00C6
0152
005F
00FB
00C7
0014
0062
0063
0717
0718
03FF
0067
0068
01F7
00DD
0014
00CD
0264
065F
01FB
045C
0071
021A
0073
0074
0014
02AE
0384
02CA
0337
00D4
01A7
048A
0627
0014
0014
0173
01AA
0719
0338
071A
0083
02EF
0085
0086
0050
0087
071B
071C
0289
0031
0046
02AF
008E
0014
0014
02F4
04B2
071D
028B
0117
0094
0133
00DC
0014
0014
0098
035A
071E
00E1
0001
0002
0003
0004
071F
0225
00A0
04D5
0226
0720
000B
043C
00EA
000E
00EC
0019
00ED
001A
0014
0014
0303
0014
0002
0002
0014
0014
0014
00EE
0146
0018
0019
0014
01BC
0002
0002
0014
0014
0002
0002
001B
0024
001D
001E
0019
0016
0014
0002
0002
0002
0002
0014
001B
001E
0016
001F
0014
0010
0002
0014
0014
0014
0014
0014
0015
0024
0012
0023
0014
0012
0014
0002
0002
0014
0002
0014
001D
001C
0022
0023
0014
0016
0014
0002
0014
0014
0014
0014
0022
00EE
0016
0023
0025
0016
0014
0014
0002
0014
0002
0002
0012
0012
0018
0027
0014
001A
0002
0014
0002
0014
0014
0002
0027
002F
0016
0027
0014
00A8
0002
0014
0014
0014
0014
0014
0026
002A
0022
0027
0014
00A9
0014
0002
0014
0014
0014
0002
0019
01E4
002D
0027
0014
002E
0014
0014
0014
0002
0014
0002
0023
002C
0030
0019
0014
00A9
0014
0014
0014
0014
0014
0002
0031
00F3
0721
00F5
0014
0014
02E4
0037
0722
025A
00F9
0152
0523
00FB
0002
0014
00C3
003E
02BF
0040
00FC
0042
0043
0044
0045
0046
00F6
0048
0049
004A
0105
004C
0107
004E
004F
0014
0051
0052
06C9
0054
010D
05D2
0057
019B
00B1
0014
0059
005A
0607
0471
0110
005E
005F
0060
0061
0014
025D
0113
0064
0065
0066
00CC
0068
0069
006A
006B
016C
006D
02A6
0475
01CC
0283
0072
011B
016B
0014
0122
016F
05ED
0078
02EA
007A
0171
04EF
007D
0014
0339
0354
0723
0201
0082
01AC
00D8
0126
00DD
0014
0357
0088
04E9
026B
010D
008C
0528
012D
0035
0014
0127
04CE
05DB
026E
0093
0083
0529
0096
0097
0014
03AE
02F9
009A
0271
0001
0002
009D
035D
0724
0006
050A
0008
0490
0343
0491
0492
0346
0493
0297
0026
002C
0361
0014
0014
00A7
0014
0014
0002
0014
0014
0014
0026
0415
0012
0014
0014
01BC
0002
0002
0014
0002
0002
0002
001B
001C
001D
001E
001F
0010
0002
0002
0002
0002
0002
0014
0024
001E
001F
001F
0021
001B
0002
0014
0002
0014
0014
0014
001D
001B
0022
0023
0014
001A
0014
0002
0014
0014
0002
0014
001D
001C
0022
0023
0014
0018
0014
0002
0014
0002
0002
0014
0024
001A
0010
0023
0014
0016
0014
0014
0014
0002
0002
0002
0018
0015
0010
0026
0014
00EE
0002
0014
0002
0014
0014
0002
0014
0495
0147
0014
0014
0392
0014
0014
0014
0014
0014
0014
0027
0299
02D6
0013
0014
002E
0014
0014
0014
0014
0014
0014
0026
03DD
002D
0013
0014
0393
0014
0014
0014
0002
0014
0014
0026
037C
0030
0014
0014
00A7
0002
0014
0002
0014
0014
0014
0162
0257
0499
04F7
0014
0014
0166
0209
049B
050F
049D
00AF
049E
0154
0014
0014
027C
049F
03FA
0420
00C2
034D
0043
04A1
015A
0046
0102
0055
04A2
0196
00CD
015E
004D
04A4
004F
0050
027E
0456
01F3
0160
030D
0056
04A5
0058
0002
0014
0162
01A6
04A7
005C
00C6
008C
005F
0096
0061
0014
01F5
0167
04A9
0694
03FF
00CC
0068
01F7
006A
0014
016C
006D
04AB
006F
0239
00D0
0072
0073
0074
0014
0075
0076
0077
0078
0079
0014
0725
0726
0014
0014
0173
0354
0355
0356
00D7
04AD
0727
04AE
0086
0014
0339
04AF
05B6
04B1
0031
03A9
028A
012D
0035
0014
02F4
04B2
0728
04B4
00F6
00AF
04B5
0096
0014
0014
0098
035A
04B6
0184
043A
0002
031F
0004
0005
00E5
00A0
0481
0226
000A
000B
000C
000D
000E
0482
0010
0011
0023
0013
0014
0015
0014
0002
0002
0014
0014
0014
0016
0017
0018
0019
0014
001A
0002
0014
0014
0014
0014
0014
0024
001D
0016
001E
0014
0016
0014
0002
0014
0002
0002
0014
001B
001E
0020
00EE
0014
0010
0002
0014
0014
0014
0014
0014
0022
0024
0012
001F
0014
0022
0014
0002
0002
0014
0014
0014
0022
001D
0015
0027
0014
0016
0014
0002
0014
0014
0014
0014
0016
00EE
0016
0021
0025
0019
0014
0014
0002
0014
0002
0002
0012
0012
0018
0027
0014
001A
0014
0014
0014
0014
0014
0014
0027
0028
0016
0027
0014
0029
0002
0014
0014
0014
0014
0014
0026
002A
0022
0026
0013
002B
0014
0002
0014
0014
0014
0002
0019
002C
0010
0027
0014
002E
0014
0014
0014
0014
0014
0002
0023
00A6
0022
0019
0014
00A9
0014
0014
0014
0014
0014
0002
0031
0032
0033
01A7
0035
0014
0036
04DE
0190
0039
003A
003B
003C
0034
0002
0014
003D
0192
003F
0040
0041
0042
020B
0044
0045
0014
0047
0048
032A
0729
0105
004C
0197
004E
0002
0014
0051
0199
0053
0054
012B
039C
0057
0154
004F
0014
019C
0330
0483
072A
0110
005E
005F
0060
0097
0014
00C8
019E
0064
02A4
0066
0067
0068
0069
016B
006B
0484
072B
02A6
072C
0070
0071
0487
011B
007D
0014
0315
072D
0489
0267
03E9
007A
048A
007C
007D
0014
0339
03A5
0080
01D3
0082
0083
0084
0085
00DD
0050
0127
0088
0089
008A
012B
008C
008D
008E
0035
0014
0364
01B1
0091
0092
0132
0094
0095
005E
0097
0014
012E
03AF
009A
0271
072E
0002
00E3
0004
071F
013B
00A0
013D
03F3
02B7
000B
0141
000D
000E
018D
0010
001D
0015
0014
0014
0015
0014
0014
0002
0014
0014
0014
00EE
046E
0018
0019
0014
01BC
0002
0002
0014
0002
0014
0014
0024
001B
0010
001E
0014
0016
0014
0002
0002
0002
0002
0014
001B
001E
0020
0023
0021
001B
0002
0014
0014
0014
0014
0014
001D
0020
0012
001F
0014
0022
0014
0002
0002
0014
0014
0014
0022
001C
0012
0019
0014
0016
0014
0002
0014
0014
0014
0014
0016
001A
0010
0019
0014
0016
0014
0014
0014
0002
0014
0002
0018
001E
0018
0026
0014
00EE
0014
0014
0014
0014
0014
0014
0027
002F
0018
0027
0014
06D8
0014
0014
0014
0014
0014
0014
0026
002A
0022
0027
0014
00A9
0014
0014
0014
0014
0014
0002
0019
00AA
0022
0027
0014
002E
0014
0014
0014
0014
0014
0002
0023
04BA
0022
0027
0014
002B
0014
0014
0014
0014
0014
0002
018F
0032
02D7
00F5
0014
0014
01E7
072F
02D9
058F
003A
0152
03F8
0034
0002
0014
00B2
0730
0731
0329
01F1
0042
020B
0044
0045
0014
0036
03C0
0368
0369
020F
02DF
0197
0210
01A4
0050
0051
0732
032E
0733
0109
010E
0057
0060
004F
0014
0059
0031
010F
03FD
0098
005E
005F
0096
0097
0014
01F5
019E
0281
0168
042B
00CC
0068
0116
016B
0014
0400
0734
0238
0735
0401
00B7
0072
011B
0074
0014
0284
0736
011E
0737
023D
006B
0171
007C
007D
0014
0122
03A5
02ED
0738
00D7
0083
0241
0085
00DD
0014
0087
0288
0089
0289
008B
008C
05EE
008E
0035
0014
014D
033D
01B2
0739
0132
0094
05C7
0096
00DD
0014
0134
033F
05A4
073A
0001
0002
073B
035D
0005
0006
073C
03D9
0009
01DD
073D
018B
03DB
053C
0228
0026
0145
0012
0013
0014
00A7
0014
0002
0002
0014
0014
0014
0016
0017
0015
0014
0014
001A
0002
0002
0014
0014
0002
0002
001B
001C
001D
001E
001F
0010
0002
0002
0014
0002
0002
0014
0024
001A
0016
001F
0014
0010
0002
0014
0002
0014
0014
0014
0018
001B
0022
0023
0014
0015
0014
0002
0014
0014
0002
0014
001D
001C
0022
0023
0014
0018
0014
0002
0014
0002
0002
0014
0024
001F
0016
0023
0025
0016
0014
0014
0002
0014
0002
0002
0018
0012
0010
0027
0014
001A
0002
0014
0002
0014
0014
0002
0027
0256
00F0
0014
0014
0029
0002
0014
0014
0014
0014
0014
0026
018E
0022
0026
0013
00A7
0014
0002
0014
0014
0014
0014
0019
002C
002D
0014
0014
002E
0014
0014
0014
0002
0014
0014
0019
00A6
0030
0019
0014
002E
0002
0014
0002
0014
0014
0014
0059
00F3
04DD
0034
0035
0014
01BF
073E
0038
0691
0306
003B
003C
0308
0014
0014
01C1
003E
003F
0193
00B6
0056
0043
0101
015A
0046
01C3
06C7
034E
034F
004B
004C
004D
004E
004F
0014
027E
0693
03E3
073F
0448
0056
00D1
0058
0097
0014
00C2
0740
00C4
02C5
00C6
0310
005F
0060
0061
0014
00C8
0167
0311
0694
0066
0067
0068
0069
006A
006B
006C
0474
02A6
006F
03E6
0071
00D1
0073
01A4
0014
0075
0076
00D2
0078
00D4
007A
048A
0353
0014
0014
007E
03EC
02AA
06CB
0082
00AF
0084
0282
0086
0050
008F
0088
0585
06CE
018F
00AF
008D
012D
0014
0014
008F
017D
0741
0742
005D
03A9
0095
01B5
0097
0014
00DE
035A
021F
0220
0001
0002
009D
035D
0405
0006
048F
0008
0323
000A
0206
000C
018C
0493
000F
0010
0016
0012
0013
0014
001F
0014
0014
0014
0014
0014
0014
0016
001B
001E
0014
0014
001A
0002
0002
0014
0002
0002
0002
001B
001C
001D
001E
001F
0022
0002
0002
0014
0002
0002
0014
0024
001E
0020
001F
0021
0010
0014
0014
0002
0014
0014
0014
001D
001B
0022
001F
0014
0022
0014
0002
0014
0014
0002
0014
001D
001C
0022
0023
0014
0018
0014
0002
0014
0002
0002
0014
0024
001A
0010
0023
0014
0016
0014
0014
0014
0002
0002
0002
0018
001E
0010
0026
0014
0023
0014
0014
0002
0014
0014
0002
0014
00EF
01E1
0014
0014
0670
0014
0014
0014
0014
0014
0014
0026
03DD
0743
0025
0014
00A7
0014
0014
0014
0014
0014
0014
0019
03DD
0010
0014
0014
0393
0014
0014
0014
0002
0014
0014
0019
037C
0016
0014
0014
00A7
0002
0014
0002
0014
0014
0014
0497
0032
0744
0034
0035
0014
00F6
00AD
0745
0746
0151
003B
0605
0034
0014
0014
003D
00B3
00FE
0747
0503
0367
0043
020C
015A
00AF
0036
03C0
0748
04A3
00CD
015E
004D
04A4
004F
0050
027E
0211
0715
03C6
0448
0056
0457
0058
004F
0014
03C9
0549
0749
05EA
00C6
0152
005F
00FB
0061
0014
01F5
0063
074A
0694
04AA
00CC
0068
01F7
006A
0014
042E
03D0
04AB
006F
045C
0071
00D1
0073
0074
0014
01CF
0076
02CA
00D3
00D4
0014
074B
0627
0014
0014
0173
0354
01AB
0081
00D7
04AD
074C
02F0
0086
0014
0087
074D
071C
0661
0031
00AF
02AF
008E
0014
0014
02F1
04B2
071D
028B
01F8
0094
0133
01B5
0014
0014
0098
035A
074E
0220
043A
0002
031F
0004
0005
0225
00A0
0273
0226
074F
000B
0296
0750
000E
00EC
0026
00ED
001A
0014
0014
0303
0014
0002
0002
0014
0014
0014
00EE
0146
0018
0019
0014
00A7
0002
0014
0014
0014
0014
0014
0024
0024
0016
001E
0026
0016
0014
0002
0002
0002
0002
0014
001B
001E
0016
00EE
0014
001B
0002
0014
0014
0014
0014
0014
001E
0024
0012
0021
0014
0012
0014
0002
0002
0014
0014
0014
0022
0024
0018
0019
0014
0016
0014
0002
0014
0014
0014
0014
0016
00EE
0016
0021
0025
0018
0014
0014
0002
0014
0002
0002
0012
0012
0018
0027
0014
001A
0002
0014
0014
0014
0014
0014
0027
01BD
0016
0027
0014
01BE
0002
0014
0014
0014
0014
0014
0026
002A
0022
0026
0013
00A9
0014
0002
0014
0014
0014
0002
0019
002C
002D
0027
0014
002E
0014
0014
0014
0014
0014
0002
0023
00A6
0030
0019
0014
00A9
0014
0014
0014
0014
0014
0002
0031
00F3
0751
003B
0014
0014
03FF
0037
0752
0396
00F9
0152
0523
00FB
0002
0014
00C3
0192
02BF
0040
0041
0042
03B7
0044
0045
0046
01C3
0048
032A
0729
0105
004C
0107
004E
007D
0014
0051
0199
06C9
0054
010D
0234
0057
03BE
00B1
0014
0059
005A
0483
0753
0110
005E
01C9
0060
0097
0014
00C8
0113
0064
02A4
0066
0067
0068
0069
016B
006B
006C
0118
02A6
02A7
01CC
0283
0072
011B
016B
0014
0122
0653
02A8
0316
02EA
007A
0171
0754
007D
0014
01A9
03A5
03A6
0176
0082
0083
00D8
01F7
00DD
0050
0357
0088
040C
0376
012B
008C
02CE
012D
0035
0014
0127
01B1
05DB
026E
0093
0083
0359
0096
0097
0014
03AE
03AF
009A
0271
0185
0002
00E3
0139
0755
0006
0379
0756
0323
02B7
02B8
0141
066F
05BB
02BA
0010
001D
0012
0014
0014
001F
0014
0014
0014
0014
0014
0014
0026
0415
001E
0027
0014
01BC
0014
0002
0014
0002
0014
0014
0010
001B
0022
001E
0014
0018
0014
0002
0014
0002
0002
0014
0024
001E
0020
0023
0021
001B
0014
0014
0002
0014
0014
0014
001D
0022
0022
001F
0014
0022
0014
0002
0014
0014
0002
0014
0021
0757
0015
0023
0014
0758
0014
0002
0014
0002
0014
0014
0024
001A
0010
0019
0014
0016
0014
0014
0014
0002
0002
0002
0018
001E
0010
0026
0014
0023
0014
0014
0014
0014
0014
0014
0027
002F
0012
0014
0014
06D8
0014
0014
0014
0014
0014
0014
0026
002A
0012
0013
0014
00A9
0014
0014
0014
0014
0014
0014
0019
00AA
0018
0013
0014
002E
0014
0014
0014
0014
0014
0014
0023
037C
0015
0014
0014
002B
0002
0014
0002
0014
0014
0002
018F
0032
0759
0034
0014
0014
0419
075A
075B
075C
003A
00AF
075D
0034
0002
0014
00B2
0730
075E
075F
0503
055D
020B
01CD
0045
0014
0036
03C0
0760
0761
0240
015E
004D
012D
01A4
0050
0553
0231
032E
0233
03C7
0056
0762
0058
004F
0014
019C
0280
0763
03CB
00C6
05AB
0624
00FB
0061
0014
01F5
019E
0764
0765
042B
00CC
0068
01F7
00B1
0014
0766
0734
0767
0518
045C
00D0
0072
0073
0074
0014
02AE
0384
02CA
0337
023D
006B
0171
007C
0014
0014
0173
045D
02ED
0338
00D7
01AC
0768
0085
0086
0014
0087
033A
0089
033B
008B
008C
05EE
008E
0035
0014
02F4
0769
01B2
033E
0249
0094
05C7
076A
0014
0014
0098
076B
0340
076C
0404
0002
0003
01B9
0005
00E5
0007
076D
02FE
076E
0360
018B
076F
000E
0297
0026
00ED
001A
0013
0014
0303
0014
0002
0002
0014
0014
0014
0016
0017
0018
0019
0014
001A
0002
0002
0014
0014
0002
0002
001B
001C
001D
001E
001F
0016
0002
0002
0002
0002
0002
0014
001B
001E
0016
001F
0014
0010
0002
0014
0014
0014
0014
0014
0015
001B
0012
0023
0014
0012
0014
0002
0002
0014
0002
0014
001D
001C
0022
0027
0014
0016
0014
0002
0014
0014
0002
0014
0016
00EE
0016
0023
0025
0016
0014
0014
0002
0014
0002
0002
0012
0012
0010
0027
0014
001A
0002
0014
0002
0014
0014
0002
0027
0256
00F0
0027
0014
0029
0002
0014
0014
0014
0014
0014
0026
018E
0022
0026
0013
00A7
0014
0002
0014
0014
0014
0002
0026
018E
002D
0027
0014
002E
0014
0014
0014
0002
0014
0002
0019
00A6
0030
0019
0014
002E
0014
0014
0014
0014
0014
0002
0031
00F3
043E
02D8
0035
0014
0036
0037
0770
0771
0306
003B
003C
00FB
00B1
0014
01C1
003E
003F
0040
0041
0042
0043
0044
015A
0046
01C3
0048
0049
004A
0105
004C
0107
004E
004F
0014
0051
036B
03E3
0772
010D
039C
0057
019B
00B1
0014
0162
005A
0607
0471
02A3
005E
005F
0060
0097
0014
00C8
0167
0064
0065
0066
0067
0068
0069
006A
006B
006C
0474
02A6
0475
01CC
0071
00D1
011B
016B
0014
0122
016F
02A8
0078
00D4
007A
048A
01FF
007D
0014
01A9
007F
02AA
0201
0082
0083
0084
0282
00DD
0050
0357
0088
0585
0376
018F
0046
008D
012D
0035
0014
0127
0090
05DB
026E
0093
0257
0095
0096
0097
0014
012E
0099
009A
0184
045E
0002
04D3
0188
0321
0006
0007
00A1
0009
000A
0344
0773
018C
000E
000F
0010
001B
0012
0013
0014
001E
0014
0014
0002
0014
0014
0014
0016
001B
0018
0027
0014
001A
0002
0014
0014
0014
0014
0002
001B
0024
0016
001E
0019
0010
0002
0002
0014
0002
0002
0014
0024
001E
0016
001F
0014
0010
0002
0014
0014
0014
0014
0014
0022
0024
0022
001F
0014
0022
0014
0002
0002
0014
0002
0014
001D
001C
0018
0027
0014
0016
0014
0002
0014
0014
0002
0014
0024
001A
0010
0023
0014
0016
0014
0014
0002
0014
0002
0002
0018
001E
0010
0026
0014
0023
0014
0014
0014
0014
0014
0014
0027
0028
0022
0027
0014
00F1
0014
0014
0014
0014
0014
0014
0026
002A
0018
0026
0013
002B
0014
0014
0014
0014
0014
0002
0019
00AA
0010
0014
0014
002E
0014
0014
0014
0002
0014
0002
0023
065B
0022
0014
0014
00A9
0002
0014
0002
0014
0014
0002
05E6
0032
02D7
00F5
0035
0014
00AC
04DE
02D9
0774
0775
003B
003C
0034
0097
0014
00B2
0192
0328
0776
00B6
00B7
020B
0194
0045
0257
0036
0048
063F
0672
0777
03C4
0197
004E
0074
0014
0051
0199
0778
0779
019A
0056
0057
0060
004F
0014
077A
0330
019D
0235
042A
0152
005F
00FB
0097
0014
01F5
019E
019F
0217
042B
00CC
0312
0116
006A
0014
0117
077B
0238
077C
0336
0071
01CE
0073
0074
0014
01CF
04E8
0077
0337
01A6
007A
01A8
007C
007D
0014
0105
045D
05A0
0338
00B6
0083
02EF
0085
0086
0050
02F1
0243
0089
0289
012B
008C
02AF
008E
0014
0014
02F1
01B1
01B2
0388
0132
0094
01B4
01B5
0014
0014
0098
01B6
05A4
077D
0001
0002
0003
02FC
00E4
00E5
013C
013D
02FE
0343
077E
000C
0142
077F
0255
0026
0145
0015
0014
0014
00A8
0014
0002
0002
0014
0014
0014
00EE
0146
0012
0019
0014
01BC
0002
0002
0014
0002
0002
0014
0024
001C
001D
001E
001F
0016
0014
0002
0002
0002
0014
0014
001B
001E
0020
0023
0021
001B
0002
0014
0002
0014
0014
0014
001D
001B
0018
0023
0014
0012
0014
0002
0014
0014
0002
0014
0022
001C
0022
0023
0014
0018
0014
0002
0014
0002
0014
0014
0016
001F
0016
0021
0025
0018
0014
0014
0002
0002
0002
0002
0018
0012
0018
0027
0014
001A
0002
0014
0002
0014
0014
0002
0027
0349
00F0
0014
0014
01BE
0002
0014
0014
0014
0014
0014
0026
002C
0022
0027
0014
002E
0014
0002
0014
0014
0014
0014
0026
002C
002D
0027
0014
002E
0014
0014
0014
0014
0014
0014
0026
002F
0030
0019
0014
00A7
0014
0014
0014
0014
0014
0002
014B
00F3
034A
0034
0014
0014
00F6
0555
0038
0366
0780
0152
022D
0154
0002
0014
02BD
0156
02BF
0040
0100
0042
0043
0044
015A
0046
01C3
00B9
0049
004A
00CD
004C
004D
015E
004F
0050
027E
00BE
0261
0262
0055
0781
0161
0058
0002
0014
0162
005A
005B
02C5
005D
005E
005F
0060
0061
0014
036E
0167
0114
0065
0066
0067
0068
0069
0002
006B
00CD
006D
02A6
006F
03E6
00D0
0072
0351
007D
0014
0122
016F
0782
0078
0079
007A
0171
0353
0014
0014
007E
007F
0175
0783
00D7
0257
02CB
0178
00DD
0014
0087
00D9
0179
017A
014B
03A9
0528
0202
0035
0014
031D
017D
017E
017F
0093
00AF
0529
0096
0097
0014
012E
0099
0183
009B
038C
0002
00E3
0004
071F
0225
00E6
0008
0226
0294
000B
0324
00EA
00EB
0784
0019
002C
0015
0014
0014
0303
0014
0002
0002
0014
0014
0014
0016
01E0
0012
0019
0014
001A
0002
0014
0014
0014
0002
0002
001B
0024
001D
001E
001F
0016
0014
0002
0014
0002
0002
0014
001B
001E
0016
001F
0014
0010
0002
0014
0014
0014
0014
0014
001E
001B
0012
0023
0014
0012
0014
0014
0014
0014
0002
0014
001D
001C
0022
0023
0014
0018
0014
0002
0014
0014
0002
0014
0024
001A
0010
0021
0014
0018
0014
0014
0014
0014
0014
0002
0018
001E
0010
0027
0014
00EE
0014
0014
0014
0014
0014
0002
0027
00EF
0147
0014
0014
00F1
0014
0014
0014
0014
0014
0014
0026
02D5
0147
0027
0014
00A7
0014
0014
0014
0014
0014
0014
0019
01E5
0022
0027
0014
002E
0014
0014
0014
0002
0014
0014
0019
00A6
0022
0019
0014
002E
0014
0014
0014
0014
0014
0014
016C
00F3
0785
00F5
0014
0014
01E7
022C
0786
0787
003A
003B
0788
00FB
0002
0014
052C
0789
078A
078B
01F1
0042
078C
0044
015A
00AF
00F6
03C0
078D
0609
0059
0682
0107
0108
004F
0014
0470
0199
078E
04BF
027E
0234
0161
0430
0097
0014
0059
0163
078F
0790
02B1
005E
05CE
0060
0061
0014
02E4
0791
0792
0793
01F6
04C2
0068
04C3
016B
0014
01F8
03A2
04C4
0335
01FC
0071
0072
0794
016B
0014
0105
04C5
0795
060B
02EA
007A
007B
0796
0014
0014
0122
007F
0797
0466
00D7
0083
02EF
0798
00DD
0014
0122
047B
0129
051E
01F8
0046
062F
0202
0035
0014
0419
03AA
0630
0799
0132
00AF
0632
0096
0097
0014
012E
03AF
060D
04D2
0138
0002
009D
0538
0005
0006
079A
079B
0009
079C
079D
018B
0635
000E
000F
0010
0011
0012
0013
0014
001E
0014
0002
0014
0014
0014
0014
0026
0348
0018
0027
0014
00A7
0014
0002
0014
0002
0014
0014
0020
001C
0010
001E
0026
0022
0002
0002
0002
0002
0014
0014
0024
001E
0020
00EE
0021
001B
0014
0014
0002
0014
0014
0014
001D
0024
0022
001F
0014
0022
0014
0002
0002
0014
0002
0014
0026
079E
001A
0019
0014
064B
0014
0002
0014
0002
0014
0014
0022
001F
0016
0023
0025
0016
0014
0014
0002
0002
0002
0002
0014
00EF
079F
0026
0014
01BC
0002
0014
0002
0014
0014
0002
0014
01BD
0016
0027
0014
01BE
0002
0014
0014
0014
0014
0014
0026
002A
0022
0026
0013
00A9
0014
0002
0014
0014
0014
0002
0019
002C
002D
0013
0014
002E
0014
0014
0014
0014
0014
0002
0023
0208
0030
0014
0014
002B
0002
0014
0002
0014
0014
0002
0031
0032
0033
0034
0035
0014
0102
0037
0038
0039
018F
00AF
07A0
0034
0097
0014
003D
003E
0638
0193
00B6
0056
0043
0194
0045
0046
0047
0048
0195
0196
004B
004C
004D
004E
0061
0050
0109
036B
0053
00BF
02C3
0056
0057
0058
004F
0014
03C9
0120
02C4
005C
0031
0083
05C2
00FB
0097
0014
0062
0063
0639
07A1
0066
0067
0068
0069
006A
006B
006C
0474
01A2
006F
01CC
0014
07A2
07A3
0074
0014
010D
0076
0077
0078
00D4
0014
0317
007C
007D
0014
007E
06F6
0080
0081
0082
01AC
0177
0085
0086
0050
008F
0088
0089
008A
008B
008C
017B
008E
0035
0014
008F
0090
0091
0092
0093
0094
063B
00DC
0014
0014
0098
021E
03D5
04EB
01DA
0002
031F
0004
0558
00E5
07A4
00A1
02FE
02B7
079D
000C
02B9
04F3
000F
0010
001D
0015
0013
0014
0015
0014
0002
0002
0014
0014
0014
0026
04F4
05BC
0019
0014
01BC
0002
0014
0014
0014
0002
0002
001B
001C
001D
001E
001F
0016
0002
0002
0014
0002
0002
0014
001B
001E
0016
001F
0014
001B
0002
0014
0014
0014
0014
0014
0015
001B
0018
001F
0014
0022
0014
0002
0002
0014
0002
0014
001D
001C
0022
0019
0014
0016
0014
0002
0014
0014
0002
0014
0024
001A
0010
0023
0014
0016
0014
0014
0014
0002
0002
0002
0018
0012
0010
0026
0014
001A
0002
0014
0014
0014
0014
0002
0027
0416
01E1
0027
0014
00A8
0002
0014
0014
0014
0014
0014
0027
01E4
0022
0027
0014
0393
0014
0014
0014
0014
0014
0014
0026
01E5
002D
0027
0014
0393
0014
0014
0014
0002
0014
0014
0026
0604
0030
0019
0014
00A7
0014
0014
0014
0014
0014
0014
018F
0032
02D7
0034
0035
0014
01BF
0037
07A5
0279
0284
0257
04F6
07A6
0002
0014
003D
01EE
04F9
07A7
01EB
00B7
020B
0044
015A
0046
0036
02C2
0622
04FB
00AB
02DF
004D
015E
004F
0014
0109
0260
02E0
07A8
00BC
04FF
0057
0058
004F
0014
0162
07A9
02C4
02C5
042A
008C
005F
0060
0097
0014
022B
0063
0500
0501
01F6
0370
0045
0116
006A
0014
019A
02A5
0238
0502
016E
00D0
03E7
03A3
0074
0014
0503
016F
0285
0504
03D2
006B
0505
0627
007D
0014
0105
007F
0080
048C
00D7
04AD
0506
0085
00DD
0014
0339
04CA
0507
04CC
0031
03A9
028A
008E
0035
0014
014D
017D
0508
028B
02A3
0094
04B5
0096
0097
0014
012E
035A
07AA
009B
0001
0002
009D
035D
0005
0006
00A0
00E7
0009
00E9
000B
0274
00EA
000E
00EC
0026
00ED
0012
0014
0014
00A7
0014
0002
0002
0014
0014
0014
0016
0017
0021
0014
0014
001A
0002
0002
0014
0002
0014
0014
0020
001B
0016
001E
0014
0022
0014
0002
0002
0002
0002
0014
0024
001F
0020
0023
0021
0010
0014
0014
0002
0014
0014
0014
001D
0024
0022
0019
0014
001E
0014
0014
0014
0014
0002
0014
0022
001C
001E
0023
0014
0018
0014
0002
0014
0002
0014
0014
0010
00EE
0016
0019
0025
0012
0014
0014
0002
0014
0002
0002
0018
001E
0018
0027
0014
0023
0014
0014
0002
0014
0014
0002
0027
0028
0016
0014
0014
01BC
0002
0014
0014
0014
0014
0014
0026
04DB
0022
0026
0013
002B
0014
0002
0014
0014
0014
0002
0019
002C
0010
0013
0014
002E
0014
0014
0014
0014
0014
0002
0023
00A6
0016
0014
0014
00A9
0002
0014
0002
0014
0014
0002
0031
00F3
0258
00F5
0014
0014
00AC
0277
04DF
025A
003A
003B
003C
0498
0014
0014
01F1
003E
003F
0040
0041
0042
0043
0101
0045
0014
027D
0048
0049
004A
004B
004C
007D
004E
007D
0050
00BD
0052
03E3
0054
0055
0056
0161
019B
00B1
0014
019C
0280
010F
0235
005D
005E
005F
0444
0061
0014
0062
0113
0064
0065
0066
0067
0068
0069
016B
006B
006C
006D
04E5
0371
0070
0071
0072
0073
016B
0014
010D
0076
0077
00D3
023D
007A
007B
04EF
0014
0014
007E
045D
0355
0201
0110
0083
0084
0126
0086
0050
008F
0088
031B
026B
010D
008C
008D
012D
0035
0014
008F
04CE
0378
017F
0180
0083
0095
03D4
0014
0014
0098
02F9
03D5
06D0
0001
0002
009D
035D
0558
0006
0007
0481
0009
01DD
000B
000C
0407
000E
0228
0019
0145
0015
0013
0014
00A9
0014
0002
0002
0014
0014
0014
0016
0017
0018
0013
0014
001A
0014
0002
0014
0014
0014
0002
001B
001C
001D
001E
0014
0016
0002
0002
0014
0002
0002
0014
0024
001F
0020
001F
0021
0010
0002
0014
0002
0014
0014
0014
0022
001D
0018
0023
0014
0015
0014
0002
0002
0014
0002
0014
0022
001D
0022
0023
0014
0016
0014
0002
0014
0002
0002
0014
0024
001A
0016
0026
0025
0021
0014
0014
0002
0014
0002
0002
0018
0012
0010
0027
0014
001A
0002
0014
0014
0014
0014
0002
0013
01E1
00F0
0027
0014
01E3
0002
0014
0014
0014
0014
0014
0026
01E4
0018
0027
0014
00A7
0014
0002
0014
0014
0014
0014
0019
01E4
0018
0027
0014
0393
0014
0014
0014
0002
0014
0014
0023
00A6
0012
0019
0014
00A9
0002
0014
0002
0014
0014
0014
0031
00F3
0362
0034
0035
0014
01EB
0277
014F
07AB
00F9
003B
063D
0367
00B1
0014
020F
02BE
00FE
00FF
00FC
0042
00D1
0194
0045
0014
02CD
03C0
0103
015C
0240
0106
004D
015E
0074
0050
07AC
0052
010B
010C
0055
0056
0057
0058
0097
0014
019C
0163
005B
07AD
005D
005E
0111
00FB
0061
0014
0540
036F
02E5
0115
0062
0370
0068
0116
016B
006B
00CD
006D
006E
006F
045C
0071
0072
0073
01A4
0014
0075
0076
0077
0078
0079
01A7
007B
0353
007D
0014
0173
01AA
02AA
0176
00D7
04AD
0084
0282
0086
0014
0087
021D
07AE
0376
010D
00AF
008D
02B0
0035
0014
0503
047E
026D
026E
0132
0083
0095
01B5
0097
0014
0162
0099
0270
009B
07AF
0002
00E3
0004
0005
07B0
0205
0008
0413
00A2
04F1
07B1
02B9
07B2
02BA
0010
01E0
0012
0014
0014
0015
0014
0002
0002
0014
0014
0014
0026
06EA
0012
0019
0014
01BC
0002
0002
0014
0002
0002
0002
0024
001B
0016
001E
001F
0010
0014
0002
0002
0002
0014
0014
001B
001E
0016
00EE
0014
001B
0002
0014
0014
0014
0014
0014
001D
001B
0022
001F
0014
0022
0014
0002
0014
0014
0014
0014
001D
001C
0018
0019
0014
001E
0014
0002
0014
0014
0014
0014
0016
00EE
0010
0023
0014
0016
0014
0014
0002
0002
0002
0002
0018
001E
0018
0026
0014
0023
0014
0014
0002
0014
0014
0002
0027
01BD
0018
0014
0014
01BE
0002
0014
0014
0014
0014
0014
0026
002A
0022
0026
0013
00A9
0014
0002
0014
0014
0014
0002
0019
002C
002D
0014
0014
002E
0014
0014
0014
0014
0014
0002
0019
0208
0030
0014
0014
00A7
0014
0014
0014
0014
0014
0002
049D
0032
0033
00F5
0014
0014
02E4
0209
0190
0039
025B
00AF
0307
0034
0002
0014
07B3
0192
02BF
0193
004B
00B7
0043
0044
015A
0046
01E7
037E
00BA
0196
0105
004C
0197
004E
004F
0014
07B4
04FD
0053
00BF
0425
04FF
00D1
019B
004F
0014
0162
01A6
0214
005C
004B
0310
005F
0060
00C7
0014
07B5
0525
0311
0350
00CB
0067
02C8
0069
006A
0014
016C
0313
00CF
07B6
03E6
00D0
00D1
01FD
0074
0014
00AB
066C
0432
01A5
03E9
007A
0317
007C
0014
0014
0339
0354
01AB
0081
0082
0083
0241
0085
00DD
0050
0364
0243
0089
0289
014B
008C
07B7
008E
0014
0014
04AA
01B1
01B2
0388
005D
0094
03BA
0096
0014
0014
0438
026F
038B
068C
07B8
0002
00E3
066E
071F
0225
0007
0008
0226
00A2
000B
07B9
000D
000E
02BA
0010
001B
0012
0014
0014
0015
0014
0002
0002
0014
0014
0014
00EE
046E
0012
0019
0014
002E
0002
0014
0014
0014
0014
0002
001B
001D
0016
001E
0019
0016
0014
0014
0002
0002
0002
0014
001B
001E
0020
001F
0014
001B
0002
0014
0014
0014
0014
0014
0022
0024
0022
001F
0014
0022
0014
0002
0014
0014
0002
0014
0022
001C
0018
0019
0014
0016
0014
0002
0014
0014
0002
0014
0024
00EE
0010
0026
0014
0012
0014
0014
0002
0014
0002
0002
0018
001E
0010
0027
0014
00EE
0014
0014
0014
0014
0014
0014
0027
002F
0022
0014
0014
0392
0014
0014
0014
0014
0014
0014
0026
002A
0022
0027
0014
00A9
0014
0014
0014
0014
0014
0014
0019
00AA
0022
0027
0014
002E
0014
0014
0014
0002
0014
0014
0023
01E4
0022
0027
0014
00A9
0002
0014
0002
0014
0014
0014
018F
0032
02D7
00F5
0014
0014
00AC
07BA
02D9
0774
00F9
0152
07BB
0034
0002
0014
00B2
07BC
0731
07BD
00FC
0042
020B
0044
0045
0257
0036
07BE
032A
0729
0105
02DF
0197
012D
0074
0014
008C
07BF
07C0
04BF
0109
030E
0057
0154
004F
0014
0059
0562
07C1
072A
0110
005E
005F
0096
0097
0014
00AC
07C2
0281
07C3
042B
00CC
0068
0116
016B
0014
0117
07C4
07C5
07C6
07C7
00D0
0072
011B
01A4
0014
011C
07C8
07C9
0737
0120
007A
0171
007C
0014
0014
0173
05A1
02ED
07CA
00BC
01AC
07CB
0085
00DD
0014
0127
07CC
0089
033B
027E
008C
07CD
008E
0035
0014
0134
07CE
01B2
07CF
0132
0094
07D0
0096
00DD
0014
03AE
07D1
0603
07D2
0001
0002
0003
01B9
0005
0006
068D
07D3
0009
01DD
07D4
000C
07D5
046C
0297
0026
0145
0015
0013
0014
00A7
0014
0002
0002
0014
0014
0014
0016
0017
0018
0014
0014
001A
0014
0002
0014
0002
0002
0014
0020
001C
001D
001E
001F
0022
0002
0002
0014
0002
0014
0014
0024
001A
0016
00EE
0021
0010
0002
0014
0002
0014
0014
0014
001D
001B
0018
0023
0014
0015
0014
0002
0002
0014
0002
0014
001D
001C
0022
0023
0014
0018
0014
0002
0014
0002
0014
0014
0016
001A
0016
0023
0025
0016
0014
0014
0002
0002
0002
0002
0012
0012
0018
0026
0014
001A
0002
0014
0002
0014
0014
0002
0013
0256
00F0
0027
0014
0029
0002
0014
0014
0014
0014
0014
0026
018E
0022
0026
0013
00A7
0014
0002
0014
0014
0014
0002
0026
002C
002D
0013
0014
002E
0014
0014
0014
0014
0014
0002
0026
002F
0030
0019
0014
00A7
0014
0014
0014
0014
0014
0002
020F
00F3
034A
0034
0035
0014
0102
07D6
0038
07D7
00AE
003B
003C
00FB
0014
0014
01C1
07D8
003F
07D9
00B6
0056
0043
0101
015A
0046
027D
0055
034E
034F
0240
004C
004D
004E
004F
0050
0109
07DA
0261
0443
00C0
0056
00D1
0058
0002
0014
03C9
0120
00C4
005C
00C6
0310
005F
0060
0061
0014
0062
07DB
0311
07DC
0066
0067
0068
0069
006A
006B
00CD
0474
006E
006F
0070
0071
00D1
0073
0074
0014
0075
0076
0077
0078
00D4
007A
048A
01FF
007D
0014
01A9
007F
0175
0783
00D7
0083
0084
0178
0086
0050
0087
00D9
07DD
07DE
0031
0046
008D
04BC
0035
0014
008F
0090
017E
0699
005D
00AF
0095
005E
0097
0014
0098
00DF
009A
07DF
07E0
0002
031F
0004
009F
0225
00E6
0008
02FE
000A
000B
0324
000D
00EB
02BA
0010
001D
0015
0014
0014
001A
0014
0002
0002
0014
0014
0014
0016
001D
0018
0027
0014
001F
0002
0014
0014
0014
0002
0002
001B
0010
001D
001E
001F
0016
0014
0002
0014
0002
0002
0014
0016
001E
0016
001F
0014
0010
0002
0014
0014
0014
0014
0014
001E
001B
001E
001F
0014
0022
0014
0002
0002
0014
0002
0014
001D
001C
0022
0027
0014
001A
0014
0002
0014
0014
0002
0014
0024
001A
0010
0021
0014
0018
0014
0014
0014
0002
0014
0002
0018
001E
0010
0027
0014
00EE
0014
0014
0014
0014
0014
0002
0027
00EF
0147
0027
0014
00F1
0014
0014
0014
0014
0014
0014
0026
01E4
0022
0026
0013
0392
0014
0014
0014
0014
0014
0014
0019
01E5
0010
0027
0014
0393
0014
0014
0014
0002
0014
0014
0019
002F
0022
0019
0014
00A7
0014
0014
0014
0014
0014
0014
016C
0032
005F
02D8
0014
0014
01E7
0037
03F6
02DA
003A
003B
021A
0034
0002
0014
052C
07E1
07E2
07E3
0041
0042
07E4
0101
015A
00AF
00F6
0055
07E5
07E6
0059
07E7
0197
0108
004F
0014
0051
0199
07E8
04BF
0109
0234
0161
0154
004F
0014
0059
005A
07E9
0530
02E3
005E
0744
0060
00C7
0014
022B
0791
07EA
07EB
01F6
04C2
0197
04C3
016B
0014
019A
0333
04C4
0335
01FC
0071
03E7
03A3
01A4
0014
0105
04C5
0285
060B
03E9
007A
021C
07EC
007D
0014
0105
007F
07ED
02EE
00D7
00AF
04C8
0085
00DD
0050
0339
04CA
0507
04CC
014B
00AF
07EE
008E
0035
0014
017C
03AA
07EF
0388
0132
0094
0632
0096
0097
0014
012E
03AF
060D
04D2
0001
0002
009D
0538
00E4
0006
00A0
079B
0009
07F0
04D7
018B
04D8
000E
0297
0026
0145
0012
0013
0014
00A8
0014
0002
0014
0014
0014
0014
0026
053D
001F
0019
0014
00A7
0002
0002
0014
0002
0014
0014
0022
001C
0022
001E
0026
0022
0002
0002
0002
0002
0014
0014
001B
001F
0020
0023
0021
001B
0002
0014
0002
0014
0014
0014
001D
0024
0022
0019
0014
0012
0014
0014
0014
0014
0002
0014
0026
053F
001A
0023
0014
064B
0014
0002
0014
0002
0014
0014
0022
001F
0016
0023
0025
0016
0014
0014
0002
0014
0002
0002
0014
00EF
079F
0026
0014
01BC
0002
0014
0002
0014
0014
0002
0014
01BD
0016
0014
0014
01BE
0002
0014
0014
0014
0014
0014
0026
04DB
0022
0013
0014
04DC
0014
0002
0014
0014
0014
0002
0019
018E
002D
0013
0014
002E
0014
0014
0014
0014
0014
0002
0023
002C
0030
0014
0014
00A9
0002
0014
0002
0014
0014
0002
0031
00F3
0258
0034
0035
0014
0102
0277
0038
025A
018F
00AF
03BA
0363
0035
0014
003D
003E
07F1
0193
01EB
0056
0043
0044
0045
0046
0047
0048
00BA
00BB
004B
004C
004D
004E
0061
0050
027E
036B
07F2
07F3
02C3
0056
0057
0058
00B1
0014
03C9
030F
02C4
0235
0031
0083
05C2
00F5
0061
0014
0062
0063
0639
063A
0066
0067
0068
0069
006A
006B
006C
006D
01A2
006F
01CC
0014
04E6
07A3
0074
0014
010D
0076
0077
0078
0079
0014
0171
040B
0014
0014
007E
045D
0175
0356
0082
0083
0177
0282
0086
0014
008F
0088
04E9
026B
010D
008C
061C
012D
0035
0014
008F
0090
07F4
026E
0093
0083
063B
03D4
0014
0014
0098
021E
03D5
04EB
043A
0002
00E3
0004
009F
0225
0007
0008
06E9
000A
000B
0324
000D
000E
02BA
0010
001D
0015
0014
0014
0015
0014
0002
0002
0014
0014
0014
0016
01E0
0012
0019
0014
001A
0002
0014
0014
0014
0014
0002
001B
0010
001D
0019
001F
0016
0014
0014
0014
0002
0002
0014
001B
001E
0022
001F
0014
0010
0002
0014
0014
0014
0014
0014
001E
001B
001E
001F
0014
0022
0014
0002
0014
0014
0002
0014
001D
001C
0022
0027
0014
0016
0014
0002
0014
0014
0002
0014
0024
00EE
0010
0021
0014
0018
0014
0014
0014
0014
0014
0002
0018
001E
0010
0027
0014
00EE
0014
0014
0014
0014
0014
0014
0027
00EF
0147
0014
0014
00F1
0014
0014
0014
0014
0014
0014
0026
02D5
0147
0026
0013
0392
0014
0014
0014
0014
0014
0014
0019
01E5
0010
0027
0014
0393
0014
0014
0014
0002
0014
0014
0019
01E4
0022
0019
0014
002E
0014
0014
0014
0014
0014
0014
016C
0032
02D7
00F5
0014
0014
01E7
07F5
02D9
058F
00F9
003B
02DB
0034
0002
0014
07F6
07F7
07F8
07F9
0041
0042
020B
0044
0002
00AF
0036
0440
07FA
07FB
0511
02DF
0197
0108
0074
0014
0470
0732
02E0
04BF
0109
061F
0057
0154
004F
0014
0059
0562
07FC
07FD
0110
005E
005F
0060
0097
0014
02E4
07FE
07FF
07EB
01F6
04C2
06DD
0116
016B
0014
0400
0333
02E7
0335
01FC
0071
03E7
0282
01A4
0014
0284
0800
0801
060B
03E9
007A
021C
07EC
0014
0014
0173
0802
07ED
06A7
0082
00AF
04C8
0803
00DD
0050
0403
0128
0507
04CC
01F8
00AF
07EE
008E
0035
0014
012E
06E6
0804
0805
0132
0094
0632
0096
0097
0014
0806
01E8
0807
0808
0001
0002
0003
035D
00E4
0006
068D
079B
0009
0809
080A
018B
080B
0207
0297
0026
0145
0012
0013
0014
00A7
0014
0002
0014
0014
0014
0014
0026
0348
0018
0014
0014
00A7
0014
0002
0014
0002
0002
0014
0020
001C
0010
001E
0026
0022
0002
0002
0002
0002
0014
0014
0024
00EE
0020
00EE
0021
001B
0014
0014
0002
0014
0014
0014
001D
0020
0022
0023
0014
001E
0014
0002
0002
0014
0002
0014
0026
03B6
001A
0023
0014
05BC
0014
0002
0014
0002
0014
0014
0016
001A
0016
0023
0025
0016
0014
0014
0002
0002
0002
0002
0014
00EF
079F
0026
0014
01BC
0002
0014
0002
0014
0014
0002
0014
01BD
0016
0027
0014
01BE
0002
0014
0014
0014
0014
0014
0026
04DB
0022
0013
0014
00A9
0014
0002
0014
0014
0014
0002
0019
018E
002D
0013
0014
002E
0014
0014
0014
0014
0014
0002
0023
002F
0030
0014
0014
002B
0002
0014
0002
0014
0014
0002
020F
00F3
034A
0034
0035
0014
0102
0209
0038
07D7
00AE
00AF
0613
0056
0014
0014
01C1
0593
080C
080D
01EB
0056
0043
080E
0045
0046
027D
0055
080F
0196
0240
004C
004D
004E
004F
0050
0109
0456
0680
0810
03C7
0056
00C1
0058
0002
0014
03C9
0120
00C4
005C
00C6
0083
05C2
03BE
0061
0014
0062
0167
061A
0811
0066
0067
0068
0069
006A
006B
006C
006D
006E
006F
01CC
0014
04E6
07A3
0074
0014
0075
0076
0077
0078
0079
0014
0171
040B
007D
0014
01A9
02EC
0175
0783
00D7
0083
0177
0178
0086
0014
0087
021D
0697
0812
008B
008C
017B
012D
0035
0014
008F
0090
017E
0813
0093
0083
03D3
00DC
0014
0014
0098
021E
03D5
00E1
0138
0002
0003
0814
009F
0006
050A
0008
0009
000A
04F1
0815
0816
0817
000F
0010
0011
0012
0013
0014
001A
0014
0002
0002
0014
0014
0014
0016
0017
0018
0014
0014
001A
0002
0002
0014
0014
0014
0002
001B
001C
001D
0023
0019
0022
0002
0002
0002
0002
0002
0014
0024
001E
0016
001F
0014
001B
0002
0014
0002
0014
0014
0014
0022
0024
0022
001F
0014
0022
0014
0002
0002
0014
0002
0014
0022
001C
0022
0019
0014
001E
0014
0002
0014
0002
0002
0014
0024
00EE
0016
0023
0025
0016
0014
0014
0002
0002
0002
0014
0018
001E
0010
0026
0014
0023
0014
0014
0014
0014
0014
0002
0027
0028
0016
0027
0014
0029
0002
0014
0014
0014
0014
0014
0026
002A
0012
0026
0013
002B
0014
0002
0014
0014
0014
0002
0019
002C
0010
0014
0014
002E
0014
0014
0014
0002
0014
0002
0019
037C
0016
0014
0014
00A7
0002
0014
0002
0014
0014
0002
0818
0032
0033
0522
0035
0014
00AC
0819
046F
037D
0306
003B
003C
0034
0014
0014
00B2
003E
003F
0193
03A9
0367
020B
081A
02C1
0257
0036
0048
081B
020E
004B
004C
0197
004E
004F
0014
0051
059A
0053
00BF
0448
0056
00C1
0060
004F
0014
00C2
01A6
081C
005C
00C6
0152
005F
005E
00DD
0014
01F5
0063
0216
081D
0066
0067
0068
0069
006A
006B
016C
03D0
081E
0371
0070
0071
05FD
0073
0074
0014
0075
0076
056D
01D0
00D4
007A
021C
007C
007D
0014
007E
01AA
01D2
01D3
0082
0083
0084
0085
0086
0050
0087
0088
0089
008A
0031
008C
008D
008E
0014
0014
008F
0090
0091
0092
006C
0094
0095
03D4
0014
0014
0098
00DF
03D5
061E
081F
0002
00E3
0004
00E4
00E5
00A0
05C9
02FE
0343
000B
000C
00EA
000E
0255
0019
00F2
0015
0014
0014
0303
0014
0002
0002
0014
0014
0014
00EE
046E
0012
0019
0014
01BC
0002
0002
0014
0002
0002
0014
0020
001B
0016
001E
001F
0016
0014
0002
0014
0002
0002
0014
001B
001E
0020
0023
0021
0022
0002
0014
0014
0014
0014
0014
001D
001B
0018
0021
0014
0012
0014
0002
0014
0014
0014
0014
001D
001C
0018
0023
0014
0016
0014
0002
0014
0014
0014
0014
0022
001A
0010
0021
0014
0012
0014
0014
0014
0014
0002
0002
0018
0012
0018
0027
0014
001A
0002
0014
0002
0014
0014
0002
0027
0604
01E2
0014
0014
002B
0002
0014
0014
0014
0014
0014
0026
02D5
0417
0027
0014
0393
0014
0014
0014
0014
0014
0014
0026
01E5
002D
0027
0014
002E
0014
0014
0014
0014
0014
0014
0023
00A6
0030
0019
0014
00A9
0014
0014
0014
0014
0014
0002
016C
00F3
0362
0034
0014
0014
01BF
022C
0038
025A
003A
0152
022D
00FB
0002
0014
00FC
0820
027B
01F0
0592
0042
0043
0044
0045
0046
01C3
0821
0049
004A
020F
0106
004D
015E
0061
0050
04BD
0822
010B
010C
027E
0781
0057
0058
0097
0014
0059
0562
005B
00C5
014D
005E
005F
0060
0061
0014
036E
0336
0114
0065
0155
00CC
0068
0116
016B
0014
00CD
05D8
006E
0314
0239
00D0
0072
011B
01A4
0014
0284
0488
011E
011F
023D
007A
0171
0121
0014
0014
0122
0354
0175
0201
0173
0257
06A8
0823
00DD
0014
0127
033A
0824
02AD
012B
03A9
07CD
0202
0035
0014
012E
0769
0130
0825
0093
0083
024A
0096
0097
0014
0182
0826
0136
024D
038C
0002
0222
0004
0827
0225
0007
038D
0226
043B
000B
0828
0829
000E
0255
0019
018E
001A
0014
0014
0303
0014
0002
0002
0014
0014
0014
0016
01E0
0018
0019
0014
001A
0002
0014
0014
0002
0002
0002
001B
0024
001D
001E
001F
0016
0014
0002
0014
0002
0002
0014
001B
001E
0016
001F
0014
0010
0002
0014
0014
0014
0014
0014
0019
001B
001A
0023
0014
0012
0014
0002
0002
0014
0002
0014
001D
001C
0022
0023
0014
0016
0014
0002
0014
0014
0002
0014
0024
001A
0010
0021
0014
0018
0014
0014
0014
0014
0014
0002
0018
0012
0010
0027
0014
001A
0002
0014
0014
0014
0014
0002
0027
0256
01E1
0027
0014
0029
0002
0014
0014
0014
0014
0014
0026
01E4
0022
0027
0014
00A7
0014
0014
0014
0014
0014
0014
0026
01E5
002D
0027
0014
002E
0014
0014
0014
0002
0014
0014
0023
00A6
0030
0019
0014
00A9
0014
0014
0014
0014
0014
0014
018F
00F3
043E
02D8
0014
0014
02E4
0037
0395
0396
0191
003B
0397
00FB
0002
0014
052C
0192
003F
0040
01F1
0042
082A
0044
0045
0046
00F6
0048
082B
082C
0105
004C
0107
015E
004F
0014
0051
0199
0261
0054
010D
008C
0057
0444
0097
0014
0059
005A
082D
082E
0110
005E
039F
0060
0061
0014
00AC
0113
082F
05D7
00CB
0058
0068
0069
016B
0014
016C
03A2
0238
0533
0070
0071
0072
0282
016B
0014
0503
016F
0535
011F
02EA
007A
007B
0830
007D
0014
0105
0802
03A6
0176
0082
0083
0084
01F7
00DD
0014
0127
0088
0585
0376
012B
0046
008D
012D
0035
0014
0364
03AA
05DB
026E
0093
0083
0095
0096
0097
0014
03AE
03AF
009A
0271
03B0
0002
009D
0538
0005
0006
03B2
00E7
0009
0831
0206
000C
0832
068F
000F
0010
0011
0012
0013
0014
001F
0014
0002
0014
0014
0014
0014
0026
0348
001E
0027
0014
002E
0014
0002
0014
0014
0014
0014
001F
053F
0022
0027
0014
00EF
0002
0002
0002
0002
0014
0014
0024
001E
0020
0023
0021
001B
0014
0014
0002
0014
0014
0014
001D
0016
0022
001F
0014
0022
0014
0002
0014
0014
0002
0014
0021
03B6
001A
0019
0014
002B
0014
0002
0014
0002
0014
0014
0010
001F
0016
0023
0025
0016
0014
0014
0002
0002
0002
0002
0012
001E
0018
0026
0014
0023
0014
0014
0002
0014
0014
0002
0014
01BD
0016
0014
0014
05F2
0014
0014
0014
0014
0014
0014
0026
002A
0022
0026
0013
00A9
0014
0002
0014
0014
0014
0002
0019
002C
0010
0013
0014
002E
0014
0014
0014
0014
0014
0002
0019
037C
0016
0014
0014
00A7
0002
0014
0002
0014
0014
0002
020F
0032
0573
0034
0035
0014
0102
00AD
014F
0574
00AE
00AF
03BA
0034
0097
0014
003D
00B3
03BB
03BC
00B6
03BE
0833
0060
00C7
0014
0047
03C0
0834
0835
0240
0106
004D
004E
0061
0050
027E
0211
027F
05E7
0448
0056
0548
0058
004F
0014
03C9
0549
054A
054B
00C6
0083
0836
00FB
00C7
0014
0062
0063
0837
03CE
00C8
0067
0068
0282
006A
006B
0473
03D0
01A2
006F
03D1
01CD
00D1
0073
0074
0014
010D
0076
00D2
00D3
054E
0014
0317
007C
0014
0014
007E
0354
01AB
0081
00D7
01AC
0600
0085
0086
0050
0087
0838
0089
01AF
0031
008C
0839
008E
0035
0014
02F4
0090
01B2
028B
016C
0094
083A
00DC
0014
0014
0098
00DF
05F0
00E1
03D6
0002
03D7
03D8
009F
0225
0007
00A1
0226
013F
00A3
0296
03DB
083B
0255
0026
0145
0012
0014
0014
0303
0014
0002
0002
0014
0014
0014
0026
0348
0015
0019
0014
00A7
0002
0002
0014
0014
0002
0002
001B
001D
001D
001E
0019
0010
0014
0002
0002
0002
0002
0014
001B
001A
0020
001F
0014
001B
0002
0014
0002
0014
0014
0014
0022
0024
0022
0023
0014
0012
0014
0002
0014
0014
0002
0014
001D
001C
0022
0019
0014
001E
0014
0002
0014
0002
0002
0014
0024
001F
0016
0021
0025
0018
0014
0014
0002
0014
0002
0002
0018
0012
0010
0027
0014
001A
0014
0014
0014
0014
0014
0002
0027
0604
0148
0014
0014
002B
0002
0014
0014
0014
0014
0014
0026
03DD
0012
0026
0013
002E
0014
0002
0014
0014
0014
0014
0019
0298
0010
0014
0014
0393
0014
0014
0014
0002
0014
0014
0019
0229
0016
0014
0014
002E
0002
0014
0002
0014
0014
0014
020F
00F3
03DE
0034
0014
0014
00AC
0209
0038
0691
0306
00AF
0575
0367
0097
0014
029D
07F7
083C
0193
00B6
00B7
020B
0044
015A
0257
0047
083D
0622
0623
004B
004C
004D
004E
004F
0014
00BD
01F2
064F
0772
00C0
030E
00D1
0058
0097
0014
00C2
0236
00C4
02C5
00C6
0310
005F
005E
00C7
0014
00C8
083E
03E5
01CA
0066
00CC
0068
0069
0002
006B
006C
01A1
02A6
0314
03E6
00D0
03E7
023A
01A4
0014
0122
066C
083F
0840
03E9
007A
0841
0726
0014
0014
0173
0842
03ED
0843
0082
00AF
0844
0282
00DD
0050
0127
02AB
03A7
0845
01F8
00AF
068A
012D
0014
0014
0364
03EE
03EF
0846
006C
00AF
028C
01B5
0014
0014
03AE
03F1
03F2
01B7
0001
0002
0003
0004
00E4
0006
013C
013D
0490
000A
000B
000C
000D
00EB
000F
0010
01E0
001E
0013
0014
001E
0014
0002
0002
0014
0014
0014
0016
001B
0018
0027
0014
001A
0014
0002
0014
0002
0014
0014
0020
001C
0010
001E
001F
0016
0002
0002
0014
0002
0002
0014
0024
001E
0016
0023
0021
0010
0014
0014
0014
0014
0014
0014
001D
001B
0012
001F
0014
0022
0014
0002
0002
0014
0014
0014
0022
001C
0012
0023
0014
0016
0014
0002
0014
0014
0014
0014
0016
001A
0010
0023
0014
0016
0014
0014
0014
0002
0014
0002
0012
0015
0018
0026
0014
00EE
0002
0014
0002
0014
0014
0002
0027
0028
0018
0027
0014
0029
0002
0014
0014
0014
0014
0014
0026
002A
0022
0027
0014
002B
0014
0002
0014
0014
0014
0002
0019
002C
002D
0027
0014
002E
0014
0014
0014
0014
0014
0002
0023
037C
0030
0019
0014
002B
0014
0014
0014
0014
0014
0002
016C
0032
02D7
00F5
0035
0014
01EB
0277
02D9
041C
003A
003B
01EC
0034
0002
0014
01C1
02BE
00FE
01F0
027C
0042
0043
0194
0045
0046
0102
0847
0049
004A
020F
02DF
0197
0210
0061
0050
0109
0052
032E
0848
012B
0056
0057
019B
004F
0014
0059
025B
010F
0849
02A3
005E
005F
0060
0061
0014
01F5
084A
02E5
0065
0155
0067
02C8
0116
006A
0014
042E
006D
0238
0371
0336
0071
0072
0073
0074
0014
010D
0076
0077
0078
0079
006B
007B
007C
007D
0014
01A9
007F
01AB
0081
00D7
0083
0084
0085
0086
0014
02E3
021D
0089
008A
008B
008C
008D
008E
0035
0014
02F1
0090
0091
0092
0093
0094
0095
0096
0097
0014
0098
0099
009A
0184
038C
0002
031F
0004
0827
0225
0007
038D
0226
043B
000B
0324
05CB
000E
00EC
0019
018E
001A
0014
0014
0303
0014
0002
0002
0014
0014
0014
0016
01E0
0018
0019
0014
001A
0002
0014
0014
0014
0014
0002
001B
0022
001D
00EE
001F
0016
0014
0014
0014
0002
0002
0014
001B
001E
0016
001F
0014
0010
0002
0014
0014
0014
0014
0014
0019
079E
00EE
0023
0014
0361
0014
0002
0002
0014
0002
0014
001D
001C
0022
0023
0014
0016
0014
0002
0014
0014
0002
0014
0024
001A
0010
0021
0014
0018
0014
0014
0014
0014
0014
0002
0018
0012
0010
0027
0014
001A
0002
0014
0014
0014
0014
0014
0027
01E1
01E1
0027
0014
01E3
0002
0014
0014
0014
0014
0014
0026
01E4
0022
0027
0014
0392
0014
0014
0014
0014
0014
0014
0026
01E5
002D
0027
0014
0393
0014
0014
0014
0002
0014
0014
0019
00A6
0030
0019
0014
002E
0014
0014
0014
0014
0014
0014
018F
00F3
0394
003B
0014
0014
01E7
0037
084B
0396
00F9
003B
0397
00FB
0002
0014
052C
0192
003F
0040
00FC
0042
0398
0044
02C1
0046
00F6
0048
084C
039A
0105
004C
0107
015E
004F
0014
0051
0199
0261
0054
010D
008C
084D
039C
0097
0014
0059
005A
084E
082E
0110
005E
039F
0060
0061
0014
00AC
0113
084F
07EB
00CB
0058
0068
0069
016B
0014
016C
03A2
0238
0533
0070
0071
0072
03A3
016B
0014
0122
016F
02A8
011F
02EA
007A
007B
03A4
007D
0014
0105
03A5
03A6
0176
0082
00AF
01AD
01F7
00DD
0014
0127
0128
03A7
03A8
01F8
03A9
01B0
012D
0035
0014
0364
03AA
03AB
03AC
0093
00AF
03AD
0096
0097
0014
03AE
03AF
038B
01B7
03B0
0002
009D
0538
0005
0006
03B2
00E7
0323
0850
0206
018B
03B4
0207
000F
0010
0011
0012
0013
0014
001F
0014
0002
0014
0014
0014
0014
0026
0348
001E
0014
0014
00A7
0014
0002
0014
0002
0002
0014
00EE
03B5
0022
001E
0014
01E1
0002
0002
0002
0002
0014
0014
0024
001E
0020
0023
0021
001B
0014
0014
0002
0014
0014
0014
001D
0016
0022
001F
0014
0022
0014
0002
0014
0014
0002
0014
0021
03B6
001A
0019
0014
00A9
0014
0002
0014
0002
0014
0014
0010
001F
0016
0023
0025
0016
0014
0014
0002
0002
0002
0002
0018
001E
0018
0026
0014
0023
0014
0014
0002
0014
0014
0002
0014
01BD
0016
0014
0014
01BE
0002
0014
0014
0014
0014
0014
0026
002A
0022
0026
0013
00A9
0014
0002
0014
0014
0014
0002
0019
002C
0010
0013
0014
002E
0014
0014
0014
0014
0014
0002
0023
037C
0016
0014
0014
002B
0002
0014
0002
0014
0014
0002
020F
0032
0573
0034
0035
0014
0102
00AD
014F
0574
00AE
00AF
03BA
0034
0014
0014
003D
00B3
03BB
03BC
00B6
03BE
03BF
0308
0045
0014
0047
03C0
0851
0852
03C3
0106
004D
004E
0061
0050
027E
0211
027F
05E7
03C7
0056
0548
0058
004F
0014
03C9
030F
054A
054B
00C6
0083
03CC
00FB
00DD
0014
0062
0063
03CD
03CE
0087
0067
0068
0282
006A
006B
00CD
03D0
01A2
006F
03D1
00D0
00D1
0073
0074
0014
010D
0076
00D2
00D3
054E
0014
0317
007C
0014
0014
007E
0354
01AB
0081
00D7
0083
0177
0085
0086
0050
0087
021D
0089
008A
008B
008C
017B
008E
0035
0014
02F4
0090
0091
0092
0180
0094
0853
03D4
0014
0014
0098
021E
03D5
00E1
043A
0002
0222
0004
009F
0225
0007
038D
0226
0854
000B
0828
0855
000E
0784
0019
04DB
0015
0014
0014
0303
0014
0002
0002
0014
0014
0014
0016
01E0
0018
0019
0014
001A
0002
0014
0014
0014
0002
0002
001B
0010
001D
001E
001F
0016
0014
0014
0002
0002
0002
0014
001B
001E
0016
001F
0014
0010
0002
0014
0014
0014
0014
0014
0019
001B
001E
0023
0014
0012
0014
0002
0002
0014
0002
0014
001D
001C
0022
0027
0014
0016
0014
0002
0014
0014
0002
0014
0024
00EE
0010
0021
0014
0018
0014
0014
0002
0014
0002
0002
0018
0012
0010
0027
0014
001A
0002
0014
0014
0014
0014
0002
0027
01E1
0147
0027
0014
01E3
0002
0014
0014
0014
0014
0014
0026
01E4
0022
0026
0013
0392
0014
0014
0014
0014
0014
0014
0019
01E5
0010
0027
0014
0393
0014
0014
0014
0002
0014
0014
0019
00A6
0022
0019
0014
002E
0014
0014
0014
0014
0014
0014
018F
00F3
0856
02D8
0014
0014
02E4
0037
084B
0396
00F9
003B
0397
00FB
0002
0014
052C
0192
003F
0040
0041
0042
0398
0044
015A
00AF
00F6
0440
0857
0858
0511
004C
0107
004E
004F
0014
0051
0199
0261
0054
010D
008C
0057
0444
0097
0014
0059
005A
0859
085A
0110
005E
05C0
0060
0097
0014
00AC
0448
05D6
07EB
00CB
00CC
0068
0069
016B
0014
016C
02A5
02E7
0533
03E6
0071
03E7
0282
01A4
0014
0122
016F
085B
011F
03E9
007A
03EA
085C
007D
0014
0173
0802
03ED
0176
0082
00AF
01AD
01F7
00DD
0050
0127
044C
03A7
03A8
01F8
00AF
02F3
012D
0035
0014
0364
03AA
03AB
03AC
0132
00AF
03AD
0096
0097
0014
03AE
03AF
038B
01B7
0001
0002
009D
044D
00E4
0006
085D
00E7
0323
044E
044F
000C
01B9
0207
000F
0010
0011
0012
0013
0014
001F
0014
0002
0014
0014
0014
0014
0026
0348
001E
0014
0014
002E
0014
0002
0014
0002
0014
0014
00EE
03B5
0022
001E
0026
0417
0002
0002
0014
0002
0014
0014
0024
001E
0020
0023
0021
001B
0014
0014
0002
0014
0014
0014
001D
0016
0022
001F
0014
0022
0014
0002
0014
0014
0002
0014
0026
03B6
001A
0023
0014
01E2
0014
0002
0014
0002
0014
0014
0018
001A
0016
0023
0025
0016
0014
0014
0002
0002
0002
0002
0012
001E
0018
0026
0014
0023
0014
0014
0002
0014
0014
0002
0014
01BD
0016
0014
0014
01BE
0002
0014
0014
0014
0014
0014
0026
002A
0022
0013
0014
00A9
0014
0002
0014
0014
0014
0002
0019
002C
002D
0013
0014
002E
0014
0014
0014
0014
0014
0002
0023
037C
0030
0014
0014
002B
0002
0014
0002
0014
0014
0002
020F
0032
0573
0034
0035
0014
0102
00AD
014F
0574
00AE
00AF
00B0
0034
0014
0014
003D
00B3
03BB
03BC
03BD
03BE
0453
0060
0045
0046
0047
03C0
0454
085E
03C3
0106
004D
0210
0061
0050
027E
0456
027F
05E7
03C7
0056
0548
0058
004F
0014
03C9
030F
054A
054B
00C6
0083
0459
00FB
0061
0014
0062
0063
045A
085F
0087
0067
0068
0282
006A
006B
00CD
006D
006E
006F
045C
01CD
0072
0073
0074
0014
010D
0076
0077
00D3
0079
0014
0171
007C
0014
0014
01A9
0354
01AB
0081
00D7
0083
0177
0085
0086
0014
0087
021D
0089
008A
008B
008C
00DA
008E
0035
0014
02F4
0090
0091
0092
0093
0094
00DB
00DC
0014
0014
0098
021E
03D5
00E1
0138
0002
009D
009E
0005
0006
00A0
00A1
0009
0860
000B
018B
00EA
000E
0297
0026
00ED
001A
0013
0014
0303
0014
0002
0002
0014
0014
0014
00EE
0146
0018
0019
0014
00A7
0002
0002
0014
0002
0002
0002
0020
001C
001D
001E
0019
0016
0002
0002
0002
0002
0002
0014
06C4
001F
0021
0014
0014
001B
0002
0014
0002
0014
0014
0014
001D
0024
0012
0023
0014
0012
0014
0002
0002
0014
0002
0014
0022
001C
0022
0019
0014
0016
0014
0002
0014
0002
0014
0014
0022
00EE
0016
0023
0025
0016
0014
0014
0002
0002
0002
0002
0014
00A8
04DA
0027
0014
0670
0002
0014
0002
0014
0014
0002
0013
0349
00F0
0027
0014
01BE
0002
0014
0014
0014
0014
0014
0026
018E
0022
0026
0013
014A
0014
0002
0014
0014
0014
0014
0026
018E
002D
0027
0014
002E
0014
0014
0014
0014
0014
0014
0026
002C
0030
0027
0014
00A7
0002
0014
0002
0014
0014
0002
0031
00F3
04DD
00F5
0035
0014
0036
0037
0365
025A
0191
0152
0523
0367
00B1
0014
003D
003E
057F
0040
0041
0042
0043
0044
015A
0046
0047
0048
0049
004A
004B
0861
02C1
0498
0014
0014
0051
0052
0862
0054
0055
0056
0057
019B
0086
0014
019C
005A
010F
005C
005D
005E
005F
005E
0097
0014
0062
0063
0064
0065
0066
0067
0068
0069
006A
006B
006C
006D
01A2
0475
01CC
0014
04E6
07A3
016B
0014
0075
0076
0077
0078
0079
01A7
0171
0353
007D
0014
01A9
007F
0863
0201
0082
0257
00D8
0282
0086
0050
008F
0088
0358
026B
018F
03A9
0528
012D
0035
0014
008F
017D
04EA
026E
0093
00AF
0529
00DC
00DD
0014
0098
0099
03D5
04EB
0411
0002
0222
0004
0864
0225
048F
04B8
0226
000A
0865
0141
02B9
00EB
02BA
0010
001D
0012
0014
0014
001A
0014
0002
0002
0014
0014
0014
0016
001B
0012
0027
0014
001A
0014
0002
0014
0014
0014
0002
001B
0024
0016
001E
001F
0022
0014
0002
0014
0002
0002
0014
001D
001E
0020
001F
0021
0010
0002
0014
0014
0014
0014
0014
0012
001B
0022
001F
0014
0022
0014
0002
0014
0014
0002
0014
001D
001C
0012
0023
0014
0018
0014
0002
0014
0014
0002
0014
0024
001A
0010
0021
0014
0021
0014
0014
0014
0014
0002
0002
0018
0012
0010
0026
0014
001A
0014
0014
0014
0014
0014
0014
0027
0028
0022
0014
0014
01E3
0002
0014
0014
0014
0014
0014
0026
002A
0022
0013
0014
002B
0014
0014
0014
0014
0014
0002
0019
00AA
0022
0014
0014
002E
0014
0014
0014
0002
0014
0002
0023
002F
0022
0019
0014
00A9
0014
0014
0014
0014
0014
0002
0425
0032
005F
0034
0014
0014
0419
0866
0867
0279
01EB
003B
01EC
0034
0002
0014
052C
0868
0328
0869
0511
0056
0159
0101
0045
00AF
00F6
0055
03E1
086A
06B6
00DC
004D
004E
004F
0050
0423
0424
059B
086B
06EF
04FF
00D1
0058
004F
0014
06B6
00D7
086C
0164
0122
0310
0332
0060
0061
0014
00AC
0791
059E
086D
03FF
04C2
0068
086E
0002
0014
0766
0313
086F
01FB
045C
0071
03E7
023A
0074
0014
0284
0870
0795
060B
0385
007A
0871
007C
0014
0014
0173
0872
0080
06A7
00D7
0083
02EF
0085
00DD
0014
0087
0288
0089
0289
008B
008C
012C
008E
0014
0014
017C
01B1
01B2
0388
0132
0094
0133
0096
0097
0014
012E
01B6
05A4
04D2
0185
0002
031F
02FC
0005
0006
00A0
00A1
0009
057D
000B
0296
057E
000E
0873
0019
00ED
0012
0014
0014
00A8
0014
0002
0002
0014
0014
0014
00EE
0146
0018
0019
0014
00A7
0002
0002
0014
0014
0014
0002
001B
001B
0010
001E
0019
0022
0014
0002
0002
0002
0002
0014
001B
0019
0020
001F
0021
001B
0002
0014
0002
0014
0014
0014
001D
0024
0022
0021
0014
0012
0014
0002
0002
0014
0002
0014
0022
001C
001E
0023
0014
0016
0014
0002
0014
0002
0014
0014
0010
00EE
0016
0019
0025
0019
0014
0014
0002
0014
0002
0002
0018
0012
0018
0027
0014
001A
0002
0014
0002
0014
0014
0014
0027
0147
00F0
0027
0014
0149
0002
0014
0014
0014
0014
0014
0026
002C
0022
0026
0013
002E
0014
0002
0014
0014
0014
0002
0026
002C
0010
0013
0014
002E
0014
0014
0014
0014
0014
0002
0023
00A6
0022
0019
0014
00A9
0014
0014
0014
0014
0014
0002
0031
00F3
0258
0522
0014
0014
00AC
04DE
04DF
0396
003A
0152
0523
0032
0002
0014
00C3
0192
057F
0040
0041
0042
0043
0044
0045
0257
027D
0048
0049
004A
004B
004C
00C7
004E
004F
0050
0051
0231
0874
0054
0055
0056
0057
019B
00B1
0014
019C
0280
010F
0235
005D
005E
005F
00F5
0061
0014
0062
0113
0064
0065
0066
0067
0068
0069
016B
006B
006C
01F9
0486
02A7
0070
00B7
0072
0073
007D
0014
010D
0583
00D2
011F
0120
006B
0171
0584
007D
0014
007E
01AA
03ED
0201
00B6
0083
00D8
01F7
0086
0050
008F
0088
0585
0376
012B
0046
00DA
012D
0035
0014
008F
01B1
04EA
026E
0132
0083
00DB
039C
0097
0014
0098
03AF
0875
048D
035B
0002
0003
01B9
0558
00E5
050A
013D
046B
000A
04F1
000C
02B9
05A9
000F
0010
0020
0015
0013
0014
001A
0014
0014
0002
0014
0014
0014
0016
001D
0012
0013
0014
001A
0014
0002
0014
0002
0002
0002
0020
001C
001D
001E
001F
0016
0002
0002
0014
0002
0002
0014
0022
0149
0010
0023
0014
0876
0002
0014
0014
0014
0014
0014
0015
001B
0018
001F
0014
0022
0014
0002
0014
0014
0002
0014
001D
001C
0022
0013
0014
001A
0014
0002
0014
0014
0002
0014
0024
001A
0010
0023
0014
0016
0014
0014
0014
0002
0002
0002
0018
001E
0010
0026
0014
00EE
0014
0014
0014
0014
0014
0002
0027
0028
0022
0014
0014
0029
0002
0014
0014
0014
0014
0014
0026
002A
0022
0027
0014
002B
0014
0014
0014
0014
0014
0014
0019
00AA
002D
0027
0014
002E
0014
0014
0014
0002
0014
0014
0019
04BA
0030
0027
0014
00A7
0002
0014
0002
0014
0014
0014
049D
0032
005F
0034
0035
0014
01BF
0209
058E
02DA
0315
003B
0591
0034
00B1
0014
003D
00B3
0328
0594
06B6
00B7
020B
0101
015A
0046
0036
02C2
0596
0597
0427
04BC
0877
012D
0061
0014
04BD
059A
059B
059C
00AB
04FF
00D1
0058
004F
0014
0162
01A6
086C
02C5
014B
0310
005F
0060
00DD
0014
03FF
0063
059E
0501
01F6
0370
0068
04C3
006A
0014
019A
03D0
04C4
006F
0705
0071
01CE
0351
0074
0014
0105
04C5
02A8
06BB
00D4
007A
01A8
007C
0014
0014
0105
0354
05A0
02EE
00D7
01AC
01AD
0085
00DD
0014
0339
04CA
0089
04CC
0031
008C
02AF
008E
0035
0014
017C
017D
01B2
028B
02A3
0094
0878
0096
00DD
0014
05A3
035A
05A4
009B
0647
0002
00E3
0004
0224
0879
00A0
04D5
05E0
00A2
018A
087A
02B9
0254
02BA
0010
0011
0012
0014
0014
0015
0014
0002
0002
0014
0014
0014
0026
01BB
0012
0019
0014
01BC
0002
0002
0014
0002
0002
0002
0020
001C
0016
001E
001F
0010
0014
0002
0002
0002
0002
0014
001B
001E
0010
00EE
0021
0010
0002
0014
0014
0014
0014
0014
0022
001B
0022
001F
0014
0022
0014
0002
0014
0014
0002
0014
001D
001C
0018
0023
0014
0016
0014
0002
0014
0014
0014
0014
0024
001A
0016
0023
0025
0016
0014
0014
0002
0002
0002
0002
0018
001E
0010
0026
0014
00EE
0014
0014
0002
0014
0014
0002
0027
01BD
0016
0014
0014
01BE
0002
0014
0014
0014
0014
0014
0026
002A
0022
0013
0014
00A9
0014
0002
0014
0014
0014
0002
0019
002C
0010
0014
0014
002E
0014
0014
0014
0002
0014
0002
0019
0208
0016
0014
0014
00A7
0002
0014
0002
0014
0014
0002
0031
0032
0033
0034
0014
0014
00AC
0037
0038
0039
003A
00AF
0307
0034
0002
0014
00B2
029E
02BF
0193
03BD
00B7
0043
0044
015A
00AF
0036
087B
00BA
034F
0105
004C
004D
004E
004F
0050
087C
0199
0053
0054
019A
030E
0057
0058
004F
0014
0059
005A
02C4
005C
004B
0310
005F
0060
0061
0014
07B5
0063
0311
01A0
0066
0067
0068
0069
006A
006B
016C
0381
0238
0383
01CC
00D0
00D1
023A
0074
0014
00AB
066C
023B
087D
00D4
007A
0317
007C
0014
0014
0339
0354
01AB
0081
0082
0083
0241
0085
00DD
0014
0364
0243
0089
0289
014B
008C
087E
008E
0014
0014
04AA
0090
01B2
028B
0117
0094
03BA
0096
0014
0014
052A
00DF
038B
009B
0404
0002
035C
035D
009F
0006
00E6
013D
0009
0294
087F
000C
0142
0143
0297
0026
002C
0015
0013
0014
002E
0014
0002
0002
0014
0014
0014
0016
0024
0018
0013
0014
001A
0014
0002
0014
0014
0014
0014
001B
001B
001D
001E
0026
0016
0002
0002
0014
0002
0014
0014
0024
001F
0020
001F
0014
001B
0014
0014
0002
0014
0014
0014
001D
0020
0012
0023
0014
0015
0014
0002
0002
0014
0002
0014
0022
001B
0022
0019
0014
001A
0014
0002
0014
0002
0002
0014
0016
0023
0010
0026
0014
0026
0014
0014
0014
0014
0014
0002
0018
0012
0010
0027
0014
001A
0002
0014
0014
0014
0014
0002
0013
01E1
01E1
0027
0014
01E3
0002
0014
0014
0014
0014
0014
0026
0298
0018
0026
0013
0392
0014
0014
0014
0014
0014
0014
0019
0880
002D
0027
0014
0393
0014
0014
0014
0014
0014
0014
0023
00A6
0030
0019
0014
00A9
0014
0014
0014
0014
0014
0014
01E6
00F3
0881
0522
0035
0014
0105
014E
0882
01EA
0284
003B
063D
025C
00B1
0014
01A9
03F9
00FE
00FF
0041
0042
00D1
020C
0045
0046
0173
0668
0368
0369
00BC
0106
004F
015E
0074
0014
0883
00BE
010B
036C
0055
0056
0161
005E
0097
0014
00C2
0163
010F
0884
005D
005E
0111
00FB
00DD
0014
0122
0791
02E5
0115
02E4
00CC
0068
0282
016B
0014
0590
006D
01A2
0371
0336
0071
0072
0073
01A4
0014
0075
0076
021B
0078
0120
01A7
007B
0885
007D
0014
0173
01AA
03ED
0176
0886
04AD
0084
0242
0086
0050
0087
021D
0179
017A
010D
00AF
008D
02B0
0035
0014
02F4
0887
0378
017F
0093
0083
0095
01B5
0097
0014
00DE
02F9
021F
069A
0001
0002
0003
01B9
0005
0006
068D
03D9
0009
06D2
0888
000C
0889
046C
0297
0026
0145
001A
0013
0014
00A8
0014
0002
0002
0014
0014
0014
0016
0017
0018
0019
0014
001A
0002
0002
0014
0002
0002
0002
001B
001C
001D
001E
001F
0010
0002
0002
0014
0002
0002
0014
001B
001A
0016
001F
0014
0010
0002
0014
0002
0014
0014
0014
001D
001B
0012
0023
0014
0012
0014
0002
0002
0014
0002
0014
001D
001C
0022
0023
0014
0018
0014
0002
0014
0002
0014
0014
0016
001A
0016
0023
0025
0016
0014
0014
0002
0002
0002
0002
0018
0012
0018
0027
0014
001A
0002
0014
0002
0014
0014
0002
0027
0256
00F0
0027
0014
0029
0002
0014
0014
0014
0014
0014
0026
018E
0022
0026
0013
00A7
0014
0002
0014
0014
0014
0002
0026
002C
002D
0013
0014
002E
0014
0014
0014
0002
0014
0002
0019
002F
0030
0019
0014
00A7
0002
0014
0002
0014
0014
0002
020F
00F3
034A
0522
0035
0014
01BF
088A
0667
0569
00AE
003B
003C
00FB
0035
0014
01C1
088B
003F
07D9
00B6
0056
0043
0044
015A
0046
027D
0055
00BA
034F
0240
004C
0669
004E
004F
0014
0109
088C
0261
0443
00C0
0056
00D1
019B
0002
0014
00C2
0120
0214
005C
00C6
0310
005F
0060
0061
0014
0062
03FE
0311
00CA
0066
0067
0068
0069
006A
006B
00CD
0474
006E
0475
0070
0071
00D1
0073
016B
0014
0075
0076
0077
0078
00D4
007A
048A
01FF
007D
0014
01A9
03EC
02AA
0696
00D7
00AF
0084
0178
0086
0050
0087
00D9
07DD
07DE
0031
03A9
008D
04BC
0035
0014
008F
0090
017E
0699
005D
00AF
0095
005E
0097
0014
0098
00DF
009A
07DF
07B8
0002
00E3
066E
071F
088D
0007
013D
088E
00A2
000B
07B9
000D
000E
018D
0010
001B
0012
0014
0014
001E
0014
0014
0002
0014
0014
0014
00EE
046E
0012
0027
0014
002E
0002
0002
0014
0014
0014
0014
0024
0024
0010
001E
0014
0016
0014
0002
0002
0002
0002
0014
001D
001E
0020
0023
0021
001B
0014
0014
0014
0014
0014
0014
0022
0024
0022
001F
0014
0022
0014
0002
0014
0014
0014
0014
0022
001C
0012
0019
0014
0016
0014
0014
0014
0014
0002
0014
0024
001F
0010
0026
0014
0012
0014
0014
0002
0014
0002
0002
0018
001E
0010
0026
0014
00EE
0014
0014
0014
0014
0014
0014
0027
002F
0022
0014
0014
06D8
0014
0014
0014
0014
0014
0014
0026
002A
0022
0027
0014
00A9
0014
0014
0014
0014
0014
0014
0019
00AA
0022
0027
0014
002E
0014
0014
0014
0014
0014
0014
0023
01E4
0022
0027
0014
00A9
0014
0014
0014
0014
0014
0002
018F
0032
02D7
0034
0014
0014
0422
088F
07A5
0774
00F9
0152
07BB
0034
0002
0014
07F6
0890
0731
07BD
01F1
0042
020B
0194
0045
0014
0036
07BE
015B
0729
0105
02DF
004D
012D
0097
0050
008C
0891
07C0
0892
0109
04FF
0057
0058
004F
0014
0059
0893
005B
0650
0110
005E
005F
0096
0097
0014
00AC
03E4
0281
07C3
042B
00CC
0068
0116
016B
0014
0117
07C4
07C5
0518
03D1
00B7
0072
011B
0074
0014
0284
07C8
07C9
0737
023D
006B
0171
007C
0014
0014
0173
062B
02ED
0738
0240
0083
0241
0085
00DD
0014
047A
0243
0089
0289
027E
008C
07CD
008E
0035
0014
0894
0895
01B2
0739
0132
0094
07D0
0096
00DD
0014
0896
0897
0603
0898
0001
0002
0003
0899
0224
0006
00A0
079B
0009
057D
000B
0296
057E
000E
0297
0026
00ED
0012
0013
0014
00A8
0014
0002
0002
0014
0014
0014
00EE
0146
0018
0019
0014
00A7
0002
0002
0014
0014
0014
0014
0020
001C
0016
001E
0014
0018
0002
0002
0002
0002
0002
0014
001B
00EE
0020
0019
0014
001B
0002
0014
0002
0014
0014
0014
001D
0024
0022
0019
0014
0012
0014
0002
0002
0014
0002
0014
0022
001B
0018
0023
0014
0016
0014
0002
0014
0002
0014
0014
0022
00EE
0016
0023
0025
0016
0014
0014
0002
0014
0002
0002
0012
0012
0018
0027
0014
001A
0002
0014
0002
0014
0014
0002
0027
01BD
0016
0027
0014
01BE
0002
0014
0014
0014
0014
0014
0026
002A
0022
0013
0014
04DC
0014
0002
0014
0014
0014
0002
0019
002C
0010
0013
0014
002E
0014
0014
0014
0014
0014
0002
0023
00A6
0016
0014
0014
00A9
0002
0014
0002
0014
0014
0002
0031
00F3
04DD
0522
0035
0014
00AC
0037
04DF
0396
00F9
0152
0523
0363
0002
0014
029D
003E
057F
0040
00FC
0042
0043
0044
0045
0014
0047
0048
0049
004A
004B
004C
0061
004E
0097
0014
0051
0052
089A
0054
0055
0056
0057
019B
00B1
0014
019C
005A
010F
005C
005D
005E
005F
00F5
0061
0014
0062
0063
0064
0065
0066
0067
0068
0069
006A
006B
006C
006D
01A2
0475
01CC
0283
0072
0073
016B
0014
0075
0076
0077
0078
0079
007A
0171
040B
007D
0014
01A9
00D6
02AA
0201
0082
01AC
00D8
0282
0086
0014
008F
0088
040C
0376
010D
008C
02CE
012D
0035
0014
008F
0090
04EA
026E
0132
0083
089B
03D4
0014
0014
0098
0099
03D5
04EB
07E0
0002
00E3
0188
009F
00E5
048F
0008
04B9
000A
089C
000C
02B9
089D
02BA
0010
001D
0015
0014
0014
001F
0014
0002
0002
0014
0014
0014
0016
001D
0012
0013
0014
001A
0002
0002
0014
0002
0002
0002
001B
0024
001D
001E
001F
0016
0014
0002
0014
0002
0002
0014
0016
001E
001A
001F
0021
0010
0002
0014
0014
0014
0014
0014
0012
001B
0018
001F
0014
0022
0014
0002
0014
0014
0002
0014
001D
001C
0022
0013
0014
001A
0014
0002
0014
0014
0002
0014
0024
001A
0010
0021
0014
0012
0014
0014
0014
0002
0002
0002
0018
001E
0010
0026
0014
00EE
0014
0014
0014
0014
0014
0002
0013
00EF
01E1
0014
0014
00F1
0014
0014
0014
0014
0014
0014
0026
02D5
0417
0026
0013
00A7
0014
0014
0014
0014
0014
0014
0019
02D5
002D
0027
0014
002E
0014
0014
0014
0002
0014
0014
0019
04BA
0030
0019
0014
00A7
0014
0014
0014
0014
0014
0014
0497
0032
089E
0034
0014
0014
01BF
0305
089F
08A0
03BD
003B
0057
0034
00B1
0014
01C1
0868
08A1
08A2
004B
034D
0159
04A1
015A
0046
00F6
08A3
03E1
086A
0427
0713
004D
04A4
004F
0050
04BD
0424
08A4
08A5
06EF
04FF
04A5
0058
004F
0014
0162
0062
0516
059D
0122
0152
0165
0060
00DD
0014
03FF
0791
08A6
08A7
01F6
04C2
0068
08A8
0002
0014
042E
0333
01FA
0502
01FC
0071
03E7
03A3
0074
0014
0284
0800
0285
060B
03E9
01A7
021C
0627
0014
0014
0173
007F
0719
02EE
00D7
0083
02EF
04C9
00DD
0050
0339
047B
02F2
0289
02CD
0046
062F
008E
0035
0014
017C
03AA
08A9
0388
02A3
0094
08AA
0096
0097
0014
012E
038A
08AB
04D2
0001
0002
0003
035D
0005
0006
0205
04D5
0009
08AC
068E
018B
0889
0207
0297
0026
00ED
001A
0013
0014
00A8
0014
0002
0002
0014
0014
0014
0026
0348
0018
0019
0014
00A7
0002
0002
0014
0014
0014
0002
0020
001C
001D
001E
0019
0010
0002
0002
0002
0002
0014
0014
001B
001F
0020
00EE
0014
001B
0002
0014
0002
0014
0014
0014
001D
0024
0012
0023
0014
0012
0014
0002
0002
0014
0002
0014
0021
001C
0022
0023
0014
0018
0014
0002
0014
0002
0014
0014
0016
00EE
0016
0023
0025
0016
0014
0014
0002
0014
0002
0002
0014
00EF
04DA
0027
0014
01BC
0002
0014
0002
0014
0014
0002
0027
01BD
0016
0027
0014
01BE
0002
0014
0014
0014
0014
0014
0026
04DB
0022
0026
0013
04DC
0014
0002
0014
0014
0014
0002
0019
018E
002D
0013
0014
002E
0014
0014
0014
0014
0014
0002
0023
00A6
0030
0014
0014
00A9
0002
0014
0002
0014
0014
0002
020F
00F3
0258
0522
0035
0014
0036
0209
0365
043F
0306
00AF
08AD
0367
0097
0014
003D
003E
083C
0193
00B6
00B7
0043
0044
0045
0046
0047
0048
00BA
034F
004B
004C
02C1
004E
004F
0014
0051
0693
08AE
08AF
03C7
0056
00D1
019B
00B1
0014
00C2
0120
0214
005C
00C6
0310
005F
005E
0061
0014
0062
0063
03E5
00CA
0066
0067
0068
0069
006A
006B
006C
0474
01A2
0475
01CC
0014
07A2
07A3
016B
0014
0075
0076
0077
0078
00D4
007A
0317
040B
007D
0014
01A9
03EC
02AA
0696
0082
01AC
00D8
0282
0086
0050
008F
0088
040C
07DE
010D
008C
0528
012D
0035
0014
008F
0090
04EA
0699
0093
0083
0529
00DC
0014
0014
0098
021E
03D5
08B0
07E0
0002
00E3
0004
071F
0225
0007
013D
06E9
000A
000B
0324
000D
000E
02BA
0010
0020
0012
0014
0014
001E
0014
0002
0002
0014
0014
0014
0016
001B
0012
0027
0014
001A
0014
0002
0014
0002
0002
0002
001B
0024
0022
001E
001F
0016
0014
0002
0014
0002
0002
0014
0016
001E
0022
001F
0021
0010
0014
0014
0014
0014
0014
0014
001E
001B
0022
001F
0014
0022
0014
0014
0014
0014
0002
0014
001D
001C
0012
0027
0014
0016
0014
0002
0014
0014
0002
0014
0024
001A
0010
0021
0014
0012
0014
0014
0014
0002
0002
0002
0018
001E
0010
0026
0014
0023
0014
0014
0014
0014
0014
0002
0027
00EF
0147
0014
0014
00F1
0014
0014
0014
0014
0014
0014
0026
069C
0147
0027
0014
00A7
0014
0014
0014
0014
0014
0014
0019
02D5
0022
0027
0014
002E
0014
0014
0014
0002
0014
0014
0019
04BA
0022
0019
0014
00A7
0014
0014
0014
0014
0014
0014
016C
0032
02D7
0034
0014
0014
014D
08B1
07A5
058F
003A
003B
08B2
0034
0002
0014
0592
08B3
08B4
08B5
01F1
0042
0159
0194
015A
00AF
00F6
0577
015B
0609
0059
02DF
004D
0713
0074
0050
08B6
08B7
02E0
08B8
0109
04FF
0057
0058
004F
0014
0059
0562
005B
08B9
02B1
005E
0165
0060
0097
0014
08BA
08BB
08BC
0793
0155
04C2
0068
0116
016B
0014
042E
07C4
0238
0518
045C
0071
0072
023A
0074
0014
0284
0736
0795
060B
023D
006B
007B
07EC
0014
0014
0173
062B
02ED
0738
00D7
0083
02EF
0803
00DD
0014
0339
047B
02F2
0289
014B
0046
062F
008E
0035
0014
017C
0769
08A9
0739
030A
0094
0632
0096
0097
0014
05A3
0668
0807
08BD
0185
0002
00E3
0004
00E4
0006
0007
0008
0009
0343
000B
000C
00EA
000E
0255
0026
0552
0015
0014
0014
0303
0014
0014
0002
0014
0014
0014
00EE
0275
0012
0019
0014
01BC
0002
0002
0014
0002
0014
0002
001B
001B
0016
001E
0019
0016
0014
0002
0002
0002
0002
0014
001B
001E
0020
001F
0014
0010
0002
0014
0014
0014
0014
0014
001D
001D
0018
0026
0014
0012
0014
0002
0014
0014
0002
0014
0022
001C
0018
0023
0014
0016
0014
0002
0014
0014
0002
0014
0016
001F
0010
0019
0014
0018
0014
0014
0002
0014
0002
0002
0018
0015
0010
0027
0014
00EE
0002
0014
0002
0014
0014
0014
0027
0349
01E1
0014
0014
01BE
0002
0014
0014
0014
0014
0014
0026
002C
0022
0027
0014
002E
0014
0002
0014
0014
0014
0014
0026
002C
0010
0027
0014
002E
0014
0014
0014
0002
0014
0014
0023
00A6
0016
0027
0014
00A9
0002
0014
0002
0014
0014
0014
05E6
00F3
0258
0034
0014
0014
0036
022C
0038
025A
003A
0152
022D
00FB
0002
0014
01C1
08BE
02BF
0040
01F1
0042
0043
0044
0045
0257
01C3
03C0
0049
004A
0059
004C
004D
004E
004F
0014
0198
0199
0261
0054
08BF
0056
0057
0058
0097
0014
0059
0163
005B
00C5
02B1
005E
005F
0060
0061
0014
00C8
0113
02E5
0065
0218
0067
0068
0069
016B
0014
0473
01F9
07C5
01FB
0070
00D0
0072
0073
01A4
0014
0075
0583
0077
011F
023D
007A
0171
0121
0014
0014
0105
0354
0355
0201
01C3
0257
08C0
0126
0086
0014
0087
033A
08C1
08C2
012B
007A
05EE
0202
0035
0014
008F
08C3
02B2
03AC
030A
0083
05C7
0096
00DD
0014
00DE
03AF
038B
01B7
0404
0002
0003
044D
009F
013B
0205
08C4
02FE
000A
04F1
043C
0816
08C5
000F
0010
0011
0012
0013
0014
001A
0014
0002
0002
0014
0014
0014
0016
0017
0018
0014
0014
001A
0002
0002
0014
0014
0002
0014
0024
001C
001D
001E
001F
0012
0002
0014
0014
0002
0014
0014
0024
001E
0016
0023
0021
001B
0014
0014
0002
0014
0014
0014
0018
001B
0022
001F
0014
0022
0014
0002
0002
0014
0002
0014
001D
001B
0022
0019
0014
001E
0014
0014
0014
0002
0014
0014
0024
001A
0016
0023
0025
0016
0014
0014
0014
0002
0002
0002
0012
0012
0010
0026
0014
001A
0014
0014
0014
0014
0014
0002
0027
0028
0016
0027
0014
01E3
0002
0014
0014
0014
0014
0014
0026
002A
0012
0026
0013
002B
0014
0002
0014
0014
0014
0002
0019
01E4
002D
0013
0014
002E
0014
0014
0014
0014
0014
0002
0019
037C
0030
0019
0014
00A7
0014
0014
0014
0014
0014
0002
0818
0032
0573
0522
0035
0014
03CF
0209
0671
0574
0306
003B
003C
0034
0014
0014
029D
003E
00FE
0461
00BC
0056
020B
00B7
015A
0046
0036
0048
020D
020E
004B
0106
0197
0210
01A4
0050
030A
059A
027F
05E7
02C1
010E
05F8
0060
004F
0014
03C9
01A6
08C6
005C
0031
0152
005F
005E
00DD
0014
0112
0063
0216
08C7
0169
00CC
0068
0282
006A
006B
0117
00CE
006E
08C8
016E
0071
03E7
0351
0074
0014
0315
0800
08C9
04C6
00D4
007A
021C
007C
007D
0014
007E
0319
0080
08CA
0082
0083
0084
0085
00DD
0050
012E
0088
0089
008A
0031
008C
008D
008E
0035
0014
0438
0090
0091
0092
005D
0094
0095
0056
0097
0014
052A
00DF
00E0
08CB
03B0
0002
0003
044D
0005
0006
048F
08CC
0009
05B9
0709
000C
08CD
08CE
000F
0010
001D
0012
0013
0014
001F
0014
0002
0014
0014
0014
0014
0026
002A
001E
0014
0014
00A7
0014
0002
0014
0002
0014
0014
0010
001C
0022
0013
001F
0012
0002
0002
0002
0002
0014
0014
0024
001E
0020
0023
0021
001B
0014
0014
0014
0014
0014
0014
001D
001B
0022
001F
0014
0022
0014
0002
0014
0014
0014
0014
0021
053F
001A
0019
0014
0149
0014
0002
0014
0014
0002
0014
0024
001A
0010
0023
0014
0016
0014
0014
0014
0002
0002
0002
0018
001E
0010
0026
0014
0023
0014
0014
0002
0014
0014
0002
0014
002F
0022
0014
0014
00A8
0002
0014
0014
0014
0014
0014
0026
002A
0022
0026
0013
00A9
0014
0014
0014
0014
0014
0002
0019
00AA
002D
0013
0014
002E
0014
0014
0014
0014
0014
0002
0019
002F
0030
0014
0014
00A7
0002
0014
0002
0014
0014
0002
00C2
0032
0759
0034
0035
0014
0102
08CF
08D0
08D1
00AE
00AF
00B0
0034
0014
0014
003D
00B3
03BB
03BC
00B6
02D8
0043
0308
00B1
0046
0047
03C0
08D2
08D3
0425
03C4
004D
0210
0061
0050
04BD
0211
032E
08D4
0497
0056
08D5
0058
004F
0014
03C9
036E
08D6
08D7
042A
03A9
08D8
00FB
00DD
0014
0062
0063
061A
08D9
04AA
00CC
0068
01F7
006A
0014
00CD
03D0
08DA
006F
045C
00B7
00D1
0073
0074
0014
01CF
0076
02CA
00D3
00D4
0014
0433
007C
0014
0014
0173
06F6
01AB
0081
00D7
0083
08DB
0085
0086
0050
0087
071B
0089
0289
0031
008C
05C6
008E
0035
0014
02F4
0090
01B2
028B
005D
0094
05C7
00DC
0014
0014
0098
00DF
05C8
00E1
038C
0002
00E3
0004
071F
0225
00A0
076D
00E8
08DC
000B
043C
00EA
000E
0255
0019
00ED
001A
0014
0014
0303
0014
0002
0002
0014
0014
0014
0016
0017
0018
0019
0014
001A
0002
0002
0014
0014
0002
0002
001B
0024
001D
001E
0019
0016
0014
0002
0014
0002
0002
0014
001B
001E
0022
001F
0014
0010
0002
0014
0002
0014
0014
0014
0019
002F
0015
0023
0014
00EF
0014
0002
0002
0014
0002
0014
001D
001C
0022
0023
0014
0016
0014
0002
0014
0002
0014
0014
0022
00EE
0016
0021
0025
0018
0014
0014
0002
0014
0002
0002
0018
0012
0018
0027
0014
001A
0002
0014
0014
0014
0014
0002
0027
01E1
00F0
0027
0014
01E3
0002
0014
0014
0014
0014
0014
0026
002C
0022
0027
0014
00A7
0014
0002
0014
0014
0014
0014
0026
002C
0022
0027
0014
0393
0014
0014
0014
0002
0014
0014
0023
002C
0022
0019
0014
00A9
0014
0014
0014
0014
0014
0014
0031
00F3
043E
00F5
0014
0014
02E4
0037
08DD
025A
00F9
003B
0397
00FB
0002
0014
00C3
0192
003F
0040
0100
0042
0426
0044
0045
0257
00F6
0048
08DE
08DF
004B
004C
0107
004E
004F
0014
0051
0231
0261
0054
0055
008C
08E0
0430
0097
0014
0059
005A
08E1
08E2
005D
005E
03E7
0060
0061
0014
025D
0113
08E3
08E4
0066
0067
0068
0069
016B
006B
016C
03A2
02A6
02A7
01CC
0071
0072
011B
016B
0014
0122
016F
05ED
011F
02EA
007A
007B
0830
007D
0014
0339
007F
03A6
0176
0082
00AF
0084
01F7
00DD
0014
0127
0088
0358
026B
012B
03A9
008D
012D
0035
0014
0364
03AA
05DB
026E
0132
0083
0095
0096
0097
0014
03AE
03AF
009A
0271
0185
0002
00E3
028F
0005
0006
0205
0008
0009
01DD
04F1
08E5
0346
00EB
0297
0026
002C
0012
0013
0014
0392
0014
0002
0002
0014
0014
0014
0016
01E0
0018
0014
0014
001A
0002
0002
0014
0002
0014
0002
001B
001B
0016
001E
0019
0022
0002
0002
0014
0002
0002
0014
001D
001E
0016
001F
0021
001B
0002
0014
0002
0014
0014
0014
001D
001D
0022
0023
0014
001E
0014
0002
0002
0014
0002
0014
001D
001C
0018
0023
0014
0018
0014
0002
0014
0002
0014
0014
0016
001F
0010
0023
0014
0016
0014
0014
0014
0002
0002
0002
0012
001E
0018
0026
0014
00EE
0014
0014
0014
0014
0014
0014
0013
0256
01E2
0027
0014
0029
0002
0014
0014
0014
0014
0014
0026
0298
0022
0026
0013
0392
0014
0014
0014
0014
0014
0002
0019
0880
002D
0014
0014
002E
0014
0014
0014
0002
0014
0002
0023
037C
0030
0014
0014
002B
0014
0014
0014
0014
0014
0002
00AB
00F3
08E6
0034
0035
0014
017C
0866
08E7
08E8
01EB
003B
01EC
00FB
0014
0014
041E
041F
08E9
08EA
004B
00B7
020B
020C
0045
0046
01E7
03C0
0596
0597
0240
015D
004D
004E
004F
0050
0109
08EB
08EC
0160
00C0
0056
0426
0058
0002
0014
006B
030F
0516
0429
00C6
0152
005F
0060
0061
0014
08ED
019E
02C7
08EE
042D
00CC
0312
016A
006A
0014
042E
0313
042F
08EF
01FC
0071
03E7
0073
0074
0014
01CF
0384
056D
0337
03E9
01A7
048A
08F0
007D
0014
0105
007F
08F1
05FF
00D7
0257
0084
0178
0086
0050
02F4
021D
0179
026B
008B
00AF
008D
0202
0014
0014
02F4
01B1
017E
017F
0093
0083
0095
0096
0014
0014
0098
01B6
009A
0439
0404
0002
0003
02FC
0405
00E5
0007
0273
02FE
02B7
000B
04EC
000D
000E
02BA
0010
0011
001F
0014
0014
0015
0014
0002
0002
0014
0014
0014
00EE
0146
001E
0019
0014
00A7
0002
0002
0014
0014
0002
0014
0020
001C
001D
001E
001F
0016
0014
0002
0002
0002
0002
0014
001B
001E
0020
0023
0014
0010
0002
0014
0014
0014
0014
0014
0022
001B
0012
001F
0014
0022
0014
0002
0014
0014
0014
0014
0022
0024
0022
0027
0014
0016
0014
0002
0014
0014
0002
0014
0024
001A
0016
0026
0025
0019
0014
0014
0002
0014
0002
0002
0018
0012
0010
0027
0014
001A
0002
0014
0002
0014
0014
0002
0027
01BD
0016
0014
0014
0149
0002
0014
0014
0014
0014
0014
0026
002A
0018
0027
0014
00A9
0014
0002
0014
0014
0014
0014
0019
002C
0010
0027
0014
002E
0014
0014
0014
0014
0014
0014
0019
00A6
0016
0019
0014
002E
0002
0014
0002
0014
0014
0014
0031
0032
0033
02D8
0014
0014
0036
0037
0190
0039
00F9
0152
0523
0034
0002
0014
02BD
003E
057F
0040
0100
0042
0043
0044
015A
00AF
0409
087B
0049
004A
0105
004C
0197
012D
01A4
0014
0198
0052
0053
0054
010D
030E
0057
019B
004F
0014
08F2
005A
0607
0471
0110
005E
005F
00FB
0097
0014
0087
0167
0064
0065
0066
0067
0068
0069
016B
006B
006C
006D
006E
0475
01CC
00D0
0072
0351
01A4
0014
0122
016F
023B
0078
0079
007A
0171
007C
0014
0014
007E
0200
0080
0081
0082
0083
0241
0085
00DD
0014
0087
0243
0089
0289
01E6
008C
068A
008E
0035
0014
0127
040E
01B2
028B
0180
0094
028C
03D4
0097
0014
012E
0099
03F2
009B
0411
0002
00E3
0004
00E4
00E5
00A0
0008
03F3
02B7
000B
000C
000D
000E
018D
0010
001D
001E
0014
0014
001E
0014
0002
0002
0014
0014
0014
00EE
046E
0018
0027
0014
01BC
0002
0002
0014
0002
0014
0002
0010
001C
0010
001E
0019
0016
0014
0002
0014
0002
0002
0014
0024
001E
0020
0023
0021
001B
0014
0014
0014
0014
0014
0014
0022
0020
0012
001F
0014
0022
0014
0002
0002
0014
0014
0014
0022
001C
0012
0023
0014
0016
0014
0002
0014
0014
0014
0014
0016
001A
0010
0019
0014
0016
0014
0014
0014
0002
0014
0002
0018
001E
0018
0026
0014
00EE
0014
0014
0002
0014
0014
0014
0027
002F
0018
0027
0014
0392
0014
0014
0014
0014
0014
0014
0026
002A
0022
0027
0014
00A9
0014
0014
0014
0014
0014
0002
0019
00AA
002D
0027
0014
002E
0014
0014
0014
0014
0014
0002
0023
04BA
0030
0019
0014
002B
0014
0014
0014
0014
0014
0002
018F
0032
02D7
00F5
0014
0014
01EB
08F3
02D9
08D1
003A
0152
03F8
0034
0002
0014
00FC
06A0
0731
01F0
027C
0042
0043
0194
0045
0046
0102
030D
0049
004A
020F
02DF
0197
0210
01A4
0050
0117
08F4
032E
08F5
012B
010E
0057
019B
004F
0014
0059
05E6
010F
0849
02B1
005E
005F
0096
0061
0014
01F5
0239
0281
0065
042B
00CC
0068
0116
016B
0014
042E
0734
0238
0735
0401
00B7
0072
011B
0074
0014
00AB
0431
011E
01A5
0079
006B
0286
007C
007D
0014
0403
0319
01AB
0081
00D7
01AC
06E3
0085
00DD
0014
0087
033A
0089
033B
008B
008C
05EE
008E
0035
0014
014D
0090
01B2
028B
0093
0094
05C7
0096
0097
0014
0134
0099
05A4
0184
0138
0002
009D
035D
009F
0006
073C
07D3
0009
01DD
08F6
0296
03DB
08F7
0297
0026
0145
0012
0013
0014
00A8
0014
0002
0002
0014
0014
0014
0016
0017
0015
0019
0014
001A
0002
0002
0014
0014
0002
0002
001B
001B
001D
001E
001F
0010
0002
0002
0002
0002
0002
0014
001B
001A
0012
001F
0014
0010
0002
0014
0002
0014
0014
0014
001D
001B
0022
0023
0014
0012
0014
0002
0014
0014
0002
0014
001D
001B
0022
0014
0014
001E
0014
0002
0014
0002
0002
0014
0024
001F
0016
0023
0025
0016
0014
0014
0002
0014
0002
0002
0018
0012
0010
0027
0014
001A
0002
0014
0014
0014
0014
0002
0027
0256
00F0
0014
0014
0029
0002
0014
0014
0014
0014
0014
0026
002C
0012
0026
0013
00A7
0014
0002
0014
0014
0014
0014
0019
002C
0010
0014
0014
002E
0014
0014
0014
0002
0014
0014
0019
00A6
0016
0014
0014
002E
0002
0014
0002
0014
0014
0014
0818
00F3
04DD
0034
0035
0014
022B
08F8
0038
0691
0306
003B
003C
0308
0035
0014
029D
003E
003F
0193
00B6
0056
020B
0044
015A
00AF
0047
0230
08F9
0597
004B
004C
004D
004E
004F
0014
00BD
0693
03E3
08FA
0448
0056
00D1
0058
0097
0014
00C2
08FB
00C4
02C5
0031
0310
005F
0060
0014
0014
00C8
05EB
0311
01CA
0066
0067
0068
0069
006A
006B
006C
0474
02A6
006F
03E6
0071
03E7
0073
01A4
0014
0075
0076
03E8
0078
03E9
007A
03EA
03EB
0014
0014
0173
03EC
03ED
0374
0082
0083
0084
0282
0086
0050
008F
0088
0585
06CE
018F
0046
008D
012D
0014
0014
008F
02F5
026D
06D6
006C
03A9
0095
01B5
0014
0014
00DE
02D1
0270
0271
0001
0002
009D
0814
00E4
0006
048F
0008
0323
05B9
0206
000C
08CD
08FC
000F
0010
01E0
0012
0013
0014
001F
0014
0002
0014
0014
0014
0014
0026
002A
001E
0014
0014
00A7
0002
0002
0014
0002
0002
0002
0010
001C
0022
001E
0019
0022
0002
0002
0002
0002
0014
0014
0024
001E
0020
0023
0021
001B
0014
0014
0002
0014
0014
0014
001D
0012
0022
001F
0014
0022
0014
0014
0014
0014
0002
0014
0021
053F
001A
0023
0014
05BC
0014
0002
0014
0002
0002
0014
0024
001F
0010
0023
0014
0016
0014
0014
0014
0002
0002
0002
0018
001E
0010
0026
0014
0023
0014
0014
0002
0014
0014
0002
0014
01BD
0022
0014
0014
01BE
0002
0014
0014
0014
0014
0014
0026
002A
0022
0013
0014
00A9
0014
0002
0014
0014
0014
0002
0019
002C
0010
0013
0014
002E
0014
0014
0014
0014
0014
0002
0019
037C
0016
0014
0014
00A7
0002
0014
0002
0014
0014
0002
0315
0032
04A5
0034
0035
0014
0102
00AD
0452
08FD
00AE
00AF
00B0
0034
0014
0014
003D
00B3
03BB
03BC
0503
03BE
0043
0308
015A
0257
025D
03C0
08FE
08FF
019A
03C4
004D
0210
0061
0050
027E
0211
032E
03C6
0448
0056
03C8
0058
004F
0014
03C9
0549
0900
03CB
00C6
0083
08D8
00FB
0061
0014
01F5
0063
0901
08D9
03CF
0067
0068
016A
006A
0014
042E
03D0
0334
006F
045C
00D0
00D1
0073
0074
0014
010D
0076
00D2
00D3
00D4
0014
0317
007C
0014
0014
007E
0354
01AB
0081
00D7
0083
05C5
0085
0086
0014
0087
05B5
0089
0289
0031
008C
05C6
008E
0035
0014
02F4
0090
01B2
028B
016C
0094
05C7
03D4
0014
0014
0098
00DF
05C8
00E1
043A
0002
031F
0004
009F
0225
00A0
05C9
02FE
0902
000B
043C
0829
000E
00EC
0019
00ED
001A
0014
0014
0303
0014
0002
0002
0014
0014
0014
0016
0017
0018
0019
0014
001A
0002
0014
0014
0014
0014
0002
001B
0020
001D
001E
001F
0016
0014
0002
0014
0002
0002
0014
001B
001E
0016
001F
0014
0010
0002
0014
0014
0014
0014
0014
0019
0391
00EE
0023
0014
0361
0014
0002
0002
0014
0002
0014
001D
001D
0022
0027
0014
0016
0014
0002
0014
0014
0014
0014
0016
001A
0016
0021
0025
0018
0014
0014
0002
0014
0002
0002
0012
0012
0018
0027
0014
001A
0002
0014
0014
0014
0014
0014
0027
01E1
00F0
0027
0014
01E3
0002
0014
0014
0014
0014
0014
0026
01E4
0022
0026
0013
0392
0014
0002
0014
0014
0014
0014
0026
01E4
002D
0027
0014
0393
0014
0014
0014
0002
0014
0014
0023
00A6
0030
0019
0014
00A9
0014
0014
0014
0014
0014
0014
0031
00F3
043E
003B
0014
0014
02E4
0037
05CD
0396
00F9
003B
0397
00FB
0002
0014
00C3
0192
003F
0040
0041
0042
0398
0044
0045
0046
01C3
0048
0441
082C
0105
004C
0107
004E
004F
0014
0051
0199
0261
0054
010D
008C
0903
039C
0097
0014
0059
005A
0904
0905
0110
005E
0447
0060
0097
0014
00C8
0113
0449
05D7
0066
00CC
0312
0069
016B
006B
006C
03A2
006E
02A7
01CC
0071
0072
03A3
016B
0014
0122
016F
02A8
011F
02EA
007A
007B
0830
007D
0014
0105
03A5
03A6
0176
0082
00AF
0084
01F7
00DD
0050
0127
0088
0585
0376
012B
03A9
008D
012D
0035
0014
0364
03AA
05DB
026E
0093
0083
0095
0096
0097
0014
03AE
03AF
009A
0271
0001
0002
009D
044D
00E4
0006
0379
0008
0323
0906
02B8
000C
03B4
05BB
000F
0010
01E0
0012
0013
0014
001F
0014
0002
0014
0014
0014
0014
0026
002A
001E
0014
0014
002E
0002
0002
0014
0002
0014
0002
00EE
001C
0022
001E
0019
0022
0002
0002
0014
0002
0002
0014
0024
001E
0020
0023
0021
001B
0014
0014
0014
0014
0014
0014
001D
0012
0022
001F
0014
0022
0014
0014
0014
0014
0014
0014
0021
053F
001A
0023
0014
01E2
0014
0002
0014
0014
0014
0014
0010
001A
0010
0023
0014
0016
0014
0014
0014
0002
0002
0002
0018
001E
0018
0026
0014
0023
0014
0014
0002
0014
0014
0002
0014
01BD
0018
0014
0014
037B
0014
0014
0014
0014
0014
0014
0026
002A
0022
0013
0014
00A9
0014
0002
0014
0014
0014
0002
0019
002C
002D
0013
0014
002E
0014
0014
0014
0014
0014
0002
0023
037C
0030
0014
0014
002B
0002
0014
0002
0014
0014
0002
018F
0032
0451
0034
0035
0014
0102
0277
0452
0907
003A
00AF
00B0
0034
0014
0014
003D
00B3
03BB
0576
0503
055D
0043
0308
0045
0046
0036
03C0
0908
08FF
020F
03C4
004D
0210
0061
0050
04BD
0052
032E
0779
0212
0056
0762
0058
004F
0014
019C
0909
0763
090A
042A
0083
0459
00FB
0061
0014
01F5
0063
090B
090C
042B
0067
0068
016A
006A
0014
042E
006D
016D
006F
045C
00B7
0072
0073
0074
0014
010D
0076
0077
00D3
0079
0014
0171
007C
0014
0014
01A9
045D
01AB
0081
00D7
0083
05C5
0085
0086
0014
0087
0288
0089
0289
008B
008C
05C6
008E
0035
0014
02F4
0090
01B2
028B
0093
0094
05C7
00DC
0014
0014
0098
021E
05C8
057C
043A
0002
031F
0004
009F
0225
0007
090D
02FE
08DC
0360
0296
090E
000E
0255
0026
00ED
001A
0014
0014
0303
0014
0002
0002
0014
0014
0014
0016
0017
0018
0019
0014
001A
0002
0002
0014
0014
0002
0002
001B
0020
001D
001E
001F
0016
0014
0002
0002
0002
0002
0014
001B
001E
0016
001F
0014
0010
0002
0014
0002
0014
0014
0014
0019
0391
001E
0023
0014
0361
0014
0002
0002
0014
0002
0014
001D
001D
0022
0027
0014
0016
0014
0002
0014
0002
0002
0014
0024
00EE
0016
0021
0025
0018
0014
0014
0002
0014
0002
0002
0018
0012
0010
0027
0014
001A
0002
0014
0014
0014
0014
0002
0027
0256
00F0
0027
0014
0029
0002
0014
0014
0014
0014
0014
0026
01E4
0022
0026
0013
0392
0014
0002
0014
0014
0014
0014
0026
01E4
0010
0027
0014
0393
0014
0014
0014
0002
0014
0014
0019
00A6
0022
0019
0014
002E
0014
0014
0014
0014
0014
0014
0031
00F3
043E
0522
0014
0014
03FF
0037
08DD
090F
0306
003B
0397
00FB
0002
0014
00C3
0192
003F
0040
0041
0042
0548
0044
015A
00AF
01C3
0048
0910
0911
004B
004C
0107
004E
004F
0014
0051
04E1
0261
0443
0055
008C
039B
0430
0097
0014
0162
005A
08E1
0912
005D
005E
0913
0060
0097
0014
00C8
0113
0449
05D7
0066
00CC
0068
0069
016B
006B
006C
02A5
02A6
02A7
03E6
0071
03E7
0282
016B
0014
0122
016F
044B
011F
03E9
007A
03EA
03A4
007D
0014
0173
007F
03ED
0176
0082
00AF
0084
01F7
00DD
0050
0127
0088
0585
0376
01F8
03A9
008D
012D
0035
0014
0364
03AA
05DB
026E
0132
03A9
0095
0096
0097
0014
03AE
03AF
009A
0271
038C
0002
00E3
0004
071F
0225
00E6
0008
0226
0251
000B
0324
00EA
00EB
0784
0019
018E
0015
0014
0014
0303
0014
0002
0002
0014
0014
0014
0016
01E0
0012
0019
0014
001A
0002
0014
0014
0014
0002
0002
001B
001D
001D
001E
001F
0016
0014
0002
0014
0002
0002
0014
001B
001E
0022
001F
0014
0010
0002
0014
0014
0014
0014
0014
0019
001B
001E
0023
0014
0012
0014
0014
0014
0014
0002
0014
001D
001C
0022
0023
0014
0016
0014
0002
0014
0014
0002
0014
0024
001A
0010
0021
0014
0018
0014
0014
0014
0014
0014
0002
0018
0012
0010
0027
0014
001A
0002
0014
0014
0014
0014
0002
0027
01E1
01E1
0014
0014
01E3
0002
0014
0014
0014
0014
0014
0026
02D5
01E1
0027
0014
00A7
0014
0014
0014
0014
0014
0014
0019
01E5
002D
0027
0014
002E
0014
0014
0014
0002
0014
0014
0019
00A6
0030
0019
0014
002E
0014
0014
0014
0014
0014
0014
016C
00F3
00F4
00F5
0014
0014
01E7
0037
0259
025A
003A
003B
01CE
00FB
0002
0014
052C
0192
0914
0915
01F1
0042
078C
0044
015A
0046
00F6
0048
0916
07FB
0105
032C
0107
015E
004F
0014
0470
0199
0917
0918
027E
008C
0057
0430
0097
0014
0059
005A
0919
091A
0110
005E
091B
0060
0061
0014
00AC
0113
091C
07EB
01F6
04C2
0068
0116
016B
0014
016C
03A2
0238
0335
01FC
0071
0072
0282
016B
0014
0122
016F
0535
011F
02EA
007A
007B
091D
0014
0014
0122
007F
06CA
0176
0082
0083
02EF
0798
00DD
0014
0377
0243
0129
051E
01F8
0046
062F
012D
0035
0014
091E
03AA
0630
03AC
0093
00AF
0632
0096
0097
0014
03AE
03AF
060D
04D2
03B0
0002
009D
0538
0005
0006
079A
079B
0009
0831
091F
018B
0920
000E
000F
0010
0011
0012
0013
0014
001A
0014
0002
0014
0014
0014
0014
0026
0348
0018
0027
0014
002E
0014
0002
0014
0002
0014
0014
00EE
03B5
0010
001E
0014
05E3
0002
0002
0002
0002
0014
0014
0024
001E
0020
00EE
0021
001B
0014
0014
0002
0014
0014
0014
001D
0020
0022
001F
0014
0022
0014
0002
0002
0014
0002
0014
0026
03B6
001A
0019
0014
00A9
0014
0002
0014
0002
0014
0014
0022
001F
0016
0023
0025
0016
0014
0014
0002
0002
0002
0002
0014
002B
079F
0026
0014
0921
0014
0014
0002
0014
0014
0002
0014
01BD
0016
0027
0014
01BE
0002
0014
0014
0014
0014
0014
0026
002A
0022
0026
0013
00A9
0014
0002
0014
0014
0014
0002
0019
002C
0010
0013
0014
002E
0014
0014
0014
0014
0014
0002
0023
037C
0016
0014
0014
002B
0002
0014
0002
0014
0014
0002
020F
0032
0033
0034
0035
0014
0102
00AD
034B
037D
01E6
00AF
0922
0034
0097
0014
003D
00B3
0638
00B5
00B6
0781
03BF
080E
0045
0014
0047
03C0
0923
0924
0240
004C
004D
004E
0061
0050
0109
00BE
0053
00BF
00C0
0056
00C1
0058
004F
0014
03C9
030F
0925
0619
0031
0083
0926
00FB
00C7
0014
0062
0063
03CD
085F
0066
0067
0068
0069
006A
006B
00CD
0927
01A2
006F
03E6
0014
07A2
07A3
0074
0014
010D
0076
00D2
00D3
054E
0014
0317
007C
007D
0014
007E
06F6
01AB
0081
00D7
01AC
0177
0085
0086
0050
0087
021D
0089
008A
008B
008C
017B
008E
0035
0014
008F
0090
0091
0092
0180
0094
061D
00DC
0014
0014
0098
021E
03D5
00E1
0411
0002
031F
0004
0558
00E5
02B5
0481
02FE
02B7
0344
000C
02B9
046C
0620
0010
001D
0015
0013
0014
0015
0014
0002
0002
0014
0014
0014
0026
0415
0018
0019
0014
01BC
0002
0014
0014
0014
0014
0014
001B
001D
001D
0023
001F
0016
0014
0002
0014
0002
0002
0014
001B
001E
0016
001F
0014
001B
0002
0014
0014
0014
0014
0014
0015
001B
0018
001F
0014
0022
0014
0002
0002
0014
0014
0014
0021
04F4
0417
0023
0014
0621
0014
0002
0014
0014
0002
0014
0024
001A
0010
0023
0014
0016
0014
0014
0014
0002
0002
0002
0012
0012
0010
0026
0014
001A
0002
0014
0014
0014
0014
0014
0027
0416
01E1
0027
0014
00A8
0002
0014
0014
0014
0014
0014
0026
01E4
0022
0027
0014
002E
0014
0014
0014
0014
0014
0014
0019
01E5
002D
0027
0014
002E
0014
0014
0014
0014
0014
0014
0019
002F
0030
0019
0014
00A7
0014
0014
0014
0014
0014
0014
018F
0032
0033
0034
0035
0014
0036
0037
0038
0039
003A
00AF
04F6
0034
0002
0014
003D
041F
02BF
02C0
01EB
00B7
020B
0044
004F
0046
0036
0055
0622
0623
020F
004C
004D
015E
004F
0014
0051
0199
0053
0054
00BC
04FF
0057
0058
004F
0014
0059
005A
02C4
02C5
0511
05AB
0624
0625
0061
0014
022B
019E
0500
0566
00CB
0370
0197
0069
006A
0014
019A
02A5
0238
0502
02C9
0283
021A
03A3
0074
0014
0503
016F
0285
0504
0626
006B
0505
0627
007D
0014
0105
007F
0080
048C
00D7
0083
00D8
0085
00DD
0014
0127
00D9
0437
008A
0240
0046
0528
008E
0035
0014
0364
03AA
0091
0092
02A3
0094
0529
0096
0097
0014
012E
038A
009A
0271
0138
0002
009D
035D
0005
0006
00A0
0008
0323
00E9
0295
0274
00EA
000E
0297
0026
0145
0012
0014
0014
00A7
0014
0002
0002
0014
0014
0014
0016
0017
001A
0014
0014
001A
0002
0002
0014
0002
0002
0002
0020
001C
0016
001E
0019
0022
0002
0002
0002
0002
0002
0014
0024
001A
0020
0021
0021
0010
0014
0014
0002
0014
0014
0014
001D
0024
0022
0019
0014
001A
0014
0014
0014
0014
0002
0014
001D
001C
0014
0014
0014
001E
0014
0002
0014
0002
0014
0014
0010
00EE
0016
0019
0025
0012
0014
0014
0002
0014
0002
0002
0018
001E
0018
0027
0014
0023
0014
0014
0002
0014
0014
0002
0027
0028
0016
0014
0014
00F1
0014
0014
0014
0014
0014
0014
0026
04DB
0022
0026
0013
002B
0014
0002
0014
0014
0014
0002
0019
002C
0010
0013
0014
002E
0014
0014
0014
0002
0014
0002
0023
00F2
0016
0014
0014
00A9
0002
0014
0002
0014
0014
0002
014B
00F3
029A
00F5
0014
0014
0364
014E
00F7
00F8
018F
003B
003C
061F
0014
0014
01F1
003E
00FE
01F0
0041
0042
0043
0101
0045
0257
027D
0048
0049
004A
004B
0106
0074
004E
007D
0050
0249
00BE
02A1
036C
0055
0056
0161
019B
00B1
0014
00C2
0280
010F
0235
005D
005E
005F
0014
0014
0014
0062
0167
0064
0065
0087
0067
0068
0282
016B
006B
006C
006D
01A2
0371
0336
0071
0072
0073
016B
0014
010D
0076
0077
00D3
0079
007A
007B
040B
0014
0014
007E
045D
0355
0201
0082
01AC
0125
0282
0086
0050
0087
02AB
031B
02AD
010D
008C
02AF
012D
0035
0014
02F1
0090
0556
04B4
0180
0083
0133
03D4
0014
0014
0098
0099
05F0
061E
0404
0002
0003
02FC
0558
0006
0007
0481
0009
01DD
000B
018B
0407
000E
0228
0019
0145
0015
0013
0014
00A9
0014
0002
0002
0014
0014
0014
0016
0017
0018
0027
0014
001A
0014
0002
0014
0014
0002
0002
001B
001C
001D
001E
001F
0016
0002
0002
0014
0002
0002
0014
0024
001A
0020
001F
0021
0010
0002
0014
0002
0014
0014
0014
0022
001B
0018
0023
0014
0015
0014
0002
0002
0014
0002
0014
0022
001D
0022
0027
0014
0016
0014
0002
0014
0002
0002
0014
0024
001A
0016
0019
0025
0021
0014
0014
0002
0014
0002
0002
0018
0012
0010
0027
0014
001A
0002
0014
0014
0014
0014
0002
0027
0028
0016
0027
0014
01E3
0002
0014
0014
0014
0014
0014
0026
002A
0018
0027
0014
002B
0014
0002
0014
0014
0014
0014
0019
01E4
0018
0027
0014
002E
0014
0014
0014
0002
0014
0014
0023
00A6
0012
0019
0014
00A9
0002
0014
0002
0014
0014
0014
0031
00F3
0362
0034
0035
0014
01BF
0277
014F
07AB
00F9
003B
003C
0308
0002
0014
0102
02BE
00FE
00FF
00FC
0042
00D1
0101
0045
00AF
0928
0055
0103
015C
0240
0106
004D
012D
0074
0050
0400
0052
010B
010C
0055
0056
0057
0058
0097
0014
019C
0163
005B
0164
005D
005E
01C9
0060
0097
0014
0526
0167
0064
02A4
0062
00CC
0068
0116
016B
006B
00CD
006D
006E
006F
045C
0071
0072
0073
01A4
0014
0075
0076
0077
0078
0079
007A
007B
0318
007D
0014
0173
01AA
02AA
0176
0677
01AC
01AD
06CC
0086
0014
0087
06AA
040C
03A8
010D
008C
02AF
026C
0035
0014
0503
047E
040F
0410
0132
0083
0133
01B5
0097
0014
0162
0099
03F2
009B
0647
0002
00E3
0188
0005
0929
0205
0008
0413
00A2
0206
092A
02B9
07B2
02BA
0010
01E0
0012
0014
0014
0015
0014
0002
0002
0014
0014
0014
0026
06EA
0012
0019
0014
01BC
0002
0002
0014
0002
0014
0002
0024
001B
0016
0023
0019
0022
0014
0002
0002
0002
0014
0014
001B
001E
0018
00EE
0014
001B
0002
0014
0014
0014
0014
0014
001D
0024
0022
001F
0014
0022
0014
0002
0014
0014
0014
0014
001D
001C
0018
0023
0014
0018
0014
0002
0014
0014
0014
0014
0016
00EE
0010
0023
0014
0016
0014
0014
0014
0002
0014
0002
0018
001E
0018
0026
0014
0023
0014
0014
0002
0014
0014
0014
0027
0349
01E2
0014
0014
01BE
0002
0014
0014
0014
0014
0014
0026
002C
0022
0026
0013
002E
0014
0002
0014
0014
0014
0002
0019
002C
002D
0014
0014
002E
0014
0014
0014
0014
0014
0002
0019
0208
0030
0014
0014
00A7
0014
0014
0014
0014
0014
0002
0315
0032
0033
00F5
0014
0014
01E7
0209
0190
0039
025B
00AF
041D
0034
0097
0014
092B
0192
02BF
0193
004B
00B7
0043
0044
02C1
0046
01E7
037E
00BA
034F
0105
004C
0197
004E
004F
0014
07B4
092C
0053
00BF
0425
04FF
00C1
019B
004F
0014
0162
01A6
0214
005C
004B
008C
005F
0096
0061
0014
092D
0525
042C
0350
0218
0067
0045
0069
006A
0014
016C
0313
00CF
0266
03E6
00D0
00D1
011B
0074
0014
00AB
066C
0432
01A5
03E9
007A
0317
0434
0014
0014
0339
0354
01AB
0081
0082
0083
00D8
0085
00DD
0050
0364
0088
0437
008A
0240
0046
0550
008E
0014
0014
04AA
01B1
0091
0092
005D
0094
092E
0096
0014
0014
0438
026F
009A
0439
092F
0002
04D3
0930
0827
0225
0007
08CC
0226
01DD
000B
0815
00EA
000E
0255
0019
002A
0012
0014
0014
00A9
0014
0014
0002
0014
0014
0014
0016
01E0
0015
0027
0014
001A
0002
0014
0014
0014
0002
0002
001B
001D
001D
001E
0026
0010
0014
0002
0002
0002
0002
0014
001D
001A
0020
001F
0014
001B
0002
0014
0014
0014
0014
0014
001E
0024
0022
0023
0014
001E
0014
0002
0014
0014
0002
0014
001D
001B
0022
0019
0014
0016
0014
0014
0014
0014
0002
0014
0024
001F
0010
0021
0014
0018
0014
0014
0002
0014
0002
0002
0018
0012
0010
0027
0014
001A
0014
0014
0014
0014
0014
0002
0027
0028
0022
0014
0014
01E3
0002
0014
0014
0014
0014
0014
0026
002A
0018
0014
0014
002B
0014
0014
0014
0014
0014
0014
0019
067F
0018
0014
0014
002E
0014
0014
0014
0002
0014
0014
0019
018E
0012
0014
0014
002E
0002
0014
0002
0014
0014
0014
018F
00F3
0931
0034
0014
0014
022B
0037
0038
025A
00F9
003B
0591
0367
0097
0014
064E
0932
0328
07BD
00FC
0042
020B
0101
015A
006B
0036
0933
015B
0729
0105
032C
004D
004E
004F
0014
0198
010A
0934
0918
010D
0234
0057
0058
0097
0014
077A
005A
005B
02C5
0110
005E
005F
005E
0097
0014
00AC
01CF
0281
07C3
042D
00CC
0068
0116
016B
0014
016C
03A2
02E7
0502
06B9
0071
0072
011B
01A4
0014
0122
0935
0936
0937
02EA
007A
007B
0938
0014
0014
0173
06E1
03ED
0939
0082
0083
02EF
0242
0014
0014
0127
0243
031B
051E
01F8
008C
012C
012D
0014
0014
0134
093A
040F
0248
0132
0046
0133
01B5
0014
0014
03AE
0135
0340
093B
0001
0002
0003
0004
0005
0006
068D
03D9
0009
02B7
093C
000C
02B9
00EB
000F
0010
0011
001E
0013
0014
0015
0014
0002
0002
0014
0014
0014
0026
01BB
0018
0019
0014
01BC
0002
0002
0014
0002
0014
0002
0020
001C
0010
001E
001F
0016
0002
0002
0014
0002
0014
0014
001B
001E
0016
0023
0021
0010
0002
0014
0002
0014
0014
0014
001D
001B
0012
001F
0014
0022
0014
0002
0002
0014
0002
0014
0026
0757
0012
0023
0014
0758
0014
0002
0014
0002
0014
0014
0016
001A
0016
0023
0025
0016
0014
0014
0002
0002
0002
0002
0012
0015
0018
0026
0014
00EE
0002
0014
0002
0014
0014
0002
0027
0349
00F0
0027
0014
01BE
0002
0014
0014
0014
0014
0014
0026
002C
0022
0026
0013
002E
0014
0002
0014
0014
0014
0002
0026
002C
002D
0027
0014
002E
0014
0014
0014
0014
0014
0002
0023
002F
0030
0019
0014
002B
0014
0014
0014
0014
0014
0002
020F
0032
0033
0522
0035
0014
0102
00AD
046F
037D
00AE
00AF
0307
0034
0002
0014
01C1
093D
02BF
093E
00B6
0056
0043
0044
0045
0046
027D
00C0
00BA
00BB
0240
004C
0197
0210
0061
0050
0109
093F
0053
00BF
00C0
0056
00C1
019B
004F
0014
0162
030F
0618
0619
00C6
0083
0624
0060
0061
0014
0062
0940
0311
0350
0066
0067
0068
0069
006A
006B
00CD
0474
006E
0475
0070
0283
00D1
0073
0074
0014
010D
0076
0077
0078
00D4
006B
0317
0434
007D
0014
01A9
007F
01AB
0081
00D7
0257
0177
0085
0086
0050
0087
021D
0437
008A
008B
03A9
00DA
008E
0035
0014
008F
0090
0091
0092
0093
0094
00DB
0096
0097
0014
0098
021E
009A
0184
0411
0002
031F
0004
0827
0225
00E6
038D
0226
000A
000B
0324
000D
00EB
0482
0010
001D
001A
0014
0014
0015
0014
0002
0002
0014
0014
0014
0016
01E0
0018
0019
0014
001A
0002
0014
0014
0014
0014
0002
001B
001D
001D
00EE
001F
0016
0014
0002
0014
0002
0002
0014
001B
001E
0022
001F
0014
0010
0002
0014
0014
0014
0014
0014
0023
001B
001A
001F
0014
0022
0014
0002
0002
0014
0002
0014
001D
001C
0022
0023
0014
0016
0014
0002
0014
0014
0002
0014
0024
001A
0010
0021
0014
0018
0014
0014
0014
0002
0014
0002
0018
0012
0010
0027
0014
001A
0002
0014
0014
0014
0014
0014
0027
01E1
01E1
0027
0014
01E3
0002
0014
0014
0014
0014
0014
0026
01E4
0022
0027
0014
00A7
0014
0014
0014
0014
0014
0014
0019
01E5
002D
0027
0014
002E
0014
0014
0014
0002
0014
0014
0019
002F
0030
0019
0014
00A7
0014
0014
0014
0014
0014
0014
016C
0032
02D7
0444
0014
0014
01E7
0037
0190
0039
003A
003B
01CE
0034
0002
0014
052C
08BE
0914
0941
01F1
0042
07E4
0044
02C1
0046
00F6
0055
0942
07E6
0059
032C
0197
015E
004F
0014
0051
0199
04FE
0918
027E
008C
0057
0154
004F
0014
0059
005A
052F
0530
02E3
005E
0744
0060
0061
0014
00AC
0113
0943
07EB
01F6
0058
0068
0116
016B
0014
016C
02A5
0238
0533
01FC
0071
03E7
03A3
016B
0014
0503
016F
0285
011F
03E9
007A
03EA
02EB
007D
0014
0105
007F
0080
048C
00D7
0083
02EF
0085
00DD
0014
0403
047B
0507
0289
014B
0046
062F
008E
0035
0014
012E
03AA
08A9
0388
0093
0094
0632
0096
0097
0014
03AE
03AF
060D
04D2
035B
0002
009D
0538
0005
0006
00A0
00E7
0009
0944
0945
018B
0946
000E
0297
0026
0145
0012
0013
0014
00A7
0014
0002
0014
0014
0014
0014
0026
053D
001F
0014
0014
00A7
0002
0002
0014
0002
0002
0014
001F
001C
0022
001E
0014
0022
0002
0002
0002
0002
0014
0014
0024
001F
0020
0023
0021
001B
0014
0014
0002
0014
0014
0014
001D
0024
0022
0021
0014
001E
0014
0002
0014
0014
0002
0014
0026
0947
001F
0019
0014
002B
0014
0002
0014
0002
0014
0014
0010
001F
0016
0023
0025
0016
0014
0014
0002
0014
0002
0002
0018
001E
0018
0026
0014
0023
0014
0014
0002
0014
0014
0002
0014
01BD
0016
0014
0014
01BE
0002
0014
0014
0014
0014
0014
0026
04DB
0022
0026
0013
04DC
0014
0002
0014
0014
0014
0002
0019
018E
0010
0013
0014
002E
0014
0014
0014
0014
0014
0002
0023
00F2
0016
0014
0014
00A9
0002
0014
0002
0014
0014
0002
020F
00F3
0258
0034
0035
0014
0102
00AD
034B
034C
018F
00AF
03BA
0363
0014
0014
003D
003E
0948
0193
00B6
03BE
0043
080E
0045
0014
0047
0048
0949
094A
004B
004C
004D
004E
0061
0050
027E
00BE
094B
0262
00C0
0056
00C1
0058
00B1
0014
03C9
030F
0925
0235
0031
0083
094C
0363
00DD
0014
0062
0063
094D
094E
0066
0067
0068
0069
006A
006B
0473
006D
01A2
006F
01CC
00D0
0072
0073
0074
0014
010D
0076
0077
00D3
0079
0014
0171
040B
0014
0014
007E
045D
0355
0356
0082
01AC
0177
0282
0086
0050
0087
0088
031B
026B
010D
008C
061C
020C
0035
0014
008F
0090
0378
017F
0180
0083
094F
03D4
0014
0014
0098
021E
03D5
00E1
043A
0002
0222
0004
009F
0225
0007
05C9
06E9
000A
000B
0324
000D
000E
0482
0010
001D
0015
0014
0014
0015
0014
0002
0002
0014
0014
0014
0016
01E0
0012
0019
0014
001A
0002
0014
0014
0014
0002
0002
001B
001D
001D
001E
0026
0016
0014
0014
0014
0002
0002
0014
001B
001E
0022
001F
0014
0010
0002
0014
0014
0014
0014
0014
0023
0024
001A
001F
0014
0022
0014
0002
0014
0014
0002
0014
001D
0016
0022
0027
0014
0016
0014
0002
0014
0014
0002
0014
0024
00EE
0010
0021
0014
0018
0014
0014
0014
0014
0014
0002
0018
0012
0010
0027
0014
001A
0002
0014
0014
0014
0014
0002
0027
01E1
0147
0014
0014
01E3
0002
0014
0014
0014
0014
0014
0026
02D5
0147
0026
0013
00A7
0014
0014
0014
0014
0014
0014
0019
01E5
0010
0027
0014
002E
0014
0014
0014
0002
0014
0014
0019
002C
0022
0019
0014
002E
0014
0014
0014
0014
0014
0014
018F
0032
02D7
02D8
0014
0014
01E7
0037
0190
0039
00F9
003B
02DB
0034
0002
0014
07F6
07F7
07F8
0941
0041
0042
020B
0044
015A
006B
0036
0440
07FA
0950
0511
032C
0197
015E
004F
0014
0470
010A
04FE
0918
010D
008C
0057
0154
004F
0014
0059
005A
07FC
0951
0110
005E
005F
0060
0097
0014
00AC
07FE
07FF
0952
042D
04C2
0068
0116
016B
0014
016C
02A5
02E7
0533
01FC
0071
03E7
0282
01A4
0014
0122
016F
085B
011F
03E9
007A
03EA
07EC
0014
0014
0173
0802
0080
048C
0082
0083
02EF
0803
00DD
0050
0403
0243
0507
0289
01F8
0046
062F
008E
0035
0014
012E
06E6
08A9
0739
0132
0094
0632
0096
0097
0014
0806
0135
0509
093B
0001
0002
009D
044D
00E4
0006
085D
0008
0009
0809
0491
018B
079E
0207
0297
0026
0145
0012
0013
0014
0392
0014
0002
0014
0014
0014
0014
0026
0348
0018
0014
0014
00A7
0002
0002
0014
0002
0014
0002
00EE
03B5
0010
001E
001F
05E3
0002
0002
0002
0002
0014
0014
0024
001A
0020
0023
0021
001B
0014
0014
0002
0014
0014
0014
001D
001B
0022
0023
0014
001E
0014
0002
0002
0014
0002
0014
0026
03B6
001A
0023
0014
01E2
0014
0002
0014
0002
0014
0014
0022
001A
0016
0023
0025
0016
0014
0014
0002
0002
0002
0002
0018
001E
0018
0026
0014
0023
0014
0014
0002
0014
0014
0002
0014
01BD
0016
0027
0014
01BE
0002
0014
0014
0014
0014
0014
0026
04DB
0022
0013
0014
00A9
0014
0002
0014
0014
0014
0002
0019
018E
002D
0013
0014
002E
0014
0014
0014
0014
0014
0002
0023
002F
0030
0014
0014
002B
0002
0014
0002
0014
0014
0002
020F
00F3
034A
0034
0035
0014
0102
00AD
034B
034C
00AE
00AF
03BA
0056
0014
0014
01C1
0593
0953
0615
01EB
03BE
0453
080E
0045
0046
027D
0668
0923
08FF
03C3
004C
004D
004E
0061
0050
0109
0456
0680
0262
03C7
0056
00C1
0058
0002
0014
03C9
030F
0925
0619
00C6
0083
0459
03BE
0061
0014
0062
0167
045A
0954
0066
0067
0068
0069
006A
006B
00CD
006D
006E
006F
01CC
00D0
0072
0073
0074
0014
010D
0076
0077
00D3
0079
0014
0171
040B
007D
0014
01A9
0354
0355
0356
00D7
01AC
0177
0178
0086
0014
0087
021D
031B
026B
008B
008C
017B
04BC
0035
0014
008F
0090
017E
017F
0093
0083
03D3
00DC
0014
0014
0098
021E
03D5
00E1
07B8
0002
00E3
0004
009F
00E5
0007
0008
0226
000A
02B8
000C
018C
0254
02BA
0010
01E0
0012
0013
0014
001A
0014
0002
0002
0014
0014
0014
0016
01E0
0018
0027
0014
001A
0002
0002
0014
0002
0014
0002
0024
001B
0010
0021
0019
0016
0014
0002
0002
0002
0002
0014
0024
001E
0020
0023
0014
0010
0002
0014
0014
0014
0014
0014
001D
0020
0022
001F
0014
0022
0014
0002
0002
0014
0002
0014
001D
001C
0018
0027
0014
001E
0014
0002
0014
0014
0002
0014
0024
0021
0010
0019
0014
0016
0014
0014
0002
0002
0002
0002
0018
001E
0010
0027
0014
00EE
0014
0014
0014
0014
0014
0014
0027
0256
01E1
0027
0014
0029
0002
0014
0014
0014
0014
0014
0027
002C
0012
0026
0013
00A7
0014
0002
0014
0014
0014
0014
0027
002C
0010
0027
0014
0393
0014
0014
0014
0002
0014
0014
0026
00A6
0016
0027
0014
00A7
0014
0014
0014
0014
0014
0002
018F
0032
01C9
00F5
0035
0014
0036
0037
0190
0039
003A
003B
0043
0034
0002
0014
00FC
0955
0956
0957
004B
00B7
00D1
04A1
02C1
0257
0102
00B9
081B
020E
020F
0106
0197
04A4
0061
0014
0051
06C8
027F
010C
00AB
0781
04A5
0060
004F
0014
019C
005A
0214
005C
0122
0152
056C
0060
00DD
0014
0112
0113
06B7
06B8
0155
0067
0780
0282
00B1
0014
0117
0734
0642
0119
0401
0071
0072
011B
01A4
0014
0284
0800
0489
0958
023D
006B
007B
0627
007D
0014
0105
007F
02ED
02EE
01C3
0498
0084
0085
00DD
0050
0127
0645
0437
008A
019A
04AD
008D
008E
0035
0014
012E
0959
0091
0092
0117
0094
0095
01B5
00DD
0014
0134
095A
009A
0271
0001
0002
009D
035D
0224
0006
013C
095B
0009
013F
0360
0649
0407
00EB
01DF
0019
0145
0015
0014
0014
00A8
0014
0002
0002
0014
0014
0014
00EE
0146
0012
0019
0014
01BC
0002
0002
0014
0014
0002
0014
001B
001C
001D
001E
001F
0022
0002
0002
0014
0002
0014
0014
001B
001E
0016
001F
0021
001B
0002
0014
0002
0014
0014
0014
0022
001B
0018
0023
0014
0012
0014
0002
0014
0014
0002
0014
0022
0024
0022
0023
0014
0016
0014
0002
0014
0002
0014
0014
0014
002E
01E4
0023
0025
064B
0014
0014
0002
0014
0002
0002
0014
0494
04DA
0026
0014
00A7
0002
0014
0002
0014
0014
0002
0027
002F
0016
0014
0014
002B
0002
0014
0014
0014
0014
0014
0026
002A
0022
0013
0014
04DC
0014
0002
0014
0014
0014
0002
0019
01E4
002D
0013
0014
002E
0014
0014
0014
0014
0014
0002
0023
037C
0030
0019
0014
00A9
0002
0014
0002
0014
0014
0002
0031
00F3
034A
0034
0014
0014
0364
0277
034B
095C
0306
0152
0523
0154
0097
0014
00B2
003E
02BF
0040
00FC
0042
0043
0044
0045
0046
0047
0048
0049
004A
004B
004C
004D
004E
004F
0050
0249
036B
064F
0772
0055
0056
0057
0058
0002
0014
0162
0163
005B
0650
005D
005E
005F
0096
0061
0014
00C8
0063
0064
0065
0066
0014
095D
0652
006A
006B
0473
0474
0238
006F
01CC
0014
095E
095F
0074
0014
0075
0076
0077
0078
00D4
007A
0433
040B
0014
0014
007E
00D6
02AA
0201
0082
0083
0655
0178
0086
0014
0087
0243
0697
0244
008B
008C
028A
0202
0035
0014
008F
0090
0602
0410
0093
0083
01D8
0096
0097
0014
00DE
0099
0657
0184
0138
0002
0003
0899
0005
0006
013C
0008
0009
0960
000B
018B
0142
00EB
0297
0019
00ED
001E
0013
0014
0303
0014
0002
0002
0014
0014
0014
00EE
0146
0012
0019
0014
00A7
0002
0014
0014
0014
0014
0002
001B
001C
001D
001E
0019
0016
0002
0002
0002
0002
0002
0014
001B
001E
0020
001F
0014
001B
0002
0014
0014
0014
0014
0014
001D
0024
0012
0023
0014
0012
0014
0002
0014
0014
0014
0014
0022
001C
0022
0019
0014
0016
0014
0002
0014
0014
0014
0014
0014
05F2
0298
0023
0025
055B
0014
0014
0002
0014
0002
0014
0012
0012
0018
0027
0014
001A
0002
0014
0002
0014
0014
0002
0027
002F
0016
0014
0014
00A8
0002
0014
0014
0014
0014
0014
0026
002A
0022
0026
0013
00A9
0014
0002
0014
0014
0014
0002
0019
01E4
002D
0027
0014
002E
0014
0014
0014
0014
0014
0002
0023
00A6
0030
0027
0014
00A9
0002
0014
0002
0014
0014
0002
0031
00F3
0304
0781
0035
0014
0036
0037
0365
0366
00F9
0152
0523
0154
0002
0014
003D
003E
02BF
0040
0041
0042
0043
0044
0045
0046
0047
0048
0049
004A
0105
004C
0961
004E
0074
0014
0198
0052
0962
0054
012B
0056
0057
019B
00B1
0014
0059
005A
010F
005C
02A3
005E
005F
0096
0097
0014
0062
0063
0064
0065
0066
0014
066A
0963
006A
006B
006C
006D
0964
0371
03E6
0283
0072
0073
007D
0014
0075
0076
00D2
0078
0079
007A
0286
040B
0014
0014
007E
0174
0175
0201
0082
01AC
00D8
0282
0086
0050
008F
0088
031B
0376
010D
008C
0528
012D
0035
0014
008F
0090
0965
026E
0093
0083
0529
0096
00DD
0014
0098
0099
0183
0184
0411
0002
00E3
0188
0966
0225
0007
0659
06E9
000A
0967
0324
018C
0968
02BA
0010
01E0
0012
0014
0014
001A
0014
0002
0014
0014
0014
0014
0016
01E0
0018
0014
0014
001A
0002
0002
0014
0002
0002
0002
0020
001D
0016
001E
001F
0010
0014
0002
0014
0002
0002
0014
001D
001E
0015
0023
0021
0010
0002
0014
0002
0014
0014
0014
0022
001B
0022
001F
0014
0022
0014
0002
0002
0014
0002
0014
001D
001B
0018
0023
0014
0018
0014
0002
0014
0002
0002
0014
0024
001A
0010
0021
0014
0018
0014
0014
0002
0002
0002
0002
0018
001E
0010
0026
0014
00EE
0014
0014
0014
0014
0014
0002
0027
00A8
01E1
0027
0014
00F1
0014
0014
0014
0014
0014
0014
0026
002C
0012
0014
0014
00A7
0014
0002
0014
0014
0014
0014
0026
002C
0010
0014
0014
002E
0014
0014
0014
0002
0014
0014
0019
037C
0016
0019
0014
00A7
0014
0014
0014
0014
0014
0014
00AB
0032
065C
0034
0014
0014
04F5
0866
03B8
0774
03BD
003B
0969
0034
0014
0014
096A
0789
096B
096C
0511
034D
0159
04A1
015A
00AF
00F6
00B9
03E1
086A
03C3
0101
004D
0058
004F
0050
0117
01F2
096D
03C6
00C0
04FF
04A5
0058
004F
0014
00C2
0549
0516
059D
00C6
0152
0418
0060
0061
0014
00AC
0113
096E
08A7
096F
0067
0045
0970
0002
0014
042E
0381
065F
0518
045C
0071
01CE
01FD
0074
0014
0284
0870
011E
060B
01A6
007A
01A8
0477
007D
0014
0122
062B
05A0
06A7
00D7
0083
02EF
0085
0014
0014
0339
0971
0507
0289
02CD
0046
062F
008E
0014
0014
017C
0972
0973
0388
0400
0094
0785
01B5
0097
0014
012E
038A
0974
04D2
01DA
0002
00E3
0975
0005
0006
013C
05A5
0976
02B7
0977
038F
000D
0143
000F
0010
01E0
0012
0014
0014
0015
0014
0002
0002
0014
0014
0014
00EE
046E
0012
0019
0014
01BC
0002
0002
0014
0002
0014
0002
0024
001C
0016
001E
001F
0010
0002
0002
0014
0002
0002
0014
001B
001E
0020
00EE
0021
001B
0002
0014
0014
0014
0014
0014
0018
001B
0022
001F
0014
0022
0014
0014
0014
0014
0002
0014
0022
001B
0018
0019
0014
001E
0014
0002
0014
0014
0014
0014
0024
001F
0010
0023
0014
0016
0014
0014
0002
0002
0002
0002
0015
0015
0010
0026
0014
00EE
0002
0014
0002
0014
0014
0014
0013
01BD
0018
0014
0014
02BB
0002
0014
0014
0014
0014
0014
0026
002A
0022
0026
0013
00A9
0014
0002
0014
0014
0014
0014
0019
002C
0010
0014
0014
002E
0014
0014
0014
0002
0014
0014
0023
018E
0016
0019
0014
002B
0014
0014
0014
0014
0014
0014
01E6
0032
01C9
0034
0014
0014
04F5
0555
0038
0039
025B
0152
0523
0034
0035
0014
00C3
029E
027B
01F0
0041
0042
0043
0044
0045
00AF
0102
0048
0049
004A
0105
0106
004D
012D
004F
0050
0423
02A0
027F
05E7
010D
0056
0161
0058
004F
0014
0162
005A
005B
005C
02A3
005E
005F
0060
00DD
0014
0112
0167
0064
0065
01F6
0067
02C8
0282
006A
0014
0978
01F9
02A6
0314
06B9
0430
0072
0073
0074
0014
01CF
0076
00D2
0504
0079
01A7
0171
007C
0014
0014
0173
007F
01AB
0081
0082
0083
05C5
0085
0086
0050
008F
0243
0089
0289
02AE
008C
0979
008E
0014
0014
02F4
017D
01B2
028B
030A
0094
097A
0096
0097
0014
0098
0099
097B
0184
0001
0002
0003
0004
097C
00E5
0007
0008
02FE
06D2
0344
018B
097D
0254
0255
0026
0145
0015
0013
0014
00A9
0014
0002
0002
0014
0014
0014
0016
0017
0018
0027
0014
001A
0002
0002
0014
0014
0002
0002
001B
001B
001D
001E
0019
0016
0014
0002
0002
0002
0002
0014
0024
001A
0016
001F
0014
0018
0014
0014
0002
0014
0014
0014
001D
001D
0012
0023
0014
0015
0014
0002
0002
0014
0002
0014
001D
001C
0022
0023
0014
0016
0014
0002
0014
0002
0002
0014
0016
001A
0016
0025
0025
0019
0014
0014
0014
0014
0002
0002
0018
0012
0010
0027
0014
001A
0014
0014
0014
0014
0014
0002
0027
0256
00F0
0027
0014
0029
0002
0014
0014
0014
0014
0014
0026
01E4
0012
0027
0014
00A7
0014
0002
0014
0014
0014
0002
0026
01E4
002D
0027
0014
002E
0014
0014
0014
0014
0014
0002
0019
002F
0030
0027
0014
002E
0002
0014
0002
0014
0014
0002
0031
00F3
034A
0522
0035
0014
0036
0277
097E
064D
00F9
003B
01EC
00FB
0002
0014
003D
00B3
003F
02C0
01EB
034D
020B
0101
015A
0046
0047
0055
063F
0672
0240
004C
0669
004E
0074
0014
0051
0052
03E3
0054
02C3
030E
0057
005E
0002
0014
019C
0163
019D
097F
00C6
0310
005F
00DC
0061
0014
00C8
019E
0980
0640
0066
00CC
0068
0069
00C7
006B
0981
03D0
0238
0371
0070
0071
01CE
01FD
01A4
0014
0511
066C
011E
01D0
0385
007A
01A8
0982
007D
0014
00DE
0983
0175
0984
00D7
00AF
0084
0178
00DD
0014
0087
0645
0179
0376
02CD
03A9
008D
04BC
0035
0014
0127
04CE
017E
026E
005D
00AF
0095
00DC
00DD
0014
012E
05EF
009A
0271
0001
0002
073B
035D
0005
0225
0007
00A1
02FE
000A
0967
038F
018C
083B
000F
0010
0011
0012
0013
0014
001A
0014
0002
0002
0014
0014
0014
0016
0017
001E
0014
0014
001A
0002
0002
0014
0002
0002
0002
001B
001C
001D
001E
0019
0022
0002
0002
0014
0002
0002
0014
0024
001E
0016
001F
0014
001B
0002
0014
0002
0014
0014
0014
0022
0020
0022
001F
0014
0022
0014
0002
0014
0014
0002
0014
001D
001C
0022
0023
0014
0018
0014
0002
0014
0002
0002
0014
0024
00EE
0016
0023
0025
0016
0014
0014
0002
0002
0002
0002
0018
001E
0010
0027
0014
0023
0014
0014
0014
0014
0014
0002
0027
0256
00F0
0014
0014
0029
0002
0014
0014
0014
0014
0014
0026
03DD
0022
0026
0013
00A7
0014
0002
0014
0014
0014
0002
0019
01E4
002D
0014
0014
002E
0014
0014
0014
0002
0014
0002
0019
002F
0030
0014
0014
00A7
0002
0014
0002
0014
0014
0002
020F
0032
01C9
00F5
0035
0014
01E7
0209
0190
0039
01E6
003B
003C
0034
0014
0014
00C3
0985
00FE
0986
03C3
0056
00D1
020C
015A
0046
0102
0055
081B
020E
03C3
0106
0197
004E
004F
0014
00BD
00BE
027F
05E7
00C0
010E
0515
0060
004F
0014
00C2
01A6
0214
005C
00C6
0152
01C9
00FB
0061
0014
0112
0167
0263
01CA
036E
00CC
0312
0282
006A
006B
016C
0987
02A6
0988
0336
0071
03E7
01FD
01A4
0014
0105
04C5
0489
0989
00D4
007A
048A
0434
0014
0014
007E
0319
04C7
08CA
00D7
0083
0084
0085
00DD
0050
0098
0645
0437
008A
0031
0046
008D
008E
0014
0014
02B1
0090
0091
0092
005D
0094
0095
01B5
0014
0014
052A
00DF
0270
009B
031E
0002
031F
0004
098A
0006
013C
013D
0323
0343
000B
0345
0142
00EB
0255
0019
0552
0015
0014
0014
00A8
0014
0002
0002
0014
0014
0014
00EE
046E
0018
0019
0014
00A7
0002
0002
0014
0014
0014
0014
0024
001B
0016
001E
001F
0016
0014
0002
0002
0002
0002
0014
001B
001E
0020
0023
0021
0010
0002
0014
0014
0014
0014
0014
001D
001B
0018
0014
0014
0012
0014
0002
0002
0014
0014
0014
0022
001C
0018
0027
0014
0016
0014
0002
0014
0014
0014
0014
0016
001A
0010
0019
0014
0016
0014
0014
0014
0014
0002
0002
0018
0012
0018
0026
0014
001A
0002
0014
0002
0014
0014
0014
0027
01BD
0012
0027
0014
0149
0002
0014
0014
0014
0014
0014
0026
002A
0022
0027
0014
00A9
0014
0002
0014
0014
0014
0014
0019
002C
0022
0027
0014
002E
0014
0014
0014
0014
0014
0014
0023
00F2
0022
0019
0014
00A9
0014
0014
0014
0014
0014
0002
05E6
00F3
0304
0034
0014
0014
01BF
08F3
034B
064D
003A
0152
022D
00FB
0002
0014
003D
00FD
02BF
0040
01F1
0042
0043
0044
0045
00AF
0047
0048
0049
004A
0511
004C
004D
012D
01A4
0050
030A
098B
0261
0054
0109
0056
0057
0058
0014
0014
0059
0562
005B
0650
0110
005E
005F
0060
0097
0014
00C8
019E
02E5
0065
00CB
0067
0068
0069
016B
0014
0473
098C
0238
098D
01CC
00D0
0072
0073
0074
0014
01CF
098E
0077
023C
02EA
007A
0171
0069
007D
0014
0105
0174
0175
0201
0082
01AC
098F
0467
0086
0014
0087
0990
031B
0991
012B
008C
07CD
0202
0035
0014
008F
03AF
06F7
0992
0249
0083
097A
0096
0097
0014
00DE
0993
038B
068C
0138
0002
0003
0004
05DF
0006
00E6
00A1
0009
0294
000B
0296
0407
00EB
0297
0026
00ED
0015
0013
0014
0303
0014
0002
0002
0014
0014
0014
0016
0017
0018
0019
0014
001A
0002
0014
0014
0014
0014
0002
001B
001B
001D
0023
0019
0016
0002
0002
0002
0002
0002
0014
001B
001E
0020
001F
0014
0010
0002
0014
0014
0014
0014
0014
001D
0020
0012
0023
0014
0012
0014
0002
0002
0014
0014
0014
0022
001C
0022
0027
0014
0016
0014
0002
0014
0014
0002
0014
0024
00EE
0016
0026
0025
0019
0014
0014
0002
0014
0002
0002
0012
0012
0010
0027
0014
001A
0014
0014
0002
0014
0014
0002
0027
0028
0016
0027
0014
0029
0002
0014
0014
0014
0014
0014
0026
002A
0022
0027
0014
002B
0014
0002
0014
0014
0014
0002
0019
002C
002D
0027
0014
002E
0014
0014
0014
0014
0014
0002
0019
00A6
0030
0027
0014
002E
0002
0014
0002
0014
0014
0002
0031
00F3
0304
0781
0035
0014
022B
0037
0365
07D7
00F9
003B
003C
00FB
0002
0014
029D
00B3
003F
0040
00FC
0042
0043
0044
02C1
0046
0047
0055
0049
004A
0059
004C
0107
004E
0074
0014
0051
0052
03E3
0054
010D
0056
0057
019B
00B1
0014
0059
005A
010F
0471
02A3
005E
005F
0060
0097
0014
00C8
019E
0064
0065
0066
0067
0068
0069
016B
006B
006C
006D
0994
0995
03E6
0071
0072
0073
016B
0014
0075
0076
00D2
00D3
02EA
007A
007B
040B
007D
0014
007E
0174
0175
0201
00D7
01AC
0084
0282
0086
0014
008F
00D9
040C
0376
018F
008C
008D
012D
0035
0014
008F
04CE
05DB
026E
0093
0046
0095
0096
00DD
0014
00DE
02F9
009A
0271
0411
0002
00E3
0996
009F
00E5
00A0
04B8
00E8
02B7
0967
000C
018C
000E
02BA
0010
001D
0012
0014
0014
001F
0014
0002
0014
0014
0014
0014
0026
06EA
0015
0014
0014
01BC
0002
0002
0014
0002
0002
0002
0020
001C
0016
001E
001F
0010
0014
0002
0014
0002
0002
0014
001D
001E
0015
0023
0021
001B
0002
0014
0002
0014
0014
0014
0022
001B
0022
001F
0014
0022
0014
0014
0014
0014
0002
0014
001D
001B
0018
0023
0014
0018
0014
0002
0014
0002
0014
0014
0016
001A
0010
0023
0014
0016
0014
0014
0014
0002
0002
0002
0018
0015
0018
0026
0014
00EE
0002
0014
0014
0014
0014
0002
0027
0495
00EF
0014
0014
0392
0014
0014
0014
0014
0014
0014
0026
02D5
0361
0026
0013
002E
0014
0014
0014
0014
0014
0014
0026
01E5
0010
0013
0014
002E
0014
0014
0014
0002
0014
0014
0023
037C
0016
0019
0014
002B
0014
0014
0014
0014
0014
0014
00AB
0032
058D
0034
0014
0014
01BF
0866
0997
0998
025B
00AF
0999
0034
0014
0014
01C1
029E
099A
099B
004B
0056
058D
04A1
0045
00AF
0102
0048
03E1
04FB
004B
015E
004D
0058
004F
0050
0249
01F2
032E
03C6
00C0
010E
04A5
0058
004F
0014
00C2
030F
0516
0235
00C6
008C
01CE
00FB
0061
0014
0155
045C
099C
099D
03FF
099E
0068
099F
006A
0014
0400
0313
09A0
09A1
045C
00D0
01CE
023A
0074
0014
011C
016F
09A2
0504
00D4
007A
09A3
0627
0014
0014
0105
0319
05A0
048C
0082
0083
09A4
0803
00DD
0050
0339
0243
0507
0289
008B
0046
09A5
008E
0035
0014
014D
040E
09A6
028B
0249
0094
09A7
01B5
0097
0014
0134
021E
09A8
0220
0138
0002
073B
0814
0005
0225
0007
00A1
02FE
00E9
0360
0296
057E
000E
01DF
0026
00ED
0012
0013
0014
0303
0014
0002
0002
0014
0014
0014
0016
0017
001A
0019
0014
001A
0002
0002
0014
0014
0002
0002
001B
001C
001D
001E
0019
0022
0002
0002
0014
0002
0014
0014
001B
001F
0020
001F
0014
001B
0002
0014
0002
0014
0014
0014
0022
0020
0022
0023
0014
0012
0014
0002
0014
0014
0002
0014
0022
001C
0022
0019
0014
0016
0014
0002
0014
0002
0002
0014
0024
00EE
0016
0023
0025
0016
0014
0014
0002
0002
0002
0002
0018
0012
0010
0027
0014
001A
0014
0014
0014
0014
0014
0002
0027
0028
0016
0014
0014
0029
0002
0014
0014
0014
0014
0014
0026
002A
0022
0026
0013
002B
0014
0002
0014
0014
0014
0002
0019
018E
002D
0014
0014
002E
0014
0014
0014
0014
0014
0002
0019
00A6
0030
0014
0014
00A7
0002
0014
0002
0014
0014
0002
0031
00F3
0258
0522
0035
0014
00AC
0037
04DF
0569
0636
003B
003C
0367
0035
0014
029D
00B3
003F
0040
0041
0042
020B
0044
015A
0046
0036
0055
0368
0369
00BC
004C
004F
004E
004F
0014
00BD
036B
03E3
056A
0055
010E
0057
0060
00B1
0014
00C2
005A
010F
005C
005D
005E
005F
005E
0097
0014
0112
0063
0064
02A4
0066
0067
0312
0069
006A
006B
016C
09A9
0486
09AA
03E6
0071
0487
011B
016B
0014
0105
066C
0489
01D0
00D4
007A
048A
040B
0014
0014
007E
0319
02AA
066D
00D7
0083
0084
0282
00DD
0050
0357
00D9
040C
0376
018F
008C
008D
012D
0014
0014
0127
0090
026D
026E
0093
0046
0095
00DC
0014
0014
052A
0099
0270
009B
0185
0002
00E3
0004
09AB
0006
0379
013D
0490
02B7
0344
000C
02B9
00EB
02BA
0010
0020
0015
0014
0014
001A
0014
0002
0002
0014
0014
0014
0026
06EA
0018
0027
0014
01BC
0002
0002
0014
0002
0014
0002
0024
001B
0016
001E
001F
0016
0014
0002
0002
0002
0002
0014
001D
001E
0022
0023
0021
0022
0002
0014
0014
0014
0014
0014
001D
001B
0018
001F
0014
0022
0014
0002
0002
0014
0002
0014
001D
001C
0018
0023
0014
0018
0014
0002
0014
0014
0014
0014
0016
001A
0010
0021
0014
0016
0014
0014
0014
0014
0002
0002
0018
0015
0018
0026
0014
00EE
0002
0014
0002
0014
0014
0014
0027
0495
00EF
0027
0014
0392
0014
0014
0014
0014
0014
0014
0027
01E4
0022
0027
0014
0393
0014
0014
0014
0014
0014
0014
0026
01E5
0022
0027
0014
0393
0014
0014
0014
0002
0014
0014
0023
037C
0022
0019
0014
00A9
0014
0014
0014
0014
0014
0002
016C
0032
005F
0034
0014
0014
01BF
07F5
09AC
09AD
003A
0257
02BC
0034
0002
0014
00FC
00FD
022F
065D
06B3
0056
0043
0101
0045
00AF
01C3
0048
034E
034F
0511
015E
004D
0108
01A4
0050
030A
098B
032E
08F5
06EF
0056
00D1
0058
004F
0014
0059
0562
086C
0650
004B
0310
005F
0060
0061
0014
036E
0113
02C7
0694
0155
026C
0068
01F7
0002
0014
0473
09AE
0767
09AF
045C
00D0
0072
0073
0074
0014
01CF
04E8
0077
0504
023D
007A
09B0
0627
007D
0014
0105
0354
01AB
0081
0082
0257
09B1
0085
0086
0014
0339
0128
09B2
0661
008B
03A9
09B3
008E
0035
0014
02F1
012F
02F6
09B4
0249
0094
09B5
0096
0097
0014
0511
076B
09B6
09B7
038C
0002
00E3
0004
00E4
00E5
0007
00A1
02FE
02B7
0295
000C
000D
000E
000F
0010
001D
0012
0014
0014
001A
0014
0014
0002
0014
0014
0014
00EE
046E
0018
0027
0014
01BC
0002
0002
0014
0002
0002
0002
001B
001D
001D
001E
001F
0022
0002
0002
0014
0002
0002
0014
001D
001E
0020
001F
0014
001B
0002
0014
0002
0014
0014
0014
0022
001B
0022
001F
0014
0022
0014
0002
0002
0014
0002
0014
001D
001C
0022
0023
0014
0018
0014
0002
0014
0002
0002
0014
0024
001A
0010
0019
0014
0016
0014
0014
0014
0002
0014
0002
0018
001E
0010
0027
0014
00EE
0014
0014
0014
0014
0014
0002
0027
0495
01E1
0027
0014
0392
0014
0014
0014
0014
0014
0014
0026
01E4
0022
0013
0014
002E
0014
0014
0014
0014
0014
0002
0019
03DD
0010
0013
0014
002E
0014
0014
0014
0002
0014
0002
0023
00A6
0016
0014
0014
002B
0002
0014
0002
0014
0014
0002
01E6
0032
005F
00F5
0014
0014
0036
01E8
03F6
041C
025B
0152
03F8
0034
0002
0014
00FC
0460
03FA
00FF
01F1
0042
00D1
0101
0045
00AF
00F6
0048
0103
032B
004B
015E
0197
004E
004F
0014
0051
01F2
032E
03C6
0055
030E
0161
00FB
004F
0014
0162
0280
07C1
09B8
005D
005E
0111
0096
0061
0014
0166
0791
0114
0115
04AA
0370
0068
09B9
016B
0014
042E
03A2
086F
09BA
0595
00B7
0072
0794
016B
0014
0284
09BB
09BC
06A5
0465
007A
09B0
0434
007D
0014
0503
062B
02ED
09BD
0110
0083
00D8
0085
00DD
0014
0087
0088
0437
008A
027E
0046
00DA
008E
0035
0014
02B1
0468
0091
0092
0249
0094
00DB
0096
0014
0014
012E
0555
009A
0439
0404
0002
009D
009E
009F
0006
09BE
013D
0009
01DD
09BF
0296
09C0
0347
0255
0026
0145
0015
0013
0014
00A8
0014
0002
0002
0014
0014
0014
0016
0017
0015
0019
0014
001A
0002
0002
0014
0014
0014
0014
0024
001C
0016
0021
0026
0016
0014
0002
0002
0002
0002
0014
001B
001F
0010
00EE
0021
0010
0002
0014
0014
0014
0014
0014
001D
001D
0018
0023
0014
0012
0014
0002
0014
0014
0014
0014
0022
001C
0018
0027
0014
0016
0014
0002
0014
0014
0014
0014
0010
001F
0016
0023
0025
0016
0014
0014
0002
0014
0002
0002
0018
0012
0018
0026
0014
001A
0002
0014
0002
0014
0014
0002
0014
0028
0016
0014
0014
0029
0002
0014
0014
0014
0014
0014
0026
002A
0012
0026
0013
002B
0014
0002
0014
0014
0014
0014
0019
018E
002D
0027
0014
002E
0014
0014
0014
0014
0014
0014
0026
0208
0030
0019
0014
002E
0014
0014
0014
0014
0014
0002
0031
0257
034A
0034
0035
0014
0276
0037
0038
0366
00F9
003B
003C
0308
00B1
0014
029D
00B3
003F
02C0
00B6
00B7
0043
0044
02C1
0046
0047
0055
00BA
034F
0059
004C
004D
012D
0061
0050
0423
0052
03E3
0054
00BC
0056
0057
0058
0002
0014
019C
005A
02C4
005C
0540
0152
005F
0060
0097
0014
0062
0063
0311
01A0
0066
0067
0068
0069
006A
006B
006C
03D0
02A6
006F
09C1
0071
00D1
0073
0074
0014
0075
0076
00D2
0078
09C2
0014
03EA
040B
0014
0014
007E
09C3
0175
0783
00D7
01AC
01AD
0178
0086
0050
008F
09C4
031B
03A8
014B
008C
02F3
012D
0035
0014
008F
017D
0602
0410
005D
0046
01B4
01B5
0097
0014
0098
035A
03F2
009B
07B8
0002
00E3
0004
000F
088D
02B5
00A1
09C5
000A
0344
0141
066F
046C
02BA
0010
0011
0015
0013
0014
001A
0014
0002
0002
0014
0014
0014
0016
0017
0018
0027
0014
001A
0002
0014
0014
0014
0014
0002
0020
001B
001D
0023
0019
0016
0014
0002
0002
0002
0002
0014
0024
001E
0020
0023
0014
0010
0002
0014
0014
0014
0014
0014
001D
0020
0012
001F
0014
0022
0014
0002
0002
0014
0014
0014
0022
001C
0022
0027
0014
001E
0014
0002
0014
0014
0002
0014
0024
0023
0016
0023
0025
0016
0014
0014
0002
0002
0002
0002
0018
001A
0010
0027
0014
0023
0014
0014
0014
0014
0014
0014
0027
0256
0148
0027
0014
0029
0002
0014
0014
0014
0014
0014
0026
002C
0012
0026
0013
00A7
0014
0002
0014
0014
0014
0014
0026
002C
0010
0027
0014
002E
0014
0014
0014
0014
0014
0014
0026
00A6
0022
0027
0014
00A7
0014
0014
0014
0014
0014
0014
0031
0032
0161
00F5
0035
0014
01E7
0037
0671
0574
003A
003B
0043
0034
0002
0014
022E
09C6
09C7
0957
004B
00B7
00D1
04A1
02C1
0257
0102
0055
081B
020E
0059
04BC
0197
04A4
0061
0014
0051
06C8
09C8
0848
00AB
0781
04A5
0060
004F
0014
019C
005A
09C9
005C
0122
0152
056C
0060
00C7
0014
01F5
0113
06B7
06B8
0169
0067
0107
04C3
006A
006B
0117
01A1
09CA
09CB
01FC
0071
09CC
01FD
01A4
0014
0284
09CD
09CE
0937
03E9
006B
021C
0477
007D
0014
0173
062B
09CF
09D0
00D7
0083
0084
0085
00DD
0050
0087
00D9
0437
008A
019A
0046
008D
008E
0035
0014
017C
03EE
0091
0092
0400
0094
0095
005E
00DD
0014
0134
095A
009A
0271
0001
0002
009D
035D
00E4
0006
079A
04B8
0490
013F
0360
04EC
0142
000E
0297
0026
002C
0012
0014
0014
0303
0014
0002
0002
0014
0014
0014
00EE
046E
0012
0019
0014
01BC
0002
0002
0014
0002
0002
0002
001B
001C
0016
001E
001F
0022
0002
0002
0014
0002
0002
0014
001B
001E
0010
001F
0021
001B
0002
0014
0002
0014
0014
0014
0022
001B
0022
0023
0014
0012
0014
0002
0014
0014
0002
0014
001D
001B
0018
0023
0014
0016
0014
0002
0014
0002
0014
0014
0012
001A
0010
0021
0014
0018
0014
0014
0002
0014
0002
0002
0014
0495
04F4
0026
0014
00A7
0002
0014
0002
0014
0014
0002
0027
002F
0018
0014
0014
002B
0002
0014
0014
0014
0014
0014
0026
04DB
0022
0013
0014
00A9
0014
0014
0014
0014
0014
0002
0019
067F
002D
0013
0014
002E
0014
0014
0014
0002
0014
0002
0023
0208
0030
0019
0014
00A9
0002
0014
0002
0014
0014
0002
018F
00F3
034A
0034
0014
0014
0102
0277
0038
0366
018F
0152
0523
0154
0035
0014
003D
003E
02BF
0040
0100
0042
0043
0044
0045
0046
0047
0048
0049
004A
004B
004C
004D
004E
004F
0050
0249
036B
064F
0262
0055
0056
0057
0058
0002
0014
0162
0163
005B
0650
005D
005E
005F
0096
0061
0014
00C8
0063
0064
0065
00CB
0058
0068
0069
016B
0014
0473
006D
006E
006F
01CC
0014
09D1
09D2
0074
0014
0075
0076
0077
0078
0079
007A
09D3
040B
0014
0014
01A9
0174
02AA
0201
0082
01AC
09D4
0178
0086
0014
008F
02AB
031B
03A8
008B
008C
0979
0202
0035
0014
008F
0090
0602
0410
0093
0083
03BA
0096
0097
0014
00DE
0099
097B
0184
0001
0002
009D
01B9
0005
0006
0007
013D
0009
00A2
02B8
0296
0635
000E
000F
0010
0011
0012
0013
0014
001E
0014
0002
0002
0014
0014
0014
0026
0348
0015
0027
0014
00A7
0002
0002
0014
0002
0002
0014
001B
001C
0022
001E
0026
0016
0002
0002
0002
0002
0002
0014
0024
001E
0020
001F
0021
001B
0014
0014
0002
0014
0014
0014
001D
001D
0022
001F
0014
0022
0014
0002
0014
0014
0002
0014
0021
0757
0015
0023
0014
0621
0014
0002
0014
0002
0002
0014
0024
001F
0016
0026
0025
0021
0014
0014
0002
0014
0002
0002
0014
01BE
0416
0026
0014
09D5
0002
0014
0002
0014
0014
0002
0014
01BD
0016
0014
0014
037B
0014
0014
0014
0014
0014
0014
0026
002A
0022
0026
0013
00A9
0014
0002
0014
0014
0014
0002
0019
002C
002D
0027
0014
002E
0014
0014
0014
0014
0014
0002
0023
002F
0030
0019
0014
00A9
0002
0014
0002
0014
0014
0002
0031
0032
0033
0034
0035
0014
0364
0277
034B
037D
0191
00AF
00B0
0034
00B1
0014
029D
00B3
01C2
02C0
00B6
00B7
0043
0194
0045
0046
0047
03C0
0195
09D6
0240
004C
004D
004E
004F
0050
027E
0052
0053
0054
02C3
0056
0057
0058
004F
0014
019C
0163
02C4
0619
0031
0083
0624
005E
0061
0014
0062
0063
019F
09D7
0066
0067
0068
0069
016B
006B
006C
006D
01A2
006F
03E6
0014
09D8
09D9
0074
0014
0075
0076
00D2
0078
0079
0014
0171
007C
0014
0014
007E
0174
01AB
0081
00D7
01AC
0177
0085
0086
0050
008F
021D
0089
008A
008B
008C
02CE
008E
0035
0014
008F
0090
0091
0092
0093
0094
0359
00DC
0097
0014
0098
021E
009A
04EB
09DA
0002
00E3
02FC
09DB
00E5
013C
038D
04B9
0294
0977
000C
00EA
09DC
0255
0019
002C
001A
0014
0014
0303
0014
0014
0002
0014
0014
0014
0016
01E0
0018
0019
0014
001A
0002
0014
0014
0014
0014
0002
0020
001D
001D
00EE
001F
0010
0014
0002
0014
0002
0002
0014
001B
001E
0016
0023
0014
0010
0002
0014
0014
0014
0014
0014
0018
001B
0012
0023
0014
0012
0014
0002
0002
0014
0002
0014
001D
001C
0022
0027
0014
001A
0014
0002
0014
0014
0014
0014
0016
001A
0010
0023
0014
0016
0014
0014
0002
0002
0014
0002
0018
0012
0018
0027
0014
001A
0014
0014
0014
0014
0014
0014
0027
0256
00EF
0027
0014
0029
0002
0014
0014
0014
0014
0014
0026
01E4
0022
0013
0014
00A7
0014
0014
0014
0014
0014
0014
0026
01E5
0022
0013
0014
002E
0014
0014
0014
0002
0014
0014
0019
002C
0022
0014
0014
00A7
0014
0014
0014
0014
0014
0014
01E6
00F3
029A
00F5
0014
0014
0036
0555
05DC
025A
025B
003B
09DD
0154
0002
0014
02BD
03DF
01EF
09DE
0100
0042
0759
0044
016B
00AF
00F6
0048
09DF
032B
0105
032C
02C1
015E
01A4
0014
0051
09E0
05F7
09E1
010D
003B
0161
0430
0086
0014
0162
005A
09E2
01C8
0110
005E
03B7
0060
0035
0014
0276
0336
09E3
09E4
096F
04C2
0312
086E
006A
0014
042E
01A1
09E5
09BA
06B1
0071
01CE
09E6
01A4
0014
0284
09E7
0535
0958
04A6
007A
01A8
09E8
007D
0014
0162
062B
09E9
09EA
00BC
0083
02EF
056F
00DD
0014
0122
0243
09EB
051E
0553
0046
062F
0202
0035
0014
0377
012F
09EC
09ED
030A
00AF
09EE
0096
0014
0014
0182
0135
09EF
093B
09F0
0002
0003
0814
0321
088D
0007
00A1
088E
000A
0295
0324
000D
000E
018D
0010
001D
0012
0013
0014
001F
0014
0014
0002
0014
0014
0014
0016
01E0
001E
0014
0014
001A
0002
0002
0014
0002
0002
0002
0020
0024
0010
001E
001F
0010
0014
0002
0014
0002
0014
0014
001D
001E
0016
0023
0014
001B
0002
0014
0014
0014
0014
0014
0022
001B
0022
001F
0014
0022
0014
0014
0014
0014
0014
0014
0022
001C
0018
0019
0014
001A
0014
0002
0014
0014
0002
0014
0024
00EE
0010
0023
0014
0016
0014
0014
0014
0002
0014
0002
0018
001E
0010
0027
0014
00EE
0014
0014
0014
0014
0014
0002
0013
0028
0022
0014
0014
0670
0014
0014
0014
0014
0014
0014
0026
002A
0018
0026
0013
002B
0014
0014
0014
0014
0014
0002
0019
00AA
0010
0014
0014
002E
0014
0014
0014
0014
0014
0002
0023
01E4
0016
0014
0014
002B
0014
0014
0014
0014
0014
0002
01E6
0032
0057
00F5
0035
0014
01E7
014E
03F6
041C
00AB
003B
01EC
0034
0014
0014
027C
0156
0328
0158
0041
0042
00D1
04A1
0045
00AF
0102
02C3
0368
0369
00AB
04BC
0197
0210
004F
0014
0470
00BE
059B
03FC
012B
010E
0161
0060
004F
0014
00C2
0562
010F
05FA
02E3
005E
0332
00FB
00DD
0014
042B
0791
0281
09F1
09F2
00CC
0068
056F
006A
0014
0400
00CE
09F3
0704
06B1
0071
05FD
01FD
01A4
0014
0284
09F4
09F5
09F6
03E9
01A7
021C
007C
0014
0014
0122
062B
07ED
09BD
00D7
0083
0084
0085
00DD
0050
012E
021D
0089
008A
010D
008C
008D
008E
0014
0014
0438
04CE
0091
0092
0132
0094
0095
01B5
0014
0014
0438
02F9
0270
0271
0185
0002
031F
0004
00E4
0006
09BE
013D
0009
0343
0344
0345
09F7
046C
0297
0026
0145
0015
0014
0014
00A8
0014
0002
0002
0014
0014
0014
0026
0348
0018
0019
0014
00A7
0002
0002
0014
0014
0014
0002
001B
001C
001D
00EE
0026
0016
0002
0002
0002
0002
0002
0014
001B
001E
0020
001F
0021
0010
0002
0014
0002
0014
0014
0014
001D
0024
0018
0023
0014
0012
0014
0002
0002
0014
0002
0014
001D
001B
0022
0023
0014
0016
0014
0002
0014
0002
0014
0014
0010
001A
0016
0021
0025
0016
0014
0014
0002
0014
0002
0002
0018
0012
0018
0026
0014
001A
0002
0014
0002
0014
0014
0014
0027
0349
00F0
0027
0014
01BE
0002
0014
0014
0014
0014
0014
0026
002C
0022
0027
0014
002E
0014
0002
0014
0014
0014
0014
0026
002C
002D
0027
0014
002E
0014
0014
0014
0002
0014
0014
0019
002F
0030
0019
0014
002E
0002
0014
0002
0014
0014
0002
0031
00F3
034A
0034
0014
0014
0102
0037
0038
0366
003A
00AF
0307
00FB
0002
0014
003D
029E
02BF
0193
01EB
00B7
0043
0044
02C1
0046
0047
0048
00BA
034F
004B
004C
004D
004E
0074
0050
0109
0231
0261
0054
02C3
0056
0057
0058
0002
0014
0059
005A
02C4
02C5
00C6
0310
005F
0060
0061
0014
00C8
0063
0311
0350
0066
0067
0068
0069
0002
006B
006C
03A2
006E
0314
01CC
00D0
0072
0073
0074
0014
0075
09F8
0077
09F9
0079
007A
0171
051A
007D
0014
007E
09C3
02AA
09FA
0082
00AF
0600
0178
0086
0014
0087
01AE
08C1
03A8
0031
03A9
028A
012D
0035
0014
008F
017D
0728
0410
005D
00AF
028C
0096
0097
0014
00DE
035A
0136
0184
0138
0002
0003
0004
0005
0006
02B5
013D
0009
000A
018A
0296
066F
00EB
02BA
0010
0011
0012
0013
0014
001E
0014
0002
0002
0014
0014
0014
0016
0017
0015
0027
0014
001A
0002
0002
0014
0002
0002
0014
001B
001C
0022
001E
0026
0016
0014
0002
0002
0002
0002
0014
0024
001E
0020
001F
0014
0010
0014
0014
0002
0014
0014
0014
001D
001D
0022
001F
0014
0022
0014
0002
0014
0014
0002
0014
0022
001C
0015
0027
0014
0016
0014
0002
0014
0002
0002
0014
0024
001F
0016
0026
0025
0012
0014
0014
0002
0014
0002
0002
0018
001F
0010
0014
0014
0023
0014
0014
0014
0014
0014
0002
0027
0028
0016
0014
0014
00F1
0014
0014
0014
0014
0014
0014
0026
002A
0022
0026
0013
002B
0014
0002
0014
0014
0014
0014
0019
002C
002D
0027
0014
002E
0014
0014
0014
0014
0014
0014
0023
002F
0030
0027
0014
00A9
0002
0014
0002
0014
0014
0014
0031
0032
0033
0034
0035
0014
00AC
0277
034B
037D
0191
003B
003C
0034
0002
0014
029D
00B3
003F
02C0
00B6
00B7
020B
0194
0045
0046
0047
03C0
063F
0672
0240
004C
004D
012D
0074
0014
00BD
0052
0053
0054
02C3
0056
0057
0058
004F
0014
019C
0163
02C4
0619
0031
0152
005F
0060
0097
0014
0062
0063
0311
01CA
0066
0067
0068
0069
016B
006B
006C
03D0
04E5
006F
09FB
0071
021A
0073
0014
0014
0075
0076
09FC
01D0
09C2
006B
048A
007C
0014
0014
007E
0354
01D2
01D3
00D7
01AC
0084
0085
0086
0050
0087
021D
0089
008A
008B
008C
008D
008E
0035
0014
008F
017D
0091
0092
0093
0094
0095
005E
00DD
0014
0098
021E
009A
009B
09FD
0002
03D7
03D8
09DB
00E5
00A0
03D9
046B
09FE
0295
000C
0568
0254
0297
0019
018E
001A
0014
0014
0303
0014
0002
0002
0014
0014
0014
00EE
046E
0018
0019
0014
01BC
0002
0002
0014
0014
0014
0002
0020
001D
001D
00EE
001F
0010
0002
0014
0014
0002
0002
0014
001B
001E
0016
00EE
0021
001B
0002
0014
0014
0014
0014
0014
0018
001B
0012
0023
0014
0012
0014
0002
0002
0014
0002
0014
001D
001C
0022
0023
0014
0018
0014
0002
0014
0014
0014
0014
0012
001A
0022
0023
0014
0016
0014
0014
0002
0002
0014
0002
0015
0012
0012
0026
0014
001A
0002
0014
0002
0014
0014
0014
0027
0416
01E2
0027
0014
00A8
0002
0014
0014
0014
0014
0014
0026
01E4
0022
0013
0014
002E
0014
0014
0014
0014
0014
0002
0026
01E5
0022
0013
0014
002E
0014
0014
0014
0002
0014
0002
0019
018E
0022
0019
0014
00A7
0014
0014
0014
0014
0014
0002
01E6
00F3
0785
0444
0014
0014
01BF
0555
09FF
06D4
025B
0152
03F8
0154
0035
0014
02BD
0A00
03FA
01F0
0100
0042
0043
0044
004F
00AF
00F6
0048
0049
004A
0105
032C
02C1
004E
004F
0050
030A
09E0
05F7
09E1
010D
010E
0161
019B
00B1
0014
0162
005A
0607
0471
02A3
005E
005F
0096
0061
0014
0276
0336
0114
0065
03FF
0682
0068
086E
006A
0014
0400
03A2
09E5
0533
0A01
0430
0072
0794
0074
0014
011C
016F
0A02
0A03
0465
007A
09B0
08F0
007D
0014
0503
048B
0A04
0A05
00B6
0083
0655
0467
00DD
0014
00DE
0243
0A06
0A07
016C
0046
05C6
0202
0035
0014
02B1
033D
0A08
0A09
0132
00AF
0A0A
0096
0097
0014
012E
0135
0A0B
09B7
0138
0002
0003
0814
0321
0A0C
0007
00A1
09C5
000A
0360
038F
000D
000E
018D
0010
01E0
0012
0013
0014
001E
0014
0014
0002
0014
0014
0014
0016
001B
001E
0025
0014
001A
0002
0002
0014
0002
0002
0002
0020
001B
0022
001E
0019
0022
0014
0002
0014
0002
0014
0014
0024
001E
0016
0023
0014
001B
0014
0014
0014
0014
0014
0014
001D
0016
0022
001F
0014
0022
0014
0014
0014
0014
0014
0014
0022
001C
0015
0019
0014
0016
0014
0002
0014
0014
0002
0014
0024
0023
0010
0023
0014
0016
0014
0014
0014
0002
0014
0002
0018
001E
0010
0027
0014
00EE
0014
0014
0014
0014
0014
0002
0013
0028
0022
0014
0014
00F1
0014
0014
0014
0014
0014
0014
0026
002A
0018
0026
0013
002B
0014
0002
0014
0014
0014
0002
0019
002C
0010
0014
0014
002E
0014
0014
0014
0014
0014
0002
0023
002F
0016
0014
0014
002B
0014
0014
0014
0014
0014
0002
018F
0032
02D7
00F5
0035
0014
01E7
0277
069E
06DA
01E6
003B
003C
0034
0035
0014
029D
00B3
0956
0158
0041
0042
020B
0194
0045
0257
0036
03C0
0368
0369
00AB
0106
0197
0210
004F
0014
0470
036B
027F
05E7
0109
010E
0057
0060
004F
0014
00C2
0562
010F
05FA
02E3
005E
005F
00FB
0097
0014
0112
019E
0064
02A4
03CF
0067
0312
0116
006A
0014
0117
0A0D
0486
0A0E
0740
0071
0759
01FD
016B
0014
04FC
0A0F
0A10
0A11
03E9
01A7
021C
007C
0014
0014
0173
03A5
0A12
0A13
00D7
01AC
0084
0085
00DD
0050
0339
021D
0089
008A
008B
008C
008D
008E
0014
0014
014D
04CE
0091
0092
0132
0094
0095
00DC
0014
0014
0134
02F9
0270
0271
0185
0002
031F
0004
00E4
0006
0379
013D
0490
0343
0344
0345
09F7
046C
0297
0019
0145
0015
0014
0014
00A8
0014
0002
0002
0014
0014
0014
0026
01BB
0018
0019
0014
01BC
0002
0002
0014
0014
0014
0002
001B
001C
001D
00EE
001F
0016
0002
0002
0002
0002
0002
0014
001B
001E
0020
001F
0021
0010
0002
0014
0002
0014
0014
0014
0018
001B
0018
0023
0014
0012
0014
0002
0002
0014
0002
0014
001D
001D
0022
0023
0014
0018
0014
0002
0014
0002
0014
0014
0010
001A
0016
0021
0025
0016
0014
0014
0002
0014
0002
0002
0018
0012
0018
0026
0014
001A
0002
0014
0002
0014
0014
0014
0027
0416
00F0
0027
0014
00A8
0002
0014
0014
0014
0014
0014
0026
01E4
0022
0027
0014
002E
0014
0002
0014
0014
0014
0014
0026
01E4
002D
0027
0014
002E
0014
0014
0014
0002
0014
0014
0019
002C
0030
0019
0014
002E
0002
0014
0002
0014
0014
0002
0031
00F3
04DD
0034
0014
0014
01BF
0037
0038
0366
003A
00AF
02BC
00FB
0002
0014
01C1
029E
02BF
0193
03BD
00B7
0043
0044
004F
0046
01C3
0048
00BA
034F
004B
004C
004D
004E
0074
0050
0109
0231
0261
0054
00C0
0056
00D1
0058
0097
0014
0059
005A
00C4
02C5
00C6
0310
005F
0060
0061
0014
00C8
0167
02C7
0694
0066
00CC
0068
0069
0002
006B
0473
03A2
0382
0502
01CC
00D0
0072
0073
0074
0014
0075
0A14
0077
0A15
0079
007A
09B0
051A
007D
0014
01A9
0A16
02AA
0A17
0082
0083
0287
0467
0086
0014
008F
0243
08C1
0656
006C
0046
028A
0202
0035
0014
008F
017D
02B2
04B4
005D
00AF
028C
0096
0097
0014
00DE
035A
038B
0184
081F
0002
00E3
0004
00E4
00E5
0007
0008
06E9
0A18
0360
000C
00EA
000E
00EC
0019
04DB
0012
0013
0014
00A9
0014
0014
0002
0014
0014
0014
00EE
046E
0018
0027
0014
01BC
0002
0002
0014
0014
0002
0002
001B
0024
001D
001E
0019
0010
0014
0002
0014
0002
0002
0014
001D
001A
0020
001F
0014
0010
0002
0014
0002
0014
0014
0014
0022
0024
0022
0023
0014
0015
0014
0002
0002
0014
0002
0014
001D
001C
0022
0023
0014
0016
0014
0002
0014
0002
0002
0014
0024
001A
0010
0023
0014
0016
0014
0014
0002
0014
0002
0002
0012
001E
0010
0027
0014
00EE
0014
0014
0014
0014
0014
0002
0027
0495
01E1
0027
0014
0392
0014
0014
0014
0014
0014
0014
0026
01E4
0022
0025
0014
002E
0014
0014
0014
0014
0014
0002
0019
03DD
0010
0014
0014
002E
0014
0014
0014
0002
0014
0002
0023
00F2
0016
0014
0014
00A9
0002
0014
0002
0014
0014
0002
016C
00F3
0362
00F5
0035
0014
0036
022C
0A19
0A1A
0306
0152
03F8
00FB
0002
0014
00FC
0A00
0A1B
00FF
01F1
0042
00D1
0101
0045
0257
0102
0048
0103
032B
004B
02DF
0107
004E
004F
0014
0051
04E1
0A1C
0160
0055
030E
0057
0060
00B1
0014
00C2
0163
010F
0235
005D
005E
0111
00FB
0061
0014
01F5
0113
0114
0115
04AA
00CC
0068
0116
006A
0014
016C
03A2
0238
0335
0A1D
01CD
0072
0282
01A4
0014
0122
04C5
0A1E
0A1F
0A20
007A
09B0
0584
007D
0014
0503
0A21
0A22
0A23
0110
00AF
08C0
0126
00DD
0014
0357
0128
05B6
012A
027E
00AF
05EE
012D
0014
0014
0403
033D
02B2
0131
0249
0083
05C7
01B5
0014
0014
0134
024B
024C
0A24
0404
0002
009D
03B1
009F
0006
09BE
0273
0009
000A
09BF
0296
02B9
0A25
000F
0010
0011
0015
0014
0014
0015
0014
0002
0002
0014
0014
0014
0016
0017
0012
0019
0014
001A
0002
0002
0014
0002
0014
0014
0024
001C
0016
0027
001F
0016
0002
0002
0002
0002
0002
0014
001B
001E
0010
0023
0021
001B
0002
0014
0014
0014
0014
0014
001D
001B
0018
001F
0014
0022
0014
0002
0014
0014
0014
0014
0022
001C
0012
0019
0014
001E
0014
0002
0014
0014
0014
0014
0010
001F
0016
0021
0025
0021
0014
0014
0002
0002
0002
0002
0018
0012
0018
0026
0014
001A
0002
0014
0002
0014
0014
0002
0014
0028
0016
0014
0014
0029
0002
0014
0014
0014
0014
0014
0026
002A
0022
0026
0013
002B
0014
0002
0014
0014
0014
0014
0019
002C
002D
0027
0014
002E
0014
0014
0014
0014
0014
0014
0026
002F
0030
0019
0014
00A7
0014
0014
0014
0014
0014
0014
0031
0032
0033
0034
0014
0014
047A
0037
0038
0039
003A
003B
003C
0034
00B1
0014
029D
00B3
003F
093E
00B6
00B7
0043
0044
0002
0046
0047
0055
00BA
034F
020F
004C
004D
012D
0097
0050
036A
0052
0053
0054
0162
0056
00C1
0058
004F
0014
0059
005A
00C4
02C5
042A
0152
005F
0060
00C7
0014
00C8
0063
0311
01A0
0066
0067
0068
0069
0002
006B
00CD
0474
02A6
006F
09FB
0071
00D1
0073
0074
0014
010D
0076
00D2
0078
0A26
0014
03EA
007C
0014
0014
007E
0A16
0080
0081
0169
0083
0084
0085
0086
0050
0087
00D9
0089
008A
0031
008C
008D
008E
0035
0014
008F
017D
0091
0092
005D
0094
0095
0096
0097
0014
00DE
035A
0183
009B
0A27
0002
00E3
0975
0204
0006
00E6
00A1
0009
000A
000B
0324
000D
0143
02BA
0010
01E0
0015
0013
0014
001F
0014
0014
0002
0014
0014
0014
0016
0024
0018
0027
0014
001A
0002
0014
0014
0002
0014
0002
001B
001C
0010
0023
0019
0016
0014
0002
0014
0002
0002
0014
0024
001E
0016
001F
0014
001B
0002
0014
0014
0014
0014
0014
001D
001D
0012
001F
0014
0022
0014
0002
0002
0014
0014
0014
0022
001C
0018
0019
0014
001A
0014
0002
0014
0014
0002
0014
0024
0023
0010
0023
0014
0016
0014
0014
0002
0002
0002
0002
0018
001A
0010
0027
0014
0023
0014
0014
0014
0014
0014
0014
0014
0028
0022
0027
0014
0670
0014
0014
0014
0014
0014
0014
0026
002A
0018
0026
0013
002B
0014
0002
0014
0014
0014
0002
0019
002C
002D
0027
0014
002E
0014
0014
0014
0014
0014
0002
0026
0229
0030
0027
0014
00A7
0014
0014
0014
0014
0014
0002
018F
0032
0057
00F5
0035
0014
01E7
0037
03F6
02DA
003A
003B
01EC
0034
00B1
0014
00B2
01EE
0328
0158
0041
0042
020B
04A1
007D
0046
0036
0055
0368
0369
020F
0101
0197
0210
0074
0014
0051
0199
059B
0848
012B
0056
0161
0060
004F
0014
019C
005A
010F
005C
02E3
005E
005F
0060
00C7
0014
01F5
0063
02E5
02E6
042D
0067
02C8
04C3
006A
0014
042E
077B
0A28
0A29
01FC
0071
03C8
0073
01A4
0014
01CF
0076
0A2A
0337
00D4
0014
0A2B
007C
007D
0014
0173
045D
0A12
0338
00D7
0083
0084
0085
0086
0050
0339
00D9
0089
008A
0473
008C
008D
008E
0035
0014
02F4
0090
0091
0092
0093
0094
0095
005E
00DD
0014
0098
0099
0270
009B
0001
0002
0003
0004
00E4
00E5
079A
08CC
00E8
013F
04D7
0A2C
09F7
000E
0297
0026
0145
0012
0014
0014
0303
0014
0002
0002
0014
0014
0014
0026
01BB
0012
0019
0014
01BC
0002
0002
0014
0014
0002
0002
0016
0024
001D
001E
001F
0022
0002
0002
0002
0002
0002
0014
001B
001E
0020
00EE
0021
0010
0002
0014
0002
0014
0014
0014
0018
001B
0022
0023
0014
0012
0014
0014
0014
0014
0002
0014
001D
001B
0022
0023
0014
0016
0014
0002
0014
0002
0014
0014
0012
001A
0016
0021
0025
0016
0014
0014
0002
0014
0002
0002
0012
0012
0018
0026
0014
001A
0002
0014
0002
0014
0014
0002
0027
00AA
00F0
0014
0014
0303
0002
0014
0014
0014
0014
0014
0026
03DD
0022
0013
0014
002E
0014
0002
0014
0014
0014
0014
0019
01E4
0010
0013
0014
002E
0014
0014
0014
0002
0014
0014
0023
0208
0016
0019
0014
00A9
0002
0014
0002
0014
0014
0002
0031
00F3
034A
0034
0014
0014
0102
0277
0038
0366
0306
00AF
01C0
00FB
0002
0014
00FC
003E
02BF
0193
03BD
034D
0043
0044
0045
00AF
01C3
037E
00BA
034F
004B
004C
004D
004E
004F
0050
027E
036B
0680
0262
02C3
04FF
0057
0058
0002
0014
06B6
0465
02C4
0650
0031
0310
005F
0096
0061
0014
036E
06F5
05FB
0694
0066
0682
0068
0069
0002
006B
006C
006D
006E
006F
01CC
0283
0072
011B
0074
0014
0122
016F
05ED
0078
02EA
007A
0A2D
0353
0014
0014
01A9
007F
0723
0696
0082
00AF
0A2E
0178
00DD
0014
0357
02AB
08C1
03A8
008B
00AF
028A
012D
0035
0014
0127
01D6
0728
03F0
0132
0083
028C
0096
0097
0014
012E
01D9
0136
068C
0001
0002
0003
01B9
069B
0006
0007
013D
0490
02B7
04D7
043C
02B9
000E
000F
0010
01E0
0012
0014
0014
001E
0014
0002
0002
0014
0014
0014
0026
0415
0012
0027
0014
01BC
0002
0002
0014
0002
0002
0002
0024
001C
0016
001E
0026
0016
0002
0002
0002
0002
0002
0014
0024
001E
0020
0023
0021
0010
0002
0014
0002
0014
0014
0014
001D
001D
0022
001F
0014
0022
0014
0002
0014
0014
0002
0014
0018
001C
0012
0023
0014
0016
0014
0002
0014
0002
0002
0014
0024
001F
0010
0021
0014
0012
0014
0014
0014
0014
0002
0002
0018
0015
0010
0026
0014
00EE
0002
0014
0014
0014
0014
0002
0013
0303
0604
0014
0014
037B
0014
0014
0014
0014
0014
0014
0026
002C
0022
0027
0014
002E
0014
0002
0014
0014
0014
0014
0026
002C
002D
0027
0014
002E
0014
0014
0014
0002
0014
0014
0023
037C
0030
0019
0014
00A9
0014
0014
0014
0014
0014
0014
016C
0032
02D7
0034
0014
0014
0134
0277
0278
06DA
0151
00AF
04F6
0034
00B1
0014
029D
00B3
027B
0A2F
06B3
00B7
020B
0194
0045
0046
0036
03C0
03E1
0A30
00BC
0106
004D
04A4
004F
0050
027E
036B
027F
05E7
02C3
0056
0057
0058
004F
0014
0162
0465
02C4
0429
00C6
0083
005F
0060
0061
0014
0112
0063
02C7
0765
042D
0067
0068
0116
016B
0014
016C
006D
02A6
006F
0A31
00D0
0072
0073
0074
0014
0075
0076
0A32
0078
0079
01A7
0171
0A33
0014
0014
007E
007F
02ED
048C
00D7
0257
02CB
0085
0086
0014
0087
021D
0437
008A
008B
03A9
031C
008E
0035
0014
02F1
017D
0091
0092
0093
0094
02D0
0096
0097
0014
0098
021E
009A
009B
09DA
0002
031F
0139
000F
00E5
0A34
00A1
02FE
0294
000B
000C
0A35
09DC
00EC
0026
00ED
001A
0013
0014
0303
0014
0002
0002
0014
0014
0014
0016
0017
0018
0019
0014
001A
0002
0014
0014
0014
0014
0002
001B
0024
001D
0019
001F
0010
0014
0002
0014
0002
0002
0014
001B
001A
0016
001F
0014
001B
0002
0014
0014
0014
0014
0014
0022
001B
0012
0023
0014
0012
0014
0002
0002
0014
0014
0014
001D
001C
0022
0019
0014
001E
0014
0002
0014
0014
0014
0014
0022
001A
0016
0023
0025
0016
0014
0014
0002
0002
0002
0002
0018
0012
0018
0027
0014
001A
0014
0014
0002
0014
0014
0014
0027
0028
0016
0027
0014
0029
0002
0014
0014
0014
0014
0014
0026
002A
0012
0026
0013
002B
0014
0002
0014
0014
0014
0002
0019
01E4
0010
0013
0014
002E
0014
0014
0014
0014
0014
0002
0019
00A6
0022
0014
0014
00A7
0002
0014
0002
0014
0014
0002
0031
00F3
0258
0444
0035
0014
0036
0037
0365
0396
00F9
003B
003C
025C
0002
0014
02BD
0A00
003F
0040
0041
0042
0043
0044
016B
00AF
01C3
0048
0049
004A
0105
004C
02C1
004E
0074
0014
0051
0822
03E3
0054
010D
039C
0161
019B
00B1
0014
019C
005A
010F
0471
0110
005E
005F
00FB
00DD
0014
0087
0113
0064
0065
0066
00CC
0312
0069
006A
006B
0473
01A1
0382
09BA
0070
0071
00D1
01FD
01A4
0014
011C
0A36
011E
01A5
09F4
007A
01A8
04A1
007D
0014
0511
0A37
0A38
0A39
00BC
0083
02EF
0A3A
00DD
0050
0357
0243
0A3B
0A07
01F8
008C
01B0
01CD
0035
0014
0127
033D
0A3C
0A3D
030A
0046
01B4
01B5
0014
0014
012E
0135
0A3E
06F8
031E
0002
00E3
0004
009F
0006
00E6
0008
0009
0664
000B
000C
00EA
046C
0297
0026
0145
0012
0014
0014
002B
0014
0002
0002
0014
0014
0014
00EE
0146
0018
0027
0014
00A7
0002
0002
0014
0002
0002
0002
001B
001C
0016
001E
0019
0022
0002
0002
0014
0002
0002
0014
0024
001E
0016
001F
0014
001B
0002
0014
0002
0014
0014
0014
001D
001D
0022
0023
0014
001E
0014
0002
0002
0014
0002
0014
001D
001C
0018
0019
0014
0016
0014
0002
0014
0002
0002
0014
0024
001A
0016
0023
0025
0016
0014
0014
0014
0014
0002
0002
0012
0015
0010
0027
0014
00EE
0002
0014
0014
0014
0014
0002
0027
0349
00F0
0027
0014
01BE
0002
0014
0014
0014
0014
0014
0026
002C
0022
0026
0013
002E
0014
0002
0014
0014
0014
0002
0019
002C
0010
0014
0014
002E
0014
0014
0014
0014
0014
0002
0019
002F
0022
0019
0014
002E
0014
0014
0014
0014
0014
0002
0031
00AF
0A3F
00F5
0014
0014
0036
022C
0667
025A
003A
0152
03F8
00FB
0002
0014
00FC
06A0
03FA
00FF
0041
0042
00D1
0194
015A
0257
00F6
0055
0368
0369
0240
0106
0669
0210
004F
0014
0051
0231
010B
010C
0055
0056
0057
005E
0002
0014
0059
0280
010F
0A40
005D
005E
0111
0060
0097
0014
0681
0167
02E5
0115
0169
0067
0068
0116
006A
006B
0616
01F9
006E
0119
016E
0283
0072
0073
01A4
0014
0109
04E8
02CA
023C
0079
007A
0171
0A41
007D
0014
0A42
007F
0797
0124
00D7
0083
00D8
0178
0086
0050
02F1
00D9
0179
026B
0031
0046
02CE
012D
0014
0014
02F4
0090
017E
026E
030A
03A9
092E
0096
0097
0014
00DE
0099
009A
009B
0001
0002
009D
009E
0224
088D
00A0
0273
0A43
000A
0A44
0A45
018C
000E
02BA
0010
001B
0015
0013
0014
0015
0014
0014
0014
0014
0014
0014
0016
001B
001E
0019
0014
001A
0002
0002
0014
0014
0014
0002
0020
0024
001D
001E
001F
0016
0014
0002
0002
0002
0002
0014
001B
001E
0020
00EE
0021
0010
0002
0014
0014
0014
0014
0014
0022
001B
0018
001F
0014
0022
0014
0014
0014
0014
0002
0014
0022
0024
0022
0023
0014
0018
0014
0002
0014
0014
0014
0014
0022
001F
0010
0019
0014
0016
0014
0014
0002
0002
0002
0002
0018
0012
0018
0026
0014
001A
0014
0014
0002
0014
0014
0002
0013
0028
0018
0014
0014
01E3
0002
0014
0014
0014
0014
0014
0026
002A
0022
0027
0014
002B
0014
0014
0014
0014
0014
0014
0019
00AA
002D
0027
0014
002E
0014
0014
0014
0002
0014
0014
0023
01E4
0030
0027
0014
002B
0002
0014
0002
0014
0014
0014
0425
0032
0033
0034
0035
0014
08BA
0209
034B
037D
0306
003B
003C
0034
00B1
0014
07F6
003E
003F
0193
03BD
00B7
0043
0044
0045
0046
0047
0048
00BA
0196
0105
004C
004D
004E
0061
0050
0423
00BE
0053
00BF
0425
010E
00D1
0058
004F
0014
04A0
0120
037F
005C
0240
0310
005F
00FB
0061
0014
0062
019E
00C9
0694
00CB
00CC
0068
0069
016B
0014
00CD
00CE
0A46
006F
0070
0071
00D1
01FD
0074
0014
0503
066C
011E
00D3
03E9
007A
048A
007C
0014
0014
0A47
0A48
0080
0081
0082
01AC
0125
0085
00DD
0014
0087
02AB
0089
033B
010D
008C
012C
008E
0035
0014
031D
01D6
01B2
02F7
0093
0094
0133
01B5
00DD
0014
0134
01D9
0A3E
06F8
0138
0002
0003
02FC
071F
088D
0007
0008
0A49
0A4A
000B
0773
000D
000E
018D
0010
0011
0012
0013
0014
001E
0014
0002
0002
0014
0014
0014
00EE
0146
001E
0027
0014
01BC
0002
0002
0014
0002
0002
0002
001B
0024
001D
001E
0019
0010
0014
0002
0014
0002
0002
0014
0024
001E
0010
001F
0014
001B
0002
0014
0014
0014
0014
0014
0022
0016
0022
001F
0014
0022
0014
0014
0014
0014
0002
0014
001D
001C
0022
0019
0014
0016
0014
0002
0014
0014
0002
0014
0024
00EE
0016
0026
0025
0012
0014
0014
0002
0002
0002
0002
0018
001E
0010
0027
0014
00EE
0014
0014
0014
0014
0014
0002
0027
01BD
0016
0014
0014
05F2
0014
0014
0014
0014
0014
0014
0026
002A
0018
0014
0014
00A9
0014
0002
0014
0014
0014
0002
0019
002C
0010
0014
0014
002E
0014
0014
0014
0002
0014
0002
0023
00F2
0016
0014
0014
002B
0014
0014
0014
0014
0014
0002
0031
0032
02D7
00F5
0035
0014
00AC
0277
0671
0574
0191
0152
03F8
0034
0002
0014
027C
02BE
0A4B
02DD
0100
0042
058D
0194
0045
0257
0102
00B9
032A
015C
020F
0210
0197
0210
004F
0014
0198
0052
03C5
0673
012B
030E
0057
0060
004F
0014
077A
0562
010F
05FA
02E3
005E
0332
00FB
0097
0014
042B
0113
0281
07C3
0062
0067
0068
0116
016B
006B
0117
006D
0265
0371
0740
00B7
0072
01FD
01A4
0014
0284
0A4C
011E
0A4D
023D
006B
0171
007C
0014
0014
0122
0A4E
02ED
0A4F
01C3
01AC
0844
0085
0014
0014
03AE
0A50
0089
033B
010D
008C
0A51
008E
0014
0014
0438
04CE
01B2
01D7
0132
0094
0A52
01B5
0014
0014
052A
02F9
0340
0341
0647
0002
03D7
028F
0005
0006
068D
0A53
0009
01DD
04F1
000C
0A54
046C
0297
0026
002C
0015
0014
0014
00A8
0014
0002
0002
0014
0014
0014
0016
001B
0018
0019
0014
001A
0002
0002
0014
0014
0014
0014
0024
001C
0016
0023
001F
0016
0002
0002
0002
0002
0014
0014
001B
001E
0020
00EE
0021
0010
0002
0014
0002
0014
0014
0014
001D
001B
0018
0023
0014
0012
0014
0002
0002
0014
0002
0014
0022
001B
0018
0023
0014
0018
0014
0002
0014
0002
0014
0014
0010
001A
0010
0023
0014
0016
0014
0014
0014
0014
0002
0002
0018
0012
0018
0026
0014
001A
0002
0014
0002
0014
0014
0014
0027
0256
01E2
0027
0014
0029
0002
0014
0014
0014
0014
0014
0026
0298
0022
0026
0013
00A7
0014
0014
0014
0014
0014
0014
0026
03DD
002D
0027
0014
002E
0014
0014
0014
0014
0014
0014
0019
002F
0030
0019
0014
002E
0002
0014
0002
0014
0014
0002
00AB
00F3
034A
0034
0014
0014
0102
0690
0038
0691
025B
003B
003C
00FB
00B1
0014
003D
029E
003F
0193
00B6
00B7
0043
0044
004F
0046
0047
0048
00BA
034F
004B
004C
004D
004E
0061
0050
0109
08EB
0261
0443
00C0
0056
00D1
0058
0002
0014
0162
0120
00C4
02C5
00C6
0310
005F
0060
0061
0014
00C8
0063
0311
0350
00CB
00CC
0068
0069
006A
0014
00CD
05DD
006E
0314
02C9
0071
00D1
0073
0074
0014
0075
0A55
02CA
011F
00D4
007A
048A
0353
007D
0014
007E
0A56
02AA
0A57
0082
0083
0084
0178
0086
0050
0087
0088
07DD
0698
0031
0046
008D
0202
0035
0014
008F
017D
017E
0A58
005D
00AF
0095
0096
0097
0014
00DE
035A
009A
0184
0138
0002
0003
01B9
0A59
0006
00E6
013D
0009
000A
000B
0141
000D
00EB
000F
0010
01E0
0012
0014
0014
001E
0014
0002
0002
0014
0014
0014
0016
001B
0012
0027
0014
001A
0002
0002
0014
0002
0002
0014
001B
001C
0010
001E
0026
0016
0002
0002
0014
0002
0002
0014
0024
001E
0020
001F
0014
001B
0014
0014
0002
0014
0014
0014
001D
001D
0022
001F
0014
0022
0014
0002
0014
0014
0002
0014
0022
001C
0012
0019
0014
0016
0014
0002
0014
0002
0002
0014
0024
001F
0010
0026
0014
0012
0014
0014
0014
0014
0002
0002
0018
001A
0010
0026
0014
0023
0014
0014
0014
0014
0014
0002
0014
00A8
03DD
0014
0014
0670
0014
0014
0014
0014
0014
0014
0026
002C
0022
0027
0014
00A7
0014
0002
0014
0014
0014
0014
0026
002C
002D
0027
0014
002E
0014
0014
0014
0014
0014
0014
0023
002F
0030
0027
0014
00A9
0014
0014
0014
0014
0014
0014
018F
0032
02D7
0034
0014
0014
031D
0277
07A5
058F
003A
003B
003C
0034
00B1
0014
00B2
00B3
02DC
0158
00FC
0042
020B
0194
0045
0046
0036
03C0
0368
0369
0240
03C4
004D
0682
0074
0014
05E6
0052
0778
0233
0055
0056
0057
0058
004F
0014
0059
0280
005B
05FA
005D
005E
005F
0060
0097
0014
01F5
0063
0064
02A4
042D
0067
0068
0116
016B
0014
0117
03D0
0674
006F
06B9
0071
021A
0073
0074
0014
010D
0076
0A2A
02E9
09C2
0014
048A
06A6
0014
0014
007E
0354
0A5A
02EE
00D7
0257
0084
0085
0086
0014
0087
021D
0437
008A
008B
03A9
008D
008E
0035
0014
02F4
017D
0091
0092
0093
0094
0095
0096
00DD
0014
0098
0099
009A
009B
09FD
0002
031F
02FC
0A5B
00E5
06D1
00A1
046B
0A5C
00A3
04EC
0A5D
0254
00EC
0026
00ED
001A
0013
0014
0303
0014
0002
0014
0014
0014
0014
0026
01BB
0018
0019
0014
01BC
0002
0002
0014
0014
0014
0002
0020
0024
001D
00EE
001F
0010
0014
0002
0002
0002
0002
0014
001B
001A
0016
00EE
0021
0010
0002
0014
0014
0014
0014
0014
0018
001B
0012
0023
0014
0012
0014
0002
0002
0014
0002
0014
001D
001C
0022
0023
0014
0018
0014
0002
0014
0014
0014
0014
0022
001A
0016
0023
0025
0016
0014
0014
0002
0002
0002
0002
0012
0012
0018
0027
0014
001A
0002
0014
0002
0014
0014
0014
0027
00A6
0016
0027
0014
00A8
0002
0014
0014
0014
0014
0014
0026
002A
0015
0026
0013
04DC
0014
0002
0014
0014
0014
0002
0019
01E4
0010
0013
0014
002E
0014
0014
0014
0002
0014
0002
0019
002C
0016
0019
0014
00A7
0002
0014
0002
0014
0014
0002
020F
00F3
0258
0363
0035
0014
0036
0209
084B
06D4
0306
00AF
041D
0367
0002
0014
02BD
0A00
083C
0193
00B6
034D
0043
0044
004F
00AF
01C3
0048
00BA
034F
0105
004C
02C1
004E
004F
0050
0051
09E0
0581
056A
00AB
039C
00D1
019B
00B1
0014
00C2
0120
0A5E
0471
004B
0310
005F
00FB
0061
0014
036E
0113
0A5F
0694
0066
00CC
0068
0069
006A
006B
0473
03A2
006E
02A7
0070
0283
0072
011B
01A4
0014
0122
011D
05ED
0A60
0A61
007A
0A62
0A63
007D
0014
0122
048B
0A64
0A65
0110
0083
0241
0126
00DD
0050
0357
0243
0A66
0A67
019A
008C
0A68
0A69
0035
0014
0127
0A6A
0A3C
0A6B
0117
0046
0480
01B5
0097
0014
012E
0A6C
0A6D
06F8
0138
0002
0003
066E
0A6E
088D
0007
0008
088E
000A
000B
0324
000D
000E
018D
0010
01E0
0012
0014
0014
001E
0014
0014
0002
0014
0014
0014
0016
001B
001E
0027
0014
001A
0002
0014
0014
0002
0002
0002
001B
0024
0022
001E
0019
0022
0014
0002
0014
0002
0002
0014
0024
001E
0022
001F
0014
001B
0014
0014
0014
0014
0014
0014
0022
0020
0022
001F
0014
0022
0014
0014
0014
0014
0014
0014
0022
001C
0015
0019
0014
0016
0014
0002
0014
0014
0002
0014
0024
00EE
0010
0026
0014
0012
0014
0014
0014
0002
0014
0002
0018
001E
0010
0027
0014
00EE
0014
0014
0014
0014
0014
0002
0027
00A8
0A6F
0014
0014
0670
0014
0014
0014
0014
0014
0014
0026
002C
0018
0014
0014
00A7
0014
0002
0014
0014
0014
0002
0019
002C
0018
0014
0014
002E
0014
0014
0014
0014
0014
0002
0023
037C
0012
0014
0014
002B
0014
0014
0014
0014
0014
0002
018F
0032
02D7
00F5
0014
0014
01E7
0277
02D9
058F
0191
003B
01EC
0034
0002
0014
027C
02BE
096B
02DD
01F1
0042
00D1
0194
0045
0257
0102
02C3
0368
0369
020F
02DF
0197
0210
004F
0014
0470
0052
02E0
0A70
012B
010E
0057
0060
004F
0014
019C
0562
010F
05FA
02B1
005E
0332
00FB
0097
0014
042B
0113
0472
09F1
042B
0067
0068
0116
016B
0014
0117
03D0
07C5
0371
0740
0071
05FD
01FD
007D
0014
0284
0A71
07C9
0A72
03E9
006B
021C
0434
0014
0014
0173
0A73
0A74
0A75
00D7
04AD
0A76
0085
0014
0014
0339
033A
04CB
06C0
008B
00AF
04CD
008E
0014
0014
014D
04CE
04CF
02F7
0132
0094
04D0
01B5
0014
0014
0134
02F9
0A77
0A78
0185
0002
03D7
028F
0005
0006
068D
0273
0009
0343
04F1
0345
0A54
046C
0297
0026
0145
0015
0013
0014
00A8
0014
0002
0002
0014
0014
0014
0026
0348
0018
0019
0014
00A7
0002
0002
0014
0014
0014
0002
0020
001C
001D
00EE
001F
0016
0002
0002
0002
0002
0002
0014
001B
001E
0020
00EE
0021
0010
0002
0014
0002
0014
0014
0014
001D
001B
0018
0023
0014
0012
0014
0002
0002
0014
0002
0014
001D
001B
0022
0023
0014
0018
0014
0002
0014
0002
0014
0014
0010
001A
0016
0023
0025
0016
0014
0014
0002
0014
0002
0002
0018
0012
0018
0026
0014
001A
0002
0014
0002
0014
0014
0014
0027
002F
0016
0027
0014
00A8
0002
0014
0014
0014
0014
0014
0026
04DB
0022
0026
0013
00A9
0014
0002
0014
0014
0014
0014
0019
01E4
002D
0027
0014
002E
0014
0014
0014
0002
0014
0014
0019
0229
0030
0019
0014
002E
0002
0014
0002
0014
0014
0002
020F
00F3
04DD
0034
0035
0014
01BF
0209
0038
0691
025B
00AF
0307
00FB
00B1
0014
003D
029E
02BF
0193
00B6
0056
0043
0044
004F
0046
0047
0048
00BA
034F
004B
004C
004D
004E
0061
0050
0109
0A79
0261
0443
00C0
0056
00D1
0058
0097
0014
0162
0120
00C4
02C5
00C6
0310
005F
0060
0061
0014
00C8
0063
0311
0350
0066
00CC
0068
0069
006A
006B
00CD
03A2
006E
0314
01CC
00D0
0072
0073
0074
0014
0075
05A7
0077
0A7A
0079
007A
0286
0318
007D
0014
01A9
0A7B
02AA
0A7C
0082
0083
0A7D
0126
0086
0050
008F
0088
0A7E
0698
006C
008C
0528
0202
0035
0014
008F
017D
05DB
0A58
005D
0046
0529
0096
0097
0014
00DE
035A
009A
0184
07E0
0002
00E3
0004
0A7F
0225
00E6
038D
0226
000A
000B
0828
000D
00EB
0620
0010
01E0
0012
0014
0014
0015
0014
0002
0002
0014
0014
0014
0016
001B
0018
0019
0014
001A
0002
0014
0014
0002
0014
0002
001B
001C
001D
00EE
0019
0016
0014
0002
0014
0002
0002
0014
001B
001E
0016
001F
0014
001B
0002
0014
0014
0014
0014
0014
0022
001D
0022
001F
0014
0022
0014
0002
0002
0014
0002
0014
001D
001C
0022
0019
0014
0016
0014
0002
0014
0014
0002
0014
0024
00EE
0010
0026
0014
0012
0014
0014
0002
0002
0002
0002
0018
001A
0010
0027
0014
0023
0014
0014
0014
0014
0014
0014
0027
01E1
0147
0027
0014
01BC
0002
0014
0014
0014
0014
0014
0026
002C
0018
0027
0014
00A7
0014
0002
0014
0014
0014
0014
0019
002C
002D
0027
0014
0393
0014
0014
0014
0002
0014
0014
0019
0208
0030
0019
0014
00A7
0014
0014
0014
0014
0014
0014
018F
0032
02D7
00F5
0014
0014
00AC
0037
0190
0039
003A
003B
00C1
0034
0002
0014
06B1
06A0
096B
0A80
00FC
0042
058D
0044
007D
0046
0102
0055
0A81
029F
020F
032C
0197
0A82
0074
0014
0051
0199
04FE
0918
012B
010E
0057
0060
004F
0014
019C
005A
010F
005C
02B1
005E
01CE
0060
0097
0014
01F5
0167
0A83
0A84
042D
0067
0068
0116
016B
0014
01F8
01A1
0265
09CB
01FC
0071
03E7
03A3
01A4
0014
0122
04C5
0A85
060B
00D4
006B
0A86
07EC
007D
0014
0173
02A9
060C
09D0
071A
04AD
0A87
0085
00DD
0014
0339
0A88
0A89
0A8A
014B
00AF
0A8B
008E
0035
0014
014D
017D
0A8C
028B
0093
0094
0632
01B5
0097
0014
0134
0099
0974
009B
0001
0002
009D
044D
0005
0006
079A
08CC
0009
0343
00A3
000C
09F7
000E
0297
0026
0145
0015
0013
0014
00A7
0014
0002
0002
0014
0014
0014
0026
0348
0012
0014
0014
00A7
0002
0002
0014
0014
0002
0014
0010
001B
0016
001E
001F
0022
0002
0002
0002
0002
0014
0014
0024
001E
0020
00EE
0021
0010
0002
0014
0002
0014
0014
0014
001D
001B
0018
0019
0014
001E
0014
0002
0014
0014
0002
0014
0021
001B
0018
0023
0014
0018
0014
0002
0014
0002
0014
0014
0018
001A
0016
0023
0025
0016
0014
0014
0002
0014
0002
0002
0018
0012
0018
0026
0014
001A
0002
0014
0002
0014
0014
0002
0027
002F
0016
0014
0014
00A8
0002
0014
0014
0014
0014
0014
0026
04DB
0022
0026
0013
00A9
0014
0002
0014
0014
0014
0002
0019
01E4
0010
0013
0014
002E
0014
0014
0014
0014
0014
0002
0023
00A6
0016
0014
0014
00A9
0002
0014
0002
0014
0014
0002
020F
00F3
0258
0034
0035
0014
0102
00AD
034B
064D
0306
00AF
0A8D
0154
0014
0014
003D
003E
02BF
0193
00B6
034D
0043
0101
0045
00AF
0047
087B
034E
034F
004B
004C
004D
004E
004F
0050
027E
00BE
0261
0262
00C0
0056
00D1
0058
00B1
0014
06B6
030F
086C
0650
0031
0310
005F
0096
0061
0014
00C8
019E
05FB
0350
0066
00CC
0068
0069
006A
006B
006C
006D
006E
006F
01CC
00D0
0072
0073
0074
0014
010D
0076
0077
0078
02EA
007A
09B0
040B
0014
0014
01A9
007F
0723
0696
0082
0083
0A8E
0282
0086
0050
008F
0088
031B
017A
010D
008C
0A8F
012D
0035
0014
008F
04CE
0965
017F
0180
0083
092E
0096
0014
0014
00DE
01D9
0183
0439
0001
0002
0003
0004
05DF
0A90
0007
013D
00E8
02B7
0360
038F
000D
000E
000F
0010
001D
0015
0014
0014
0015
0014
0002
0002
0014
0014
0014
00EE
0275
0012
0019
0014
01BC
0002
0002
0014
0002
0002
0002
0024
001C
0016
001E
0014
0016
0002
0002
0002
0002
0002
0014
001B
001E
0020
0023
0021
0022
0002
0014
0002
0014
0014
0014
001D
001D
0018
001F
0014
0022
0014
0014
0014
0014
0002
0014
0022
001C
0018
0023
0014
0016
0014
0002
0014
0002
0002
0014
0024
001F
0010
0021
0014
0012
0014
0014
0014
0014
0002
0002
0018
0015
0010
0026
0014
00EE
0002
0014
0014
0014
0014
0002
0027
0495
0A6F
0014
0014
0392
0014
0014
0014
0014
0014
0014
0026
02D5
0A6F
0027
0014
0393
0014
0014
0014
0014
0014
0014
0026
069C
0010
0027
0014
002E
0014
0014
0014
0002
0014
0014
0023
037C
0016
0019
0014
00A9
0014
0014
0014
0014
0014
0014
016C
0032
02D7
0034
0014
0014
04F5
0277
0278
06DA
0151
0152
0153
0034
0002
0014
00C3
02BE
027B
02DD
027C
0042
058D
0044
0045
0014
027D
03C0
015B
015C
00BC
0106
004D
04A4
0061
0050
027E
036B
027F
05E7
0055
010E
0057
0058
004F
0014
0162
0280
005B
0429
005D
005E
01CE
0060
0061
0014
0062
0167
0114
0168
042D
00CC
0068
0116
016B
0014
006C
03D0
02A6
006F
0705
00D0
01CE
0351
0074
0014
00AB
016F
02A8
0078
00D4
006B
0317
0A91
0014
0014
007E
007F
05A0
048C
00D7
0257
06A8
0A92
00DD
0014
0087
033A
0A93
04CC
008B
03A9
0A94
008E
0035
0014
017C
017D
06C1
028B
0132
0094
024A
0096
0097
0014
0134
0099
0136
009B
00F0
0002
03D7
024F
000F
0006
0A95
00A1
0009
00E9
0344
018B
0A96
0A97
0A98
0026
00ED
0012
0013
0014
002E
0014
0002
0002
0014
0014
0014
0016
0017
0018
0027
0014
001A
0002
0014
0014
0014
0014
0002
001B
0024
001D
00EE
001F
0022
0014
0002
0014
0002
0002
0014
0024
001A
0016
001F
0014
001B
0002
0014
0014
0014
0014
0014
0022
001B
0022
0023
0014
001E
0014
0002
0002
0014
0014
0014
001D
001C
0022
0019
0014
001E
0014
0002
0014
0014
0014
0014
0022
001A
0016
0023
0025
0016
0014
0014
0002
0002
0002
0002
0018
0012
0018
0027
0014
001A
0014
0014
0002
0014
0014
0014
0027
0028
0016
0027
0014
0029
0002
0014
0014
0014
0014
0014
0026
04DB
0015
0026
0013
002B
0014
0002
0014
0014
0014
0002
0019
002C
002D
0013
0014
002E
0014
0014
0014
0014
0014
0002
0019
0229
0030
0014
0014
00A7
0002
0014
0002
0014
0014
0002
0031
00F3
0258
0444
0035
0014
0036
0037
04DF
0396
00F9
003B
003C
025C
0097
0014
003D
0460
003F
0193
03C3
0056
0043
0101
00B8
0046
0036
0048
0692
0196
0105
004C
00B8
004E
004F
0014
0051
06C8
03E3
0054
0162
0056
00D1
019B
00B1
0014
019C
005A
0214
0471
004B
0310
005F
00FB
00C7
0014
022B
019E
0A99
0694
0066
0067
0068
0069
006A
006B
01F8
03A2
0382
09BA
0070
0071
0072
0073
01A4
0014
0075
0076
02CA
01A5
0120
007A
007B
0A9A
007D
0014
0105
0A9B
0A9C
0A39
004B
0083
0084
0A9D
0086
0050
008F
0088
0A9E
0A9F
01F8
008C
008D
01CD
0035
0014
008F
0468
0741
06CF
005D
0046
0095
01B5
0014
0014
00DE
0A6C
021F
069A
07B8
0002
00E3
0975
071F
088D
0007
0008
0A49
0A4A
000B
0296
000D
000E
018D
0010
0011
0012
0014
0014
0015
0014
0002
0002
0014
0014
0014
00EE
0146
001E
0019
0014
01BC
0002
0002
0014
0002
0002
0002
001B
0024
001D
001E
0019
0010
0014
0002
0014
0002
0002
0014
001B
001E
0010
001F
0021
001B
0002
0014
0014
0014
0014
0014
0022
0024
0022
001F
0014
0022
0014
0002
0014
0014
0014
0014
001D
001C
0022
0019
0014
0016
0014
0002
0014
0014
0002
0014
0024
001F
0016
0026
0025
0012
0014
0014
0002
0002
0002
0002
0018
001E
0010
0027
0014
00EE
0014
0014
0014
0014
0014
0002
0013
002F
0016
0014
0014
00A7
0002
0014
0014
0014
0014
0014
0026
002A
0018
0014
0014
00A9
0014
0002
0014
0014
0014
0002
0019
01E4
0018
0014
0014
002E
0014
0014
0014
0014
0014
0002
0023
018E
0012
0014
0014
002B
0014
0014
0014
0014
0014
0002
0031
0032
02D7
0034
0014
0014
03FF
04DE
0038
0039
0191
0152
03F8
0034
0097
0014
01F1
0AA0
0AA1
06A1
0100
0042
058D
0044
0045
0257
0102
07BE
015B
0729
0105
0106
004D
004E
004F
0050
0198
0AA2
027F
010C
012B
0234
0057
0058
004F
0014
077A
0330
005B
0235
0110
005E
0332
005E
0097
0014
0112
0AA3
0281
07C3
0169
00CC
0068
0116
016B
006B
0117
03A2
01A2
0314
01FC
00B7
0072
011B
007D
0014
011C
0800
011E
0937
02EA
01A7
0171
007C
0014
0014
0122
0AA4
02ED
0738
0082
01AC
0844
0085
0014
0014
03AE
08B1
0089
033B
027E
008C
0A51
008E
0014
0014
0438
0AA5
01B2
0AA6
0132
0094
09B5
01B5
0014
0014
052A
0AA7
03F2
0137
0001
0002
0003
0004
0005
0006
068D
0AA8
0009
06D2
04F1
000C
0AA9
046C
0297
0026
0552
0015
0013
0014
00A7
0014
0002
0002
0014
0014
0014
0016
01E0
0018
0027
0014
001A
0002
0002
0014
0014
0014
0002
0020
001C
0016
00EE
001F
0016
0002
0002
0002
0002
0002
0014
001D
001E
0020
00EE
0014
0010
0002
0014
0002
0014
0014
0014
001D
001B
0012
0023
0014
0015
0014
0002
0002
0014
0002
0014
0022
001B
0018
0023
0014
0018
0014
0002
0014
0002
0014
0014
0010
001A
0010
0023
0014
0016
0014
0014
0014
0014
0014
0002
0018
0012
0018
0026
0014
001A
0002
0014
0002
0014
0014
0002
0027
0256
01E2
0027
0014
0029
0002
0014
0014
0014
0014
0014
0026
002C
0022
0026
0013
00A7
0014
0002
0014
0014
0014
0014
0026
002C
002D
0027
0014
002E
0014
0014
0014
0002
0014
0014
0019
002F
0030
0019
0014
002E
0002
0014
0002
0014
0014
0002
00AB
00F3
034A
0522
0035
0014
0102
0AAA
097E
0AAB
00AE
003B
003C
00FB
0002
0014
003D
00B3
003F
093E
00B6
0056
0043
0101
004F
0046
0047
0055
034E
034F
0240
004C
0669
015E
0061
0014
0109
059A
0261
0443
00C0
0056
00D1
019B
0002
0014
0162
0120
0AAC
0471
00C6
0310
005F
0060
0061
0014
00C8
0063
0311
0350
00CB
0067
015A
0069
006A
0014
00CD
0474
0382
0475
02C9
0071
00D1
0073
0074
0014
0075
0076
02CA
0078
00D4
007A
048A
0353
007D
0014
007E
0AAD
02AA
0696
00D7
0083
0084
0178
0086
0050
0087
0AAE
07DD
0AAF
0031
0046
008D
0202
0035
0014
008F
0AB0
017E
0A58
005D
00AF
0095
0096
0097
0014
00DE
0AB1
009A
0184
0404
0002
0003
0004
05DF
0225
00E6
0008
00E8
000A
000B
038F
000D
00EB
018D
0010
001D
0012
0014
0014
0015
0014
0002
0002
0014
0014
0014
0016
001B
0012
0019
0014
001A
0002
0002
0014
0002
0002
0002
001B
001C
001D
001E
0019
0016
0014
0002
0014
0002
0002
0014
001B
001E
0020
001F
0014
0022
0002
0014
0002
0014
0014
0014
0022
001D
0022
001F
0014
0022
0014
0002
0014
0014
0002
0014
0022
001C
0022
0027
0014
0016
0014
0002
0014
0002
0002
0014
0024
00EE
0010
0026
0014
0012
0014
0014
0014
0014
0014
0002
0018
001E
0010
0026
0014
00EE
0014
0014
0014
0014
0014
0002
0027
00EF
0A6F
0014
0014
0670
0014
0014
0014
0014
0014
0014
0026
069C
0604
0027
0014
0392
0014
0014
0014
0014
0014
0014
0026
02D5
0010
0027
0014
002E
0014
0014
0014
0002
0014
0014
0023
04BA
0016
0019
0014
00A9
0014
0014
0014
0014
0014
0014
016C
0032
02D7
00F5
0014
0014
01E7
0277
069E
06DA
003A
003B
063D
0034
0002
0014
01F1
02BE
0956
02DD
01F1
0042
058D
0044
0045
0257
0102
03C0
06A2
015C
0240
0106
0197
0682
0074
0014
00BD
0052
027F
010C
0055
010E
0057
0060
004F
0014
0059
0163
010F
03FD
005D
005E
01CE
0060
0097
0014
0112
0167
0A83
0A84
042D
026C
0068
0116
016B
0014
016C
03D0
0642
0371
01FC
0071
05FD
0351
0074
0014
0105
04C5
0AB2
04C6
00D4
006B
048A
0AB3
0014
0014
0173
02A9
0AB4
0AB5
00D7
0257
0125
0AB6
00DD
0014
0087
033A
0AB7
0AB8
008B
03A9
012C
008E
0035
0014
017C
017D
0AB9
028B
0132
0094
0133
0096
0097
0014
0134
0099
0136
009B
0647
0002
03D7
0ABA
009F
0006
079A
079B
0009
0ABB
00A3
018B
07D5
0254
0297
0026
0145
0015
0013
0014
00A7
0014
0002
0014
0014
0014
0014
0026
0348
0018
0014
0014
00A7
0002
0002
0014
0014
0014
0014
0020
001B
0016
0023
001F
0022
0002
0002
0002
0002
0014
0014
001D
001A
0010
00EE
0021
001B
0002
0014
0014
0014
0014
0014
001D
001B
0018
0019
0014
001E
0014
0002
0002
0014
0014
0014
001D
001B
0018
0023
0014
0018
0014
0014
0014
0014
0014
0014
0022
001A
0016
0023
0025
0016
0014
0014
0002
0002
0002
0002
0018
0012
0018
0027
0014
001A
0002
0014
0002
0014
0014
0014
0027
01BD
0016
0027
0014
01BE
0002
0014
0014
0014
0014
0014
0026
04DB
0015
0026
0013
04DC
0014
0002
0014
0014
0014
0002
0019
002C
002D
0013
0014
002E
0014
0014
0014
0014
0014
0002
0019
0229
0030
0014
0014
00A7
0002
0014
0002
0014
0014
0002
020F
00F3
0258
0034
0035
0014
0102
0209
0038
0691
0306
00AF
08AD
0367
0014
0014
003D
0192
083C
0193
00B6
0056
0043
0101
004F
0046
0047
087B
034E
034F
0105
004C
004D
004E
004F
0050
0109
02A0
0581
0772
00AB
0056
00D1
0058
00B1
0014
03C9
01A6
00C4
02C5
014B
0310
005F
00F5
0061
0014
00C8
019E
03E5
07DC
0066
0067
0312
0069
006A
006B
0473
01F9
0382
01FB
01CC
00D0
0072
0073
01A4
0014
010D
0384
0077
011F
02EA
007A
0171
040B
007D
0014
01A9
007F
0688
0A65
0082
0083
0177
0282
0086
0050
008F
0088
0ABC
0ABD
016C
008C
0A8F
0A69
0035
0014
008F
01B1
0ABE
0ABF
005D
0046
092E
0544
0014
0014
00DE
026F
0AC0
0AC1
043A
0002
00E3
0004
071F
0225
0007
0008
06E9
000A
000B
0274
000D
000E
018D
0010
001B
0012
0014
0014
0015
0014
0002
0002
0014
0014
0014
0016
001B
0012
0019
0014
001A
0002
0014
0014
0002
0002
0002
001B
0024
001D
001E
0019
0016
0014
0002
0014
0002
0002
0014
001B
001E
0022
001F
0014
001B
0002
0014
0014
0014
0014
0014
0022
0024
0022
001F
0014
0022
0014
0002
0014
0014
0002
0014
001D
001C
0022
0019
0014
0016
0014
0002
0014
0014
0002
0014
0024
001F
0010
0026
0014
0012
0014
0014
0002
0014
0002
0002
0018
001E
0010
0026
0014
00EE
0014
0014
0014
0014
0014
0002
0027
00EF
0A6F
0014
0014
0670
0014
0014
0014
0014
0014
0014
0026
069C
0A6F
0027
0014
0392
0014
0014
0014
0014
0014
0014
0019
02D5
0022
0027
0014
0393
0014
0014
0014
0002
0014
0014
0023
01E4
0022
0019
0014
00A9
0014
0014
0014
0014
0014
0014
018F
0032
02D7
0034
0014
0014
00AC
07F5
0278
06DA
0191
003B
0AC2
0034
0002
0014
01F1
07F7
0956
06A1
01F1
0042
058D
0044
0045
0257
0102
0440
015B
0AC3
0105
0106
004D
0682
0074
0014
0198
0732
027F
010C
012B
030E
0057
0058
004F
0014
0059
0562
005B
0235
0110
005E
01CE
0060
0097
0014
0112
01F1
0A83
0AC4
042D
00CC
0068
0116
016B
0014
0117
0333
01A2
0314
01FC
0071
03E7
023A
0074
0014
011C
0800
06DE
060B
03E9
006B
021C
07EC
0014
0014
0173
0AC5
0AC6
0AC7
0082
04AD
0AC8
0803
00DD
0014
0339
041F
0AC9
0ACA
012B
00AF
0ACB
008E
0035
0014
014D
033F
06AD
0ACC
0132
0094
02F8
0096
0097
0014
0134
0897
0136
0137
0001
0002
009D
044D
0005
0006
0ACD
079B
0009
0664
04F1
000C
0ACE
068F
0228
0026
0145
001A
0013
0014
00A7
0014
0002
0014
0014
0014
0014
0026
0348
0018
0014
0014
00A7
0002
0002
0014
0014
0014
0014
0020
001C
0016
0023
001F
0022
0002
0002
0002
0002
0014
0014
001D
001A
0020
00EE
0021
0010
0002
0014
0002
0014
0014
0014
001D
001B
0012
0023
0014
001E
0014
0002
0002
0014
0002
0014
0021
001B
0018
0023
0014
0018
0014
0002
0014
0002
0014
0014
0018
001A
0016
0023
0025
0016
0014
0014
0002
0002
0002
0014
0018
0012
0018
0027
0014
001A
0002
0014
0002
0014
0014
0002
0027
01BD
0016
0027
0014
01BE
0002
0014
0014
0014
0014
0014
0026
04DB
0022
0026
0013
00A9
0014
0002
0014
0014
0014
0002
0019
002C
002D
0013
0014
002E
0014
0014
0014
0014
0014
0002
0019
002F
0030
0014
0014
00A7
0002
0014
0002
0014
0014
0002
020F
00F3
034A
0522
0035
0014
0102
0209
0667
06D4
00AE
00AF
0A8D
0056
0014
0014
003D
00B3
083C
07D9
00B6
0056
0043
0101
004F
0046
0047
0055
034E
034F
0240
004C
0669
004E
004F
0050
0109
0456
0261
0443
0448
0056
00D1
019B
0002
0014
03C9
0120
0214
0471
00C6
0310
005F
00F5
0061
0014
00C8
0063
03E5
07DC
0066
0067
0312
0069
006A
006B
00CD
006D
0382
0475
01CC
00D0
0072
0073
01A4
0014
0075
0076
0077
0078
0079
007A
0171
040B
007D
0014
01A9
0A7B
02AA
0696
00D7
0083
0177
0178
0086
0050
008F
0ACF
0697
0AD0
0031
008C
017B
04BC
0035
0014
008F
0090
017E
0AD1
005D
0046
092E
00DC
0014
0014
00DE
00DF
00E0
0AD2
07E0
0002
00E3
0004
071F
0225
02B5
013D
06E9
06D2
018A
0828
0253
00EB
0AD3
0019
0552
0012
0014
0014
00A8
0014
0002
0002
0014
0014
0014
0016
001B
0018
0019
0014
001A
0002
0014
0014
0002
0014
0002
001B
0020
001D
00EE
0014
0016
0014
0002
0014
0002
0002
0014
001B
001A
0016
001F
0014
0010
0002
0014
0014
0014
0014
0014
0022
001D
0022
0023
0014
0012
0014
0002
0002
0014
0002
0014
001D
001B
0022
0027
0014
0016
0014
0002
0014
0014
0002
0014
0024
00EE
0010
0021
0014
0018
0014
0014
0014
0002
0014
0002
0018
001E
0010
0027
0014
00EE
0014
0014
0014
0014
0014
0014
0027
0256
0147
0027
0014
0029
0002
0014
0014
0014
0014
0014
0026
002C
0018
0027
0014
00A7
0014
0002
0014
0014
0014
0014
0019
002C
0018
0027
0014
0393
0014
0014
0014
0002
0014
0014
0019
0208
0018
0019
0014
00A7
0014
0014
0014
0014
0014
0014
016C
05AB
0A3F
00F5
0014
0014
00AC
0037
0667
025A
003A
003B
0AD4
00FB
0002
0014
06B1
08BE
096B
0AD5
03BD
00B7
0515
0044
007D
0014
00F6
0055
0AD6
025F
0059
032C
0669
0512
0074
0014
0051
0199
0934
0918
019A
010E
0057
0154
0002
0014
019C
005A
0AD7
0215
0377
0152
03E7
0060
0097
0014
022B
0791
0AD8
0AD9
042D
0067
0068
0116
016B
0014
01F8
0333
02E7
0335
01FC
0071
03E7
0282
016B
0014
0122
04C5
0ADA
060B
03E9
007A
021C
0ADB
007D
0014
0122
007F
0ADC
0466
071A
00AF
0ADD
0178
00DD
0014
0122
0ADE
0129
0ADF
02CD
00AF
0AE0
04BC
0035
0014
0419
03AA
0AE1
03AC
0526
00AF
0AE2
01B5
0097
0014
012E
0AE3
0974
04D2
0001
0002
0003
044D
0005
0006
079A
00A1
0009
02B7
0295
000C
000D
000E
000F
0010
0011
0015
0013
0014
001A
0014
0002
0002
0014
0014
0014
00EE
0146
0012
0014
0014
002E
0002
0002
0014
0014
0002
0002
0024
001C
0016
001E
001F
0022
0002
0002
0002
0002
0014
0014
0024
001E
0020
0023
0021
001B
0002
0014
0002
0014
0014
0014
001D
001B
0018
001F
0014
0022
0014
0002
0014
0014
0002
0014
0022
001C
0012
0023
0014
0018
0014
0002
0014
0002
0014
0014
0016
001A
0016
0023
0025
0016
0014
0014
0002
0014
0002
0002
0018
0012
0018
0026
0014
001A
0002
0014
0002
0014
0014
0002
0013
002F
0016
0014
0014
002B
0002
0014
0014
0014
0014
0014
0026
002A
0022
0026
0013
00A9
0014
0002
0014
0014
0014
0002
0019
01E4
002D
0013
0014
002E
0014
0014
0014
0014
0014
0002
0023
00A6
0030
0014
0014
00A9
0002
0014
0002
0014
0014
0002
014B
0032
0033
0034
0035
0014
0102
014E
034B
037D
0306
0152
0523
0034
0014
0014
003D
003E
02BF
0040
0041
0042
0043
0101
0045
0046
0047
06C7
0049
004A
004B
004C
004D
004E
004F
0050
027E
00BE
0053
00BF
0055
0056
0161
0058
004F
0014
0162
0280
005B
0235
005D
005E
005F
0096
0061
0014
0062
0063
0064
0065
0066
00CC
0312
0069
006A
006B
006C
006D
006E
006F
01CC
00D0
0072
0073
0074
0014
010D
0076
0077
0078
0079
007A
09B0
007C
0014
0014
007E
06F6
0080
0081
0082
0083
0AE4
0085
0086
0050
008F
0088
0089
008A
010D
008C
0AE5
008E
0035
0014
008F
0090
0091
0092
0093
0094
0AE6
0096
0014
0014
0098
0099
0183
0184
0001
0002
0003
0004
0724
067B
0007
013D
05E0
000A
0360
038F
000D
000E
000F
0010
0020
0015
0013
0014
0015
0014
0002
0002
0014
0014
0014
0016
001B
0012
0019
0014
001A
0002
0002
0014
0002
0002
0002
0024
001C
0016
001E
0026
0016
0002
0002
0014
0002
0002
0014
001B
001E
0020
0023
0021
0010
0002
0014
0002
0014
0014
0014
0015
001D
0018
001F
0014
0022
0014
0014
0014
0014
0002
0014
001D
001C
0018
0023
0014
0016
0014
0002
0014
0002
0002
0014
0024
001A
0010
0021
0014
0016
0014
0014
0014
0014
0002
0002
0018
0015
0010
0026
0014
00EE
0002
0014
0014
0014
0014
0002
0027
00EF
0147
0014
0014
00F1
0014
0014
0014
0014
0014
0014
0027
02D5
0147
0027
0014
0392
0014
0014
0014
0014
0014
0014
0026
02D5
0AE7
0027
0014
0393
0014
0014
0014
0002
0014
0014
0023
079F
0030
0019
0014
00A9
0014
0014
0014
0014
0014
0014
018F
0032
02D7
0034
0035
0014
04F5
0277
0278
06DA
0151
003B
063D
0034
0002
0014
00C3
02BE
0956
02DD
027C
0042
058D
0044
0045
0046
027D
03C0
015B
015C
00BC
0106
004D
0682
004F
0050
05E6
036B
027F
05E7
0055
010E
0057
0058
004F
0014
0162
0280
005B
0429
005D
005E
01CE
0060
0061
0014
0062
0167
04C0
0A84
042D
0058
0068
0116
016B
0014
006C
03D0
006E
006F
016E
0071
03E7
0351
0074
0014
0284
016F
0285
0078
03D2
006B
03EA
0AE8
0014
0014
0173
02A9
0719
048C
00D7
0498
074C
0AE9
00DD
0014
0087
033A
0AEA
04CC
008B
03A9
02AF
0AEB
0035
0014
017C
017D
0508
028B
0093
0094
0133
0096
0097
0014
0134
0099
0136
009B
0AEC
0002
03D7
0AED
0005
0006
0379
00A1
0009
04D8
02B8
018B
0AEE
0A97
0A98
0019
00ED
0012
0014
0014
00A7
0014
0002
0002
0014
0014
0014
0026
0348
0018
0027
0014
00A7
0002
0014
0014
0014
0014
0002
001B
001B
001D
0023
001F
0022
0014
0002
0002
0002
0002
0014
0024
001A
0016
001F
0014
001B
0002
0014
0014
0014
0014
0014
001D
001B
0022
0023
0014
0015
0014
0002
0002
0014
0014
0014
0021
001C
0022
0019
0014
001E
0014
0002
0014
0014
0014
0014
0010
00EE
0016
0023
0025
0016
0014
0014
0002
0002
0002
0002
0018
0012
0018
0027
0014
001A
0014
0014
0002
0014
0014
0014
0027
01BD
0016
0027
0014
01BE
0002
0014
0014
0014
0014
0014
0026
002A
0022
0026
0013
00A9
0014
0002
0014
0014
0014
0002
0019
002C
0010
0013
0014
002E
0014
0014
0014
0014
0014
0002
0019
0229
0022
0014
0014
00A7
0002
0014
0002
0014
0014
0002
0031
00F3
0258
0444
0014
0014
0036
0037
04DF
0396
00F9
00AF
00B0
0363
0097
0014
003D
0460
0AEF
0193
03C3
0056
0043
0101
007D
00AF
0036
0048
0692
0196
0105
004C
00B8
004E
0074
0014
0051
06C8
0AF0
0054
0497
0056
00D1
019B
00B1
0014
019C
005A
0214
0471
004B
0310
005F
010E
00C7
0014
022B
019E
0AF1
0AF2
0066
0067
0068
0069
006A
006B
01F8
03A2
081E
09CB
0070
00B7
0072
0073
007D
0014
0075
0384
0077
01A5
0120
007A
0171
0AF3
007D
0014
01A9
007F
06CA
0A39
00BC
0083
00D8
0044
0086
0050
008F
0088
0AF4
0AF5
01F8
008C
00DA
039C
0035
0014
008F
0468
0AF6
06CF
0117
0046
00DB
008C
0014
0014
00DE
0A6C
0AF7
06D0
07B8
0002
00E3
0975
071F
0225
0007
0008
06E9
00A2
000B
043C
000D
000E
018D
0010
01E0
0015
0014
0014
0015
0014
0014
0002
0014
0014
0014
00EE
046E
0012
0019
0014
01BC
0002
0002
0014
0014
0014
0002
001B
0024
001D
001E
0019
0016
0014
0002
0002
0002
0002
0014
001B
001E
0010
001F
0021
001B
0002
0014
0014
0014
0014
0014
001E
0024
0018
001F
0014
0022
0014
0002
0014
0014
0014
0014
0022
001C
0022
0019
0014
0016
0014
0002
0014
0014
0002
0014
0024
001F
0010
0026
0014
0012
0014
0014
0002
0014
0002
0002
0018
001E
0010
0026
0014
00EE
0014
0014
0014
0014
0014
0014
0013
01BD
0022
0014
0014
05F2
0014
0014
0014
0014
0014
0014
0026
002A
0022
0027
0014
00A9
0014
0002
0014
0014
0014
0002
0019
002C
0022
0027
0014
002E
0014
0014
0014
0014
0014
0002
0023
065B
0022
0027
0014
00A9
0014
0014
0014
0014
0014
0002
018F
0032
02D7
0034
0014
0014
02E4
04DE
0278
06DA
00F9
0152
03F8
0034
00B1
0014
029D
0AF8
027B
06A1
01F1
0042
020B
0044
0045
0257
0036
07BE
015B
0729
0105
0106
004D
0210
004F
0050
0470
0732
027F
010C
0109
04FF
0057
0058
004F
0014
0059
0562
005B
0650
0110
005E
005F
0096
0097
0014
025D
03E4
0281
07C3
042D
0067
0068
0116
016B
0014
0117
03A2
0642
0314
01FC
00B7
0072
011B
0074
0014
0284
0800
05ED
06DF
02EA
01A7
0171
007C
0014
0014
0173
0AC5
02ED
0738
0082
01AC
0844
0085
00DD
0014
0403
0AF9
0089
033B
027E
008C
0A51
008E
0035
0014
0134
0AFA
01B2
0AA6
0132
0094
09B5
0096
00DD
0014
03AE
0AFB
097B
0137
0001
0002
0003
0004
0005
0006
068D
0AFC
0009
06D2
0AFD
000C
0889
046C
0297
0026
0145
0012
0013
0014
00A7
0014
0002
0014
0014
0014
0014
0016
0017
0018
0027
0014
001A
0014
0002
0014
0002
0002
0002
0020
001C
0016
001E
001F
0022
0002
0002
0014
0002
0002
0014
0024
001A
0020
00EE
0014
0010
0002
0014
0002
0014
0014
0014
001D
001B
0022
0023
0014
0015
0014
0002
0002
0014
0002
0014
001D
001B
0018
0023
0014
0018
0014
0002
0014
0002
0014
0014
0022
001A
0016
0023
0025
0016
0014
0014
0002
0002
0002
0002
0018
0012
0018
0027
0014
001A
0002
0014
0002
0014
0014
0002
0027
0256
00F0
0027
0014
0029
0002
0014
0014
0014
0014
0014
0026
01E4
0022
0026
0013
00A7
0014
0002
0014
0014
0014
0014
0026
01E4
002D
0013
0014
002E
0014
0014
0014
0002
0014
0014
0019
002F
0030
0019
0014
00A7
0002
0014
0002
0014
0014
0014
020F
00F3
034A
0522
0035
0014
0102
0AFE
0667
0569
00AE
003B
003C
00FB
0002
0014
01C1
0AFF
003F
07D9
00B6
0056
0043
0101
015A
0046
027D
0055
034E
034F
0240
004C
0669
004E
0061
0014
0109
0211
0261
0443
00C0
0056
00D1
019B
0002
0014
03C9
0120
0214
005C
00C6
0310
005F
0060
0061
0014
0062
0B00
0311
07DC
0066
00CC
0068
0069
006A
006B
00CD
0474
0382
0475
02C9
0071
00D1
0073
01A4
0014
0075
0076
02CA
0078
00D4
007A
048A
0353
007D
0014
01A9
0A7B
02AA
0696
00D7
0083
0084
0178
0086
0050
0087
0B01
07DD
0B02
0031
0046
008D
04BC
0035
0014
008F
0B03
017E
0B04
005D
00AF
0095
005E
0097
0014
0098
0B05
009A
07DF
07E0
0002
00E3
0004
0B06
0663
02B5
013D
088E
000A
018A
0324
02B9
00EB
018D
0010
001D
0012
0014
0014
0015
0014
0002
0002
0014
0014
0014
0016
001B
0012
0019
0014
001A
0002
0002
0014
0002
0002
0002
001B
0024
001D
001E
0026
0016
0014
0002
0014
0002
0002
0014
001B
001E
0022
001F
0014
0010
0002
0014
0002
0014
0014
0014
001E
001D
0022
001F
0014
0022
0014
0002
0014
0014
0002
0014
001D
001C
0022
0027
0014
0016
0014
0002
0014
0002
0002
0014
0024
001F
0010
0021
0014
0012
0014
0014
0014
0002
0002
0002
0018
001E
0010
0026
0014
00EE
0014
0014
0014
0014
0014
0002
0027
00EF
0147
0014
0014
00F1
0014
0014
0014
0014
0014
0014
0026
069C
0147
0027
0014
0392
0014
0014
0014
0014
0014
0014
0019
02D5
002D
0027
0014
0393
0014
0014
0014
0002
0014
0014
0023
037C
0030
0019
0014
002B
0014
0014
0014
0014
0014
0014
016C
0032
02D7
0034
0014
0014
01E7
022C
07A5
058F
003A
003B
0B07
0034
0002
0014
096A
08BE
0B08
0B09
06B3
00B7
058D
0044
0045
0046
0102
03C0
0622
0B0A
0240
02DF
004D
0682
0074
0014
00BD
0231
02E0
0233
02C3
010E
0057
0058
004F
0014
0059
0163
02C4
0429
00C6
0152
01CE
0060
0097
0014
01F5
0113
0B0B
0AD9
042D
04C2
0068
0116
016B
0014
016C
0333
02E7
0502
01FC
0071
03E7
03A3
0074
0014
0122
04C5
0A85
060B
03E9
007A
021C
0AB3
0014
0014
0173
03A5
06E2
06A7
00D7
00AF
04C8
0AB6
00DD
0014
0339
033A
0B0C
06AC
008B
00AF
07EE
008E
0035
0014
017C
03AA
0B0D
0388
0093
0094
0B0E
0096
0097
0014
0134
01B6
08AB
04D2
0001
0002
009D
044D
0005
0006
079A
00A1
0009
0860
0295
018B
0A35
0254
0297
0026
00ED
001A
0013
0014
002E
0014
0002
0014
0014
0014
0014
00EE
0146
0018
0014
0014
002E
0002
0002
0014
0014
0014
0002
0020
001C
0010
0023
001F
0022
0002
0002
0002
0002
0014
0014
0024
001A
0020
00EE
0021
001B
0002
0014
0014
0014
0014
0014
001D
001B
0012
0019
0014
001E
0014
0002
0002
0014
0014
0014
0022
001C
0018
0023
0014
0018
0014
0002
0014
0014
0014
0014
0022
001A
0016
0023
0025
0016
0014
0014
0002
0014
0002
0002
0018
0012
0018
0027
0014
001A
0002
0014
0002
0014
0014
0002
0013
01BD
0016
0027
0014
01BE
0002
0014
0014
0014
0014
0014
0026
04DB
0022
0026
0013
04DC
0014
0002
0014
0014
0014
0002
0019
018E
0010
0013
0014
002E
0014
0014
0014
0014
0014
0002
0026
00A6
0022
0014
0014
002E
0002
0014
0002
0014
0014
0002
014B
00F3
0258
0781
0035
0014
0102
0555
0365
06D4
0306
0152
0523
0363
0014
0014
003D
003E
057F
0040
0041
0042
0043
0101
004F
00AF
0047
087B
0049
004A
0105
004C
004F
004E
004F
0050
0109
00BE
0B0F
0772
010D
0056
0161
019B
00B1
0014
00C2
005A
010F
0471
02A3
005E
005F
010E
0061
0014
00C8
0063
0064
0065
0066
0067
0312
0069
006A
006B
00CD
006D
006E
0475
01CC
00D0
0072
0073
01A4
0014
010D
0076
0077
0078
0079
007A
0171
040B
007D
0014
01A9
02EC
02AA
0696
0082
0083
0177
0282
0086
0050
008F
0088
0B10
0B11
018F
008C
0B12
0B13
0035
0014
008F
0090
0B14
0B15
0180
0046
0B16
04FF
0014
0014
00DE
0099
0B17
0B18
07E0
0002
00E3
0004
071F
088D
0007
0008
088E
000A
000B
0828
000D
000E
018D
0010
001D
0015
0014
0014
0015
0014
0002
0002
0014
0014
0014
0016
001D
0012
0019
0014
001A
0002
0002
0014
0002
0002
0002
001B
0024
001D
001E
0019
0016
0014
0002
0014
0002
0002
0014
001B
001E
0022
001F
0021
001B
0002
0014
0014
0014
0014
0014
001E
0024
0018
001F
0014
0022
0014
0002
0014
0014
0002
0014
001D
001C
0022
0019
0014
0016
0014
0002
0014
0014
0002
0014
0024
001F
0010
0026
0014
0012
0014
0014
0014
0014
0002
0002
0018
001E
0010
0026
0014
00EE
0014
0014
0014
0014
0014
0002
0027
00EF
0147
0014
0014
0670
0014
0014
0014
0014
0014
0014
0026
02D5
0147
0027
0014
0392
0014
0014
0014
0014
0014
0002
0019
02D5
0010
0027
0014
002E
0014
0014
0014
0002
0014
0002
0023
04BA
0016
0019
0014
00A9
0014
0014
0014
0014
0014
0002
018F
0032
02D7
0034
0014
0014
02E4
04DE
07A5
058F
0191
003B
01EC
0034
0002
0014
0592
0B19
04BB
0B1A
01F1
0042
0159
0044
0045
0257
01A9
037E
015B
0609
0105
02DF
004D
0210
004F
0050
0470
0732
02E0
04BF
0109
04FF
0057
0058
004F
0014
0059
0562
005B
0650
0110
005E
0332
0060
0097
0014
08BA
0236
0531
0532
042D
04C2
0068
0116
016B
0014
0117
0333
07C5
0502
01FC
0071
03E7
023A
0074
0014
011C
0800
06DE
060B
03E9
006B
021C
0434
0014
0014
0173
0AC5
0AC6
0738
0082
04AD
074C
0803
00DD
0014
0339
0B1B
04CB
0B1C
008B
00AF
033C
008E
0035
0014
014D
0B1D
04CF
0B1E
0132
0094
04D0
0096
0097
0014
012E
0B1F
04D1
0B20
0001
0002
009D
044D
0005
0006
068D
079B
0009
0B21
04F1
000C
0889
068F
0297
0026
00ED
0012
0013
0014
00A7
0014
0002
0014
0014
0014
0014
0026
0B22
0018
0014
0014
00A7
0002
0002
0014
0014
0014
0014
0020
001C
0016
0023
001F
0022
0002
0002
0002
0002
0014
0014
0024
001A
0020
00EE
0014
0010
0002
0014
0002
0014
0014
0014
001D
001B
0022
0014
0014
001E
0014
0002
0002
0014
0002
0014
0021
001B
0018
0023
0014
0018
0014
0014
0014
0002
0014
0014
0022
001A
0016
0023
0025
0016
0014
0014
0002
0002
0002
0014
0018
0012
0018
0027
0014
001A
0002
0014
0002
0014
0014
0002
0027
01BD
0016
0027
0014
01BE
0002
0014
0014
0014
0014
0014
0026
04DB
0022
0026
0013
00A9
0014
0002
0014
0014
0014
0014
0019
002C
002D
0013
0014
002E
0014
0014
0014
0014
0014
0014
0019
00A6
0030
0014
0014
00A7
0002
0014
0002
0014
0014
0002
020F
00F3
0258
0522
0035
0014
0102
0209
04DF
0B23
00AE
00AF
0A8D
0367
0014
0014
003D
00B3
083C
07D9
00B6
0056
0043
0101
004F
0046
0047
0055
034E
034F
0240
004C
004F
004E
0061
0014
0109
0456
0261
0443
0448
0056
00D1
019B
0014
0014
03C9
0120
0214
005C
00C6
0310
005F
00F5
0061
0014
0062
0063
03E5
07DC
0066
0067
0312
0069
006A
006B
00CD
006D
006E
0475
01CC
00D0
0072
0073
01A4
0014
0075
0076
0077
0078
0079
007A
0171
040B
007D
0014
01A9
02EC
02AA
0696
00D7
0083
0177
0282
0086
0050
008F
0ACF
0B24
0B25
018F
008C
0B26
02B0
0035
0014
008F
0B27
0B28
0B29
005D
0046
061D
00DC
0014
0014
0098
0B2A
0B2B
0B2C
07E0
0002
031F
0004
0321
088D
02B5
013D
0B2D
06D2
02B8
0324
09F7
00EB
0AD3
0019
0145
0012
0014
0014
00A8
0014
0002
0002
0014
0014
0014
0016
0017
0012
0019
0014
001A
0002
0002
0014
0002
0014
0002
001B
0024
001D
00EE
001F
0016
0014
0002
0014
0002
0002
0014
001B
001E
0016
001F
0021
0010
0002
0014
0014
0014
0014
0014
0012
001B
0022
0023
0014
0012
0014
0002
0014
0014
0002
0014
0022
001B
0022
0027
0014
0016
0014
0002
0014
0014
0002
0014
0024
00EE
0016
0021
0025
0018
0014
0014
0014
0002
0002
0002
0018
001E
0010
0026
0014
00EE
0014
0014
0014
0014
0014
0014
0027
0256
0148
0014
0014
0029
0002
0014
0014
0014
0014
0014
0026
01E5
0022
0026
0013
0392
0014
0002
0014
0014
0014
0014
0019
01E4
0010
0027
0014
0393
0014
0014
0014
0002
0014
0014
0019
037C
0022
0019
0014
00A7
0014
0014
0014
0014
0014
0014
0031
05AB
0A3F
0444
0014
0014
01E7
022C
0B2E
0150
003A
003B
0165
00FB
0002
0014
0592
0820
09C7
0B2F
00B6
00B7
0515
0044
007D
00AF
00F6
03C0
0AD6
0B30
0059
02DF
0669
0512
0074
0050
0470
0822
0B31
0B32
019A
010E
0057
0154
0002
0014
0059
0163
0AD7
0B33
0122
0152
05F8
0060
0097
0014
08BA
0791
0B0B
0AD9
0062
04C2
0068
0116
016B
006B
01F8
03A2
02E7
0335
0B34
0071
0072
0282
0074
0014
0105
04C5
0801
060B
0120
007A
007B
0652
0014
0014
0503
007F
0123
0466
00D7
00AF
074C
0178
00DD
0050
0339
0935
0129
0B35
0818
00AF
0B36
0202
0035
0014
0B37
0B38
0B39
0B3A
0590
00AF
0B3B
0096
0097
0014
0182
0B3C
0B3D
0B3E
0001
0002
0003
044D
00E4
0006
0292
04D5
0009
0B3F
0295
018B
000D
000E
000F
0010
01E0
0015
0013
0014
001A
0014
0014
0002
0014
0014
0014
00EE
046E
0018
0014
0014
002E
0002
0002
0014
0014
0002
0002
0020
001C
0016
001E
0019
0022
0002
0002
0002
0002
0014
0014
0024
001E
0020
0023
0014
001B
0002
0014
0002
0014
0014
0014
001D
0024
0018
001F
0014
0022
0014
0002
0002
0014
0002
0014
001D
001C
0015
0023
0014
0018
0014
0002
0014
0002
0014
0014
0016
001A
0010
0023
0014
0016
0014
0014
0002
0014
0002
0002
0018
0012
0018
0027
0014
001A
0002
0014
0002
0014
0014
0002
0013
01BD
0018
0027
0014
0149
0002
0014
0014
0014
0014
0014
0026
002A
0022
0013
0014
00A9
0014
0002
0014
0014
0014
0002
0019
002C
002D
0013
0014
002E
0014
0014
0014
0014
0014
0002
0023
00A6
0030
0014
0014
04DC
0002
0014
0002
0014
0014
0002
01E6
0032
0033
0034
0035
0014
0102
0555
0038
0039
0306
0152
0523
0034
0014
0014
003D
003E
083C
0040
00FC
0042
0043
0101
0045
0046
0047
0048
0049
004A
004B
004C
004D
004E
004F
0014
0109
00BE
0053
00BF
0055
0056
0161
0058
004F
0014
00C2
005A
005B
005C
005D
005E
005F
005E
0061
0014
0062
0063
0064
0065
00CB
0067
0312
0069
006A
0014
006C
0474
006E
006F
01CC
00D0
00D1
0073
01A4
0014
010D
0076
0077
0078
00D4
007A
0317
007C
007D
0014
007E
045D
0080
0081
0082
0083
0177
0085
0086
0014
008F
0088
0089
008A
010D
008C
0B40
008E
0035
0014
008F
0090
0091
0092
0093
0094
0B41
00DC
0014
0014
0098
0099
03D5
00E1
0001
0002
0003
0004
0724
013B
00E6
0008
046B
000A
000B
0B42
000D
00EB
000F
0010
001D
0015
0013
0014
0015
0014
0002
0002
0014
0014
0014
0016
001B
0012
0019
0014
001A
0002
0002
0014
0002
0002
0002
001B
001C
001D
001E
001F
0016
0002
0002
0014
0002
0002
0014
001B
001E
0022
001F
0014
001B
0002
0014
0002
0014
0014
0014
0015
001B
0018
001F
0014
0022
0014
0002
0014
0014
0002
0014
001D
001C
0022
0023
0014
0016
0014
0002
0014
0002
0002
0014
0024
001A
0010
0023
0014
0016
0014
0014
0014
0002
0002
0002
0018
0012
0010
0026
0014
001A
0014
0014
0014
0014
0014
0002
0027
01E1
0147
0014
0014
01E3
0002
0014
0014
0014
0014
0014
0027
02D5
0147
0027
0014
0392
0014
0014
0014
0014
0014
0014
0026
02D5
0B43
0027
0014
0393
0014
0014
0014
0002
0014
0014
0026
079F
0B44
0019
0014
0392
0014
0014
0014
0014
0014
0014
018F
0032
02D7
0034
0035
0014
0276
0277
07A5
0279
003A
003B
02DB
0034
0002
0014
064E
00B3
0B45
02DD
01F1
0042
020B
0044
015A
0046
0036
03C0
015B
015C
0240
02DF
004D
015E
004F
0014
05E6
0052
02E0
0233
0055
010E
0057
0058
004F
0014
0059
0280
005B
0B46
005D
005E
005F
0060
0061
0014
01F5
0063
04C0
0A84
0155
0370
0068
0116
006A
0014
0117
03D0
0238
006F
0239
0071
01CE
0351
0074
0014
0284
0B47
02A8
04C6
00D4
006B
01A8
0B48
0014
0014
0105
02A9
0080
06A7
00D7
04AD
01AD
0B49
00DD
0014
0339
09C4
0B4A
04CC
0031
03A9
02AF
0B4B
0035
0014
014D
047E
06AD
028B
0093
0094
0878
0B4C
0097
0014
0134
0099
0B4D
009B
00F0
0002
03D7
0AED
0005
0006
079A
079B
0009
0B4E
0945
000C
0AEE
000E
0B4F
0026
00ED
0012
0014
0014
00A7
0014
0002
0002
0014
0014
0014
0026
01BB
0018
0027
0014
01BC
0002
0002
0014
0014
0014
0014
0024
001B
0016
001E
0014
0022
0014
0002
0002
0002
0014
0014
0024
00EE
0020
00EE
0021
0010
0002
0014
0014
0014
0014
0014
001D
0024
0022
0019
0014
0015
0014
0002
0002
0014
0014
0014
0021
001B
0018
0027
0014
001E
0014
0014
0014
0014
0014
0014
0010
00EE
0016
0019
0025
0018
0014
0014
0002
0014
0002
0002
0012
0015
0018
0027
0014
00EE
0002
0014
0002
0014
0014
0014
0027
01BD
0016
0027
0014
01BE
0002
0014
0014
0014
0014
0014
0026
04DB
0022
0026
0013
00A9
0014
0002
0014
0014
0014
0002
0019
002C
0010
0013
0014
002E
0014
0014
0014
0014
0014
0002
0023
0229
0022
0014
0014
00A9
0002
0014
0002
0014
0014
0002
020F
00F3
0258
0234
0014
0014
0036
0209
04DF
06D4
0306
00AF
01C0
0367
0097
0014
02BD
0460
0B50
0193
00B6
0056
0043
0101
0045
0014
01C3
0048
0692
0196
0105
004C
0061
004E
0061
0050
0051
0B51
0B52
04E3
0425
0056
00D1
019B
00B1
0014
00C2
0120
0214
0471
0240
0310
005F
005E
00C7
0014
036E
0113
0216
09D7
0066
0067
0068
0069
00C7
006B
0473
0734
01A2
02A7
0070
01CD
0072
0073
016B
0014
0075
0583
00D2
011F
02EA
007A
0171
0754
007D
0014
007E
007F
0B53
0A39
0082
0083
00D8
06CC
0086
0050
008F
0088
040C
07DE
012B
008C
00DA
0B13
0035
0014
008F
0468
04EA
0699
0132
0083
00DB
007A
0014
0014
00DE
0B54
0B55
0B56
0404
0002
009D
035D
009F
0006
0007
00A1
0009
0294
0360
000C
00EA
000E
0AD3
0019
0145
0015
0013
0014
002B
0014
0002
0002
0014
0014
0014
0016
0017
0018
0027
0014
001A
0002
0002
0014
0002
0002
0002
0024
001D
0016
001E
001F
0018
0014
0002
0014
0002
0002
0014
001D
001A
0016
0023
0014
0010
0002
0014
0002
0014
0014
0014
0022
001B
0012
0019
0014
0015
0014
0002
0002
0014
0002
0014
001D
001C
0018
0027
0014
0016
0014
0002
0014
0002
0002
0014
0016
001A
0016
0023
0025
0016
0014
0014
0002
0014
0002
0002
0018
0012
0010
0027
0014
001A
0002
0014
0014
0014
0014
0002
0014
0256
00F0
0027
0014
0029
0002
0014
0014
0014
0014
0014
0026
002C
0018
0026
0013
00A7
0014
0002
0014
0014
0014
0002
0019
018E
002D
0013
0014
002E
0014
0014
0014
0002
0014
0002
0019
00A6
0030
0019
0014
002E
0014
0014
0014
0014
0014
0002
0031
00F3
0362
00F5
0035
0014
0102
0277
0B57
00F8
01E6
003B
003C
0367
0097
0014
0036
02BE
00FE
00FF
0041
0042
00D1
0194
015A
0046
01C3
03C0
0103
015C
00BC
03C4
004F
0210
01A4
0014
07AC
036B
05F7
0B58
0055
0056
0057
00FB
00B1
0014
00C2
0163
02E2
0884
005D
005E
01C9
005E
0097
0014
0087
0791
0064
02A4
0169
0067
0068
0116
006A
006B
0484
006D
0238
0475
01FC
0071
0072
0073
01A4
0014
0075
0076
0077
0078
02EA
0014
007B
01FF
007D
0014
0173
045D
03ED
0176
00D7
04AD
0084
0282
0086
0050
0540
00D9
0358
026B
01E6
00AF
008D
026C
0035
0014
0503
04CE
0B59
026E
0093
00AF
0095
01B5
0097
0014
0883
02F9
021F
069A
0411
0002
031F
0004
05DF
0B5A
0379
013D
046B
00A2
0B5B
0274
02B9
00EB
000F
0010
001B
0012
0014
0014
0015
0014
0002
0002
0014
0014
0014
0026
06EA
0012
0019
0014
01BC
0002
0002
0014
0014
0014
0014
001B
001C
001D
001E
0026
0016
0002
0002
0002
0002
0002
0014
001B
001E
0020
001F
0021
001B
0002
0014
0014
0014
0014
0014
001D
0024
0022
001F
0014
0022
0014
0002
0014
0014
0014
0014
0021
001C
0022
0023
0014
0018
0014
0002
0014
0014
0014
0014
0024
001F
0010
0019
0014
0016
0014
0014
0002
0002
0002
0002
0018
001E
0010
0026
0014
0023
0014
0014
0002
0014
0014
0014
0027
002F
0018
0014
0014
00A7
0002
0014
0014
0014
0014
0014
0026
002A
0022
0027
0014
00A9
0014
0014
0014
0014
0014
0014
0019
00AA
0010
0027
0014
002E
0014
0014
0014
0014
0014
0014
0023
0208
0016
0027
0014
002B
0002
0014
0002
0014
0014
0014
018F
0032
0033
0034
0014
0014
02E4
0037
0038
0039
003A
00AF
02BC
0034
0002
0014
029D
029E
02BF
0193
0503
00B7
0043
0044
0045
006B
0036
0048
00BA
0196
0105
004C
004D
004E
004F
0050
0470
0199
0053
0054
0425
04FF
00D1
0058
004F
0014
0059
005A
00C4
005C
042A
0310
005F
0060
0061
0014
0112
0063
059E
01A0
0218
00CC
0068
0069
00B1
0014
016C
0333
04E5
0314
03E6
00D0
00D1
01FD
0074
0014
0315
0A36
0432
01A5
00D4
007A
0317
007C
0014
0014
0339
007F
01AB
0081
0082
0083
0241
0085
00DD
0014
0B5C
0243
0089
0289
008B
008C
028A
008E
0035
0014
0B5C
040E
01B2
028B
030A
0094
028C
0096
00DD
0014
0B5D
021E
0136
009B
043A
0002
04D3
0975
071F
0225
0007
0008
06E9
00A2
000B
0828
000D
000E
018D
0010
0011
0015
0014
0014
0015
0014
0002
0002
0014
0014
0014
00EE
0146
0012
0019
0014
00A7
0002
0002
0014
0002
0014
0002
001B
001B
0022
001E
0019
0016
0014
0002
0002
0002
0002
0014
001B
001E
0010
001F
0021
001B
0002
0014
0014
0014
0014
0014
001D
0024
0018
001F
0014
0022
0014
0002
0014
0014
0014
0014
0022
001C
0012
0019
0014
0016
0014
0002
0014
0014
0002
0014
0024
001F
0016
0026
0025
0012
0014
0014
0002
0014
0002
0002
0018
001E
0010
0026
0014
00EE
0014
0014
0014
0014
0014
0014
0013
01BD
0016
0014
0014
05F2
0014
0014
0014
0014
0014
0014
0026
002A
0022
0027
0014
00A9
0014
0002
0014
0014
0014
0002
0019
002C
0022
0027
0014
002E
0014
0014
0014
0014
0014
0002
0023
065B
0022
0019
0014
00A9
0014
0014
0014
0014
0014
0002
0031
0032
02D7
0034
0014
0014
02E4
0B5E
014F
0574
0191
0152
03F8
0034
00B1
0014
07F6
0B5F
0731
0329
0100
0042
020B
0044
0045
0257
0036
07BE
015B
06DC
0105
02DF
004D
0210
0074
0050
008C
07BE
07C0
0B32
012B
04FF
0057
0058
004F
0014
0059
0893
005B
0650
0110
005E
005F
0060
0097
0014
00AC
03E4
0281
0168
0169
0067
0068
0116
016B
006B
0117
0B60
07C5
0383
06B9
00B7
0072
011B
0074
0014
0284
0B61
0B62
0B63
02EA
01A7
0171
007C
0014
0014
0173
0AC5
02ED
0738
0082
01AC
07CB
0085
00DD
0014
0339
07CC
0089
033B
027E
008C
0B64
008E
0035
0014
014D
08B3
01B2
0AA6
0132
0094
0B65
0096
0097
0014
012E
0B66
0603
0B67
0001
0002
0003
0004
0005
0006
068D
0B68
0009
06D2
0B69
000C
0889
046C
0297
0026
002C
0012
0013
0014
00A7
0014
0002
0002
0014
0014
0014
0016
001B
0018
0027
0014
001A
0014
0002
0014
0014
0002
0002
0020
001C
001D
001E
001F
0010
0002
0002
0014
0002
0002
0014
0024
001A
0020
00EE
0014
0010
0002
0014
0002
0014
0014
0014
0022
001B
0022
0023
0014
0015
0014
0002
0002
0014
0002
0014
001D
001B
0022
0023
0014
0018
0014
0002
0014
0002
0014
0014
0016
001A
0010
0023
0014
0016
0014
0014
0002
0002
0014
0002
0018
0012
0018
0027
0014
001A
0002
0014
0002
0014
0014
0002
0027
0256
01E2
0027
0014
0029
0002
0014
0014
0014
0014
0014
0026
01E4
0022
0026
0013
00A7
0014
0014
0014
0014
0014
0014
0026
03DD
002D
0013
0014
002E
0014
0014
0014
0002
0014
0014
0019
002F
0030
0014
0014
00A7
0002
0014
0002
0014
0014
0014
00AB
00F3
034A
0522
0035
0014
01BF
088A
0667
0569
00AE
003B
003C
00FB
0002
0014
01C1
0B6A
003F
07D9
00B6
0056
0043
0101
015A
0046
027D
0055
034E
034F
0240
004C
0669
004E
004F
0014
0109
0B6B
0261
0443
00C0
0056
00D1
019B
0002
0014
00C2
0120
0214
005C
00C6
0310
005F
00DC
0061
0014
0062
045C
019F
00CA
00CB
00CC
0068
0069
006A
0014
00CD
0474
006E
0475
0070
0071
00D1
0073
01A4
0014
0075
0076
0077
0078
00D4
007A
048A
0353
007D
0014
01A9
03EC
02AA
0696
00D7
0083
0084
0178
0086
0050
008F
0B6C
07DD
07DE
0031
0046
008D
04BC
0035
0014
008F
0B6D
017E
0B6E
005D
00AF
0095
00DC
0014
0014
0098
0B6F
009A
07DF
0404
0002
0003
0004
048E
0663
02B5
013D
04B9
000A
018A
0324
02B9
00EB
0620
0010
001D
0015
0014
0014
001E
0014
0002
0002
0014
0014
0014
0016
001D
0012
0027
0014
001A
0002
0002
0014
0002
0002
0002
001B
0024
001D
001E
001F
0016
0014
0002
0014
0002
0002
0014
001D
001E
0022
001F
0021
001B
0002
0014
0002
0014
0014
0014
001E
001B
0018
001F
0014
0022
0014
0002
0014
0014
0002
0014
001D
0024
0022
0019
0014
0016
0014
0002
0014
0002
0002
0014
0024
001F
0010
0021
0014
0012
0014
0014
0014
0002
0002
0002
0018
001E
0010
0026
0014
00EE
0014
0014
0014
0014
0014
0002
0027
0256
0147
0014
0014
0029
0002
0014
0014
0014
0014
0014
0026
02D5
0417
0027
0014
0392
0014
0014
0014
0014
0014
0014
0019
02D5
002D
0027
0014
0393
0014
0014
0014
0002
0014
0014
0019
0604
0030
0019
0014
00A7
0014
0014
0014
0014
0014
0014
018F
0032
02D7
0034
0014
0014
04F5
0277
07A5
058F
003A
003B
063D
0034
0002
0014
096A
02BE
0B08
06B2
06B3
00B7
0159
0194
015A
0046
00F6
03C0
03E1
0A30
0240
02DF
004D
0512
004F
0050
05E6
0052
02E0
0233
02C3
010E
0057
0058
004F
0014
0059
0163
02C4
059D
00C6
0152
0165
0060
0097
0014
02E4
0791
0B70
0AD9
0155
04C2
0068
0116
016B
0014
019A
03D0
02E7
006F
045C
0071
03E7
0351
0074
0014
0105
04C5
0A85
04C6
01A6
007A
021C
0AB3
0014
0014
0105
03A5
06E2
06A7
00D7
00AF
074C
0B49
00DD
0014
0339
0935
0B4A
04CC
02CD
00AF
0B71
008E
0035
0014
014D
02CF
0B72
01D7
02A3
0094
0B73
0096
0097
0014
012E
02D1
0B74
04D2
0647
0002
03D7
0B75
0005
0006
079A
00A1
0009
057D
0295
018B
0407
000E
0297
0026
00ED
0012
0013
0014
00A8
0014
0002
0002
0014
0014
0014
00EE
0146
0018
0019
0014
002E
0002
0014
0014
0014
0014
0002
0020
001C
0010
001E
0019
0018
0002
0002
0002
0002
0014
0014
001B
00EE
0020
0023
0014
0010
0002
0014
0014
0014
0014
0014
001D
0024
0022
0019
0014
0012
0014
0002
0002
0014
0014
0014
0022
001C
0018
0023
0014
0018
0014
0002
0014
0014
0014
0014
0010
001A
0016
0023
0025
0016
0014
0014
0002
0014
0002
0002
0018
0012
0018
0027
0014
001A
0002
0014
0002
0014
0014
0014
0013
01BD
0016
0027
0014
0149
0002
0014
0014
0014
0014
0014
0026
04DB
0022
0026
0013
04DC
0014
0002
0014
0014
0014
0002
0019
018E
0010
0013
0014
002E
0014
0014
0014
0014
0014
0002
0023
0B76
0022
0014
0014
00A9
0002
0014
0002
0014
0014
0002
014B
00F3
0258
0781
0035
0014
0036
0555
04DF
07D7
0306
0152
0523
0367
0097
0014
003D
029E
057F
0040
0041
0042
0043
0044
0045
0257
0047
0048
0049
004A
0105
004C
0061
004E
0061
0014
0051
0B77
0B0F
0772
010D
0056
0161
019B
00B1
0014
00C2
005A
010F
005C
02A3
005E
005F
005E
0061
0014
0062
0063
0064
0065
0066
0067
0312
0069
006A
006B
006C
05D8
006E
02A7
01CC
00D0
0072
0073
01A4
0014
010D
0583
0077
011F
0079
007A
0171
040B
007D
0014
007E
02EC
0175
0783
0082
0083
00D8
0282
0086
0050
008F
0088
0A7E
0B11
02AE
008C
0550
012D
0035
0014
008F
0090
0B78
0699
0132
0083
0B79
04FF
0014
0014
0098
0099
0B7A
0B7B
07E0
0002
00E3
0004
071F
088D
0007
013D
0A49
000A
000B
0828
000D
000E
018D
0010
001D
0015
0014
0014
0015
0014
0002
0002
0014
0014
0014
0016
001D
0012
0019
0014
001A
0002
0002
0014
0002
0002
0002
001B
0024
001D
001E
0026
0016
0014
0002
0014
0002
0002
0014
001B
001E
0022
001F
0021
001B
0002
0014
0014
0014
0014
0014
001E
0024
0018
001F
0014
0022
0014
0002
0014
0014
0002
0014
0022
0024
0022
0019
0014
0016
0014
0002
0014
0014
0002
0014
0024
001F
0010
0026
0014
0012
0014
0014
0014
0014
0002
0002
0018
001E
0010
0026
0014
00EE
0014
0014
0014
0014
0014
0002
0027
00EF
0147
0014
0014
00F1
0014
0014
0014
0014
0014
0014
0026
02D5
0147
0027
0014
0392
0014
0014
0014
0014
0014
0002
0019
02D5
002D
0027
0014
002E
0014
0014
0014
0002
0014
0002
0023
0416
0030
0019
0014
00A9
0014
0014
0014
0014
0014
0002
018F
0032
02D7
0034
0014
0014
02E4
07F5
07A5
058F
0191
003B
01EC
0034
0002
0014
0592
03DF
04BB
0B1A
01F1
0042
0159
0044
0045
0046
01A9
0048
015B
0B7C
0105
02DF
004D
0210
0074
0050
0198
098B
02E0
04BF
0109
010E
0057
0058
004F
0014
0059
0562
005B
0650
0110
005E
0332
0060
0097
0014
08BA
0791
0531
0B7D
042D
04C2
0068
0116
016B
0014
042E
0333
0265
0502
01FC
0071
05FD
023A
0074
0014
0284
0800
0B7E
060B
03E9
006B
021C
0434
0014
0014
0173
0B7F
0AC6
0738
0082
04AD
074C
0803
00DD
0014
0339
0B80
04CB
0B1C
008B
00AF
033C
008E
0035
0014
014D
0B81
04CF
0B82
0093
0094
04D0
0096
0097
0014
012E
0B1F
04D1
0B83
0001
0002
009D
044D
0005
0006
068D
04D5
0009
0B21
04F1
000C
07D5
068F
0297
0026
00ED
0012
0013
0014
00A7
0014
0002
0014
0014
0014
0014
0026
0B22
0018
0014
0014
00A7
0002
0002
0014
0014
0014
0002
0020
001C
0016
0023
001F
0010
0002
0002
0002
0002
0014
0014
0024
001A
0020
00EE
0014
0010
0002
0014
0002
0014
0014
0014
001D
001B
0022
0014
0014
001E
0014
0002
0002
0014
0002
0014
001D
001C
0018
0023
0014
0018
0014
0002
0014
0002
0014
0014
0022
001A
0016
0023
0025
0016
0014
0014
0002
0002
0002
0002
0018
0012
0018
0027
0014
001A
0002
0014
0002
0014
0014
0002
0027
01BD
0016
0027
0014
01BE
0002
0014
0014
0014
0014
0014
0026
04DB
0022
0026
0013
00A9
0014
0002
0014
0014
0014
0014
0019
002C
0010
0013
0014
002E
0014
0014
0014
0014
0014
0014
0019
00A6
0022
0014
0014
00A7
0002
0014
0002
0014
0014
0002
020F
00F3
0258
0522
0035
0014
01BF
0209
04DF
07D7
00AE
00AF
0A8D
0367
0014
0014
003D
00B3
083C
07D9
00B6
0056
0043
0101
02C1
00AF
0047
0055
034E
034F
0240
004C
02C1
004E
004F
0014
0109
0456
0261
0443
0448
0056
00D1
019B
0014
0014
00C2
0120
0214
005C
00C6
0310
005F
00F5
0061
0014
0062
0063
03E5
00CA
0066
0067
0312
0069
006A
006B
006C
006D
006E
0475
01CC
00D0
0072
0073
01A4
0014
0075
0076
0077
0078
0079
007A
0171
040B
007D
0014
01A9
02EC
0175
0783
00D7
0083
0177
0282
0086
0050
008F
0B84
0A7E
0812
018F
008C
0B26
012D
0035
0014
008F
0B27
0B28
0B85
006C
0046
0B86
00DC
0014
0014
0098
0B2A
0B87
0B88
