// Healthy Ranges — Index Table (level 1 of two-level lookup)
// Addr = node_idx * 279 + feature_idx  (15 bits)
// Data = pair_id (12 bits, stored as 16-bit)
// Depth: 30411 (109 nodes x 279 features)
// Populated: 30411, Unique pairs: 2210 (incl. sentinel at id=0)
//
0001
0002
0003
0004
0005
0006
0007
0008
0009
000A
000B
000C
000D
000E
000F
0010
0011
0012
0013
0014
0015
0014
0002
0002
0014
0014
0014
0016
0017
0018
0019
0014
001A
0002
0002
0014
0002
0002
0002
001B
001C
001D
001E
0019
0010
0002
0002
0002
0002
0002
0014
001B
001E
001F
0020
0021
001B
0002
0014
0002
0014
0014
0014
001D
0022
0023
0020
0014
0023
0014
0002
0002
0014
0002
0014
001D
001C
0023
0024
0014
0016
0014
0002
0014
0002
0002
0014
0022
001A
0016
0021
0025
0016
0014
0014
0002
0002
0002
0002
0018
0012
0010
0026
0014
001A
0002
0014
0002
0014
0014
0002
0027
0028
0016
0027
0014
0029
0002
0014
0014
0014
0014
0014
0026
002A
0023
0026
0013
002B
0014
0002
0014
0014
0014
0002
0019
002C
002D
0013
0014
002E
0014
0014
0014
0014
0014
0002
0019
002F
0030
0019
0014
0031
0002
0014
0002
0014
0014
0002
0032
0033
0034
0035
0036
0014
0037
0038
0039
003A
003B
003C
003D
0035
0002
0014
003E
003F
0040
0041
0042
0043
0044
0045
0046
0047
0048
0049
004A
004B
004C
004D
004E
004F
0050
0051
0052
0053
0054
0055
0056
0057
0058
0059
005A
0014
005B
005C
005D
005E
005F
0060
0061
0062
0063
0014
0064
0065
0066
0067
0068
0069
006A
006B
006C
006D
006E
006F
0070
0071
0072
0073
0074
0075
0050
0014
0076
0077
0078
0079
007A
007B
007C
007D
007E
0014
007F
0080
0081
0082
0083
0084
0085
0086
0087
0051
0088
0089
008A
008B
0032
008C
008D
008E
0036
0014
008F
0090
0091
0092
0093
0094
0095
0096
0097
0014
0098
0099
009A
009B
009C
0002
009D
009E
0005
0006
009F
00A0
0009
00A1
00A2
00A3
00A4
000E
000F
0010
001D
0015
0013
0014
0015
0014
0014
0002
0014
0014
0014
0026
00A5
001E
0019
0014
0031
0002
0002
0014
0002
0014
0014
001B
001C
001D
0019
0026
0010
0002
0002
0002
0002
0014
0014
001B
001E
0016
0020
0014
001B
0002
0014
0002
0014
0014
0014
001D
001D
0018
0020
0014
0023
0014
0002
0014
0014
0002
0014
001D
001B
0023
0019
0014
001E
0014
0002
0014
0002
0014
0014
0023
0020
0010
0021
0014
0016
0014
0014
0002
0014
0002
0002
0018
0012
0018
0026
0014
001A
0014
0014
0002
0014
0014
0002
0014
002F
0012
0014
0014
00A6
0002
0014
0014
0014
0014
0014
0026
002A
0018
0026
0013
00A7
0014
0014
0014
0014
0014
0002
0019
00A8
002D
0014
0014
002E
0014
0014
0014
0014
0014
0002
0026
002F
0030
0014
0014
002E
0002
0014
0002
0014
0014
0002
00A9
0033
0034
0035
0036
0014
00AA
00AB
0039
003A
00AC
00AD
00AE
0035
0097
0014
00AF
00B0
00B1
00B2
00B3
00B4
0044
0045
0002
0047
00B5
00B6
00B7
00B8
00B9
004D
004E
004F
0050
0014
00BA
00BB
0054
00BC
00BD
0057
00BE
0059
005A
0014
00BF
00C0
00C1
00C2
00C3
008C
0061
0060
00C4
0014
00C5
0065
00C6
00C7
00C8
00C9
006A
006B
006C
0014
00CA
00CB
00CC
0071
00CD
00CE
0074
0075
0050
0014
0076
0077
00CF
00D0
00D1
0014
00D2
007D
0014
0014
00D3
00D4
0081
0082
00D5
0084
00D6
0086
0087
0051
0088
00D7
008A
008B
0032
008C
00D8
008E
0014
0014
008F
0090
0091
0092
00D9
0094
00DA
00DB
0014
0014
00DC
00DD
00DE
00DF
00E0
0002
00E1
0004
00E2
00E3
00E4
0008
00E5
00E6
000B
000C
00E7
00E8
00E9
0026
00EA
0012
0014
0014
00A7
0014
0002
0002
0014
0014
0014
0016
0017
0018
0027
0014
001A
0002
0002
0014
0014
0002
0002
001F
001F
0016
001E
0019
0018
0014
0002
0014
0002
0002
0014
001D
001E
001F
0024
0021
0010
0002
0014
0014
0014
0014
0014
0023
0022
0023
0021
0014
0015
0014
0002
0002
0014
0014
0014
0023
001C
0018
0024
0014
0016
0014
0002
0014
0014
0002
0014
0022
001A
0016
0019
0025
0018
0014
0014
0002
0002
0002
0002
0012
0015
0010
0027
0014
00EB
0002
0014
0014
0014
0014
0002
0027
00EC
00ED
0027
0014
00EE
0014
0014
0014
0014
0014
0014
0026
002C
0023
0013
0014
0031
0014
0002
0014
0014
0014
0014
0019
002C
0010
0013
0014
00EF
0014
0014
0014
0014
0014
0014
0019
00F0
0016
0019
0014
0031
0014
0014
0014
0014
0014
0002
0032
00AD
00F1
00F2
0014
0014
00F3
0038
00F4
00F5
00F6
003C
00F7
00F8
0002
0014
00F9
00FA
00FB
00FC
00FD
0043
0074
00FE
0046
00FF
0100
0049
0101
0102
0103
0104
0105
0106
0063
0051
0107
0108
0109
010A
010B
010C
0058
0062
0097
0014
005B
005C
010D
005E
010E
0060
010F
0062
0063
0014
0110
0111
0112
0113
0064
0069
006A
0114
00C4
006D
0115
0116
0070
0117
0118
0073
0119
011A
006C
0014
011B
011C
011D
011E
011F
007B
007C
0120
007E
0014
0121
0080
0122
0123
010E
00AD
0124
0125
0126
0014
0127
0128
0129
012A
012B
00AD
012C
012D
0036
0014
012E
012F
0130
0131
0132
00AD
0133
0096
0097
0014
0134
0135
0136
0137
0001
0002
0138
0139
013A
0006
0007
013B
0009
013C
013D
013E
013F
0140
0141
0010
0011
001A
0013
0014
0015
0014
0002
0002
0014
0014
0014
0026
0142
0015
0019
0014
0143
0002
0002
0014
0002
0014
0002
001B
0022
001D
0024
0019
0010
0014
0002
0014
0002
0002
0014
001B
001E
0016
0020
0014
001B
0002
0014
0014
0014
0014
0014
0018
0022
0012
0020
0014
0023
0014
0002
0014
0014
0014
0014
001D
001C
0023
0024
0014
0016
0014
0002
0014
0014
0002
0014
0022
00EB
0016
0019
0025
0012
0014
0014
0002
0002
0002
0002
0012
001E
0010
0027
0014
00EB
0014
0014
0014
0014
0014
0002
0013
0144
0016
0014
0014
0145
0002
0014
0014
0014
0014
0014
0026
002A
0012
0026
0013
00A7
0014
0002
0014
0014
0014
0014
0019
002C
002D
0014
0014
002E
0014
0014
0014
0014
0014
0014
0026
002C
0030
0014
0014
0031
0002
0014
0002
0014
0014
0002
0032
0033
0034
00F2
0036
0014
0146
0038
0147
003A
0148
00AD
0149
0035
0036
0014
003E
003F
014A
014B
00B3
00B4
0074
0045
014C
0047
00B5
0049
014D
014E
0103
004D
014F
012D
0050
0014
0150
0053
0054
0055
0151
0057
0058
00F8
005A
0014
0152
005C
0153
0154
004C
008C
010F
00F8
0063
0014
00C5
0111
0155
0156
0068
0069
006A
006B
00C4
006D
006E
00CB
0157
0158
0159
015A
0119
0075
015B
0014
015C
0077
0078
015D
011F
015E
015F
007D
0014
0014
0103
0080
0160
0161
010E
0162
0163
0086
0087
0051
008F
0164
008A
0165
00B9
008C
0166
008E
0014
0014
008F
0167
0168
0169
005F
0094
016A
016B
0014
0014
00DC
016C
016D
016E
016F
0002
0170
0171
0172
0173
0174
0175
0176
0177
0178
0179
017A
017B
017C
0019
002C
0012
0014
0014
0031
0014
0002
0002
0014
0014
0014
0016
017D
0018
0027
0014
001A
0002
0002
0014
0014
0002
0014
0022
001C
0016
001E
0014
0012
0002
0002
0002
0002
0014
0014
001D
001E
001F
0024
0021
0010
0002
0014
0002
0014
0014
0014
001D
001D
0023
0024
0014
0015
0014
0002
0002
0014
0002
0014
0023
001B
0018
0027
0014
001E
0014
0014
0014
0002
0014
0014
0016
001A
0010
0021
0014
0016
0014
0014
0014
0014
0002
0002
0018
0012
0018
0026
0014
001A
0002
0014
0002
0014
0014
0002
0027
017E
017F
0027
0014
0180
0002
0014
0014
0014
0014
0014
0026
0181
0023
0013
0014
0031
0014
0014
0014
0014
0014
0002
0019
0182
0023
0013
0014
002E
0014
0014
0014
0014
0014
0002
0019
002F
0023
0019
0014
002E
0014
0014
0014
0014
0014
0002
0183
0184
0185
0035
0014
0014
0186
0187
0188
0189
00AC
003C
003D
018A
0002
0014
018B
018C
018D
018E
018F
0043
0044
0190
0046
0014
0100
0056
004A
004B
00B9
0191
004E
004F
0063
0051
0052
0192
0109
0193
0056
010C
0194
0059
0002
0014
0195
0196
005D
0197
005F
0060
0061
0062
00C4
0014
0110
0065
0112
0067
0198
00C9
0199
019A
006C
0014
012B
019B
019C
019D
019E
0073
0074
019F
0050
0014
01A0
01A1
01A2
011E
007A
007B
01A3
01A4
007E
0014
007F
01A5
01A6
01A7
00D5
0084
0085
01A8
0126
0014
0088
00D7
01A9
01AA
0032
0047
008D
01AB
0036
0014
01AC
0090
01AD
01AE
0132
00AD
0095
0096
0097
0014
0134
0099
01AF
01B0
0001
0002
0003
0139
0005
0006
01B1
01B2
0009
000A
000B
01B3
000D
0140
01B4
0010
001B
001A
0013
0014
001E
0014
0002
0002
0014
0014
0014
0016
017D
0012
0027
0014
001A
0002
0002
0014
0002
0002
0014
001B
001B
001D
001E
0014
0023
0014
0002
0002
0002
0002
0014
001D
001E
0018
0020
0021
001B
0002
0014
0014
0014
0014
0014
001D
001D
0012
0020
0014
0023
0014
0002
0014
0014
0014
0014
001D
001B
0023
0024
0014
0016
0014
0002
0014
0014
0014
0014
0016
00EB
0010
0021
0014
0016
0014
0014
0002
0014
0002
0002
0012
001A
0018
0026
0014
0024
0014
0014
0014
0014
0014
0002
0014
01B5
00EC
0014
0014
0029
0002
0014
0014
0014
0014
0014
0026
01B6
01B7
0026
0013
0031
0014
0014
0014
0014
0014
0014
0026
01B6
0010
0014
0014
002E
0014
0014
0014
0014
0014
0014
0026
002F
0016
0019
0014
002E
0014
0014
0014
0014
0014
0014
01B8
0033
01B9
01BA
0036
0014
0186
0038
01BB
01BC
003B
003C
01BD
0035
0097
0014
00AF
01BE
01BF
01C0
0042
0043
01C1
00FE
0046
0014
00F3
0056
01C2
01C3
01C4
0104
014F
004F
0050
0051
01C5
0053
01C6
01C7
0107
0057
0058
018A
005A
0014
005B
005C
01C8
01C9
01CA
0060
01CB
0096
0063
0014
01CC
0111
0066
01CD
01CE
00C9
006A
0114
0002
0014
012B
00CB
01CF
01D0
019E
0073
0119
0075
0050
0014
0076
0077
0078
01D1
01D2
0014
007C
01D3
0014
0014
0103
01D4
01D5
01D6
00D5
0084
01D7
01D8
0087
0051
01D9
01DA
01DB
01DC
01DD
0047
01DE
008E
0014
0014
01DF
01E0
01E1
01E2
01E3
0094
01E4
0096
0097
0014
00DC
01E5
01E6
01E7
01E8
0002
00E1
0171
01E9
00E3
01EA
0008
01EB
01EC
01ED
013E
01EE
01EF
01F0
0019
01F1
0012
0014
0014
01F2
0014
0002
0002
0014
0014
0014
0026
0142
0018
0019
0014
0143
0002
0002
0014
0014
0014
0002
0023
001C
0016
0021
0019
0010
0002
0002
0014
0002
0014
0014
001B
0020
001F
00EB
0014
0010
0002
0014
0002
0014
0014
0014
0018
0022
0023
0019
0014
0012
0014
0002
0002
0014
0002
0014
0021
001C
0018
0014
0014
001E
0014
0002
0014
0002
0002
0014
0022
001A
0016
0019
0025
0018
0014
0014
0002
0002
0002
0002
0018
0012
0010
0027
0014
001A
0002
0014
0002
0014
0014
0014
0027
0144
0016
0027
0014
01F3
0002
0014
0014
0014
0014
0014
0026
002A
0018
0013
0014
00A7
0014
0002
0014
0014
0014
0002
0019
002C
002D
0013
0014
002E
0014
0014
0014
0014
0014
0002
0019
002C
0030
0014
0014
0031
0002
0014
0002
0014
0014
0002
01C4
01F4
01F5
0035
0014
0014
0146
01F6
0039
01F7
01F8
00AD
01F9
01FA
0002
0014
00F9
01FB
01FC
014B
00AC
00B4
0044
0045
014C
0047
0048
0049
00B7
00B8
004C
004D
004E
01FD
015B
0014
01FE
01FF
0200
0201
0202
0203
00BE
0059
0204
0014
00BF
0205
00C1
0206
00C3
0084
0061
0062
0014
0014
0064
0065
0207
0208
0068
0069
0209
006B
006C
006D
006E
020A
020B
020C
020D
00CE
0074
011A
015B
0014
011B
011C
020E
020F
007A
007B
0210
0211
007E
0014
007F
0212
01A6
01A7
0213
0162
0214
0215
0126
0014
0088
0089
0216
0217
006E
008C
0218
012D
0036
0014
0219
0090
021A
01AE
005F
0047
021B
0060
0014
0014
0134
00DD
021C
009B
021D
0002
021E
0004
0005
021F
0007
0220
0221
0222
000B
0223
0224
000E
00E9
0019
00EA
001A
0014
0014
01F2
0014
0002
0002
0014
0014
0014
0016
0017
0018
0019
0014
001A
0002
0014
0014
0014
0014
0002
001B
001F
001D
0024
0019
0010
0014
0014
0014
0002
0002
0014
001B
001E
0016
0020
0014
0010
0002
0014
0014
0014
0014
0014
0019
002F
00EB
0024
0014
00EC
0014
0002
0002
0014
0014
0014
001D
001C
0023
0024
0014
0016
0014
0002
0014
0014
0002
0014
0022
001A
0016
0021
0025
0018
0014
0014
0014
0014
0002
0002
0018
0012
0010
0027
0014
001A
0002
0014
0014
0014
0014
0014
0027
017E
00ED
0027
0014
0180
0002
0014
0014
0014
0014
0014
0026
0181
0023
0026
0013
0225
0014
0002
0014
0014
0014
0014
0026
0181
002D
0014
0014
00EF
0014
0014
0014
0014
0014
0014
0019
00A5
0030
0019
0014
002E
0014
0014
0014
0014
0014
0014
0032
01F4
0226
003C
0014
0014
0186
0038
0227
0228
00F6
003C
0229
00F8
0002
0014
00AF
022A
0040
0041
0042
0043
022B
0045
014C
0047
00F3
0049
022C
022D
0103
004D
0105
004F
0050
0014
0052
022E
022F
0055
010B
008C
0230
0231
0097
0014
005B
005C
0232
0233
010E
0060
0234
0062
0063
0014
0235
0111
0236
0237
0068
0059
006A
006B
006C
006D
0238
0239
0070
023A
0072
0073
0119
023B
006C
0014
01A0
023C
023D
011E
01D2
007B
007C
023E
007E
0014
0103
023F
0240
0241
0083
00AD
0124
0242
0126
0051
0127
0128
0243
0244
012B
0245
0246
012D
0014
0014
0247
0248
0249
024A
0093
00AD
024B
0096
0097
0014
024C
024D
016D
016E
024E
0002
009D
024F
01E9
0006
0250
0251
0252
0253
0254
013E
0255
0256
000F
0010
017D
0012
0013
0014
0020
0014
0014
0014
0014
0014
0014
0026
002A
001E
0014
0014
002E
0014
0002
0014
0002
0002
0014
0024
0257
0023
001E
0014
017E
0002
0002
0002
0002
0014
0014
0022
001E
001F
0024
0021
001B
0014
0014
0002
0014
0014
0014
001D
0016
0023
0020
0014
0023
0014
0002
0014
0014
0002
0014
0021
0258
001A
0019
0014
002B
0014
0002
0014
0002
0014
0014
0010
0020
0010
0019
0014
0016
0014
0014
0002
0002
0002
0002
0018
001E
0018
0026
0014
0024
0014
0014
0002
0014
0014
0002
0014
0144
0012
0014
0014
0145
0002
0014
0014
0014
0014
0014
0026
002A
0012
0013
0014
00A7
0014
0002
0014
0014
0014
0002
0019
002C
0010
0013
0014
002E
0014
0014
0014
0014
0014
0002
0019
0259
0016
0014
0014
0031
0002
0014
0002
0014
0014
0002
011B
0033
025A
0035
0036
0014
00F3
00AB
025B
025C
025D
00AD
025E
0035
0014
0014
00F9
025F
0260
0261
025D
0262
0263
01FA
0046
0014
0048
0264
0265
0266
0151
01FD
004E
01FD
0063
0051
0267
0268
0269
026A
026B
0057
026C
0059
005A
0014
026D
026E
026F
0270
00C3
0084
0271
00F8
0126
0014
0064
0065
0272
0273
0274
0069
006A
0275
0204
0014
00CA
006F
0276
0071
0277
00CE
0074
0075
0050
0014
010B
0077
00CF
00D0
0278
0014
0279
007D
0014
0014
007F
027A
027B
0082
00D5
0084
027C
0086
0087
0014
0088
027D
008A
008B
0032
008C
027E
008E
0036
0014
01DF
0090
0091
0092
0238
0094
027F
0280
0014
0014
0098
00DD
0281
00DF
0282
0002
021E
0004
0005
021F
0007
0220
0221
0283
0284
0285
0286
000E
0287
0019
00EA
001A
0014
0014
01F2
0014
0002
0002
0014
0014
0014
0016
0017
0018
0019
0014
001A
0002
0014
0014
0014
0002
0002
001B
001F
001D
001E
0019
0010
0014
0002
0002
0002
0014
0014
001B
001E
0016
0020
0014
0010
0002
0014
0014
0014
0014
0014
0019
0022
001E
0024
0014
0012
0014
0002
0002
0014
0014
0014
001D
001C
0023
0027
0014
0016
0014
0002
0014
0014
0002
0014
0022
00EB
0016
0021
0025
0018
0014
0014
0002
0014
0002
0002
0018
0012
0010
0027
0014
001A
0002
0014
0014
0014
0014
0002
0027
017E
00ED
0027
0014
0180
0002
0014
0014
0014
0014
0014
0026
0181
0023
0026
0013
0225
0014
0002
0014
0014
0014
0014
0019
0181
0010
0014
0014
00EF
0014
0014
0014
0014
0014
0014
0019
00A5
0023
0019
0014
002E
0014
0014
0014
0014
0014
0014
0032
01F4
0288
01BA
0014
0014
01CC
0038
0227
0289
01F8
003C
0229
00F8
0002
0014
00AF
022A
0040
0041
0042
0043
022B
0045
0046
00FF
00F3
028A
028B
028C
0103
004D
0105
004F
0050
0014
0052
028D
022F
028E
010B
008C
0058
028F
0097
0014
0195
005C
0290
0291
010E
0060
0292
0062
0097
0014
0235
026B
0293
0294
0068
00C9
006A
006B
006C
006D
0238
0239
01CF
023A
00CD
0073
0295
0296
015B
0014
01A0
0297
0298
011E
01D2
007B
01A3
023E
007E
0014
00D3
0080
0299
0241
0083
00AD
0124
0242
0126
0051
0127
029A
0243
0244
012B
00AD
01DE
012D
0014
0014
0247
0248
0249
024A
0132
00AD
024B
0096
0097
0014
024C
024D
016D
016E
0001
0002
009D
029B
01E9
0006
0250
0251
0252
029C
0254
000C
029D
0256
000F
0010
017D
0012
0013
0014
0020
0014
0014
0014
0014
0014
0014
0026
002A
001E
0014
0014
002E
0014
0002
0014
0002
0014
0014
0024
029E
0023
0024
0026
017E
0002
0002
0014
0002
0014
0014
0022
001E
001F
0024
0021
001B
0014
0014
0002
0014
0014
0014
001D
0016
0023
0020
0014
0023
0014
0002
0014
0014
0002
0014
0026
0258
001A
0024
0014
017F
0014
0002
0014
0002
0014
0014
0010
001A
0010
0019
0014
0016
0014
0014
0014
0002
0002
0002
0012
001E
0018
0026
0014
0024
0014
0014
0002
0014
0014
0002
0014
0144
0012
0014
0014
0145
0002
0014
0014
0014
0014
0014
0026
002A
0012
0013
0014
00A7
0014
0002
0014
0014
0014
0002
0019
002C
002D
0013
0014
002E
0014
0014
0014
0014
0014
0002
0026
0259
0030
0014
0014
0031
0002
0014
0002
0014
0014
0002
011B
0033
029F
0035
0036
0014
0103
00AB
02A0
02A1
025D
00AD
02A2
0035
0014
0014
00F9
025F
0260
0261
025D
0262
02A3
0062
005A
0047
0048
02A4
02A5
02A6
0151
02A7
004E
01FD
0063
0051
0267
0268
02A8
026A
026B
0057
02A9
0059
005A
0014
026D
0205
02AA
0270
00C3
0084
02AB
00F8
0063
0014
0064
02AC
02AD
02AE
0274
0069
006A
0275
0204
0014
00CA
006F
02AF
0071
02AC
015A
0074
0075
0050
0014
010B
0077
0078
00D0
007A
0014
015F
007D
0014
0014
02B0
02B1
027B
0082
00D5
0084
027C
0086
0087
0014
0088
027D
008A
008B
0032
008C
02B2
008E
0036
0014
01DF
0090
0091
0092
005F
0094
02B3
00DB
0014
0014
0098
00DD
0281
00DF
02B4
0002
00E1
0171
02B5
0006
0007
0251
0009
0177
00A2
013E
02B6
000E
02B7
0026
01F1
0012
0013
0014
0031
0014
0002
0002
0014
0014
0014
0016
0017
0018
0027
0014
001A
0014
0002
0014
0014
0002
0014
0022
001B
0016
001E
0014
0010
0002
0002
0014
0002
0014
0014
0022
001A
001F
00EB
0014
0010
0002
0014
0002
0014
0014
0014
001D
0022
0023
0019
0014
0015
0014
0002
0002
0014
0002
0014
001D
001B
0018
0027
0014
001E
0014
0014
0014
0002
0002
0014
0022
001A
0016
0019
0025
0018
0014
0014
0002
0014
0002
0002
0018
0012
0010
0026
0014
001A
0014
0014
0014
0014
0014
0002
0027
0028
0016
0027
0014
0180
0002
0014
0014
0014
0014
0014
0026
002A
0018
0013
0014
002B
0014
0002
0014
0014
0014
0002
0019
002C
0018
0013
0014
002E
0014
0014
0014
0014
0014
0002
0019
00A5
0012
0014
0014
002E
0002
0014
0002
0014
0014
0002
01C4
01F4
02B8
0035
0036
0014
0146
01F6
0039
01F7
02B9
003C
003D
01FA
0002
0014
00F9
02BA
00FB
02BB
0103
0057
0074
02BC
0046
0014
0100
0049
02BD
02BE
004C
02BF
004E
01FD
015B
0014
01FE
0192
02C0
0193
00BD
0057
02C1
0059
0204
0014
00BF
02C2
00C1
0206
00C3
02C3
010F
0062
0036
0014
0110
0111
02C4
0156
02C5
0069
0209
0275
006C
006D
0238
02C6
02AF
019D
02C7
0073
0295
0075
0050
0014
0076
02C8
02C9
02CA
01D2
007B
02CB
006B
007E
0014
007F
0080
0299
02CC
0083
0162
0085
02CD
0087
0014
0088
0089
0216
0217
02CE
008C
008D
012D
0036
0014
01D9
02CF
021A
01AE
006E
0047
0095
016B
0014
0014
0098
02D0
021C
02D1
0001
0002
009D
0139
0005
02D2
0174
02D3
02D4
02D5
000B
02D6
000D
00E8
02D7
0010
001B
001A
0014
0014
0015
0014
0002
0002
0014
0014
0014
00EB
02D8
0012
0019
0014
0031
0002
0002
0014
0002
0014
0002
001B
001C
001D
0024
0019
0023
0014
0002
0002
0002
0002
0014
001B
001E
0016
0020
0021
001B
0002
0014
0014
0014
0014
0014
0023
001D
0012
0020
0014
0023
0014
0002
0014
0014
0014
0014
0023
001C
0023
0024
0014
0016
0014
0002
0014
0014
0014
0014
0023
00EB
0010
0021
0014
0016
0014
0014
0002
0002
0002
0002
0015
0015
0018
0014
0014
00EB
0002
0014
0002
0014
0014
0002
0014
02D9
00EC
0014
0014
00A6
0002
0014
0014
0014
0014
0014
0026
01B6
017E
0026
0013
002E
0014
0014
0014
0014
0014
0014
0026
01B6
002D
0014
0014
002E
0014
0014
0014
0014
0014
0014
0026
0259
0030
0019
0014
0031
0014
0014
0014
0014
0014
0014
01B8
0033
0034
02DA
0014
0014
0186
0038
02DB
02DC
0148
02C3
02DD
0035
0097
0014
02DE
01BE
02DF
0041
0042
0043
0044
0045
005A
0047
00B5
02E0
004A
004B
01C4
004D
014F
004F
0050
0051
02E1
0053
0054
0055
0107
0033
0058
02E2
005A
0014
005B
005C
010D
02E3
01CA
0060
0061
0096
0063
0014
00C5
0065
02E4
0067
02E5
00C9
006A
006B
0002
0014
02E6
02E7
01CF
02E8
0072
02E9
0074
019F
0014
0014
02EA
02EB
011D
0079
007A
0014
02EC
02ED
0014
0014
0103
02EE
027B
0082
00D5
0084
02EF
02F0
0126
0051
02F1
01DA
02F2
01DC
01DD
0047
02F3
008E
0014
0014
0274
02F4
02F5
02F6
0093
0094
02F7
0096
0097
0014
02F8
0099
016D
01B0
02F9
0002
0003
0004
0005
02FA
00E4
02FB
02FC
000A
000B
000C
000D
02FD
02FE
0010
001D
0015
0014
0014
0020
0014
0002
0002
0014
0014
0014
0016
001A
0012
0027
0014
001A
0014
0014
0014
0002
0014
0014
001B
0010
0016
0027
0014
0018
0014
0002
0014
0002
0002
0014
001D
001E
0016
0020
0014
001B
0002
0014
0014
0014
0014
0014
0012
001D
0018
0020
0014
0023
0014
0002
0014
0014
0014
0014
001D
001D
0012
0019
0014
001A
0014
0002
0014
0014
0002
0014
0022
001A
0010
0021
0014
0016
0014
0014
0014
0002
0002
0002
0018
001E
0010
0027
0014
00EB
0014
0014
0014
0014
0014
0002
0027
00EC
017E
0014
0014
00EE
0014
0014
0014
0014
0014
0014
0026
01B6
02FF
0026
0013
0225
0014
0014
0014
0014
0014
0002
0019
0300
0010
0014
0014
002E
0014
0014
0014
0014
0014
0002
0019
0301
0023
0019
0014
0031
0014
0014
0014
0014
0014
0002
01B8
0033
0058
0035
0014
0014
00AC
0038
0188
01BC
003B
003C
003D
0035
0002
0014
003E
0302
0303
01C0
0042
0043
0304
0305
0087
0014
0100
0056
0306
01C3
01C4
0307
004E
01FD
0050
0014
0308
0053
0309
030A
0107
030B
0194
0059
005A
0014
005B
005C
005D
005E
01CA
0060
030C
0062
00C4
0014
030D
030E
030F
0310
01CE
0311
0199
0312
006C
0014
0151
006F
0313
0071
02C7
0073
0295
0314
015B
0014
0103
0315
020E
0316
01D2
007B
02CB
0317
0014
0014
00D3
0080
0318
01D6
00D5
00AD
0319
031A
0126
0051
0121
031B
031C
031D
01DD
00AD
031E
008E
0014
0014
031F
0320
0321
01E2
0132
0094
0322
0096
0097
0014
0134
01E5
0323
0324
0325
0002
0326
0327
0328
0006
0329
032A
0009
032B
032C
00A3
032D
032E
032F
0026
00EA
0012
0013
0014
00A6
0014
0002
0002
0014
0014
0014
0026
0330
0018
0019
0014
0031
0002
0002
0014
0014
0002
0002
0023
001C
001D
001E
0019
0010
0002
0002
0002
0002
0014
0014
001B
0020
001F
0024
0021
0010
0002
0014
0002
0014
0014
0014
001D
0022
0023
0024
0014
0012
0014
0002
0002
0014
0002
0014
0026
001C
0023
0024
0014
0016
0014
0002
0014
0002
0014
0014
0010
00EB
0016
0019
0025
0018
0014
0014
0002
0014
0002
0002
0014
00EC
0331
0026
0014
0143
0002
0014
0002
0014
0014
0002
0014
0144
0016
0027
0014
0145
0002
0014
0014
0014
0014
0014
0026
0332
0012
0013
0014
0333
0014
0002
0014
0014
0014
0014
0019
0334
002D
0013
0014
002E
0014
0014
0014
0014
0014
0014
0026
0335
0030
0014
0014
002E
0002
0014
0002
0014
0014
0002
0032
01F4
01F5
00F2
0036
0014
00AA
0336
0337
01F7
01F8
00AD
0338
02DA
0036
0014
030D
01FB
0339
014B
00AC
0057
0044
0045
0046
0047
00B5
0049
00B7
00B8
004C
004D
014C
004F
007E
0051
0052
033A
033B
033C
02A4
0057
0058
02E2
0087
0014
00BF
00F9
033D
033E
00C3
0084
0061
00F2
0063
0014
0088
0065
00C6
00C7
0068
0069
006A
006B
00C4
006D
006E
0239
033F
023A
0072
0014
0340
0341
0050
0014
010B
0342
0078
011E
007A
0014
015F
0211
007E
0014
02B0
02B1
01A6
0343
0213
0084
00D6
0125
0087
0014
008F
0089
0344
0217
006E
008C
02B2
012D
0036
0014
008F
0345
0346
0347
005F
0047
02B3
0280
0014
0014
00DC
0348
0281
0349
034A
0002
021E
0004
034B
021F
0007
013B
0221
000A
000B
034C
000D
000E
0141
0010
001B
001A
0014
0014
0015
0014
0002
0002
0014
0014
0014
0016
017D
0018
0019
0014
001A
0002
0014
0014
0014
0002
0002
001B
00EB
001D
001E
0019
0010
0014
0014
0014
0002
0002
0014
001B
001E
0016
0020
0014
0010
0002
0014
0014
0014
0014
0014
0020
0022
001A
0020
0014
0023
0014
0002
0002
0014
0014
0014
001D
001C
0023
0024
0014
0016
0014
0002
0014
0014
0002
0014
0022
001A
0010
0021
0014
0018
0014
0014
0002
0014
0002
0002
0012
0012
0010
0027
0014
001A
0002
0014
0014
0014
0014
0002
0027
017E
017E
0027
0014
0180
0002
0014
0014
0014
0014
0014
0026
0181
0023
0026
0013
0225
0014
0014
0014
0014
0014
0002
0019
0182
002D
0014
0014
002E
0014
0014
0014
0014
0014
0002
0019
002F
0030
0019
0014
002E
0014
0014
0014
0014
0014
0002
0238
0033
0034
01BA
0014
0014
0186
0038
0147
003A
003B
003C
003D
0035
0002
0014
00AF
022A
0040
0041
0042
0043
0295
0045
0046
0047
00F3
0049
034D
034E
034F
004D
014F
01FD
0050
0014
0052
022E
0054
0055
0107
008C
0058
018A
005A
0014
005B
005C
0350
0351
010E
0060
030C
0062
0063
0014
0235
0111
0352
0353
00C8
00C9
006A
006B
006C
0014
0238
0239
0070
023A
0072
0073
0119
0296
015B
0014
01A0
023C
0354
011E
01D2
007B
007C
0317
007E
0014
01A0
0355
0081
0356
0083
00AD
0124
0086
0126
0051
0127
0128
02F2
0357
01DD
00AD
0246
008E
0014
0014
0247
0358
02F5
0359
0093
0094
024B
0096
0097
0014
024C
024D
016D
016E
024E
0002
009D
035A
035B
0006
035C
0251
0009
035D
0254
035E
035F
0360
032F
0026
01F1
0012
0013
0014
0031
0014
0002
0014
0014
0014
0014
0026
0361
0020
0014
0014
002E
0014
0002
0014
0002
0014
0014
00EB
0362
0023
0013
0014
017E
0002
0002
0002
0002
0014
0014
0022
0020
001F
00EB
0021
001B
0014
0014
0002
0014
0014
0014
001D
0016
0023
0014
0014
001E
0014
0002
0014
0014
0002
0014
0026
0363
001A
0019
0014
002B
0014
0002
0014
0002
0014
0014
0010
0020
0016
0019
0025
0016
0014
0014
0002
0002
0002
0002
0018
001E
0018
0026
0014
0024
0014
0014
0002
0014
0014
0002
0013
0144
0016
0014
0014
0145
0002
0014
0014
0014
0014
0014
0026
0332
0012
0013
0014
00A7
0014
0002
0014
0014
0014
0014
0019
0334
0010
0013
0014
002E
0014
0014
0014
0014
0014
0014
0026
00F0
0016
0014
0014
0031
0002
0014
0002
0014
0014
0002
0364
0365
0366
0035
0036
0014
0103
00AB
0367
00F5
00A9
00AD
0368
02DA
0014
0014
00F9
025F
0369
036A
00AC
0262
0263
036B
0036
0014
0048
0264
036C
036D
00CA
01FD
004E
004F
0063
0051
0267
0268
036E
0193
026B
0057
026C
0059
0014
0014
026D
026E
036F
0370
0032
0084
0371
02DA
0126
0014
0064
0065
0372
0373
0374
0069
006A
0275
0204
006D
00CA
006F
0276
0071
0277
00CE
0074
0075
0050
0014
010B
0077
00CF
00D0
00D1
015E
0279
0375
0014
0014
007F
0080
0376
0343
00D5
0084
027C
0296
0087
0014
0088
027D
0216
0217
01B8
008C
0377
0378
0036
0014
01DF
0379
037A
01AE
0238
0047
027F
00DB
0014
0014
0098
037B
0281
00DF
037C
0002
009D
035A
037D
0006
0329
0008
0252
00E6
037E
037F
00E7
000E
032F
0026
01F1
0012
0014
0014
0225
0014
0002
0002
0014
0014
0014
0016
0017
001A
0014
0014
001A
0002
0002
0014
0002
0002
0002
001F
001C
0016
001E
0019
0023
0002
0002
0002
0002
0014
0014
0022
001A
001F
0021
0021
0010
0014
0014
0002
0014
0014
0014
001D
0022
0023
0019
0014
0020
0014
0014
0014
0014
0002
0014
001D
001C
0014
0014
0014
001E
0014
0002
0014
0002
0014
0014
0010
00EB
0016
0019
0025
0012
0014
0014
0002
0014
0002
0002
0018
001E
0018
0014
0014
0024
0014
0014
0002
0014
0014
0002
0027
0028
0016
0014
0014
00EE
0014
0014
0014
0014
0014
0014
0026
0332
0018
0026
0013
002B
0014
0002
0014
0014
0014
0002
0019
002C
0010
0013
0014
002E
0014
0014
0014
0014
0014
0002
0019
00F0
0016
0014
0014
002E
0002
0014
0002
0014
0014
0002
01DD
01F4
0380
00F2
0014
0014
0381
0382
00F4
00F5
01B8
003C
003D
0383
0014
0014
0384
003F
00FB
018E
0042
0043
0044
0385
0046
00FF
0048
0049
004A
004B
004C
01FD
0386
004F
007E
0051
0387
00BB
02C0
0193
0056
0057
0194
02E2
0204
0014
00BF
0388
010D
0206
005F
0060
0061
0014
0014
0014
0064
0065
0066
0067
0088
0069
006A
0275
006C
006D
006E
006F
0276
0389
038A
0073
0074
0075
0014
0014
010B
0077
0078
00D0
007A
007B
007C
0375
0014
0014
007F
02B1
0376
01A7
0083
0162
0124
0296
0087
0051
0088
038B
0216
038C
01B8
008C
038D
012D
0036
0014
01D9
0090
038E
038F
01E3
0047
0133
0280
0014
0014
0098
0099
0390
0391
034A
0002
021E
0004
035B
00E3
0392
00A0
01EB
02D5
0393
000C
0394
00E8
0141
0010
001D
0015
0013
0014
0015
0014
0002
0002
0014
0014
0014
0026
0395
0018
0019
0014
0143
0002
0014
0014
0014
0014
0014
001B
001D
001D
0024
0026
0010
0014
0002
0014
0002
0002
0014
001B
001E
0016
0020
0014
001B
0002
0014
0014
0014
0014
0014
0015
001D
0018
0020
0014
0023
0014
0002
0002
0014
0014
0014
0021
0396
02FF
0024
0014
0397
0014
0002
0014
0014
0002
0014
0022
001A
0010
0021
0014
0016
0014
0014
0014
0002
0002
0002
0012
0012
0010
0026
0014
001A
0002
0014
0014
0014
0014
0014
0027
02D9
017E
0027
0014
00A6
0002
0014
0014
0014
0014
0014
0026
0181
0023
0013
0014
002E
0014
0014
0014
0014
0014
0014
0019
0182
002D
0014
0014
002E
0014
0014
0014
0014
0014
0014
0019
002F
0030
0019
0014
0031
0014
0014
0014
0014
0014
0014
01B8
0033
0034
0035
0036
0014
0037
0038
0039
003A
003B
00AD
0398
0035
0002
0014
003E
0399
02DF
039A
00AC
00B4
01C1
0045
005A
0047
00F3
0056
039B
039C
01C4
004D
004E
0191
0050
0014
0052
022E
0054
0055
00B9
039D
0058
0059
005A
0014
005B
005C
039E
039F
03A0
0184
03A1
03A2
0063
0014
00AA
030E
03A3
03A4
00C8
03A5
014F
006B
0002
0014
0151
0239
0070
03A6
020D
0385
03A7
023B
0050
0014
03A8
011C
020E
03A9
03AA
006D
0210
03AB
007E
0014
0103
0080
0081
0356
00D5
0084
00D6
0086
0126
0014
0127
00D7
03AC
008B
03AD
0047
00D8
008E
0014
0014
0247
0248
0091
0092
00D9
0094
00DA
0096
0097
0014
012E
03AE
009A
02D1
0001
0002
0003
03AF
03B0
03B1
03B2
0008
02D4
000A
032C
03B3
0394
02FD
000F
0010
001D
0012
0014
0014
001E
0014
0002
0002
0014
0014
0014
0016
001B
0012
0027
0014
001A
0002
0002
0014
0002
0014
0002
001B
001C
0016
0024
0019
0023
0002
0002
0014
0002
0014
0014
0022
001E
001F
0020
0021
001B
0014
0014
0002
0014
0014
0014
001D
001D
0023
0020
0014
0023
0014
0002
0014
0014
0002
0014
0023
001C
0012
0024
0014
0016
0014
0002
0014
0002
0014
0014
0016
00EB
0010
0021
0014
0012
0014
0014
0002
0002
0014
0014
0012
001E
0018
0026
0014
0024
0014
0014
0014
0014
0014
0002
0027
00EC
00EC
0014
0014
00EE
0014
0014
0014
0014
0014
0014
0026
0300
02FF
0013
0014
0225
0014
0014
0014
0014
0014
0014
0019
03B4
002D
0013
0014
00EF
0014
0014
0014
0014
0014
0014
0019
0259
0030
0014
0014
0031
0014
0014
0014
0014
0014
0014
01B8
0033
01B9
00F2
0014
0014
02F8
03B5
01BB
025C
03B6
003C
01BD
0035
0002
0014
02DE
01BE
018D
03B7
03B8
03B9
0304
00FE
014C
0047
0100
0056
03BA
03BB
00B9
01FD
014F
0106
0050
0051
0267
03BC
0269
026A
02A4
010C
0058
0062
005A
0014
03BD
02C2
033D
03BE
00C3
02C3
0119
0062
0063
0014
0110
0065
03BF
03C0
0198
00FE
006A
0114
006C
0014
0238
006F
01CF
0389
03C1
0073
03C2
0314
0050
0014
01A0
0315
03C3
03C4
007A
007B
02CB
02ED
0014
0014
00D3
0212
0318
03C5
00D5
00AD
03C6
03C7
0126
0014
0088
03C8
03C9
03CA
0032
00AD
038D
008E
0036
0014
031F
03CB
03CC
02F6
00D9
0094
0133
0096
0014
0014
0134
03CD
03CE
009B
03CF
0002
03D0
03D1
0005
0006
0007
03D2
0009
03D3
000B
000C
03D4
0140
0287
0026
01F1
0015
0013
0014
01F2
0014
0002
0014
0014
0014
0014
00EB
03D5
0018
0019
0014
002E
0002
0014
0014
0014
0002
0014
001F
001D
001D
001E
0014
0010
0014
0002
0002
0002
0002
0014
001B
001A
0016
0024
0014
0010
0002
0014
0014
0014
0014
0014
0023
0022
0018
0024
0014
0012
0014
0002
0002
0014
0014
0014
001D
001D
0023
0027
0014
001E
0014
0002
0014
0014
0002
0014
0022
001A
0016
0019
0025
0016
0014
0014
0002
0014
0002
0002
0018
0012
0010
0027
0014
001A
0002
0014
0002
0014
0014
0002
0014
0144
0016
0027
0014
0145
0002
0014
0014
0014
0014
0014
0026
0363
0012
0026
0013
0333
0014
0002
0014
0014
0014
0002
0019
03D6
0010
0014
0014
03D7
0014
0014
0014
0014
0014
0002
0026
03D8
0023
0019
0014
03D7
0002
0014
0002
0014
0014
0002
0032
01F4
0226
0035
0036
0014
0037
0038
0039
0228
00F6
02C3
03D9
00F8
0036
0014
00F9
02BA
014A
0041
0042
0043
0044
0045
0046
0014
00B5
03DA
004A
004B
034F
004D
004E
004F
015B
0014
0052
03DB
03DC
0055
010B
0057
0194
0059
0204
0014
0152
005C
005D
039F
010E
0060
0061
00DB
0036
0014
0088
03DD
0066
0067
0068
0069
0209
006B
0204
006D
02E6
0239
020B
03A6
0072
00CE
0074
0075
015B
0014
010B
03DE
0078
011E
011F
0014
015F
03DF
007E
0014
02B0
01D4
03E0
03E1
00B9
0084
00D6
03E2
0087
0051
008F
0089
03E3
03E4
03E5
008C
02B2
0378
0014
0014
008F
02CF
03E6
03E7
0132
0047
02B3
00DB
0097
0014
00DC
0135
009A
03E8
0001
0002
0003
03E9
01E9
00E3
0329
0008
03EA
02D5
00A2
03EB
0394
000E
02FE
0010
001D
0012
0014
0014
00EB
0014
0002
0002
0014
0014
0014
0026
03EC
0018
0014
0014
00EE
0002
0002
0014
0002
0014
0002
001B
001C
001D
0024
0019
0018
0014
0002
0002
0002
0014
0014
0022
001E
0016
0020
0014
001B
0014
0014
0014
0014
0014
0014
001D
001D
0023
0020
0014
0023
0014
0002
0002
0014
0014
0014
001D
001C
0023
0024
0014
0018
0014
0002
0014
0014
0014
0014
0016
00EB
0010
0021
0014
0016
0014
0014
0014
0002
0014
0002
0018
001A
0018
0026
0014
0024
0014
0014
0014
0014
0014
0002
0013
03ED
017F
0027
0014
03EE
0014
0014
0014
0014
0014
0014
0013
0181
0023
0025
0014
03EF
0014
0014
0014
0014
0014
0014
0014
0182
0010
0014
0014
03F0
0014
0014
0014
0014
0014
0014
0026
0301
0016
0014
0014
0225
0014
0014
0014
0014
0014
0002
00A9
0033
0194
00F2
0014
0014
02B0
00AB
03F1
02A1
03B6
007B
03F2
0035
0014
0014
003E
03F3
03F4
03F5
025D
03B9
0074
03F6
014C
00FF
00B5
02A4
03F7
03BB
00A9
03F8
014F
03F9
0050
0014
0115
00BB
03FA
03FB
03FC
010C
03FD
00F8
005A
0014
03BD
02C2
03FE
03FF
0400
008C
010F
0096
0063
0014
00C5
0065
0401
0156
01CE
00C9
006A
019A
006C
0014
006E
006F
0402
0389
019E
00CE
0295
0314
0050
0014
01A0
0315
0403
03C4
007A
015E
0404
03AB
007E
0014
0121
0080
0405
01D6
00D5
015E
0214
0086
0126
0014
0121
00D7
03AC
008B
03AD
0014
02B2
008E
0014
0014
0406
03CB
0091
0092
006E
0094
02B3
0096
0014
0014
012E
0407
01AF
009B
016F
0002
0408
0004
0005
0006
00E4
03D2
0009
0177
000B
0179
03D4
00E8
032F
0019
01F1
0015
0013
0014
00A6
0014
0002
0014
0014
0014
0014
0016
0017
0015
0019
0014
001A
0002
0002
0014
0014
0002
0014
001F
0022
0016
001E
0026
0010
0002
0002
0014
0002
0002
0014
001B
001A
001F
0024
0021
0010
0002
0014
0002
0014
0014
0014
0023
0022
0018
0019
0014
0012
0014
0002
0014
0014
0002
0014
0023
0022
0018
0027
0014
0016
0014
0002
0014
0002
0002
0014
0022
001A
0016
0027
0025
0018
0014
0014
0002
0014
0002
0002
0012
0012
0010
0027
0014
001A
0002
0014
0002
0014
0014
0002
0027
0028
0016
0014
0014
0029
0002
0014
0014
0014
0014
0014
0026
002A
0012
0026
0013
002B
0014
0002
0014
0014
0014
0002
0019
002C
002D
0013
0014
0409
0014
0014
0014
0014
0014
0002
0019
00A5
0030
0019
0014
03D7
0002
0014
0002
0014
0014
0002
0032
01F4
0226
0035
0036
0014
0186
0038
0039
0228
00F6
003C
003D
00F8
0002
0014
018B
040A
0040
0041
0042
0043
0044
0045
0046
0047
0100
03DA
004A
004B
004C
004D
004E
004F
0063
0051
00BA
040B
040C
0055
0056
0057
0058
0059
0204
0014
0152
005C
005D
005E
005F
0060
0061
0062
0097
0014
0110
040D
0066
0067
0068
0069
0209
006B
00C4
006D
0151
040E
0070
019D
0159
0073
0074
0075
015B
0014
015C
03DE
0078
011E
01D2
007B
007C
0375
0014
0014
00D3
040F
0299
03E1
0083
0084
01D7
0296
0087
0051
008F
0410
03E3
0411
0115
008C
038D
0378
0036
0014
008F
02CF
0412
0413
0093
0047
0133
016B
0097
0014
0098
0135
016D
0414
0415
0002
00E1
0004
0416
0417
009F
0418
0419
00A1
000B
0179
000D
000E
0141
0010
001D
0015
0014
0014
0015
0014
0014
0002
0014
0014
0014
00EB
02D8
0018
0019
0014
0143
0002
0002
0014
0002
0014
0014
0022
001D
0010
0019
0014
0018
0014
0002
0002
0002
0002
0014
001B
001E
001F
0021
0021
001B
0002
0014
0014
0014
0014
0014
0023
001F
0012
0020
0014
0023
0014
0002
0002
0014
0014
0014
0023
001D
0012
0019
0014
0016
0014
0002
0014
0014
0014
0014
0010
00EB
0010
0019
0014
0016
0014
0014
0014
0002
0014
0002
0018
001E
0018
0026
0014
00EB
0014
0014
0014
0014
0014
0014
0027
002F
0018
0027
0014
03EE
0014
0014
0014
0014
0014
0014
0026
002A
0023
0013
0014
00A7
0014
0014
0014
0014
0014
0002
0019
00A8
0023
0013
0014
002E
0014
0014
0014
0014
0014
0002
0026
0301
0023
0014
0014
0031
0014
0014
0014
0014
0014
0002
01B8
0033
01B9
00F2
0014
0014
041A
041B
01BB
041C
003B
02C3
03D9
0035
0002
0014
041D
041E
041F
0420
0421
0043
0304
0045
006C
0014
0100
00BD
0422
0423
01C4
0104
014F
01FD
0097
0051
0115
0424
02A8
0425
0107
010C
0058
0062
005A
0014
005B
0032
010D
0426
031F
0060
030C
0096
0097
0014
0110
0111
0427
0428
0429
00C9
042A
0114
006C
0014
042B
042C
033F
042D
0118
00B4
0119
011A
0050
0014
042E
042F
011D
0430
011F
006D
015F
007D
007E
0014
01A0
0431
01D5
0432
00D5
0162
0163
0086
0126
0014
0088
031B
008A
0433
01DD
008C
0434
008E
0036
0014
0406
0435
0168
0436
0132
0094
0437
0096
0014
0014
0134
0438
0439
043A
0001
0002
0003
029B
0005
0006
043B
02D3
0009
0177
043C
013E
043D
043E
043F
0026
01F1
0012
0013
0014
0031
0014
0002
0002
0014
0014
0014
0016
0017
0015
0014
0014
001A
0002
0002
0014
0014
0002
0002
001B
001C
001D
001E
0019
0010
0002
0002
0014
0002
0014
0014
0022
001A
0016
0020
0014
0010
0002
0014
0002
0014
0014
0014
001D
0022
0023
0024
0014
0015
0014
0002
0014
0014
0002
0014
001D
001C
0023
0024
0014
0018
0014
0002
0014
0002
0002
0014
0022
001A
0016
0021
0025
0018
0014
0014
0002
0014
0002
0002
0018
0012
0010
0027
0014
001A
0002
0014
0002
0014
0014
0002
0027
01B5
00ED
0014
0014
0029
0002
0014
0014
0014
0014
0014
0026
0334
0012
0026
0013
0031
0014
0002
0014
0014
0014
0014
0019
002C
002D
0014
0014
002E
0014
0014
0014
0014
0014
0014
0019
00A5
0030
0019
0014
002E
0002
0014
0002
0014
0014
0014
0440
01F4
0441
0035
0036
0014
0037
0442
0039
0443
01F8
003C
0444
01FA
0014
0014
003E
003F
0040
014B
00B3
0057
0044
02BC
0046
0047
00B5
0445
0446
0447
004C
004D
004E
004F
0050
0014
00BA
0448
022F
028E
026B
0057
00BE
0059
0097
0014
00BF
03DD
00C1
039F
00C3
02C3
0061
0062
0063
0014
00C5
0065
02C4
0449
0068
0069
006A
006B
0002
006D
006E
02E7
020B
0071
020D
0073
0074
0075
015B
0014
0076
0077
02C9
0079
007A
007B
01A3
044A
0014
0014
007F
01D4
01A6
03E1
0083
0084
0085
0296
0087
0051
008F
0089
044B
03E4
01B8
0047
008D
012D
0014
0014
008F
03CB
044C
044D
00B5
0245
0095
016B
0097
0014
00DC
037B
044E
044F
0001
0002
009D
029B
035B
0006
0450
0008
0252
000A
0254
000C
013F
0451
000F
0010
0016
0012
0013
0014
0020
0014
0014
0014
0014
0014
0014
0016
001B
001E
0014
0014
001A
0002
0002
0014
0002
0002
0002
001B
001C
001D
001E
0019
0018
0002
0002
0014
0002
0014
0014
0022
001E
001F
0020
0021
0023
0014
0014
0002
0014
0014
0014
001D
001D
0023
0020
0014
0023
0014
0002
0014
0014
0002
0014
001D
001C
0023
0024
0014
0018
0014
0002
0014
0002
0002
0014
0022
001A
0010
0019
0014
0016
0014
0014
0014
0002
0002
0002
0018
001E
0010
0026
0014
0024
0014
0014
0002
0014
0014
0002
0014
00EC
017E
0014
0014
0452
0014
0014
0014
0014
0014
0014
0026
0453
0454
0025
0014
0031
0014
0014
0014
0014
0014
0014
0019
0453
0010
0014
0014
00EF
0014
0014
0014
0014
0014
0014
0019
0259
0016
0014
0014
0031
0002
0014
0002
0014
0014
0014
0455
0033
0456
0035
0036
0014
00F3
00AB
0457
0458
025D
003C
0444
0035
0014
0014
00F9
025F
00FB
0459
03A8
036B
0044
0305
0046
00FF
0100
02A4
045A
045B
00CA
0191
004E
0106
0050
0051
0267
0268
03FA
026A
026B
0057
02A9
0059
005A
0014
026D
026E
045C
045D
00C3
02C3
0061
00F8
0063
0014
0110
045E
045F
0449
0274
00C9
006A
0242
0204
0014
0460
006F
0461
0071
02AC
0073
0074
0075
0050
0014
0462
0077
02C9
00D0
007A
0014
0463
03AB
0014
0014
00D3
027A
027B
0082
0464
0365
03C6
01D8
0087
0014
0088
0465
0466
031D
0032
00AD
038D
008E
0014
0014
01D9
0379
0467
02F6
012B
0094
0133
016B
0014
0014
0098
037B
0468
044F
0282
0002
021E
0004
034B
021F
0469
046A
0221
046B
000B
00A3
046C
000E
00E9
0026
00EA
001A
0014
0014
01F2
0014
0002
0002
0014
0014
0014
00EB
03D5
0018
0019
0014
0031
0002
0014
0014
0014
0014
0014
0022
0022
0016
0024
0026
0010
0014
0002
0002
0002
0002
0014
001B
001E
0016
00EB
0014
001B
0002
0014
0014
0014
0014
0014
0020
0022
0012
0021
0014
0012
0014
0002
0002
0014
0014
0014
0023
0022
0018
0019
0014
0016
0014
0002
0014
0014
0014
0014
0016
00EB
0016
0021
0025
0018
0014
0014
0002
0014
0002
0002
0012
0012
0018
0027
0014
001A
0002
0014
0014
0014
0014
0014
0027
0144
0016
0027
0014
0145
0002
0014
0014
0014
0014
0014
0026
002A
0023
0026
0013
00A7
0014
0002
0014
0014
0014
0002
0019
002C
002D
0013
0014
002E
0014
0014
0014
0014
0014
0002
0019
00A5
0030
0019
0014
002E
0014
0014
0014
0014
0014
0002
0032
01F4
046D
003C
0014
0014
046E
0038
046F
0228
00F6
02C3
03D9
00F8
0002
0014
00AF
022A
02DF
0041
0042
0043
025A
0045
014C
0047
00B5
0049
0422
0423
0103
004D
0105
004F
007E
0014
0052
022E
03DC
0055
010B
030B
0058
0262
0204
0014
005B
005C
0470
0471
010E
0060
030C
0062
0097
0014
00C5
0111
0427
0472
0068
0069
0209
006B
006C
006D
006E
0473
01CF
0474
0159
0385
0119
011A
006C
0014
01A0
0297
023D
020F
01D2
007B
015F
0475
007E
0014
0121
023F
0240
0241
0083
0084
00D6
0242
0126
0051
0476
0089
0477
0478
03E5
008C
0479
012D
0036
0014
0127
0358
03E6
0347
0093
0047
047A
0096
0097
0014
024C
024D
009A
02D1
00ED
0002
00E1
0171
047B
0006
047C
047D
0252
02D5
013D
0179
047E
047F
02FE
0010
001D
0012
0014
0014
0020
0014
0014
0014
0014
0014
0014
0026
0395
001E
0027
0014
0143
0014
0002
0014
0002
0014
0014
0010
001B
0023
0027
0014
0012
0014
0002
0014
0002
0002
0014
0022
001E
001F
0024
0021
001B
0014
0014
0002
0014
0014
0014
001D
0023
0023
0020
0014
0023
0014
0002
0014
0014
0002
0014
0021
0395
0015
0019
0014
0143
0014
0002
0014
0002
0014
0014
0022
001A
0010
0019
0014
0016
0014
0014
0014
0002
0002
0002
0018
001E
0010
0026
0014
0024
0014
0014
0014
0014
0014
0014
0027
002F
0012
0014
0014
03EE
0014
0014
0014
0014
0014
0014
0026
002A
0012
0013
0014
00A7
0014
0014
0014
0014
0014
0014
0019
00A8
0018
0013
0014
002E
0014
0014
0014
0014
0014
0014
0019
0259
0015
0014
0014
0031
0002
0014
0002
0014
0014
0002
01B8
0033
0480
0035
0014
0014
041A
0481
0482
0483
003B
00AD
0149
0035
0002
0014
041D
0484
0485
0486
03A8
0487
0074
015A
0087
0014
0100
02A4
0488
0489
03AD
0191
004E
012D
015B
0051
042B
040B
02A8
048A
026B
0057
048B
0059
005A
0014
0152
0388
048C
0270
00C3
0184
048D
00F8
00C4
0014
0110
030E
048E
048F
0429
00C9
006A
0242
0204
0014
0490
02C6
0491
0492
02AC
00CE
03C2
0075
0050
0014
0462
0493
02C9
02CA
011F
006D
0494
007D
0014
0014
00D3
02B1
0495
0496
00D5
0162
0497
0086
0087
0014
0088
0498
008A
0433
03AD
008C
0434
008E
0036
0014
01DF
0499
0168
049A
02CE
0094
0437
049B
0014
0014
0098
049C
049D
049E
0001
0002
0003
0139
0005
00E3
0007
049F
01EB
04A0
0284
013E
04A1
000E
032F
0026
00EA
001A
0013
0014
01F2
0014
0002
0002
0014
0014
0014
0016
0017
0018
0019
0014
001A
0002
0002
0014
0014
0002
0002
001B
001C
001D
001E
0019
0010
0002
0002
0002
0002
0014
0014
001B
001E
0016
0020
0014
0010
0002
0014
0014
0014
0014
0014
0015
0022
0012
0024
0014
0012
0014
0002
0002
0014
0014
0014
001D
001C
0023
0024
0014
0016
0014
0002
0014
0014
0002
0014
0016
00EB
0016
0021
0025
0018
0014
0014
0002
0014
0002
0002
0012
0012
0010
0027
0014
001A
0002
0014
0002
0014
0014
0002
0027
01B5
00ED
0027
0014
0029
0002
0014
0014
0014
0014
0014
0026
0334
0023
0026
0013
0031
0014
0002
0014
0014
0014
0002
0026
0334
002D
0014
0014
002E
0014
0014
0014
0014
0014
0002
0019
00A5
0030
0019
0014
002E
0014
0014
0014
0014
0014
0002
0032
01F4
0288
01BA
0036
0014
0037
0038
04A2
04A3
01F8
003C
003D
00F8
0036
0014
003E
003F
0040
0041
0042
0043
0044
0045
0046
0047
00B5
0049
004A
004B
0103
004D
0105
004F
0050
0014
0052
03BC
040C
04A4
010B
0203
0058
02E2
0204
0014
0195
005C
04A5
02E3
00D9
0060
0061
0062
0063
0014
00C5
0065
0112
0067
0068
0069
006A
006B
006C
006D
006E
02E7
01CF
02E8
0159
0073
0074
011A
006C
0014
01A0
02EB
023D
0079
007A
007B
007C
01A4
007E
0014
02B0
0080
01A6
01A7
0083
0084
0085
0296
0126
0051
0476
0089
044B
0478
01B8
0047
008D
012D
0014
0014
0127
0090
03E6
0347
0093
00FF
0095
0096
0097
0014
012E
0099
009A
01B0
02B4
0002
0326
04A6
034B
0006
0007
013B
0009
000A
0393
04A7
013F
000E
000F
0010
001B
0012
0013
0014
001E
0014
0014
0002
0014
0014
0014
0016
001B
0018
0027
0014
001A
0002
0014
0014
0014
0014
0002
001B
0022
0016
0024
0019
0010
0002
0002
0014
0002
0002
0014
0022
001E
0016
0020
0014
0010
0002
0014
0014
0014
0014
0014
0023
0022
0023
0020
0014
0023
0014
0002
0002
0014
0014
0014
001D
001C
0018
0027
0014
0016
0014
0002
0014
0014
0002
0014
0022
001A
0010
0019
0014
0016
0014
0014
0002
0014
0002
0002
0018
001E
0010
0026
0014
0024
0014
0014
0014
0014
0014
0014
0027
0028
0023
0027
0014
00EE
0014
0014
0014
0014
0014
0014
0026
002A
0018
0026
0013
002B
0014
0014
0014
0014
0014
0002
0019
00A8
0010
0014
0014
002E
0014
0014
0014
0014
0014
0002
0019
04A8
0023
0014
0014
002E
0002
0014
0002
0014
0014
0002
02CE
0033
01B9
00F2
0036
0014
00AA
0336
01BB
04A9
04AA
003C
003D
0035
0097
0014
04AB
022A
04AC
04AD
00B3
00B4
0074
00FE
014C
00FF
0100
0049
04AE
04AF
04B0
0104
014F
004F
0050
0014
0052
022E
04B1
01C7
0151
0057
0058
0062
005A
0014
04B2
04B3
033D
0206
04B4
02C3
030C
00F8
0097
0014
0110
0111
0155
04B5
0429
00C9
0209
0114
006C
0014
0115
04B6
0070
04B7
038A
0073
0119
0075
0050
0014
015C
0342
0078
02CA
011F
007B
007C
007D
007E
0014
0103
02B1
01D5
0496
00B3
0084
01D7
0086
0087
0051
01D9
0410
008A
01DC
0238
008C
038D
008E
0014
0014
01D9
0358
0168
0359
02E6
0094
04B8
016B
0014
0014
0098
04B9
0439
04BA
0001
0002
0003
04BB
035B
00E3
04BC
0251
01EB
04BD
04BE
000C
017A
04BF
0287
0026
01F1
0015
0014
0014
00A6
0014
0002
0002
0014
0014
0014
00EB
03D5
0012
0019
0014
0143
0002
0002
0014
0002
0002
0014
0022
001C
001D
001E
0026
0018
0014
0002
0002
0002
0014
0014
001B
001E
001F
0024
0021
001B
0002
0014
0002
0014
0014
0014
001D
001D
0018
0024
0014
0012
0014
0002
0014
0014
0002
0014
0023
001B
0023
0024
0014
0018
0014
0002
0014
0002
0014
0014
0016
0020
0016
0021
0025
0018
0014
0014
0002
0002
0002
0002
0018
0012
0018
0027
0014
001A
0002
0014
0002
0014
0014
0002
0027
04C0
00ED
0014
0014
0145
0002
0014
0014
0014
0014
0014
0027
002C
0023
0013
0014
002E
0014
0002
0014
0014
0014
0014
0026
002C
002D
0013
0014
00EF
0014
0014
0014
0014
0014
0014
0026
002F
0030
0019
0014
0031
0014
0014
0014
0014
0014
0002
01DD
00AD
04C1
0035
0014
0014
00F3
04C2
0039
04C3
04C4
02C3
02DD
018A
0002
0014
04C5
03F3
02DF
0041
00FD
0043
0044
0045
0046
0047
00B5
04C6
004A
004B
00CA
004D
004E
0191
0063
0051
0267
00BB
022F
0201
0056
04C7
0194
0059
0002
0014
0195
005C
005D
039F
005F
0060
0061
0062
0063
0014
0374
0065
0112
0067
0068
0069
006A
006B
0002
006D
00CA
006F
00CC
0071
00CD
00CE
0074
0314
006C
0014
01A0
02EB
04C8
0079
0278
006D
0210
044A
0014
0014
007F
0080
01A6
04C9
00D5
04CA
0214
01A8
0126
0014
0088
00D7
01A9
01AA
01DD
0245
00D8
01AB
0036
0014
0219
03CB
01AD
01AE
0093
00AD
00DA
0096
0097
0014
012E
0099
01AF
009B
016F
0002
021E
0004
035B
00E3
04CB
013B
01EB
02D5
04CC
000C
0394
04CD
000F
0010
001D
0015
0013
0014
0015
0014
0002
0002
0014
0014
0014
0026
0396
04CE
0019
0014
0143
0002
0014
0014
0002
0002
0002
001B
001C
001D
001E
0019
0010
0002
0002
0014
0002
0014
0014
001B
001E
0016
0020
0014
001B
0002
0014
0014
0014
0014
0014
0015
001D
0018
0020
0014
0023
0014
0002
0002
0014
0014
0014
001D
001C
0023
0019
0014
0016
0014
0002
0014
0014
0002
0014
0022
001A
0010
0021
0014
0016
0014
0014
0014
0002
0002
0002
0018
0012
0010
0026
0014
001A
0002
0014
0014
0014
0014
0002
0027
02D9
017E
0027
0014
00A6
0002
0014
0014
0014
0014
0014
0027
0181
0023
0013
0014
00EF
0014
0014
0014
0014
0014
0014
0026
0182
002D
0014
0014
00EF
0014
0014
0014
0014
0014
0014
0026
04CF
0030
0019
0014
0031
0014
0014
0014
0014
0014
0014
01B8
0033
01B9
0035
0036
0014
0146
0038
04D0
04D1
00A9
00FF
04D2
04D3
0002
0014
003E
04D4
04D5
04D6
00AC
00B4
01C1
0045
0046
0047
00F3
02E0
039B
04D7
00A9
0104
004E
0191
0050
0014
0107
028D
01C6
04D8
00B9
039D
0058
0059
005A
0014
0195
04D9
039E
039F
04B4
008C
04DA
0062
0097
0014
00AA
045E
04DB
04DC
01CE
03A5
0199
0114
0002
0014
0151
0239
0070
03A6
02C7
00CE
0295
023B
0050
0014
03A8
011C
020E
03A9
0278
006D
0210
03AB
007E
0014
0103
0080
0081
0356
00D5
04CA
04DD
0086
0126
0014
0121
031B
04DE
031D
0032
0245
04DF
008E
0014
0014
0406
03CB
04E0
02F6
00D9
0094
04E1
0096
0097
0014
012E
037B
04E2
009B
0001
0002
009D
035A
034B
0006
0329
0251
0009
00E6
000B
037F
00E7
000E
04E3
0026
00EA
0012
0014
0014
0225
0014
0002
0002
0014
0014
0014
0016
0017
0021
0014
0014
001A
0002
0002
0014
0014
0014
0014
001F
001B
0016
0024
0014
0023
0014
0002
0002
0002
0002
0014
0022
0020
001F
0024
0021
0010
0014
0014
0002
0014
0014
0014
001D
0022
0023
0019
0014
001E
0014
0014
0014
0014
0002
0014
0023
001B
001E
0024
0014
0018
0014
0002
0014
0002
0014
0014
0010
00EB
0016
0019
0025
0012
0014
0014
0002
0014
0002
0002
0018
001E
0018
0014
0014
0024
0014
0014
0002
0014
0014
0002
0027
0028
0016
0014
0014
0143
0002
0014
0014
0014
0014
0014
0026
0332
0018
0026
0013
002B
0014
0002
0014
0014
0014
0002
0019
002C
0010
0013
0014
002E
0014
0014
0014
0014
0014
0002
0019
00A5
0016
0014
0014
002E
0002
0014
0002
0014
0014
0002
0032
01F4
0441
00F2
0014
0014
00AA
03B5
0337
01F7
003B
003C
003D
006D
0014
0014
018B
003F
0040
0041
0042
0043
0044
04E4
014C
0014
0048
0049
004A
004B
004C
004D
007E
004F
007E
0051
00BA
0053
040C
0055
0056
0057
0194
02E2
0204
0014
0152
0388
010D
0206
005F
0060
0061
028F
0063
0014
0064
0111
0066
0067
0068
0069
006A
006B
006C
006D
006E
006F
04E5
0389
0072
0073
0074
0075
0014
0014
010B
0077
0078
00D0
011F
007B
007C
04E6
0014
0014
007F
02B1
04E7
01A7
010E
0084
0085
0125
0087
0051
008F
0089
0216
0217
0183
008C
008D
012D
0036
0014
008F
0320
037A
01AE
01E3
0047
0095
0280
0014
0014
0098
01E5
0281
03E8
04E8
0002
021E
0004
0005
021F
00E4
0008
01EB
000A
000B
0223
000D
02FD
02FE
0010
001D
001A
0014
0014
0020
0014
0002
0002
0014
0014
0014
0016
0010
0012
0027
0014
0020
0002
0014
0014
0014
0002
0002
001B
0010
001D
001E
0019
0010
0014
0002
0014
0002
0002
0014
0016
001E
0016
0020
0014
0010
0002
0014
0014
0014
0014
0014
001E
001D
001E
0020
0014
0023
0014
0002
0014
0014
0014
0014
001D
001C
0023
0027
0014
001A
0014
0002
0014
0014
0002
0014
0022
001A
0010
0021
0014
0018
0014
0014
0014
0002
0014
0002
0018
001E
0010
0027
0014
00EB
0014
0014
0014
0014
0014
0002
0027
00EC
04E9
0014
0014
00EE
0014
0014
0014
0014
0014
0014
0026
01B6
04E9
0026
0013
0225
0014
0014
0014
0014
0014
0014
0019
0182
0010
0014
0014
00EF
0014
0014
0014
0014
0014
0014
0019
002F
0023
0019
0014
0031
0014
0014
0014
0014
0014
0014
0238
0033
0058
01BA
0014
0014
0186
0038
04EA
01BC
003B
003C
03A7
0035
0002
0014
00AF
04EB
04EC
04ED
0042
0043
04EE
02BC
0046
00FF
00F3
0056
04EF
04F0
005B
04F1
014F
03F9
0050
0014
04F2
022E
04F3
030A
0107
030B
0194
018A
005A
0014
005B
005C
04F4
0351
01CA
0060
04F5
0062
00C4
0014
01CC
030E
04F6
04F7
01CE
0311
014F
0312
006C
0014
0151
04F8
0313
04F9
019E
0073
0295
023B
015B
0014
0103
031B
020E
04FA
01D2
007B
02CB
04FB
0014
0014
0103
0080
04FC
01D6
0464
00AD
0319
04FD
0126
0051
0121
031B
04DE
031D
01DD
00AD
04FE
008E
0014
0014
01AC
0248
04FF
0359
0132
0094
0500
0096
0097
0014
012E
024D
0501
0324
0001
0002
009D
035A
01E9
0006
0329
03D2
0009
0502
032C
013E
032D
0503
032F
0026
01F1
0012
0013
0014
00A6
0014
0002
0014
0014
0014
0014
0026
0361
0018
0019
0014
0031
0002
0002
0014
0002
0014
0014
0023
001C
0010
0024
0026
0023
0002
0002
0002
0002
0014
0014
001B
0020
001F
0024
0021
001B
0002
0014
0002
0014
0014
0014
001D
0022
0023
0019
0014
0012
0014
0002
0002
0014
0002
0014
0026
0504
001A
0024
0014
0505
0014
0002
0014
0002
0014
0014
0010
0020
0016
0019
0025
0016
0014
0014
0002
0014
0002
0002
0014
00EC
0506
0026
0014
0143
0002
0014
0002
0014
0014
0002
0014
0144
0016
0027
0014
0145
0002
0014
0014
0014
0014
0014
0026
0332
0012
0013
0014
0333
0014
0002
0014
0014
0014
0002
0019
0334
002D
0013
0014
002E
0014
0014
0014
0014
0014
0002
0026
002C
0030
0014
0014
002E
0002
0014
0002
0014
0014
0002
0032
01F4
0441
0035
0036
0014
02B0
03B5
0039
01F7
01B8
00AD
025E
02DA
0036
0014
00F9
003F
0507
014B
00AC
0057
0044
0045
014C
0047
0048
0049
00B7
00B8
004C
004D
004E
004F
0063
0051
0107
03BC
0508
0509
02A4
0057
0058
0059
0204
0014
026D
00F9
039E
0206
0032
0084
050A
00F2
0063
0014
0064
0065
050B
050C
0068
0069
006A
006B
0204
006D
006E
02E7
0157
0071
0159
0014
0340
050D
0050
0014
010B
0077
0078
0079
007A
0014
015F
0375
007E
0014
007F
02B1
01A6
0343
0083
0084
027C
0296
0087
0014
008F
0089
0344
0217
01B8
008C
050E
012D
0036
0014
008F
0090
050F
0347
005F
0047
0510
0280
0014
0014
0098
00DD
0281
0349
0282
0002
00E1
0004
0005
021F
0007
0008
03EA
000A
000B
0223
000D
000E
02FE
0010
001D
0015
0014
0014
0015
0014
0002
0002
0014
0014
0014
0016
017D
0012
0019
0014
001A
0002
0014
0014
0014
0014
0002
001B
0010
001D
0019
0019
0010
0014
0014
0014
0002
0002
0014
001B
001E
0023
0020
0014
0010
0002
0014
0014
0014
0014
0014
0024
0022
001E
0020
0014
0023
0014
0002
0014
0014
0014
0014
001D
001C
0023
0027
0014
0016
0014
0002
0014
0014
0002
0014
0022
00EB
0010
0021
0014
0018
0014
0014
0014
0014
0014
0002
0018
001E
0010
0027
0014
00EB
0014
0014
0014
0014
0014
0014
0027
00EC
04E9
0014
0014
00EE
0014
0014
0014
0014
0014
0014
0026
01B6
04E9
0026
0013
0225
0014
0014
0014
0014
0014
0014
0019
0182
0010
0014
0014
00EF
0014
0014
0014
0014
0014
0014
0019
0181
0023
0019
0014
002E
0014
0014
0014
0014
0014
0014
0238
0033
01B9
00F2
0014
0014
0186
0511
01BB
041C
00F6
003C
0512
0035
0002
0014
041D
0513
0514
0515
0042
0043
04EE
0045
0002
00FF
02B0
028A
0516
0517
034F
0104
014F
0059
0050
0014
04F2
0518
01C6
030A
0107
008C
0058
018A
005A
0014
005B
0519
051A
051B
010E
0060
04F5
0062
0097
0014
0274
0421
051C
04F7
01CE
0311
051D
0114
006C
0014
042B
04F8
01CF
04F9
019E
0073
0295
0296
015B
0014
042E
051E
051F
04FA
01D2
007B
02CB
04FB
0014
0014
00D3
0520
04FC
0521
0083
00AD
0319
04FD
0126
0051
0522
0128
04DE
031D
012B
00AD
04FE
008E
0014
0014
012E
0523
0524
0525
0132
0094
0500
0096
0097
0014
0526
0187
0527
0528
0001
0002
0003
029B
01E9
0006
0529
03D2
0009
052A
052B
013E
052C
0360
032F
0026
01F1
0012
0013
0014
0031
0014
0002
0014
0014
0014
0014
0026
052D
0018
0014
0014
0031
0014
0002
0014
0002
0002
0014
001F
001C
0010
001E
0026
0023
0002
0002
0002
0002
0014
0014
0022
00EB
001F
00EB
0021
001B
0014
0014
0002
0014
0014
0014
001D
001F
0023
0024
0014
001E
0014
0002
0002
0014
0002
0014
0026
0258
001A
0024
0014
04CE
0014
0002
0014
0002
0014
0014
0016
001A
0016
0019
0025
0016
0014
0014
0002
0002
0002
0002
0014
00EC
0506
0026
0014
0143
0002
0014
0002
0014
0014
0002
0014
0144
0016
0027
0014
0145
0002
0014
0014
0014
0014
0014
0026
0332
0012
0013
0014
00A7
0014
0002
0014
0014
0014
0002
0019
0334
002D
0013
0014
002E
0014
0014
0014
0014
0014
0002
0026
002F
0030
0014
0014
0031
0002
0014
0002
0014
0014
0002
0364
01F4
04C1
0035
0036
0014
00F3
052E
0039
0443
00AC
00AD
025E
0057
0014
0014
003E
052F
0530
0531
00AC
0057
0044
0532
0046
0047
0048
0056
0533
0534
00CA
004D
004E
004F
0063
0051
0107
0268
0535
0536
026B
0057
00BE
0059
0002
0014
026D
0537
00C1
005E
00C3
0084
02AB
0262
0063
0014
0064
0065
0538
0539
0068
0069
006A
006B
0204
006D
006E
02E7
020B
0071
0159
0014
0340
050D
0050
0014
0076
0077
0078
0079
007A
0014
015F
0375
007E
0014
02B0
01D4
01A6
04C9
00D5
0084
027C
01A8
0087
0014
0088
053A
053B
053C
0032
008C
027E
012D
0036
0014
008F
0090
01AD
053D
005F
0047
027F
00DB
0014
0014
0098
00DD
0281
00DF
021D
0002
0408
0004
053E
021F
0007
0220
0221
0283
000B
0285
053F
000E
0287
0019
0334
001A
0014
0014
01F2
0014
0002
0002
0014
0014
0014
0016
017D
0018
0019
0014
001A
0002
0014
0014
0002
0002
0002
001B
0022
001D
001E
0019
0010
0014
0002
0014
0002
0002
0014
001B
001E
0016
0020
0014
0010
0002
0014
0014
0014
0014
0014
0019
0022
001A
0024
0014
0012
0014
0002
0002
0014
0014
0014
001D
001C
0023
0024
0014
0016
0014
0002
0014
0014
0002
0014
0022
001A
0010
0021
0014
0018
0014
0014
0014
0014
0014
0002
0018
0012
0010
0027
0014
001A
0002
0014
0014
0014
0014
0002
0027
01B5
017E
0027
0014
0029
0002
0014
0014
0014
0014
0014
0026
0181
0023
0013
0014
0031
0014
0014
0014
0014
0014
0014
0026
0182
002D
0014
0014
002E
0014
0014
0014
0014
0014
0014
0019
00A5
0030
0019
0014
002E
0014
0014
0014
0014
0014
0014
01B8
0184
0288
01BA
0014
0014
01CC
0038
0227
0228
0148
003C
0229
00F8
0002
0014
00AF
022A
0040
0041
0540
0043
0541
0045
0046
0047
00F3
0049
0542
0543
0103
004D
0105
0191
0050
0014
0052
022E
022F
0055
010B
01F4
0058
028F
0097
0014
005B
005C
0544
0545
010E
0060
0234
0062
0063
0014
0235
0111
0546
04F7
02E5
0059
006A
006B
006C
0014
0238
0239
0070
023A
0072
0073
0119
0296
006C
0014
03A8
023C
0354
011E
01D2
007B
007C
023E
007E
0014
0103
0520
0240
0241
0083
0084
01D7
0242
0126
0014
0127
0410
0243
0411
012B
0047
0246
012D
0014
0014
0247
0248
0249
024A
0093
00AD
024B
0096
0097
0014
024C
024D
016D
016E
024E
0002
009D
035A
037D
0006
0250
0251
0009
0547
0254
000C
00A4
0360
000F
0010
0011
0012
0013
0014
0020
0014
0002
0014
0014
0014
0014
0026
052D
001E
0027
0014
002E
0014
0002
0014
0014
0014
0014
0020
0548
0023
0027
0014
00EC
0002
0002
0002
0002
0014
0014
0022
001E
001F
0024
0021
001B
0014
0014
0002
0014
0014
0014
001D
0016
0023
0020
0014
0023
0014
0002
0014
0014
0002
0014
0021
0258
001E
0019
0014
002B
0014
0002
0014
0002
0014
0014
0010
0020
0016
0019
0025
0016
0014
0014
0002
0002
0002
0002
0012
001E
0018
0026
0014
0024
0014
0014
0002
0014
0014
0002
0014
0144
0016
0014
0014
0549
0014
0014
0014
0014
0014
0014
0026
002A
0012
0026
0013
00A7
0014
0002
0014
0014
0014
0002
0019
002C
0010
0013
0014
002E
0014
0014
0014
0014
0014
0002
0019
0259
0016
0014
0014
0031
0002
0014
0002
0014
0014
0002
0364
0033
04DA
0035
0036
0014
0103
00AB
0367
054A
00AC
00AD
025E
0035
0097
0014
00F9
025F
0260
0261
00B3
0262
054B
0062
00C4
0014
0048
0264
054C
054D
00CA
01FD
004E
004F
0063
0051
0267
0268
0269
026A
026B
0057
054E
0059
005A
0014
026D
026E
054F
0550
00C3
0084
0551
00F8
00C4
0014
0064
0065
0552
0553
00C5
0069
006A
0275
0204
006D
02E6
006F
0276
0071
0277
015A
0074
0075
0050
0014
010B
0077
00CF
00D0
00D1
0014
0279
007D
0014
0014
007F
027A
027B
0082
00D5
0162
027C
0086
0087
0051
0088
027D
008A
008B
0032
008C
027E
008E
0036
0014
01DF
0090
0091
0092
0238
0094
0554
00DB
0014
0014
0098
00DD
0281
00DF
021D
0002
021E
0004
053E
021F
0007
0220
0221
0283
000B
0223
053F
000E
00E9
0019
0334
001A
0014
0014
01F2
0014
0002
0002
0014
0014
0014
0016
017D
0018
0019
0014
001A
0002
0014
0014
0014
0014
0002
001B
0023
001D
0024
0019
0010
0014
0014
0014
0002
0002
0014
001B
001E
0016
0020
0014
0010
0002
0014
0014
0014
0014
0014
0019
0555
00EB
0024
0014
0556
0014
0002
0002
0014
0014
0014
001D
001C
0023
0024
0014
0016
0014
0002
0014
0014
0002
0014
0022
001A
0010
0021
0014
0018
0014
0014
0014
0014
0014
0002
0018
0012
0010
0027
0014
001A
0002
0014
0014
0014
0014
0014
0027
017E
017E
0027
0014
0180
0002
0014
0014
0014
0014
0014
0026
0181
0023
0013
0014
0225
0014
0014
0014
0014
0014
0014
0026
0182
002D
0014
0014
00EF
0014
0014
0014
0014
0014
0014
0019
00A5
0030
0019
0014
002E
0014
0014
0014
0014
0014
0014
01B8
01F4
0226
003C
0014
0014
0186
0038
0557
0228
00F6
003C
0229
00F8
0002
0014
00AF
022A
0040
0041
00F9
0043
022B
0045
014C
0047
00F3
0049
0558
022D
0103
004D
0105
0191
0050
0014
0052
022E
022F
0055
010B
008C
0559
0231
0097
0014
005B
005C
055A
0545
010E
0060
0234
0062
0063
0014
0235
0111
055B
04F7
02E5
0059
006A
006B
006C
0014
0238
0239
0070
023A
0072
0073
0119
023B
006C
0014
01A0
023C
023D
011E
01D2
007B
007C
023E
007E
0014
0103
023F
0240
0241
0083
00AD
0124
0242
0126
0014
0127
0128
0243
0244
012B
0245
0246
012D
0014
0014
0247
0248
0249
024A
0093
00AD
024B
0096
0097
0014
024C
024D
016D
016E
024E
0002
009D
035A
037D
0006
0250
0251
0252
055C
0254
013E
0255
0360
000F
0010
0011
0012
0013
0014
0020
0014
0002
0014
0014
0014
0014
0026
052D
001E
0014
0014
0031
0014
0002
0014
0002
0002
0014
0024
0257
0023
001E
0014
017E
0002
0002
0002
0002
0014
0014
0022
001E
001F
0024
0021
001B
0014
0014
0002
0014
0014
0014
001D
0016
0023
0020
0014
0023
0014
0002
0014
0014
0002
0014
0021
0258
001A
0019
0014
00A7
0014
0002
0014
0002
0014
0014
0010
0020
0016
0019
0025
0016
0014
0014
0002
0002
0002
0002
0018
001E
0018
0026
0014
0024
0014
0014
0002
0014
0014
0002
0014
0144
0016
0014
0014
0145
0002
0014
0014
0014
0014
0014
0026
002A
0012
0026
0013
00A7
0014
0002
0014
0014
0014
0002
0019
002C
0010
0013
0014
002E
0014
0014
0014
0014
0014
0002
0019
0259
0016
0014
0014
0031
0002
0014
0002
0014
0014
0002
0364
0033
04DA
0035
0036
0014
00F3
00AB
0367
054A
00AC
00AD
025E
0035
0014
0014
00F9
025F
0260
0261
00B3
0262
0263
01FA
0046
0014
0048
0264
055D
055E
00CA
01FD
004E
004F
0063
0051
0267
0268
0269
026A
026B
0057
026C
0059
005A
0014
026D
026E
055F
0370
00C3
0084
0271
00F8
0126
0014
0064
0065
0272
0273
0088
0069
006A
0275
0204
006D
00CA
006F
0276
0071
0277
00CE
0074
0075
0050
0014
010B
0077
00CF
00D0
00D1
0014
0279
007D
0014
0014
007F
027A
027B
0082
00D5
0084
027C
0086
0087
0051
0088
027D
008A
008B
0032
008C
027E
008E
0036
0014
01DF
0090
0091
0092
0238
0094
0560
0280
0014
0014
0098
00DD
0281
00DF
0282
0002
0408
0004
0005
021F
0007
0220
0221
0561
000B
0285
0562
000E
0563
0019
0332
0015
0014
0014
01F2
0014
0002
0002
0014
0014
0014
0016
017D
0018
0019
0014
001A
0002
0014
0014
0014
0002
0002
001B
0010
001D
001E
0019
0010
0014
0014
0002
0002
0002
0014
001B
001E
0016
0020
0014
0010
0002
0014
0014
0014
0014
0014
0019
0022
001E
0024
0014
0012
0014
0002
0002
0014
0014
0014
001D
001C
0023
0027
0014
0016
0014
0002
0014
0014
0002
0014
0022
00EB
0010
0021
0014
0018
0014
0014
0002
0014
0002
0002
0018
0012
0010
0027
0014
001A
0002
0014
0014
0014
0014
0002
0027
017E
04E9
0027
0014
0180
0002
0014
0014
0014
0014
0014
0026
0181
0023
0026
0013
0225
0014
0014
0014
0014
0014
0014
0019
0182
0010
0014
0014
00EF
0014
0014
0014
0014
0014
0014
0019
00A5
0023
0019
0014
002E
0014
0014
0014
0014
0014
0014
01B8
01F4
0564
01BA
0014
0014
01CC
0038
0557
0228
00F6
003C
0229
00F8
0002
0014
00AF
022A
0040
0041
0042
0043
022B
0045
0046
00FF
00F3
028A
0565
0566
034F
004D
0105
004F
0050
0014
0052
022E
022F
0055
010B
008C
0058
028F
0097
0014
005B
005C
0567
0568
010E
0060
0569
0062
0097
0014
0235
026B
056A
04F7
00C8
00C9
006A
006B
006C
0014
0238
0239
01CF
023A
00CD
0073
0295
0296
015B
0014
01A0
0297
051F
011E
01D2
007B
01A3
056B
007E
0014
00D3
0520
0299
0241
0083
00AD
0124
0242
0126
0051
0127
029A
0243
0244
012B
00AD
01DE
012D
0014
0014
0247
0248
0249
024A
0132
00AD
024B
0096
0097
0014
024C
024D
016D
016E
0001
0002
009D
029B
01E9
0006
056C
0251
0252
029C
0254
000C
056D
0256
000F
0010
0011
0012
0013
0014
0020
0014
0002
0014
0014
0014
0014
0026
052D
001E
0014
0014
002E
0014
0002
0014
0002
0014
0014
00EB
029E
0023
0024
0026
02FF
0002
0002
0014
0002
0014
0014
0022
001E
001F
0024
0021
001B
0014
0014
0002
0014
0014
0014
001D
0016
0023
0020
0014
0023
0014
0002
0014
0014
0002
0014
0026
0258
001A
0024
0014
017F
0014
0002
0014
0002
0014
0014
0018
001A
0016
0019
0025
0016
0014
0014
0002
0002
0002
0002
0012
001E
0018
0026
0014
0024
0014
0014
0002
0014
0014
0002
0014
0144
0016
0014
0014
0145
0002
0014
0014
0014
0014
0014
0026
002A
0012
0013
0014
00A7
0014
0002
0014
0014
0014
0002
0019
002C
002D
0013
0014
002E
0014
0014
0014
0014
0014
0002
0026
0259
0030
0014
0014
0031
0002
0014
0002
0014
0014
0002
0364
0033
029F
0035
0036
0014
0103
00AB
0367
054A
025D
00AD
02A2
0035
0014
0014
00F9
052F
0260
0261
025D
0262
02A3
0062
005A
0047
0048
02A4
02A5
056E
0151
01FD
004E
01FD
0063
0051
0267
0268
0269
026A
026B
0057
02A9
0059
005A
0014
026D
0205
02AA
0270
00C3
0084
02AB
00F8
0063
0014
0064
02AC
02AD
056F
0088
0069
006A
0275
0204
006D
00CA
006F
02AF
0071
02AC
015A
0074
0075
0050
0014
010B
0077
0078
00D0
007A
0014
015F
007D
0014
0014
02B0
027A
027B
0082
00D5
0084
027C
0086
0087
0014
0088
027D
008A
008B
0032
008C
02B2
008E
0036
0014
01DF
0090
0091
0092
005F
0094
02B3
00DB
0014
0014
0098
00DD
0281
00DF
0001
0002
0003
0570
0328
0006
0469
03D2
0009
0571
000B
00A3
0572
000E
032F
0026
00EA
0012
0013
0014
00A6
0014
0002
0002
0014
0014
0014
00EB
03D5
0018
0019
0014
0031
0002
0002
0014
0014
0014
0014
001F
001C
0010
0024
0014
0018
0002
0002
0002
0002
0002
0014
001B
00EB
001F
0019
0014
001B
0002
0014
0002
0014
0014
0014
001D
0022
0023
0019
0014
0012
0014
0002
0002
0014
0002
0014
0023
001B
0018
0024
0014
0016
0014
0002
0014
0002
0014
0014
0023
00EB
0016
0019
0025
0016
0014
0014
0002
0014
0002
0002
0012
0012
0018
0014
0014
001A
0002
0014
0002
0014
0014
0002
0027
0144
0016
0027
0014
0145
0002
0014
0014
0014
0014
0014
0026
002A
0018
0013
0014
0333
0014
0002
0014
0014
0014
0002
0019
002C
0010
0013
0014
002E
0014
0014
0014
0014
0014
0002
0026
00A5
0016
0014
0014
002E
0002
0014
0002
0014
0014
0002
0032
01F4
01F5
0573
0036
0014
00AA
0038
0337
0228
00F6
02C3
03D9
02DA
0002
0014
018B
003F
0574
0041
00F9
0043
0044
0045
014C
0014
0048
0049
004A
004B
004C
004D
0063
004F
0097
0014
0052
0053
0575
0055
0056
0057
0058
02E2
0204
0014
0152
005C
010D
005E
005F
0060
0061
00F2
0063
0014
0064
0065
0066
0067
0068
0069
006A
006B
006C
006D
006E
02E7
0157
02E8
0159
0385
0074
0075
0014
0014
0076
0077
0078
0079
007A
006D
015F
0375
007E
0014
02B0
00D4
01A6
01A7
0083
0162
00D6
0296
0087
0014
008F
0089
0477
0478
01B8
008C
0479
012D
0036
0014
008F
0090
0346
0347
0132
0047
0576
0280
0014
0014
0098
0099
0281
0349
04E8
0002
00E1
04A6
0005
0577
0450
0008
02FC
000A
0254
000C
0394
0578
02FE
0010
001D
0015
0014
0014
0020
0014
0002
0002
0014
0014
0014
0016
001D
0012
0014
0014
001A
0002
0002
0014
0002
0002
0002
001B
0022
001D
001E
0019
0010
0014
0002
0014
0002
0014
0014
0016
001E
0015
0020
0021
0010
0002
0014
0014
0014
0014
0014
0012
001D
0018
0020
0014
0023
0014
0002
0014
0014
0014
0014
001D
001C
0023
0014
0014
001A
0014
0002
0014
0014
0002
0014
0022
001A
0010
0021
0014
0012
0014
0014
0014
0002
0002
0002
0018
001E
0010
0026
0014
00EB
0014
0014
0014
0014
0014
0002
0027
00EC
017E
0014
0014
00EE
0014
0014
0014
0014
0014
0014
0026
01B6
02FF
0026
0013
0031
0014
0014
0014
0014
0014
0014
0019
0579
002D
0014
0014
002E
0014
0014
0014
0014
0014
0014
0019
0301
0030
0019
0014
0031
0014
0014
0014
0014
0014
0014
0455
0033
057A
0035
0014
0014
0146
01F6
057B
057C
025D
003C
0058
0035
0014
0014
003E
057D
057E
057F
004C
0580
01C1
02BC
0046
0047
00F3
0581
0582
0583
0584
0585
004E
0106
0050
0051
0308
0586
0587
0588
03FC
039D
02C1
0059
005A
0014
0195
0064
0589
058A
01A0
02C3
058B
0062
0014
0014
046E
030E
058C
058D
01CE
0311
006A
019A
0002
0014
0490
04F8
019C
03A6
019E
0073
0295
023B
0050
0014
02EA
058E
020E
04FA
01D2
007B
02CB
03AB
0014
0014
00D3
0080
058F
01D6
00D5
0084
01D7
031A
0126
0051
0121
01DA
01DB
01DC
0590
0047
0591
008E
0014
0014
01AC
0248
0592
0359
00D9
0094
0593
0096
0097
0014
012E
03AE
0594
0324
0001
0002
0003
009E
0005
0006
0529
032A
0009
0595
0596
013E
0597
043E
032F
0026
00EA
001A
0013
0014
00A6
0014
0002
0002
0014
0014
0014
0026
052D
0018
0019
0014
0031
0002
0002
0014
0014
0014
0002
001F
001C
001D
0024
0019
0010
0002
0002
0002
0002
0014
0014
001B
0020
001F
00EB
0014
001B
0002
0014
0002
0014
0014
0014
001D
0022
0012
0024
0014
0012
0014
0002
0002
0014
0002
0014
0026
001C
0023
0024
0014
0018
0014
0002
0014
0002
0014
0014
0016
00EB
0016
0019
0025
0016
0014
0014
0002
0014
0002
0002
0014
00EC
0331
0014
0014
0143
0002
0014
0002
0014
0014
0002
0027
0144
0016
0027
0014
0145
0002
0014
0014
0014
0014
0014
0026
0332
0012
0026
0013
0333
0014
0002
0014
0014
0014
0002
0019
0334
002D
0013
0014
002E
0014
0014
0014
0014
0014
0002
0019
00A5
0030
0014
0014
002E
0002
0014
0002
0014
0014
0002
0364
01F4
0441
0573
0036
0014
0037
052E
0598
0289
01F8
00AD
0599
059A
0097
0014
003E
003F
059B
014B
00B3
00B4
0044
0045
014C
0047
0048
0049
00B7
0447
004C
004D
014C
004F
0063
0014
0052
0448
059C
059D
0202
0057
00BE
02E2
0204
0014
00BF
0537
059E
005E
00C3
0084
0061
0060
0063
0014
0064
0065
059F
00C7
0068
0069
006A
006B
0204
006D
006E
02E7
05A0
02E8
0159
0014
0340
050D
0014
0014
0076
0077
0078
0079
007A
007B
015F
0375
007E
0014
02B0
01D4
01A6
04C9
0083
0162
00D6
0296
0087
0051
008F
0089
0477
05A1
01B8
008C
00D8
012D
0036
0014
008F
0090
0346
05A2
005F
0047
00DA
00DB
0014
0014
0098
00DD
0281
05A3
04E8
0002
00E1
0004
0416
021F
0007
047D
03EA
000A
000B
0223
000D
000E
02FE
0010
001F
0012
0014
0014
001E
0014
0002
0002
0014
0014
0014
0016
001B
0012
0027
0014
001A
0014
0002
0014
0002
0002
0014
001B
0022
0023
001E
0014
0023
0014
0002
0014
0002
0002
0014
0016
001E
0023
0020
0021
0010
0014
0014
0014
0014
0014
0014
001E
001D
0023
0020
0014
0023
0014
0014
0014
0014
0014
0014
001D
001B
0012
0027
0014
0016
0014
0002
0014
0014
0002
0014
0022
001A
0010
0021
0014
0012
0014
0014
0014
0002
0002
0002
0018
001E
0010
0026
0014
0024
0014
0014
0014
0014
0014
0002
0027
00EC
04E9
0014
0014
00EE
0014
0014
0014
0014
0014
0014
0026
0579
05A4
0014
0014
0031
0014
0014
0014
0014
0014
0014
0019
0300
0023
0014
0014
002E
0014
0014
0014
0014
0014
0014
0019
0301
0023
0019
0014
0031
0014
0014
0014
0014
0014
0014
0238
0033
01B9
0035
0014
0014
0406
05A5
04D0
041C
003B
003C
0512
0035
0002
0014
041D
05A6
05A7
05A8
0540
0043
01C1
00FE
0046
0014
00F3
05A9
0306
05AA
005B
0104
004E
0585
0050
0051
05AB
0424
01C6
05AC
0107
039D
0058
0059
005A
0014
005B
05AD
005D
05AE
031F
0060
058B
0062
0097
0014
05AF
05B0
05B1
05B2
0429
0311
006A
0114
006C
0014
0490
05B3
0070
0492
02AC
0073
0295
03DF
0050
0014
042E
042F
05B4
04FA
05B5
006D
02CB
04FB
0014
0014
00D3
05B6
058F
0432
00D5
0084
01D7
04FD
0014
0014
0121
01DA
01DB
01DC
01DD
0047
0591
008E
0014
0014
01AC
05B7
0592
05B8
01FE
0094
0500
0096
0097
0014
05B9
0264
0527
05BA
024E
0002
0003
029B
0005
0006
0450
0175
0009
05BB
05BC
000C
05BD
05BE
000F
0010
001D
0012
0013
0014
0020
0014
0002
0014
0014
0014
0014
0026
002A
001E
0014
0014
0031
0014
0002
0014
0002
0014
0014
0010
001C
0023
0025
0026
0023
0002
0002
0002
0002
0014
0014
0022
001E
001F
0024
0021
001B
0014
0014
0002
0014
0014
0014
001D
0016
0023
0020
0014
0023
0014
0002
0014
0014
0002
0014
0021
0504
001A
0019
0014
01F3
0014
0002
0014
0002
0002
0014
0022
001A
0010
0019
0014
0016
0014
0014
0014
0002
0002
0002
0018
001E
0010
0026
0014
0024
0014
0014
0002
0014
0014
0002
0013
002F
0023
0014
0014
00A6
0002
0014
0014
0014
0014
0014
0026
002A
0012
0026
0013
00A7
0014
0014
0014
0014
0014
0002
0019
00A8
002D
0013
0014
002E
0014
0014
0014
0014
0014
0002
0019
002F
0030
0014
0014
0031
0002
0014
0002
0014
0014
0002
00BF
0033
0480
0035
0036
0014
0103
05BF
05C0
05C1
00AC
00AD
02A2
0035
0014
0014
00F9
025F
0260
0261
00B3
01BA
0044
01FA
00C4
0047
0048
02A4
05C2
05C3
0151
0191
004E
01FD
0063
0051
0267
0268
02A8
026A
026B
0057
05C4
0059
005A
0014
026D
026E
05C5
0270
00C3
0245
05C6
00F8
0126
0014
0064
0065
0538
05C7
0274
00C9
006A
0242
0204
0014
00CA
006F
05C8
0071
02AC
00B4
0074
0075
0050
0014
015C
0077
02C9
00D0
007A
015E
00D2
007D
0014
0014
00D3
05C9
027B
0082
00D5
0084
05CA
0086
0087
0051
0088
05CB
008A
01DC
0032
008C
05CC
008E
0036
0014
01DF
0090
0168
02F6
005F
0094
0437
00DB
0014
0014
0098
00DD
0390
00DF
021D
0002
00E1
0004
0416
021F
009F
049F
00E5
05CD
000B
05CE
00E7
000E
0287
0019
00EA
001A
0014
0014
01F2
0014
0002
0002
0014
0014
0014
0016
0017
0018
0019
0014
001A
0002
0014
0014
0014
0002
0002
001B
001F
001D
001E
0019
0010
0014
0002
0014
0002
0002
0014
001B
001E
0023
0020
0014
0010
0002
0014
0014
0014
0014
0014
0019
00A5
0015
0024
0014
00EC
0014
0002
0002
0014
0014
0014
001D
001C
0023
0024
0014
0016
0014
0002
0014
0014
0014
0014
0023
00EB
0016
0021
0025
0018
0014
0014
0002
0014
0002
0002
0018
0012
0018
0014
0014
001A
0002
0014
0014
0014
0014
0002
0027
017E
00ED
0027
0014
0180
0002
0014
0014
0014
0014
0014
0026
002C
0023
0013
0014
0031
0014
0002
0014
0014
0014
0014
0026
002C
0023
0014
0014
00EF
0014
0014
0014
0014
0014
0014
0019
002C
0023
0019
0014
002E
0014
0014
0014
0014
0014
0014
0032
01F4
0288
00F2
0014
0014
01CC
0038
05CF
01F7
00F6
003C
0229
00F8
0002
0014
05D0
022A
0040
0041
00FD
0043
0456
0045
0046
00FF
00F3
0049
05D1
05D2
0103
004D
0105
004F
0050
0014
0052
022E
022F
0055
010B
008C
05D3
02E9
0097
0014
005B
005C
05D4
05D5
010E
0060
0295
0062
0063
0014
0235
0111
05D6
05D7
0068
0069
006A
006B
006C
006D
0238
0239
01CF
023A
0159
0073
0119
011A
0014
0014
01A0
05D8
05D9
011E
01D2
007B
007C
023E
007E
0014
0121
027A
0240
0241
0083
00AD
0085
0242
0126
0014
0127
0089
05DA
0217
012B
0245
008D
012D
0014
0014
0247
0248
03E6
0347
0132
00AD
0095
0096
0097
0014
024C
024D
009A
02D1
0325
0002
00E1
05DB
0005
0006
056C
0008
0009
0177
05DC
05DD
05DE
05DF
032F
0026
002C
0012
0013
0014
0225
0014
0002
0002
0014
0014
0014
0016
017D
0018
0014
0014
001A
0002
0002
0014
0002
0014
0002
001B
001B
0016
0024
0019
0023
0002
0002
0014
0002
0014
0014
001D
001E
0016
0020
0021
001B
0002
0014
0002
0014
0014
0014
001D
001D
0023
0024
0014
001E
0014
0002
0002
0014
0002
0014
001D
001C
0018
0024
0014
0018
0014
0002
0014
0002
0014
0014
0016
0020
0010
0021
0014
0016
0014
0014
0014
0002
0002
0002
0012
001E
0018
0026
0014
00EB
0014
0014
0014
0014
0014
0014
0013
01B5
017F
0027
0014
0029
0002
0014
0014
0014
0014
0014
0026
05E0
0023
0026
0013
0225
0014
0014
0014
0014
0014
0002
0019
05E1
002D
0014
0014
002E
0014
0014
0014
0014
0014
0002
0019
0259
0030
0014
0014
0031
0014
0014
0014
0014
0014
0002
011B
01F4
05E2
0035
0036
0014
01AC
05E3
05E4
05E5
00AC
003C
003D
00F8
0014
0014
05E6
05E7
05E8
05E9
004C
00B4
0074
0305
005A
0047
0219
0264
05EA
05EB
00CA
02A7
004E
004F
0050
0051
0107
05EC
05ED
0193
00BD
0057
0456
0059
0002
0014
006D
0205
0589
05EE
00C3
02C3
030C
0062
0063
0014
05EF
05F0
02C4
04B5
01CE
00C9
0209
0275
0002
0014
0460
0116
05F1
020C
019E
0073
0295
0075
0050
0014
015C
0493
05F2
02CA
01D2
015E
02CB
05F3
007E
0014
0103
0080
05F4
05F5
00D5
0365
0085
01A8
0087
0051
01D9
00D7
01A9
0217
0032
00AD
008D
01AB
0014
0014
01DF
0358
01AD
01AE
005F
0245
0095
0096
0014
0014
0098
04B9
009A
05F6
02F9
0002
0003
0171
01E9
00E3
0007
046A
01EB
02D5
000B
035E
000D
000E
02FE
0010
0011
0020
0014
0014
0015
0014
0002
0002
0014
0014
0014
00EB
03D5
001E
0019
0014
0031
0002
0002
0014
0014
0002
0014
001F
001C
001D
001E
0014
0010
0014
0002
0002
0002
0002
0014
001B
001E
001F
0024
0014
0010
0002
0014
0014
0014
0014
0014
0012
0022
0012
0020
0014
0023
0014
0002
0014
0014
0014
0014
0023
0022
0023
0027
0014
0016
0014
0002
0014
0014
0002
0014
0022
001A
0016
0026
0025
0019
0014
0014
0002
0014
0002
0002
0018
0012
0010
0027
0014
001A
0002
0014
0002
0014
0014
0002
0027
0144
0016
0014
0014
01F3
0002
0014
0014
0014
0014
0014
0026
002A
0018
0013
0014
00A7
0014
0002
0014
0014
0014
0014
0019
002C
0010
0013
0014
002E
0014
0014
0014
0014
0014
0014
0019
00A5
0016
0019
0014
002E
0002
0014
0002
0014
0014
0014
0032
0033
0034
01BA
0014
0014
0037
0038
0147
003A
00F6
02C3
02DD
0035
0002
0014
04C5
003F
0574
0041
00FD
0043
0044
0045
0046
0014
05F7
0445
004A
004B
0103
004D
014F
012D
015B
0014
01C5
0053
0054
0055
010B
0033
0058
02E2
005A
0014
05F8
005C
04A5
02E3
010E
0060
0061
00F8
0097
0014
0088
0065
0427
0067
0068
0069
006A
006B
006C
006D
006E
02E7
0070
02E8
0159
00CE
0074
0314
015B
0014
01A0
02EB
05F9
0079
007A
007B
015F
007D
0014
0014
007F
01A5
0081
0082
0083
0084
02EF
0086
0126
0014
0088
0410
008A
01DC
0183
008C
05FA
008E
0036
0014
0127
0345
0168
02F6
01E3
0094
05FB
0280
0097
0014
012E
0099
05FC
009B
0001
0002
009D
05FD
01E9
0006
0450
0008
0252
05BB
0254
000C
05BD
0451
000F
0010
017D
0012
0013
0014
0020
0014
0002
0014
0014
0014
0014
0026
002A
001E
0014
0014
0031
0002
0002
0014
0002
0002
0002
0010
001C
0023
001E
0019
0023
0002
0002
0002
0002
0014
0014
0022
001E
001F
0024
0021
001B
0014
0014
0002
0014
0014
0014
001D
0012
0023
0020
0014
0023
0014
0014
0014
0014
0002
0014
0021
0548
001A
0024
0014
04CE
0014
0002
0014
0002
0002
0014
0022
0020
0010
0019
0014
0016
0014
0014
0014
0002
0002
0002
0018
001E
0010
0026
0014
0024
0014
0014
0002
0014
0014
0002
0014
0144
0023
0014
0014
0145
0002
0014
0014
0014
0014
0014
0026
002A
0012
0013
0014
00A7
0014
0002
0014
0014
0014
0002
0019
002C
0010
0013
0014
002E
0014
0014
0014
0014
0014
0002
0019
0259
0016
0014
0014
0031
0002
0014
0002
0014
0014
0002
011B
0033
02C1
0035
0036
0014
00F3
00AB
02A0
05FE
025D
00AD
02A2
0035
0014
0014
00F9
025F
0260
0261
03A8
0262
0044
01FA
0046
00FF
0476
0264
05FF
0600
0151
02A7
004E
01FD
0063
0051
0267
0268
02A8
026A
026B
0057
026C
0059
005A
0014
026D
026E
0601
0270
00C3
0084
05C6
00F8
0063
0014
0110
0065
0602
05C7
0274
0069
006A
0275
0204
0014
0460
006F
0276
0071
02AC
00CE
0074
0075
0050
0014
010B
0077
00CF
00D0
007A
0014
0279
007D
0014
0014
007F
027A
027B
0082
00D5
0084
0603
0086
0087
0014
0088
0604
008A
01DC
0032
008C
05CC
008E
0036
0014
01DF
0090
0168
02F6
0238
0094
0437
0280
0014
0014
0098
00DD
0390
00DF
0282
0002
021E
0004
0005
021F
009F
01B2
01EB
0605
000B
0606
0607
000E
00E9
0019
00EA
001A
0014
0014
01F2
0014
0002
0002
0014
0014
0014
0016
0017
0018
0019
0014
001A
0002
0014
0014
0014
0014
0014
001B
001F
001D
0024
0026
0010
0014
0002
0014
0002
0002
0014
001B
001E
0016
0020
0014
0010
0002
0014
0014
0014
0014
0014
0019
0335
0024
0024
0014
0556
0014
0002
0002
0014
0014
0014
001D
001D
0023
0027
0014
0016
0014
0002
0014
0014
0014
0014
0016
001A
0016
0021
0025
0018
0014
0014
0002
0014
0002
0002
0012
0012
0018
0027
0014
001A
0002
0014
0014
0014
0014
0014
0027
017E
00ED
0027
0014
0180
0002
0014
0014
0014
0014
0014
0026
0181
0023
0026
0013
0225
0014
0002
0014
0014
0014
0014
0026
0181
002D
0014
0014
00EF
0014
0014
0014
0014
0014
0014
0019
00A5
0030
0019
0014
002E
0014
0014
0014
0014
0014
0014
0032
01F4
0288
003C
0014
0014
01CC
0038
0608
0228
00F6
003C
0229
00F8
0002
0014
00AF
022A
0040
0041
0042
0043
022B
0045
014C
0047
00B5
0049
028B
0609
0103
004D
0105
004F
0050
0014
0052
022E
022F
0055
010B
008C
060A
0231
0097
0014
005B
005C
060B
060C
010E
0060
0292
0062
0097
0014
00C5
0111
0293
060D
0068
00C9
0209
006B
006C
006D
006E
0239
0070
023A
0159
0073
0119
023B
006C
0014
01A0
0297
023D
011E
01D2
007B
007C
023E
007E
0014
0103
023F
0240
0241
0083
00AD
0085
0242
0126
0051
0127
0089
044B
0478
012B
0245
008D
012D
0014
0014
0247
0248
03E6
0347
0093
00AD
0095
0096
0097
0014
024C
024D
009A
02D1
0001
0002
009D
029B
01E9
0006
047C
0008
0252
060E
013D
000C
0255
047F
000F
0010
017D
0012
0013
0014
0020
0014
0002
0014
0014
0014
0014
0026
002A
001E
0014
0014
002E
0002
0002
0014
0002
0014
0002
0024
001C
0023
0024
0019
0023
0002
0002
0014
0002
0002
0014
0022
001E
001F
0024
0021
001B
0014
0014
0014
0014
0014
0014
001D
0012
0023
0020
0014
0023
0014
0014
0014
0014
0014
0014
0021
0548
001A
0024
0014
017F
0014
0002
0014
0014
0014
0014
0010
001A
0010
0019
0014
0016
0014
0014
0014
0002
0002
0002
0018
001E
0018
0026
0014
0024
0014
0014
0002
0014
0014
0002
0014
0144
0012
0014
0014
060F
0014
0014
0014
0014
0014
0014
0026
002A
0012
0013
0014
00A7
0014
0002
0014
0014
0014
0002
0019
002C
002D
0013
0014
002E
0014
0014
0014
0014
0014
0002
0019
0259
0030
0014
0014
0031
0002
0014
0002
0014
0014
0002
01B8
0033
029F
0035
0036
0014
00AC
03B5
02A0
0458
003B
00AD
02A2
0035
0014
0014
00F9
0302
0260
0610
03A8
0487
0044
01FA
005A
0047
0100
02A4
0611
0600
01C4
02A7
004E
01FD
0063
0051
0308
0053
02A8
010A
0455
0057
048B
0059
005A
0014
0152
0612
048C
0613
04B4
0084
02AB
00F8
0063
0014
0110
02AC
0614
0615
0429
0069
006A
0275
0204
0014
0460
006F
02AF
0071
02AC
00B4
0074
0075
0050
0014
010B
0077
0078
00D0
007A
0014
015F
007D
0014
0014
02B0
02B1
027B
0082
00D5
0084
0603
0086
0087
0014
0088
0604
008A
01DC
0032
008C
05CC
008E
0036
0014
01DF
0090
0168
02F6
005F
0094
0437
00DB
0014
0014
0098
00DD
0390
0616
0282
0002
021E
0004
0005
021F
0007
0617
01EB
0618
0284
00A3
0224
000E
0287
0026
00EA
001A
0014
0014
01F2
0014
0002
0002
0014
0014
0014
0016
0017
0018
0019
0014
001A
0002
0002
0014
0014
0002
0014
001B
001F
001D
001E
0014
0010
0014
0002
0002
0002
0014
0014
001B
001E
0016
0020
0014
0010
0002
0014
0002
0014
0014
0014
0019
002F
001E
0024
0014
0556
0014
0002
0002
0014
0002
0014
001D
001D
0023
0027
0014
0016
0014
0002
0014
0002
0002
0014
0022
00EB
0016
0021
0025
0018
0014
0014
0002
0014
0002
0002
0018
0012
0010
0027
0014
001A
0002
0014
0014
0014
0014
0002
0027
01B5
00ED
0027
0014
0029
0002
0014
0014
0014
0014
0014
0026
0181
0023
0026
0013
0225
0014
0002
0014
0014
0014
0014
0026
0181
0010
0014
0014
00EF
0014
0014
0014
0014
0014
0014
0019
00A5
0023
0019
0014
002E
0014
0014
0014
0014
0014
0014
0032
01F4
0288
0573
0014
0014
046E
0038
0619
061A
01F8
003C
0229
00F8
0002
0014
00AF
022A
0040
0041
0042
0043
061B
0045
0046
0014
00B5
0049
061C
061D
004C
004D
0105
004F
0050
0014
0052
033A
022F
028E
0056
008C
0230
02E9
0097
0014
0195
005C
061E
061F
005F
0060
0620
0062
0097
0014
00C5
0111
0293
060D
0068
00C9
006A
006B
006C
006D
006E
0239
01CF
023A
00CD
0073
0295
0296
006C
0014
01A0
0297
0298
011E
01D2
007B
01A3
023E
007E
0014
00D3
0080
0299
0241
0083
00AD
0085
0242
0126
0051
0127
0089
044B
0478
012B
0245
008D
012D
0014
0014
0247
0248
03E6
0347
0132
0245
0095
0096
0097
0014
024C
024D
009A
02D1
034A
0002
021E
0004
035B
00E3
0392
00A0
01EB
02D5
0393
000C
0394
00E8
0141
0010
001D
0015
0013
0014
0015
0014
0002
0002
0014
0014
0014
0026
0395
0018
0019
0014
0143
0002
0014
0014
0014
0014
0014
001B
001D
001D
0024
0026
0010
0014
0002
0014
0002
0002
0014
001B
001E
0016
0020
0014
001B
0002
0014
0014
0014
0014
0014
0015
001D
0018
0020
0014
0023
0014
0002
0002
0014
0014
0014
0021
0396
02FF
0024
0014
0397
0014
0002
0014
0014
0002
0014
0022
001A
0010
0021
0014
0016
0014
0014
0014
0002
0002
0002
0012
0012
0010
0026
0014
001A
0002
0014
0014
0014
0014
0014
0027
02D9
017E
0027
0014
00A6
0002
0014
0014
0014
0014
0014
0026
0181
0023
0013
0014
002E
0014
0014
0014
0014
0014
0014
0019
0182
002D
0014
0014
002E
0014
0014
0014
0014
0014
0014
0019
002F
0030
0019
0014
0031
0014
0014
0014
0014
0014
0014
01B8
0033
0034
0035
0036
0014
0037
0038
0039
003A
003B
00AD
0398
0035
0002
0014
003E
0399
02DF
039A
00AC
00B4
01C1
0045
005A
0047
00F3
0056
039B
039C
01C4
004D
004E
0191
0050
0014
0052
022E
0054
0055
00B9
039D
0058
0059
005A
0014
005B
005C
039E
039F
03A0
0184
03A1
03A2
0063
0014
00AA
030E
03A3
03A4
00C8
03A5
014F
006B
0002
0014
0151
0239
0070
03A6
020D
0385
03A7
023B
0050
0014
03A8
011C
020E
03A9
03AA
006D
0210
03AB
007E
0014
0103
0080
0081
0356
00D5
0084
00D6
0086
0126
0014
0127
00D7
03AC
008B
03AD
0047
00D8
008E
0014
0014
0247
0248
0091
0092
00D9
0094
00DA
0096
0097
0014
012E
03AE
009A
02D1
037C
0002
009D
035A
037D
0006
0329
0008
0252
00E6
037E
037F
00E7
000E
032F
0026
01F1
0012
0014
0014
0225
0014
0002
0002
0014
0014
0014
0016
0017
001A
0014
0014
001A
0002
0002
0014
0002
0002
0002
001F
001C
0016
001E
0019
0023
0002
0002
0002
0002
0014
0014
0022
001A
001F
0021
0021
0010
0014
0014
0002
0014
0014
0014
001D
0022
0023
0019
0014
0020
0014
0014
0014
0014
0002
0014
001D
001C
0014
0014
0014
001E
0014
0002
0014
0002
0014
0014
0010
00EB
0016
0019
0025
0012
0014
0014
0002
0014
0002
0002
0018
001E
0018
0014
0014
0024
0014
0014
0002
0014
0014
0002
0027
0028
0016
0014
0014
00EE
0014
0014
0014
0014
0014
0014
0026
0332
0018
0026
0013
002B
0014
0002
0014
0014
0014
0002
0019
002C
0010
0013
0014
002E
0014
0014
0014
0014
0014
0002
0019
00F0
0016
0014
0014
002E
0002
0014
0002
0014
0014
0002
01DD
01F4
0380
00F2
0014
0014
0381
0382
00F4
00F5
01B8
003C
003D
0383
0014
0014
0384
003F
00FB
018E
0042
0043
0044
0385
0046
00FF
0048
0049
004A
004B
004C
01FD
0386
004F
007E
0051
0387
00BB
02C0
0193
0056
0057
0194
02E2
0204
0014
00BF
0388
010D
0206
005F
0060
0061
0014
0014
0014
0064
0065
0066
0067
0088
0069
006A
0275
006C
006D
006E
006F
0276
0389
038A
0073
0074
0075
0014
0014
010B
0077
0078
00D0
007A
007B
007C
0375
0014
0014
007F
02B1
0376
01A7
0083
0162
0124
0296
0087
0051
0088
038B
0216
038C
01B8
008C
038D
012D
0036
0014
01D9
0090
038E
038F
01E3
0047
0133
0280
0014
0014
0098
0099
0390
0391
034A
0002
021E
0004
053E
021F
00E4
0220
0221
000A
000B
0223
000D
02FD
0141
0010
001D
001A
0014
0014
0015
0014
0002
0002
0014
0014
0014
0016
017D
0018
0019
0014
001A
0002
0014
0014
0014
0014
0002
001B
001D
001D
0024
0019
0010
0014
0002
0014
0002
0002
0014
001B
001E
0023
0020
0014
0010
0002
0014
0014
0014
0014
0014
0024
001D
00EB
0020
0014
0023
0014
0002
0002
0014
0014
0014
001D
001C
0023
0024
0014
0016
0014
0002
0014
0014
0002
0014
0022
001A
0010
0021
0014
0018
0014
0014
0014
0014
0014
0002
0018
0012
0010
0027
0014
001A
0002
0014
0014
0014
0014
0014
0027
017E
017E
0027
0014
0180
0002
0014
0014
0014
0014
0014
0026
0181
0023
0013
0014
0031
0014
0014
0014
0014
0014
0014
0019
0182
002D
0014
0014
002E
0014
0014
0014
0014
0014
0014
0019
002F
0030
0019
0014
002E
0014
0014
0014
0014
0014
0014
0238
0033
01B9
0203
0014
0014
0186
0038
0147
003A
003B
003C
0119
0035
0002
0014
00AF
0399
0621
0622
0540
0043
04EE
0045
014C
0047
00F3
0056
0623
0624
005B
02BF
014F
0191
0050
0014
0052
022E
0625
0626
0267
008C
0058
018A
005A
0014
005B
005C
0350
0351
01CA
0060
04F5
0062
0063
0014
0235
0111
0627
04F7
01CE
0059
006A
0114
006C
0014
0238
0239
0070
023A
019E
0073
0295
023B
006C
0014
03A8
023C
020E
011E
01D2
007B
01A3
01D3
007E
0014
0103
0080
0081
0356
0464
0084
01D7
0086
0126
0014
0522
01DA
04DE
01DC
01DD
0047
0591
008E
0014
0014
012E
0248
0592
0359
0093
0094
0500
0096
0097
0014
024C
024D
0501
0324
0628
0002
009D
035A
037D
0006
0329
0251
0009
0629
062A
013E
062B
0503
032F
0026
01F1
0012
0013
0014
0031
0014
0002
0014
0014
0014
0014
0026
0361
0020
0014
0014
0031
0014
0002
0014
0002
0002
0014
0020
0257
0023
001E
0014
02FF
0002
0002
0002
0002
0014
0014
0022
0020
001F
0024
0021
001B
0014
0014
0002
0014
0014
0014
001D
0022
0023
0021
0014
001E
0014
0002
0014
0014
0002
0014
0026
0332
0020
0019
0014
002B
0014
0002
0014
0002
0014
0014
0010
0020
0016
0019
0025
0016
0014
0014
0002
0002
0002
0002
0018
001E
0018
0026
0014
0024
0014
0014
0002
0014
0014
0002
0014
0144
0016
0014
0014
0145
0002
0014
0014
0014
0014
0014
0026
0332
0012
0026
0013
0333
0014
0002
0014
0014
0014
0002
0019
0334
0010
0013
0014
002E
0014
0014
0014
0014
0014
0002
0026
00F0
0016
0014
0014
0031
0002
0014
0002
0014
0014
0002
01C4
01F4
0441
0035
0036
0014
00F3
00AB
062C
062D
01B8
00AD
025E
02DA
0014
0014
00F9
003F
062E
014B
00B3
0262
0263
0532
0046
0014
0048
0049
062F
0630
004C
004D
004E
004F
0063
0051
0267
00BB
0631
0201
00BD
0057
00BE
0059
0204
0014
026D
026E
0632
0206
0032
0084
0633
02DA
0126
0014
0064
0065
0634
0635
0068
0069
006A
006B
0204
006D
02E6
006F
05A0
0071
0159
00CE
0074
0075
0050
0014
010B
0077
0078
00D0
007A
0014
015F
0375
0014
0014
007F
02B1
0376
0343
0083
0162
027C
0296
0087
0051
0088
0089
0216
0217
01B8
008C
0636
0305
0036
0014
008F
0090
037A
01AE
0238
0047
0637
0280
0014
0014
0098
00DD
0281
00DF
0282
0002
0408
0004
0005
021F
0007
0638
03EA
000A
000B
0223
000D
000E
0141
0010
001D
0015
0014
0014
0015
0014
0002
0002
0014
0014
0014
0016
017D
0012
0019
0014
001A
0002
0014
0014
0014
0002
0014
001B
001D
001D
001E
0014
0010
0014
0014
0014
0002
0002
0014
001B
001E
0023
0020
0014
0010
0002
0014
0014
0014
0014
0014
0024
0022
001A
0020
0014
0023
0014
0002
0014
0014
0014
0014
001D
0016
0023
0027
0014
0016
0014
0002
0014
0014
0002
0014
0022
00EB
0010
0021
0014
0018
0014
0014
0014
0014
0014
0002
0018
0012
0010
0027
0014
001A
0002
0014
0014
0014
0014
0002
0027
017E
04E9
0014
0014
0180
0002
0014
0014
0014
0014
0014
0026
01B6
04E9
0026
0013
0031
0014
0014
0014
0014
0014
0014
0019
0182
0010
0014
0014
002E
0014
0014
0014
0014
0014
0014
0019
002C
0023
0019
0014
002E
0014
0014
0014
0014
0014
0014
01B8
0033
01B9
01BA
0014
0014
0186
0038
0147
003A
00F6
003C
0119
0035
0002
0014
041D
0513
0621
0622
0042
0043
04EE
0045
0046
0014
02B0
028A
0565
0639
034F
02BF
014F
0191
0050
0014
04F2
0108
0625
0626
010B
008C
0058
018A
005A
0014
005B
005C
051A
063A
010E
0060
04F5
0062
0097
0014
0247
0540
063B
063C
01CE
0311
006A
0114
006C
0014
0238
0239
01CF
023A
019E
0073
0295
0296
015B
0014
01A0
023C
051F
011E
01D2
007B
01A3
04FB
0014
0014
00D3
0520
0081
0356
0083
0084
01D7
04FD
0126
0051
0522
0410
04DE
01DC
012B
0047
0591
008E
0014
0014
012E
0523
0592
05B8
0132
0094
0500
0096
0097
0014
0526
0135
063D
0137
0001
0002
009D
029B
01E9
0006
056C
0008
0009
052A
0254
013E
0504
0360
032F
0026
01F1
0012
0013
0014
0225
0014
0002
0014
0014
0014
0014
0026
052D
0018
0014
0014
0031
0002
0002
0014
0002
0014
0002
00EB
029E
0010
0024
0019
063E
0002
0002
0002
0002
0014
0014
0022
0020
001F
0024
0021
001B
0014
0014
0002
0014
0014
0014
001D
001F
0023
0024
0014
001E
0014
0002
0002
0014
0002
0014
0026
063F
001A
0024
0014
017F
0014
0002
0014
0002
0014
0014
0023
001A
0016
0019
0025
0016
0014
0014
0002
0002
0002
0002
0018
001E
0018
0026
0014
0024
0014
0014
0002
0014
0014
0002
0014
0144
0016
0027
0014
0145
0002
0014
0014
0014
0014
0014
0026
0332
0012
0013
0014
00A7
0014
0002
0014
0014
0014
0002
0019
0334
002D
0013
0014
002E
0014
0014
0014
0014
0014
0002
0026
002F
0030
0014
0014
0031
0002
0014
0002
0014
0014
0002
0364
01F4
04C1
0035
0036
0014
02B0
00AB
062C
062D
00AC
00AD
025E
0057
0014
0014
003E
052F
0640
0641
00AC
0262
02A3
0532
005A
0047
0048
0264
0642
0600
00CA
004D
004E
004F
0063
0051
0107
0268
0535
0201
026B
0057
00BE
0059
0002
0014
026D
0205
0632
0643
00C3
0084
02AB
0262
0063
0014
0064
0065
02AD
0644
0068
0069
006A
006B
0204
006D
00CA
006F
020B
0071
0159
00CE
0074
0075
0050
0014
010B
0077
0078
00D0
007A
0014
015F
0375
007E
0014
02B0
027A
0376
0343
00D5
0162
027C
01A8
0087
0014
0088
0645
0216
0217
0032
008C
027E
0307
0036
0014
008F
0090
01AD
01AE
005F
0047
027F
00DB
0014
0014
0098
00DD
0281
00DF
037C
0002
0003
0004
0646
0006
00E4
013B
0009
0647
000B
00A3
0648
02FD
032F
0026
00EA
0015
0013
0014
01F2
0014
0002
0002
0014
0014
0014
0016
0017
0018
0019
0014
001A
0002
0014
0014
0014
0014
0002
001B
001B
001D
0024
0019
0023
0002
0002
0002
0002
0002
0014
001B
001E
001F
0020
0014
0010
0002
0014
0014
0014
0014
0014
001D
001F
0012
0024
0014
0012
0014
0002
0002
0014
0014
0014
0023
001C
0023
0027
0014
0016
0014
0002
0014
0014
0002
0014
0022
00EB
0016
0026
0025
0019
0014
0014
0002
0014
0002
0002
0012
0012
0010
0014
0014
001A
0014
0014
0002
0014
0014
0002
0027
0028
0016
0027
0014
0029
0002
0014
0014
0014
0014
0014
0026
002A
0023
0013
0014
002B
0014
0002
0014
0014
0014
0002
0019
002C
002D
0014
0014
002E
0014
0014
0014
0014
0014
0002
0019
00A5
0030
0014
0014
002E
0002
0014
0002
0014
0014
0002
0032
01F4
01F5
04C7
0036
0014
00AA
0038
0598
0228
00F6
003C
003D
00F8
0002
0014
018B
01BE
0040
0041
00F9
0043
0044
0045
014C
0047
00B5
0056
004A
004B
005B
004D
0105
004F
0050
0014
0052
0053
040C
0055
010B
0057
0058
02E2
0204
0014
005B
005C
010D
02E3
00D9
0060
0061
0062
0097
0014
0374
0111
0066
0067
0068
0069
006A
006B
006C
006D
006E
00CB
0649
064A
00CD
0073
0074
0075
0014
0014
0076
0077
00CF
00D0
064B
006D
0463
0375
007E
0014
007F
064C
0299
01A7
00D5
0162
0085
0296
0087
0014
008F
00D7
0477
0478
01B8
008C
008D
012D
0014
0014
008F
0320
03E6
0347
0093
0047
0095
0096
0014
0014
00DC
01E5
009A
02D1
034A
0002
00E1
064D
0005
0577
009F
02FB
064E
02D5
062A
000C
013F
064F
02FE
0010
001D
0012
0014
0014
0020
0014
0002
0014
0014
0014
0014
0026
03EC
0015
0014
0014
0143
0002
0002
0014
0002
0002
0014
001F
001C
0016
001E
0014
0010
0014
0002
0014
0002
0014
0014
001D
001E
0015
0024
0021
001B
0002
0014
0002
0014
0014
0014
0018
0022
0023
0020
0014
0023
0014
0014
0014
0014
0002
0014
001D
001B
0018
0024
0014
0018
0014
0002
0014
0002
0014
0014
0016
001A
0010
0021
0014
0016
0014
0014
0014
0002
0002
0002
0018
0015
0018
0026
0014
00EB
0002
0014
0014
0014
0014
0002
0027
0650
00EC
0014
0014
0225
0014
0014
0014
0014
0014
0014
0026
01B6
0556
0026
0013
002E
0014
0014
0014
0014
0014
0014
0026
0182
0010
0013
0014
002E
0014
0014
0014
0014
0014
0014
0019
0259
0016
0019
0014
0031
0014
0014
0014
0014
0014
0014
00A9
0033
0304
0035
0014
0014
0146
0651
0652
0653
02B9
00AD
0654
0035
0014
0014
003E
01FB
0655
0656
004C
0057
0304
02BC
0046
0014
0100
0049
0582
04D7
004C
0191
004E
0059
015B
0051
0387
0192
02A8
026A
00BD
010C
02C1
0059
005A
0014
00BF
026E
0589
0206
00C3
008C
0119
00F8
0063
0014
030D
02AC
0657
0658
046E
0659
006A
065A
0002
0014
03E5
02C6
065B
065C
02AC
00CE
0119
03DF
0050
0014
065D
011C
065E
03A9
007A
007B
065F
03AB
0014
0014
0103
0212
01D5
0356
0083
0084
05CA
04FD
0126
0051
0121
0410
04DE
01DC
03AD
0047
0660
008E
0036
0014
0406
0345
0661
02F6
042B
0094
0662
016B
0097
0014
0134
037B
0663
044F
037C
0002
0664
05FD
0005
021F
0007
013B
01EB
00E6
0284
0665
0572
000E
017C
0026
00EA
0012
0013
0014
01F2
0014
0002
0002
0014
0014
0014
0016
0017
001A
0019
0014
001A
0002
0002
0014
0014
0002
0002
001B
001C
001D
001E
0019
0023
0002
0002
0014
0002
0014
0014
001B
0020
001F
0020
0014
001B
0002
0014
0002
0014
0014
0014
0023
001F
0023
0024
0014
0012
0014
0002
0014
0014
0002
0014
0023
001C
0023
0019
0014
0016
0014
0002
0014
0002
0002
0014
0022
00EB
0016
0019
0025
0018
0014
0014
0002
0002
0002
0002
0018
0012
0010
0027
0014
001A
0014
0014
0014
0014
0014
0002
0027
0028
0016
0014
0014
0029
0002
0014
0014
0014
0014
0014
0026
002A
0018
0026
0013
002B
0014
0002
0014
0014
0014
0002
0019
0334
002D
0014
0014
002E
0014
0014
0014
0014
0014
0002
0019
00A5
0030
0014
0014
0031
0002
0014
0002
0014
0014
0002
0032
01F4
0441
0573
0036
0014
046E
0038
0337
0666
042E
003C
003D
059A
0036
0014
00AF
01BE
0040
0041
0042
0043
0074
0045
0046
0047
0100
0056
0667
0668
00B9
004D
005A
004F
0050
0014
00BA
03BC
040C
0669
0056
010C
0058
0062
0204
0014
00BF
005C
010D
005E
005F
0060
010F
0060
0097
0014
0110
0065
0427
0113
0068
0069
0209
006B
006C
006D
0238
066A
066B
066C
00CD
0073
066D
011A
006C
0014
0103
066E
066F
015D
007A
007B
02CB
0375
0014
0014
007F
0212
01A6
0670
00D5
0084
0085
0296
0126
0051
0476
00D7
0477
0478
01B8
008C
008D
012D
0014
0014
0127
0090
021A
0347
0093
0047
0095
00DB
0014
0014
0381
0099
021C
009B
0325
0002
00E1
0004
0671
0006
047C
0672
0673
02D5
0393
000C
0394
00E8
02FE
0010
001F
0015
0014
0014
0020
0014
0002
0002
0014
0014
0014
0026
03EC
0018
0027
0014
0143
0002
0002
0014
0002
0014
0014
0022
001B
0016
0024
0014
0010
0014
0002
0002
0002
0002
0014
001D
001E
0023
0024
0021
0023
0002
0014
0014
0014
0014
0014
001D
0022
0018
0020
0014
0023
0014
0002
0002
0014
0014
0014
001D
001B
0018
0024
0014
0018
0014
0002
0014
0014
0014
0014
0016
001A
0010
0021
0014
0016
0014
0014
0014
0014
0002
0002
0018
0015
0018
0026
0014
00EB
0002
0014
0002
0014
0014
0014
0027
03ED
00EC
0027
0014
0225
0014
0014
0014
0014
0014
0014
0027
0181
0023
0013
0014
0674
0014
0014
0014
0014
0014
0014
0026
0182
0023
0013
0014
0674
0014
0014
0014
0014
0014
0014
0026
0259
0023
0019
0014
002E
0014
0014
0014
0014
0014
0002
0238
0033
0675
0035
0014
0014
0146
05A5
0676
0653
003B
00FF
0677
0035
0002
0014
00F9
00FA
0678
0679
03B8
0057
0044
02BC
005A
0014
00B5
0049
0446
0447
034F
0191
004E
0059
015B
0051
01FE
067A
02A8
010A
03FC
0057
02C1
0059
005A
0014
005B
067B
0589
067C
004C
008C
0061
0062
0063
0014
0374
0111
02C4
0449
0429
067D
006A
0242
0002
0014
02E6
067E
067F
0680
02AC
00CE
0074
0075
0050
0014
015C
0342
0078
03A9
011F
006D
065F
03AB
007E
0014
0103
027A
027B
0082
0083
04CA
0681
0086
0087
0014
0121
0128
0682
0683
03AD
0245
0684
008E
0036
0014
01D9
012F
01E1
0685
02CE
0094
0686
0096
0097
0014
034F
049C
0687
0688
0689
0002
00E1
0004
000F
0417
0392
013B
068A
000A
0393
0179
047E
00E8
02FE
0010
0011
0015
0013
0014
001A
0014
0002
0002
0014
0014
0014
0016
0017
0018
0027
0014
001A
0002
0014
0014
0014
0014
0002
001F
001B
001D
0024
0019
0010
0014
0002
0002
0002
0002
0014
0022
001E
001F
0024
0014
0010
0002
0014
0014
0014
0014
0014
001D
001F
0012
0020
0014
0023
0014
0002
0002
0014
0014
0014
0023
001C
0023
0027
0014
001E
0014
0002
0014
0014
0002
0014
0022
0024
0016
0019
0025
0016
0014
0014
0002
0002
0002
0002
0018
001A
0010
0027
0014
0024
0014
0014
0014
0014
0014
0014
0027
01B5
068B
0027
0014
0029
0002
0014
0014
0014
0014
0014
0026
002C
0012
0026
0013
0031
0014
0002
0014
0014
0014
0014
0026
002C
0010
0014
0014
002E
0014
0014
0014
0014
0014
0014
0026
00A5
0023
0014
0014
0031
0014
0014
0014
0014
0014
0014
0032
0033
0194
00F2
0036
0014
0186
0038
068C
054A
003B
003C
0044
0035
0002
0014
018B
068D
068E
068F
004C
00B4
0074
02BC
014C
00FF
0100
0056
0690
0691
005B
0307
014F
0106
0063
0014
0052
03DB
0692
0693
00A9
04C7
02C1
0062
005A
0014
0152
005C
0694
005E
01A0
02C3
01CB
0062
00C4
0014
0110
0111
03BF
03C0
02C5
0069
0105
0312
0204
006D
0115
0695
0696
0697
019E
0073
0698
019F
015B
0014
042E
058E
0699
069A
01D2
006D
02CB
02ED
007E
0014
00D3
05B6
069B
069C
00D5
0084
0085
0086
0126
0051
0088
00D7
03AC
008B
0151
0047
008D
008E
0014
0014
01AC
069D
0091
0092
03E5
0094
0095
0060
0014
0014
0134
069E
009A
02D1
0001
0002
009D
029B
035B
0006
0469
02FB
0673
069F
0284
035E
017A
000E
032F
0026
002C
0012
0014
0014
01F2
0014
0002
0002
0014
0014
0014
00EB
02D8
0012
0019
0014
0143
0002
0002
0014
0002
0002
0014
001B
001C
0016
001E
0026
0023
0002
0002
0014
0002
0014
0014
001B
001E
0010
0020
0021
001B
0002
0014
0002
0014
0014
0014
0018
0022
0023
0024
0014
0012
0014
0002
0014
0014
0002
0014
001D
001B
0018
0024
0014
0016
0014
0002
0014
0002
0014
0014
0012
001A
0010
0021
0014
0018
0014
0014
0002
0014
0002
0002
0014
03ED
0396
0026
0014
0031
0002
0014
0002
0014
0014
0002
0027
002F
0018
0014
0014
002B
0002
0014
0014
0014
0014
0014
0026
0332
0023
0013
0014
00A7
0014
0014
0014
0014
0014
0002
0019
06A0
002D
0013
0014
002E
0014
0014
0014
0014
0014
0002
0019
06A1
0030
0019
0014
002E
0002
0014
0002
0014
0014
0002
01B8
01F4
04C1
0035
0014
0014
00F3
03B5
0039
04C3
01B8
02C3
03D9
018A
0036
0014
003E
003F
02DF
0041
0540
0043
0044
0045
0046
0047
00B5
0049
004A
004B
004C
004D
004E
004F
0050
0051
0387
03BC
06A2
0201
0056
0057
0058
0059
0002
0014
0195
0196
005D
067C
005F
0060
0061
0096
0063
0014
00C5
02AC
0066
0067
02E5
0059
006A
006B
006C
0014
02E6
006F
0070
0071
0159
0014
06A3
06A4
0050
0014
0076
0077
0078
0079
007A
007B
06A5
0375
0014
0014
02B0
064C
01A6
01A7
0083
0162
06A6
01A8
0087
0014
008F
038B
0216
0244
0032
008C
06A7
01AB
0036
0014
008F
0090
06A8
06A9
0093
0047
06AA
0096
0097
0014
00DC
0099
06AB
01B0
0001
0002
009D
0139
0005
0006
0007
0251
0009
00A1
06AC
00A3
06AD
000E
000F
0010
0011
0012
0013
0014
001E
0014
0002
0002
0014
0014
0014
0026
052D
0015
0027
0014
0031
0014
0002
0014
0002
0002
0014
001B
001C
0023
001E
0026
0023
0002
0002
0002
0002
0002
0014
0022
001E
001F
0020
0021
001B
0014
0014
0002
0014
0014
0014
001D
001D
0023
0020
0014
0023
0014
0002
0014
0014
0002
0014
0021
0395
0015
0024
0014
0397
0014
0002
0014
0002
0002
0014
0022
0020
0016
0026
0025
0021
0014
0014
0002
0014
0002
0002
0014
0145
02D9
0026
0014
06AE
0002
0014
0002
0014
0014
0002
0014
0144
0016
0014
0014
060F
0014
0014
0014
0014
0014
0014
0026
002A
0018
0026
0013
00A7
0014
0002
0014
0014
0014
0002
0019
002C
002D
0014
0014
002E
0014
0014
0014
0014
0014
0002
0019
002F
0030
0019
0014
002E
0002
0014
0002
0014
0014
0002
0032
0033
0034
0035
0036
0014
0381
03B5
062C
02DC
0148
00AD
02A2
0035
0097
0014
00AF
01BE
014A
039A
00B3
00B4
0044
00FE
0046
0047
0048
0264
06AF
06B0
03AD
004D
004E
004F
0050
0051
0267
0053
0054
0055
02A4
0057
0058
0059
005A
0014
0152
0196
039E
0643
0032
0084
06B1
0060
0063
0014
0064
0065
0155
06B2
0068
0069
006A
006B
006C
006D
006E
006F
0157
0071
00CD
0014
06B3
06B4
0050
0014
0076
0077
00CF
0079
00D1
0014
0210
007D
0014
0014
007F
064C
027B
0082
00D5
0162
027C
0086
0087
0051
008F
00D7
008A
008B
0032
008C
0479
008E
0014
0014
008F
0090
0091
0092
005F
0094
047A
00DB
0097
0014
0098
00DD
009A
0349
06B5
0002
00E1
0171
0671
00E3
0174
0220
02FC
0647
06B6
000C
00E7
06B7
0287
0019
002C
001A
0014
0014
01F2
0014
0014
0002
0014
0014
0014
0016
017D
0018
0019
0014
001A
0002
0014
0014
0014
0014
0002
001F
001D
001D
0019
0019
0010
0014
0002
0014
0002
0014
0014
001B
001E
0016
0024
0014
0010
0002
0014
0014
0014
0014
0014
0018
0022
0012
0024
0014
0012
0014
0002
0002
0014
0014
0014
001D
001C
0023
0027
0014
001A
0014
0002
0014
0014
0014
0014
0016
001A
0010
0021
0014
0016
0014
0014
0002
0002
0014
0002
0018
0012
0018
0027
0014
001A
0014
0014
0014
0014
0014
0014
0027
01B5
00EC
0027
0014
0029
0002
0014
0014
0014
0014
0014
0026
0181
0023
0013
0014
0031
0014
0014
0014
0014
0014
0014
0026
0182
0023
0013
0014
002E
0014
0014
0014
0014
0014
0014
0019
002C
0023
0014
0014
0031
0014
0014
0014
0014
0014
0014
0183
01F4
02B8
00F2
0014
0014
0037
04C2
06B8
01F7
02B9
003C
06B9
018A
0002
0014
04C5
040A
018D
06BA
00FD
0043
0480
0045
006C
00FF
00F3
0049
06BB
06BC
0103
02BF
014C
0191
015B
0014
0052
06BD
06BE
06BF
010B
003C
0194
02E9
0087
0014
0195
005C
06C0
0154
010E
0060
025A
0062
0036
0014
06C1
038A
06C2
06C3
06C4
0311
0209
06C5
0002
0014
0460
0695
06C6
06C7
06C8
0073
0119
06C9
015B
0014
042E
06CA
0354
06CB
06CC
007B
007C
06CD
007E
0014
0195
05B6
06CE
06CF
00B9
0084
01D7
06D0
0126
0014
01A0
0410
06D1
06D2
042B
0047
0591
01AB
0036
0014
0400
012F
06D3
06D4
01FE
00AD
06D5
0096
0014
0014
06D6
0135
06D7
0137
037C
0002
0003
0004
0005
0006
0392
0251
0009
000A
013D
00A3
047E
02FD
02FE
0010
0011
0012
0013
0014
001E
0014
0002
0002
0014
0014
0014
0016
0017
0015
0027
0014
001A
0014
0002
0014
0002
0002
0014
001B
001C
0023
001E
0026
0023
0014
0002
0002
0002
0002
0014
0022
001E
001F
0020
0014
0010
0014
0014
0002
0014
0014
0014
001D
001D
0023
0020
0014
0023
0014
0002
0014
0014
0002
0014
0023
001B
0015
0027
0014
0016
0014
0002
0014
0002
0002
0014
0022
0020
0016
0026
0025
0012
0014
0014
0002
0014
0002
0002
0018
0020
0010
0014
0014
0024
0014
0014
0014
0014
0014
0002
0027
0028
0016
0014
0014
00EE
0014
0014
0014
0014
0014
0014
0026
002A
0018
0026
0013
002B
0014
0002
0014
0014
0014
0014
0019
002C
002D
0014
0014
002E
0014
0014
0014
0014
0014
0014
0019
002F
0030
0014
0014
002E
0002
0014
0002
0014
0014
0014
0032
0033
0034
0035
0036
0014
00AA
03B5
062C
02DC
0148
003C
06D8
0035
0002
0014
00AF
01BE
0040
039A
00B3
00B4
0074
00FE
0046
0047
0048
0264
04AE
04AF
03AD
004D
004E
012D
0050
0014
00BA
0053
0054
0055
02A4
0057
0058
0059
005A
0014
0152
0196
039E
0643
0032
02C3
01CB
0062
0097
0014
0064
0065
02C4
048F
0068
0069
006A
006B
006C
006D
006E
006F
033F
0071
06D9
0073
0480
0075
0014
0014
0076
0077
06DA
015D
06DB
006D
06DC
007D
0014
0014
007F
027A
0160
0161
00D5
0162
0085
0086
0087
0051
0088
00D7
008A
008B
0590
008C
008D
008E
0014
0014
008F
03CB
0091
0092
00D9
0094
0095
0060
0014
0014
0098
037B
009A
009B
06DD
0002
03D0
06DE
0671
00E3
009F
02D3
02D4
06DF
037E
000C
06E0
0503
032F
0019
0334
001A
0014
0014
01F2
0014
0002
0002
0014
0014
0014
00EB
02D8
0018
0019
0014
0143
0002
0002
0014
0014
0014
0002
001F
001D
001D
0024
0019
0010
0002
0014
0014
0002
0014
0014
001B
001E
0016
00EB
0021
001B
0002
0014
0014
0014
0014
0014
0018
0022
0012
0024
0014
0012
0014
0002
0002
0014
0014
0014
001D
001C
0023
0024
0014
0018
0014
0002
0014
0014
0014
0014
0012
001A
0023
0021
0014
0016
0014
0014
0002
0002
0014
0002
0015
0012
0012
0026
0014
001A
0002
0014
0002
0014
0014
0014
0027
02D9
017F
0027
0014
00A6
0002
0014
0014
0014
0014
0014
0026
0181
0023
0013
0014
002E
0014
0014
0014
0014
0014
0002
0026
0182
0023
0013
0014
002E
0014
0014
0014
0014
0014
0002
0019
0334
0023
0019
0014
0031
0014
0014
0014
0014
0014
0002
0183
01F4
06E1
028F
0014
0014
0146
04C2
06E2
06E3
02B9
02C3
03D9
018A
0036
0014
04C5
06E4
03F4
018E
00FD
0043
0044
0045
005A
00FF
00F3
0049
004A
004B
0103
02BF
014C
004F
015B
0051
01FE
06BD
06BE
06BF
010B
010C
0194
02E2
0204
0014
0195
005C
04A5
02E3
00D9
0060
0061
0096
0063
0014
06C1
038A
0112
0067
046E
0190
006A
06C5
0002
0014
03E5
0239
06C6
023A
06E5
02E9
0074
06E6
0050
0014
065D
011C
06E7
06E8
06CC
007B
065F
05F3
007E
0014
034F
06E9
06EA
06EB
00B3
0084
06EC
02CD
0126
0014
00DC
0410
06ED
06EE
0238
0047
05CC
01AB
0036
0014
031F
0435
06EF
06F0
0132
00AD
06F1
0096
0097
0014
012E
0135
06D7
0688
037C
0002
0003
05FD
034B
06F2
0007
013B
068A
000A
0284
0223
000D
000E
01B4
0010
017D
0012
0013
0014
001E
0014
0014
0002
0014
0014
0014
0016
001B
001E
0025
0014
001A
0002
0002
0014
0002
0002
0002
001F
001B
0023
001E
0019
0023
0014
0002
0014
0002
0014
0014
0022
001E
0016
0021
0014
001B
0014
0014
0014
0014
0014
0014
001D
0016
0023
0020
0014
0023
0014
0014
0014
0014
0014
0014
0023
001C
0015
0019
0014
0016
0014
0002
0014
0014
0002
0014
0022
0024
0010
0019
0014
0012
0014
0014
0014
0002
0014
0002
0018
001E
0010
0027
0014
00EB
0014
0014
0014
0014
0014
0002
0013
0028
0023
0014
0014
00EE
0014
0014
0014
0014
0014
0014
0026
002A
0018
0026
0013
002B
0014
0002
0014
0014
0014
0002
0019
002C
0010
0014
0014
002E
0014
0014
0014
0014
0014
0002
0019
002F
0016
0014
0014
0031
0014
0014
0014
0014
0014
0002
01B8
0033
01B9
00F2
0036
0014
0186
03B5
01BB
041C
00A9
003C
003D
0035
0036
0014
018B
01BE
04AC
06F3
0042
0043
0074
00FE
0046
00FF
0100
02A4
0667
0668
00A9
0104
014F
01FD
007E
0014
04F2
03BC
01C6
03FB
0107
010C
0058
0062
005A
0014
00BF
0519
010D
03BE
01CA
0060
030C
00F8
0097
0014
0429
0111
0427
06F4
0274
0069
0209
0114
006C
0014
0115
06F5
066B
06F6
06F7
0073
06F8
019F
006C
0014
02EA
06F9
06FA
06FB
01D2
015E
02CB
007D
0014
0014
00D3
023F
06FC
06FD
00D5
0162
0085
0086
0126
0051
0121
00D7
008A
008B
01DD
008C
008D
008E
0014
0014
0406
0320
0091
0092
0132
0094
0095
00DB
0014
0014
0134
01E5
021C
02D1
0325
0002
021E
0004
035B
0006
047C
02FB
0673
04BD
0393
03EB
06FE
00E8
032F
0019
01F1
0015
0014
0014
00A6
0014
0002
0002
0014
0014
0014
0026
0142
0018
0019
0014
0143
0002
0002
0014
0014
0014
0014
001B
001C
001D
0024
0026
0010
0002
0002
0002
0002
0002
0014
001B
001E
001F
0020
0021
0010
0002
0014
0002
0014
0014
0014
0018
0022
0018
0024
0014
0012
0014
0002
0002
0014
0002
0014
001D
001D
0023
0024
0014
0018
0014
0002
0014
0002
0014
0014
0010
001A
0016
0021
0025
0016
0014
0014
0002
0014
0002
0002
0018
0012
0018
0026
0014
001A
0002
0014
0002
0014
0014
0014
0027
02D9
00ED
0027
0014
00A6
0002
0014
0014
0014
0014
0014
0026
0181
0023
0013
0014
002E
0014
0002
0014
0014
0014
0014
0026
0181
002D
0013
0014
002E
0014
0014
0014
0014
0014
0014
0019
002C
0030
0019
0014
002E
0002
0014
0002
0014
0014
0002
0032
0184
01F5
0035
0014
0014
0146
0038
0039
04C3
003B
00AD
0677
00F8
0002
0014
003E
01FB
02DF
014B
025D
00B4
0044
0045
005A
0047
00B5
0049
00B7
0447
004C
004D
004E
004F
0050
0051
0107
040B
022F
0055
00BD
0057
00BE
0059
0097
0014
005B
005C
00C1
039F
00C3
008C
0061
0062
0063
0014
00C5
0065
02C4
0449
0068
00C9
006A
006B
0002
006D
02E6
04F8
020B
03A6
0159
00CE
0074
0075
0050
0014
0076
06FF
0078
0700
007A
007B
065F
0701
007E
0014
02B0
0702
01A6
0703
0083
0084
0704
02CD
0087
0014
008F
0410
0705
0706
006E
0047
04DF
01AB
0036
0014
008F
03CB
0707
038F
005F
00AD
05FB
0096
0097
0014
00DC
037B
016D
01B0
0001
0002
0003
0139
0708
0006
0007
0251
0009
02D5
032C
03B3
0394
000E
000F
0010
017D
0012
0014
0014
001E
0014
0002
0002
0014
0014
0014
0026
0395
0012
0027
0014
0143
0014
0002
0014
0002
0002
0014
0022
001C
0016
001E
0026
0018
0002
0002
0002
0002
0014
0014
0022
001E
001F
0024
0021
0023
0002
0014
0002
0014
0014
0014
001D
001D
0023
0020
0014
0023
0014
0002
0014
0014
0002
0014
0026
0395
0012
0024
0014
0397
0014
0002
0014
0002
0002
0014
0022
0020
0010
0021
0014
0012
0014
0014
0014
0014
0002
0002
0018
0015
0010
0026
0014
00EB
0002
0014
0002
0014
0014
0002
0013
0709
04CF
0014
0014
060F
0014
0014
0014
0014
0014
0014
0027
002C
0023
0025
0014
002E
0014
0002
0014
0014
0014
0014
0026
002C
002D
0014
0014
00EF
0014
0014
0014
0014
0014
0014
0026
0259
0030
0019
0014
002E
0014
0014
0014
0014
0014
0014
0238
0033
01B9
0035
0014
0014
0381
03B5
04D0
041C
00AC
00AD
0677
0035
0097
0014
04AB
01BE
070A
070B
00AC
00B4
0044
00FE
0046
0047
0100
0264
0446
0447
00B9
0104
004E
0106
0063
0051
0267
03BC
04B1
026A
02A4
0057
0058
0059
005A
0014
03BD
003E
039E
05EE
00C3
0084
06B1
0062
0063
0014
0110
0065
02C4
0208
01CE
0069
006A
0114
006C
0014
0238
006F
01CF
0071
070C
00CE
0074
0075
0050
0014
0076
0077
00CF
0079
070D
015E
0210
070E
0014
0014
007F
0080
027B
0082
00D5
04CA
0214
0086
0087
0014
0088
00D7
03AC
008B
0032
0245
0218
008E
0014
0014
01D9
03CB
0091
0092
00D9
0094
021B
0096
0097
0014
0098
037B
009A
009B
06B5
0002
021E
0171
000F
00E3
070F
013B
01EB
0647
000B
000C
0648
0710
0711
0026
00EA
001A
0013
0014
01F2
0014
0002
0002
0014
0014
0014
0016
0017
0018
0019
0014
001A
0002
0014
0014
0014
0014
0002
001B
0022
001D
0019
0019
0010
0014
0002
0014
0002
0002
0014
001B
001A
0016
0020
0014
001B
0002
0014
0014
0014
0014
0014
0023
0022
0012
0024
0014
0012
0014
0002
0002
0014
0014
0014
001D
001C
0023
0019
0014
001A
0014
0002
0014
0014
0014
0014
0023
001A
0016
0019
0025
0016
0014
0014
0002
0002
0002
0002
0018
0012
0018
0027
0014
001A
0014
0014
0014
0014
0014
0014
0027
0028
0016
0027
0014
0029
0002
0014
0014
0014
0014
0014
0026
002A
0012
0026
0013
002B
0014
0002
0014
0014
0014
0002
0019
0181
0010
0013
0014
002E
0014
0014
0014
0014
0014
0002
0019
00A5
0023
0014
0014
0031
0002
0014
0002
0014
0014
0002
0032
01F4
0441
028F
0036
0014
0037
0038
0598
0228
00F6
003C
003D
03B9
0002
0014
04C5
06E4
0040
0041
0042
0043
0074
0045
006C
00FF
00B5
0049
0667
0668
0103
004D
014C
004F
0050
0014
0052
0712
040C
0055
010B
0203
0194
0060
0204
0014
0152
005C
010D
0713
010E
0060
010F
00F8
0126
0014
0088
0111
0427
0113
0068
00C9
0209
006B
0204
006D
02E6
0695
020B
06C7
0072
0073
0119
019F
015B
0014
065D
0714
011D
0715
0716
007B
007C
0190
007E
0014
034F
0717
0718
0719
00B9
0084
01D7
071A
0126
0051
0476
0410
071B
06EE
012B
008C
0246
015A
0036
0014
0127
0435
071C
071D
01FE
0047
024B
016B
0014
0014
012E
0135
071E
0414
037C
0002
0003
071F
0416
0417
0007
0008
0720
0721
000B
04A7
000D
000E
0722
0010
0011
0012
0013
0014
001E
0014
0002
0002
0014
0014
0014
00EB
03D5
001E
0027
0014
0143
0002
0002
0014
0002
0002
0002
001B
001F
001D
001E
0019
0010
0014
0002
0014
0002
0002
0014
0022
001E
0010
0020
0014
001B
0002
0014
0014
0014
0014
0014
0023
0016
0023
0020
0014
0023
0014
0014
0014
0014
0014
0014
001D
001C
0023
0019
0014
0016
0014
0002
0014
0014
0002
0014
0022
00EB
0016
0026
0025
0012
0014
0014
0002
0002
0002
0002
0018
001E
0010
0027
0014
00EB
0014
0014
0014
0014
0014
0002
0027
0144
0016
0014
0014
0549
0014
0014
0014
0014
0014
0014
0026
002A
0018
0014
0014
00A7
0014
0002
0014
0014
0014
0002
0019
002C
0010
0014
0014
002E
0014
0014
0014
0014
0014
0002
0019
00F0
0016
0014
0014
0031
0014
0014
0014
0014
0014
0002
0032
0033
01B9
00F2
0036
0014
046E
03B5
068C
054A
0148
02C3
03D9
0035
0002
0014
041D
01BE
0723
01C0
00FD
0043
0304
00FE
0046
00FF
0100
04C6
0422
01C3
01C4
01FD
014F
01FD
0050
0014
01C5
0053
0269
0724
0725
030B
0058
0062
005A
0014
04B2
0519
010D
03BE
01CA
0060
030C
00F8
0097
0014
0063
0111
0427
0472
0064
0069
006A
0114
006C
006D
0115
006F
0157
0389
06F7
00B4
0119
019F
015B
0014
042E
0726
011D
0727
011F
006D
015F
007D
0014
0014
01A0
0728
01D5
0729
00B5
0162
072A
0086
0014
0014
024C
072B
008A
0433
0183
008C
072C
008E
0014
0014
072D
0320
0168
0169
0132
0094
072E
016B
0014
0014
0381
01E5
049D
072F
0730
0002
03D0
05DB
0005
0006
0529
0731
0009
0177
0732
000C
0733
05DF
032F
0026
002C
0015
0014
0014
00A6
0014
0002
0002
0014
0014
0014
0016
001B
0018
0019
0014
001A
0002
0002
0014
0014
0014
0014
0022
001C
0016
0024
0026
0023
0002
0002
0002
0002
0014
0014
001B
001E
001F
00EB
0021
0010
0002
0014
0002
0014
0014
0014
001D
0022
0018
0024
0014
0012
0014
0002
0002
0014
0002
0014
0023
001B
0018
0024
0014
0018
0014
0002
0014
0002
0014
0014
0010
001A
0010
0021
0014
0016
0014
0014
0014
0014
0002
0002
0018
0012
0018
0026
0014
001A
0002
0014
0002
0014
0014
0014
0027
01B5
00A6
0027
0014
0029
0002
0014
0014
0014
0014
0014
0026
05E0
0023
0026
0013
0031
0014
0014
0014
0014
0014
0014
0026
0453
002D
0013
0014
002E
0014
0014
0014
0014
0014
0014
0019
002F
0030
0019
0014
002E
0002
0014
0002
0014
0014
0002
011B
00FF
04C1
0035
0014
0014
02B0
052E
0039
0443
02B9
003C
0444
00F8
0097
0014
003E
01FB
0040
014B
00B3
00B4
0044
0045
005A
0047
00B5
0049
00B7
0447
004C
004D
004E
004F
0063
0051
0107
05EC
022F
028E
00BD
0057
00BE
0059
0002
0014
03BD
0537
00C1
039F
00C3
02C3
0061
0062
0063
0014
00C5
0065
02C4
0734
02E5
00C9
006A
006B
0002
0014
00CA
040E
020B
019D
020D
0073
0074
0075
0050
0014
0076
0735
02C9
011E
007A
007B
01A3
044A
007E
0014
007F
0736
01A6
0737
0083
0084
0085
01A8
0087
0051
0088
0089
0738
0739
0032
0047
008D
01AB
0036
0014
008F
03CB
01AD
073A
005F
00AD
0095
0096
0097
0014
00DC
037B
009A
01B0
037C
0002
0003
0139
073B
0006
00E4
0251
0009
000A
000B
0179
000D
02FD
000F
0010
017D
0012
0014
0014
001E
0014
0002
0002
0014
0014
0014
0016
001B
0012
0027
0014
001A
0014
0002
0014
0002
0002
0014
001B
001C
0010
001E
0026
0018
0002
0002
0014
0002
0002
0014
0022
001E
001F
0020
0014
001B
0014
0014
0002
0014
0014
0014
001D
001D
0023
0020
0014
0023
0014
0002
0014
0014
0002
0014
0023
001B
0012
0019
0014
0016
0014
0002
0014
0002
0002
0014
0022
0020
0010
0026
0014
0012
0014
0014
0014
0002
0002
0002
0018
001A
0010
0026
0014
0024
0014
0014
0014
0014
0014
0002
0014
00A6
0453
0014
0014
0452
0014
0014
0014
0014
0014
0014
0027
002C
0023
0025
0014
0031
0014
0002
0014
0014
0014
0014
0026
002C
002D
0014
0014
00EF
0014
0014
0014
0014
0014
0014
0026
002F
0030
0014
0014
0031
0014
0014
0014
0014
0014
0014
01B8
0033
01B9
0035
0014
0014
0406
03B5
04D0
041C
003B
003C
01BD
0035
0097
0014
00AF
01BE
01BF
06F3
00F9
0043
0074
00FE
0046
0047
0100
0264
0667
0668
03AD
0104
004E
02E2
0050
0014
02CE
0053
01C6
048A
0056
0057
0058
0059
005A
0014
005B
0388
005D
03BE
005F
0060
01CB
0062
0097
0014
0110
0065
0066
01CD
01CE
0069
006A
0114
006C
0014
02CE
006F
033F
0071
03C1
0073
0480
0075
0050
0014
010B
0077
073C
01D1
06DB
0014
073D
073E
0014
0014
007F
027A
073F
01D6
0740
04CA
0085
0086
0087
0014
0088
00D7
03AC
008B
0032
0245
008D
008E
0014
0014
01DF
03CB
0091
0092
0093
0094
0095
0096
0014
0014
0098
0099
009A
009B
06DD
0002
021E
0171
0741
00E3
0742
013B
02D4
0743
00A2
035E
0744
032E
0711
0026
00EA
001A
0013
0014
01F2
0014
0002
0014
0014
0014
0014
0026
0142
0018
0019
0014
0143
0002
0002
0014
0014
0014
0002
001F
0022
001D
0024
0019
0010
0014
0002
0002
0002
0014
0014
001B
001A
0016
00EB
0021
0010
0002
0014
0014
0014
0014
0014
0018
0022
0012
0024
0014
0012
0014
0002
0002
0014
0014
0014
001D
001C
0023
0024
0014
0018
0014
0002
0014
0014
0014
0014
0023
001A
0016
0021
0025
0016
0014
0014
0002
0014
0002
0002
0012
0012
0018
0027
0014
001A
0002
0014
0002
0014
0014
0014
0027
00A5
0016
0027
0014
00A6
0002
0014
0014
0014
0014
0014
0026
002A
0015
0026
0013
0333
0014
0002
0014
0014
0014
0002
0019
0181
0010
0013
0014
002E
0014
0014
0014
0014
0014
0002
0019
002C
0016
0019
0014
002E
0002
0014
0002
0014
0014
0002
01C4
01F4
0441
02DA
0036
0014
0037
0745
0557
06E3
01F8
00AD
0746
059A
0002
0014
04C5
06E4
059B
014B
00B3
0580
0044
0045
005A
00FF
00B5
0049
00B7
0447
0103
004D
014C
004F
0063
0051
0052
06BD
0747
0669
00A9
0203
00BE
02E2
0204
0014
00BF
0537
0748
02E3
004C
008C
0061
00F8
0063
0014
0374
0111
0749
0449
0068
00C9
006A
006B
0002
006D
02E6
0239
020B
023A
0072
0385
0074
011A
015B
0014
01A0
074A
05D9
074B
0716
007B
074C
074D
007E
0014
034F
06E9
074E
06EB
010E
0084
02EF
0125
0126
0051
0476
0410
074F
0750
0151
008C
0751
0752
0036
0014
0127
0753
071C
0754
0115
0047
02F7
016B
0097
0014
012E
0755
071E
0414
037C
0002
0003
071F
0756
0417
0007
0008
0419
000A
000B
0223
000D
000E
0722
0010
017D
0012
0014
0014
001E
0014
0014
0002
0014
0014
0014
0016
001B
001E
0027
0014
001A
0002
0014
0014
0002
0002
0002
001B
001F
0023
001E
0019
0018
0014
0002
0014
0002
0002
0014
0022
001E
0023
0020
0014
001B
0014
0014
0014
0014
0014
0014
0023
001F
0023
0020
0014
0023
0014
0014
0014
0014
0014
0014
0023
001C
0015
0019
0014
0016
0014
0002
0014
0014
0002
0014
0022
00EB
0010
0026
0014
0012
0014
0014
0014
0002
0014
0002
0018
001E
0010
0027
0014
00EB
0014
0014
0014
0014
0014
0002
0027
00A6
05A4
0014
0014
0452
0014
0014
0014
0014
0014
0014
0026
002C
0018
0014
0014
0031
0014
0002
0014
0014
0014
0002
0019
002C
0018
0014
0014
002E
0014
0014
0014
0014
0014
0002
0019
0259
0012
0014
0014
0031
0014
0014
0014
0014
0014
0002
01B8
0033
01B9
00F2
0014
0014
0186
03B5
01BB
041C
0148
003C
003D
0035
0002
0014
041D
01BE
0757
01C0
0540
0043
0074
00FE
0046
00FF
0100
02A4
0667
0668
01C4
0104
014F
01FD
0050
0014
04F2
0053
01C6
0758
0267
010C
0058
0062
005A
0014
0152
0519
010D
03BE
031F
0060
030C
00F8
0097
0014
0429
0111
02E4
0759
0429
0069
006A
0114
006C
0014
02CE
006F
075A
0389
06F7
0073
03C2
019F
006C
0014
02EA
075B
075C
075D
01D2
006D
02CB
0317
0014
0014
00D3
075E
075F
0760
00D5
0365
0761
0086
0014
0014
0121
031B
031C
03CA
01DD
00AD
031E
008E
0014
0014
0406
0320
0321
01E2
0132
0094
0322
016B
0014
0014
0134
01E5
0762
072F
0325
0002
03D0
05DB
0005
0006
0529
0763
0009
04BD
0732
03EB
0733
05DF
032F
0026
01F1
0015
0013
0014
00A6
0014
0002
0002
0014
0014
0014
0026
052D
0018
0019
0014
0031
0002
0002
0014
0014
0014
0014
001F
001C
001D
0024
0026
0010
0002
0002
0002
0002
0014
0014
001B
001E
001F
00EB
0021
0010
0002
0014
0002
0014
0014
0014
001D
0022
0018
0024
0014
0012
0014
0002
0002
0014
0002
0014
001D
001B
0023
0024
0014
0018
0014
0002
0014
0002
0014
0014
0010
001A
0016
0021
0025
0016
0014
0014
0002
0014
0002
0002
0018
0012
0018
0026
0014
001A
0002
0014
0002
0014
0014
0014
0027
002F
0016
0027
0014
00A6
0002
0014
0014
0014
0014
0014
0026
0332
0023
0026
0013
00A7
0014
0002
0014
0014
0014
0014
0019
0181
002D
0013
0014
002E
0014
0014
0014
0014
0014
0014
0019
0335
0030
0019
0014
002E
0002
0014
0002
0014
0014
0002
0364
00FF
01F5
0035
0036
0014
0146
052E
0039
0443
02B9
00AD
0677
00F8
0097
0014
003E
01FB
02DF
014B
00B3
0057
0044
0045
005A
0047
00B5
0049
00B7
0447
004C
004D
004E
004F
0063
0051
0107
05EC
022F
028E
00BD
0057
00BE
0059
0097
0014
0195
0537
00C1
039F
00C3
008C
0061
0062
0063
0014
00C5
0065
02C4
0734
0068
00C9
006A
006B
0002
006D
00CA
0239
020B
03A6
0159
00CE
0074
0075
0050
0014
0076
03DE
0078
0764
007A
007B
02EC
0211
007E
0014
02B0
0765
01A6
0766
0083
0084
0767
0125
0087
0051
008F
0089
0768
0739
006E
008C
00D8
01AB
0036
0014
008F
03CB
03E6
073A
005F
0047
00DA
0096
0097
0014
00DC
037B
009A
01B0
04E8
0002
00E1
0004
0328
021F
00E4
0220
0221
000A
000B
0285
000D
02FD
0141
0010
017D
0012
0014
0014
0015
0014
0002
0002
0014
0014
0014
0016
001B
0018
0019
0014
001A
0002
0014
0014
0002
0014
0002
001B
001C
001D
0024
0019
0010
0014
0002
0014
0002
0002
0014
001B
001E
0016
0020
0014
001B
0002
0014
0014
0014
0014
0014
0015
001D
0023
0020
0014
0023
0014
0002
0002
0014
0014
0014
001D
001C
0023
0019
0014
0016
0014
0002
0014
0014
0002
0014
0022
00EB
0010
0026
0014
0012
0014
0014
0002
0002
0002
0002
0018
001A
0010
0027
0014
0024
0014
0014
0014
0014
0014
0014
0027
017E
04E9
0027
0014
0143
0002
0014
0014
0014
0014
0014
0026
002C
0018
0014
0014
0031
0014
0002
0014
0014
0014
0014
0019
002C
002D
0014
0014
00EF
0014
0014
0014
0014
0014
0014
0019
06A1
0030
0019
0014
0031
0014
0014
0014
0014
0014
0014
01B8
0033
01B9
00F2
0014
0014
01CC
0038
0147
003A
003B
003C
00BE
0035
0002
0014
02DE
04D4
0757
0769
00F9
0043
0304
0045
007E
0047
0100
0056
076A
076B
01C4
02BF
014F
076C
0050
0014
0052
022E
0625
0626
0725
010C
0058
0062
005A
0014
0152
005C
010D
005E
031F
0060
0119
0062
0097
0014
0110
0065
05B1
076D
01CE
0069
006A
0114
006C
0014
012B
0695
0157
0697
019E
0073
0295
023B
015B
0014
01A0
031B
076E
04FA
007A
006D
076F
04FB
007E
0014
00D3
0770
0771
069C
0464
0365
0772
0086
0014
0014
0121
0773
0774
0775
01DD
00AD
0776
008E
0014
0014
0406
03CB
0777
02F6
0093
0094
0500
016B
0097
0014
0134
0099
0778
009B
0001
0002
009D
029B
0005
0006
0469
0175
0009
04BD
00A2
000C
06FE
0503
032F
0026
01F1
0015
0013
0014
0031
0014
0002
0002
0014
0014
0014
0026
052D
0012
0014
0014
0031
0002
0002
0014
0014
0002
0014
0010
001B
0016
001E
0014
0023
0002
0002
0002
0002
0014
0014
001D
001E
001F
00EB
0021
0010
0002
0014
0002
0014
0014
0014
001D
0022
0018
0019
0014
001E
0014
0002
0014
0014
0002
0014
0026
0504
0018
0024
0014
0779
0014
0002
0014
0002
0014
0014
0018
001A
0016
0021
0025
0016
0014
0014
0002
0014
0002
0002
0018
0012
0018
0026
0014
001A
0002
0014
0002
0014
0014
0002
0027
002F
0016
0014
0014
00A6
0002
0014
0014
0014
0014
0014
0026
0332
0023
0026
0013
00A7
0014
0002
0014
0014
0014
0002
0019
0181
0010
0013
0014
002E
0014
0014
0014
0014
0014
0002
0019
00A5
0016
0014
0014
002E
0002
0014
0002
0014
0014
0002
01C4
01F4
0441
0035
0036
0014
00F3
00AB
062C
077A
01F8
00AD
077B
018A
0014
0014
0037
003F
02DF
014B
00B3
0580
0044
03F6
0046
0014
00B5
0445
0446
0447
004C
004D
004E
004F
0063
0051
0267
00BB
022F
0201
00BD
0057
00BE
0059
0204
0014
03BD
0540
0589
067C
0032
0245
06B1
0096
0063
0014
0374
0111
077C
0734
0068
00C9
006A
006B
0002
006D
006E
006F
020B
0071
0159
00CE
0074
0075
0050
0014
010B
0077
0078
0079
01D2
007B
065F
0375
0014
0014
02B0
0080
077D
04C9
0083
0084
077E
0296
0087
0051
008F
0089
0216
01AA
01B8
008C
077F
012D
0036
0014
008F
0320
0780
01AE
0238
0047
0781
0096
0014
0014
00DC
0782
01AF
05F6
0001
0002
0003
0004
0783
0784
0007
02FB
00E5
02D5
0284
02D6
000D
000E
000F
0010
001D
0015
0014
0014
0015
0014
0002
0002
0014
0014
0014
00EB
0785
0012
0019
0014
0143
0002
0002
0014
0002
0002
0014
0022
001C
0016
001E
0014
0010
0002
0002
0002
0002
0014
0014
001B
001E
001F
0024
0021
0023
0002
0014
0002
0014
0014
0014
001D
001D
0018
0020
0014
0023
0014
0014
0014
0014
0002
0014
0023
001B
0018
0024
0014
0016
0014
0002
0014
0002
0002
0014
0022
0020
0010
0021
0014
0012
0014
0014
0014
0014
0002
0002
0018
0015
0010
0026
0014
00EB
0002
0014
0014
0014
0014
0002
0027
03ED
05A4
0014
0014
0225
0014
0014
0014
0014
0014
0014
0027
01B6
05A4
0014
0014
00EF
0014
0014
0014
0014
0014
0014
0026
0300
0010
0014
0014
00EF
0014
0014
0014
0014
0014
0014
0026
0259
0016
0019
0014
002E
0014
0014
0014
0014
0014
0014
0238
0033
01B9
0035
0014
0014
0786
03B5
04D0
041C
03B6
02C3
0787
0035
0002
0014
04AB
01BE
0788
01C0
018F
0043
0304
0045
0046
0014
0048
0264
0306
01C3
00B9
0104
004E
0106
0063
0051
0267
03BC
01C6
026A
0056
010C
0058
0059
005A
0014
0195
0388
005D
05EE
005F
0060
0119
0062
0063
0014
0064
0065
0112
06F4
01CE
00C9
006A
0114
006C
0014
006E
006F
01CF
0071
0789
00CE
0119
0314
0050
0014
00A9
02EB
023D
0079
007A
006D
015F
078A
0014
0014
007F
0080
01D5
0356
00D5
04CA
0163
078B
0014
0014
0088
031B
078C
031D
0032
0245
078D
008E
0014
0014
01AC
03CB
03CC
02F6
0132
0094
078E
0096
0097
0014
0134
0099
078F
009B
00ED
0002
03D0
0790
000F
0006
0791
013B
0009
00E6
0393
013E
0792
0793
0794
0026
00EA
0012
0013
0014
002E
0014
0002
0002
0014
0014
0014
0016
0017
0018
0027
0014
001A
0002
0014
0014
0014
0014
0002
001B
0022
001D
0024
0019
0023
0014
0002
0014
0002
0002
0014
0022
001A
0016
0020
0014
001B
0002
0014
0014
0014
0014
0014
0023
0022
0023
0024
0014
001E
0014
0002
0002
0014
0014
0014
001D
001C
0023
0019
0014
001E
0014
0002
0014
0014
0014
0014
0023
001A
0016
0019
0025
0016
0014
0014
0002
0002
0002
0002
0018
0012
0018
0027
0014
001A
0014
0014
0002
0014
0014
0014
0027
0028
0016
0027
0014
0029
0002
0014
0014
0014
0014
0014
0026
0332
0015
0026
0013
002B
0014
0002
0014
0014
0014
0002
0019
002C
002D
0013
0014
002E
0014
0014
0014
0014
0014
0002
0019
0335
0030
0014
0014
0031
0002
0014
0002
0014
0014
0002
0032
01F4
0441
028F
0036
0014
0037
0038
0337
0228
00F6
003C
003D
03B9
0097
0014
04C5
02BA
0040
014B
0795
0057
0044
0305
007E
0047
00F3
0049
0796
0534
0103
004D
0797
004F
0050
0014
0052
03DB
040C
0055
0195
0057
00BE
02E2
0204
0014
0152
005C
059E
02E3
004C
02C3
0061
00F8
00C4
0014
02F1
0111
045F
0449
0068
0069
006A
006B
0204
006D
012B
0695
020B
06C7
0072
0073
0074
0075
015B
0014
0076
0493
02C9
0798
011F
007B
0463
0799
007E
0014
0103
040F
079A
079B
004C
0084
0085
079C
0087
0051
008F
0089
079D
079E
0151
008C
008D
015A
0036
0014
008F
02CF
044C
03E7
005F
0047
0095
016B
0014
0014
00DC
0755
044E
079F
0689
0002
00E1
07A0
0416
0417
0007
0008
0720
0721
000B
04A7
000D
000E
0141
0010
0011
0012
0014
0014
0015
0014
0002
0002
0014
0014
0014
00EB
03D5
001E
0019
0014
0143
0002
0002
0014
0002
0002
0002
001B
001D
001D
001E
0019
0010
0014
0002
0014
0002
0002
0014
001B
001E
0010
0020
0021
001B
0002
0014
0014
0014
0014
0014
0023
0022
0023
0020
0014
0023
0014
0002
0014
0014
0014
0014
001D
001C
0023
0019
0014
0016
0014
0002
0014
0014
0002
0014
0022
0020
0016
0026
0025
0012
0014
0014
0002
0002
0002
0002
0018
001E
0010
0027
0014
00EB
0014
0014
0014
0014
0014
0002
0013
002F
0016
0014
0014
0031
0002
0014
0014
0014
0014
0014
0026
002A
0018
0014
0014
00A7
0014
0002
0014
0014
0014
0002
0019
0181
0018
0014
0014
002E
0014
0014
0014
0014
0014
0002
0019
0334
0012
0014
0014
0031
0014
0014
0014
0014
0014
0002
0032
0033
01B9
0035
0014
0014
046E
0336
0039
003A
0148
02C3
03D9
0035
0097
0014
041D
07A1
0723
07A2
00FD
0043
0304
0045
0046
00FF
0100
07A3
0306
0423
0103
02BF
004E
004F
0050
0051
01C5
07A4
0269
0724
0725
030B
0058
0059
005A
0014
04B2
04B3
005D
0206
010E
0060
030C
0060
0097
0014
0063
0740
0427
0472
02C5
00C9
006A
0114
006C
006D
0115
04F8
0157
03A6
019E
00B4
0119
011A
006C
0014
065D
058E
011D
069A
01D2
015E
015F
007D
0014
0014
01A0
07A5
01D5
0432
0083
0162
072A
0086
0014
0014
024C
05A5
008A
0433
042B
008C
072C
008E
0014
0014
072D
07A6
0168
07A7
0132
0094
072E
016B
0014
0014
0381
00B6
049D
07A8
0001
0002
0003
0004
0005
0006
0529
07A9
0009
07AA
05DC
000C
07AB
04CD
032F
0026
07AC
0015
0013
0014
0031
0014
0002
0002
0014
0014
0014
0016
017D
0018
0027
0014
001A
0002
0002
0014
0014
0014
0014
001F
001C
0016
0024
0026
0023
0002
0002
0002
0002
0014
0014
001D
001E
001F
00EB
0014
0010
0002
0014
0002
0014
0014
0014
001D
001D
0012
0024
0014
0015
0014
0002
0002
0014
0002
0014
0023
001B
0018
0024
0014
0018
0014
0002
0014
0002
0014
0014
0010
001A
0010
0021
0014
0016
0014
0014
0014
0014
0014
0002
0018
0012
0018
0026
0014
001A
0002
0014
0002
0014
0014
0002
0027
01B5
00A6
0027
0014
0029
0002
0014
0014
0014
0014
0014
0026
002C
0023
0026
0013
0031
0014
0002
0014
0014
0014
0014
0026
002C
002D
0013
0014
002E
0014
0014
0014
0014
0014
0014
0019
002F
0030
0019
0014
002E
0002
0014
0002
0014
0014
0002
07AD
00AD
04C1
0573
0036
0014
02B0
07AE
07AF
07B0
00AC
003C
0444
00F8
0002
0014
003E
03F3
0040
07B1
00B3
0057
0044
0190
005A
0047
00B5
0056
0446
0447
00CA
004D
07B2
0191
0063
0014
0107
07B3
022F
028E
00BD
0057
00BE
02E2
0002
0014
03BD
0537
07B4
02E3
00C3
02C3
0061
0062
0063
0014
00C5
0065
02C4
0734
02E5
0069
0046
006B
0002
0014
00CA
02E7
020B
02E8
020D
0073
0074
0075
0050
0014
0076
0077
02C9
0079
007A
007B
01A3
044A
007E
0014
007F
07B5
01A6
04C9
00D5
0084
0085
01A8
0087
0051
0088
07B6
0738
07B7
0032
0047
008D
01AB
0036
0014
008F
07B8
01AD
073A
005F
00AD
0095
0096
0097
0014
00DC
07B9
009A
01B0
02F9
0002
0003
0004
03B0
021F
00E4
0008
00E5
000A
000B
0179
000D
02FD
0141
0010
001D
0012
0014
0014
0015
0014
0002
0002
0014
0014
0014
0016
001B
0012
0019
0014
001A
0002
0002
0014
0002
0002
0002
001B
001C
001D
001E
0019
0010
0014
0002
0014
0002
0002
0014
001B
001E
001F
0020
0014
0023
0002
0014
0002
0014
0014
0014
0015
001D
0023
0020
0014
0023
0014
0002
0014
0014
0002
0014
0023
001C
0023
0027
0014
0016
0014
0002
0014
0002
0002
0014
0022
00EB
0010
0026
0014
0012
0014
0014
0014
0014
0014
0002
0018
001E
0010
0026
0014
00EB
0014
0014
0014
0014
0014
0002
0027
00EC
05A4
0014
0014
0452
0014
0014
0014
0014
0014
0014
0027
0300
0453
0014
0014
0225
0014
0014
0014
0014
0014
0014
0026
01B6
0010
0014
0014
00EF
0014
0014
0014
0014
0014
0014
0026
02D9
0016
0019
0014
002E
0014
0014
0014
0014
0014
0014
0238
0033
01B9
00F2
0014
0014
0186
03B5
01BB
041C
003B
003C
01BD
0035
0002
0014
041D
01BE
07BA
01C0
0540
0043
0304
0045
0046
00FF
0100
02A4
07BB
01C3
03AD
0104
014F
0585
0050
0014
00BA
0053
01C6
048A
0056
010C
0058
0062
005A
0014
005B
0196
010D
0426
005F
0060
0119
0062
0097
0014
0110
0065
05B1
076D
01CE
067D
006A
0114
006C
0014
0238
006F
075A
0389
019E
0073
03C2
0314
0050
0014
0103
0315
07BC
0316
007A
006D
06DC
07BD
0014
0014
00D3
0770
07BE
07BF
0464
04CA
07C0
07C1
0014
0014
0088
031B
07C2
07C3
01DD
0245
012C
008E
0014
0014
01AC
03CB
07C4
02F6
0132
0094
0133
0096
0097
0014
0134
0099
07C5
009B
0730
0002
03D0
0790
0005
0006
0469
03D2
0009
07C6
00A2
013E
07C7
0503
032F
0026
01F1
0015
0013
0014
0031
0014
0002
0014
0014
0014
0014
0026
052D
0018
0014
0014
0031
0002
0002
0014
0014
0014
0014
001F
001B
0016
0024
0026
0023
0002
0002
0002
0002
0014
0014
001D
001A
0010
00EB
0021
001B
0002
0014
0014
0014
0014
0014
001D
0022
0018
0019
0014
001E
0014
0002
0002
0014
0014
0014
001D
001B
0018
0024
0014
0018
0014
0014
0014
0014
0014
0014
0023
001A
0016
0021
0025
0016
0014
0014
0002
0002
0002
0002
0018
0012
0018
0027
0014
001A
0002
0014
0002
0014
0014
0014
0027
0144
0016
0027
0014
0145
0002
0014
0014
0014
0014
0014
0026
0332
0015
0026
0013
0333
0014
0002
0014
0014
0014
0002
0019
002C
002D
0013
0014
002E
0014
0014
0014
0014
0014
0002
0019
0335
0030
0014
0014
0031
0002
0014
0002
0014
0014
0002
01C4
01F4
0441
0035
0036
0014
02B0
0745
0039
0443
01F8
00AD
0599
059A
0014
0014
003E
022A
059B
014B
00B3
0057
0044
07C8
005A
0047
00B5
0445
0446
0447
0103
004D
004E
004F
0063
0051
0107
07C9
0747
04A4
00A9
0057
00BE
0059
0204
0014
026D
03DD
00C1
039F
01DD
008C
0061
00F2
0063
0014
00C5
0111
059F
07CA
0068
0069
0209
006B
0002
006D
02E6
040E
020B
019D
0159
00CE
0074
0075
015B
0014
010B
0493
0078
011E
01D2
007B
015F
0375
007E
0014
02B0
0080
07CB
06EB
0083
0084
027C
0296
0087
0051
008F
0089
07CC
07CD
0238
008C
077F
0752
0036
0014
008F
0358
07CE
07CF
005F
0047
0781
036B
0014
0014
00DC
04B9
07D0
07D1
0282
0002
00E1
0004
0416
021F
0007
0008
03EA
000A
000B
07D2
000D
000E
0141
0010
001B
0012
0014
0014
0015
0014
0002
0002
0014
0014
0014
0016
001B
0012
0019
0014
001A
0002
0014
0014
0002
0002
0002
001B
001F
001D
001E
0019
0010
0014
0002
0014
0002
0002
0014
001B
001E
0023
0020
0014
001B
0002
0014
0014
0014
0014
0014
001E
0022
0023
0020
0014
0023
0014
0002
0014
0014
0014
0014
001D
001C
0023
0019
0014
0016
0014
0002
0014
0014
0002
0014
0022
0020
0010
0026
0014
0012
0014
0014
0002
0014
0002
0002
0018
001E
0010
0026
0014
00EB
0014
0014
0014
0014
0014
0002
0027
00EC
05A4
0014
0014
0452
0014
0014
0014
0014
0014
0014
0026
0300
05A4
0014
0014
0225
0014
0014
0014
0014
0014
0014
0019
01B6
0023
0014
0014
00EF
0014
0014
0014
0014
0014
0014
0019
0181
0023
0019
0014
002E
0014
0014
0014
0014
0014
0014
01B8
0033
01B9
0035
0014
0014
01CC
0511
04D0
04A9
0148
003C
07D3
0035
0002
0014
041D
0513
07D4
07D5
0540
0043
0304
0045
0046
00FF
0100
028A
0306
07D6
0103
0104
004E
0585
0050
0014
01C5
0518
01C6
030A
0725
039D
0058
0059
005A
0014
005B
0519
005D
0206
010E
0060
0119
0062
0097
0014
0429
0540
05B1
07D7
01CE
00C9
006A
0114
006C
0014
0115
04F8
0157
03A6
019E
0073
0295
03DF
0050
0014
065D
051E
07D8
04FA
01D2
006D
02CB
04FB
0014
0014
00D3
0431
07D9
07DA
0083
0365
07C0
04FD
0014
0014
0121
07DB
07DC
07DD
012B
00AD
07DE
008E
0014
0014
0406
07DF
07E0
07E1
0132
0094
0500
0096
0097
0014
0134
07E2
07E3
07E4
0001
0002
009D
029B
0005
0006
07E5
03D2
0009
07E6
07E7
000C
07E8
0360
043F
0026
01F1
001A
0013
0014
0031
0014
0002
0014
0014
0014
0014
0026
052D
0018
0014
0014
0031
0002
0002
0014
0014
0014
0014
001F
001C
0016
0024
0026
0023
0002
0002
0002
0002
0014
0014
001D
0020
001F
00EB
0021
0010
0002
0014
0002
0014
0014
0014
001D
001D
0012
0024
0014
001E
0014
0002
0002
0014
0002
0014
0026
0395
0018
0024
0014
0779
0014
0002
0014
0002
0014
0014
0018
001A
0016
0021
0025
0016
0014
0014
0002
0002
0002
0014
0018
0012
0018
0027
0014
001A
0002
0014
0002
0014
0014
0002
0027
0144
0016
0027
0014
0145
0002
0014
0014
0014
0014
0014
0026
0332
0015
0026
0013
00A7
0014
0002
0014
0014
0014
0002
0019
002C
002D
0013
0014
002E
0014
0014
0014
0014
0014
0002
0019
002F
0030
0014
0014
0031
0002
0014
0002
0014
0014
0002
0364
01F4
04C1
0573
0036
0014
02B0
052E
07E9
06E3
00AC
00AD
077B
0057
0014
0014
003E
03F3
059B
07EA
00B3
0057
0044
07C8
005A
0047
00B5
0056
0446
0447
00CA
004D
07B2
004F
0063
0051
0107
07B3
022F
028E
026B
0057
00BE
02E2
0002
0014
026D
0537
059E
02E3
00C3
0084
06B1
00F2
0063
0014
00C5
0065
059F
07CA
0068
0069
0209
006B
0002
006D
00CA
02E7
020B
02E8
0159
00CE
0074
0075
015B
0014
0076
0077
0078
0079
007A
007B
015F
0375
007E
0014
02B0
0765
01A6
04C9
00D5
0084
027C
01A8
0087
0051
008F
053A
053B
07EB
0032
008C
027E
0307
0036
0014
008F
0090
01AD
053D
005F
0047
0781
00DB
0014
0014
00DC
00DD
00DE
07EC
0325
0002
00E1
07ED
0416
0006
009F
07EE
0252
07EF
000B
07F0
000D
000E
000F
0010
001B
0012
0013
0014
0015
0014
0014
0014
0014
0014
0014
00EB
0785
0018
0019
0014
002E
0002
0002
0014
0014
0002
0014
001B
001B
0016
001E
0014
0010
0002
0002
0002
0002
0002
0014
001B
001E
0012
0020
0021
001B
0002
0014
0014
0014
0014
0014
001D
0022
0023
0020
0014
0023
0014
0002
0002
0014
0014
0014
0023
001B
0018
0024
0014
0016
0014
0002
0014
0014
0014
0014
0016
00EB
0010
0019
0014
0016
0014
0014
0002
0014
0002
0002
0012
001E
0018
0026
0014
0024
0014
0014
0014
0014
0014
0002
0027
0506
0709
0027
0014
0225
0014
0014
0014
0014
0014
0014
0026
0181
0018
0025
0014
002E
0014
0014
0014
0014
0014
0002
0019
0182
0012
0014
0014
002E
0014
0014
0014
0014
0014
0002
0019
06A0
0015
0014
0014
002E
0014
0014
0014
0014
0014
0002
01B8
0033
0034
00F2
0036
0014
00AA
0336
02DB
02DC
00F6
02C3
03D9
0035
0036
0014
0384
02BA
0574
0041
0540
0043
0074
0045
0046
0014
0100
0049
0667
0668
0103
004D
014F
004F
0050
0051
0052
03DB
0054
0055
0725
0057
0058
0062
005A
0014
0152
04B3
010D
0206
00D9
0060
030C
00F8
0063
0014
05EF
0111
0066
01CD
00C8
00C9
0209
006B
006C
0014
0238
04B6
0157
07F1
0159
015A
0119
0075
0050
0014
010B
0342
0078
0715
05B5
007B
065F
0317
007E
0014
007F
05C9
0160
0161
0151
0084
00D6
0086
0087
0014
0088
0089
03AC
008B
07F2
0047
0479
008E
0014
0014
008F
02CF
0091
0092
01F4
0094
0576
0057
0014
0014
0098
04C2
07F3
07F4
02F9
0002
0003
0004
0005
00E3
0450
0008
01EB
0177
07F5
000C
06FE
04CD
0563
0026
01F1
0015
0014
0014
0031
0014
0002
0002
0014
0014
0014
0016
0017
0012
0027
0014
001A
0002
0002
0014
0002
0014
0002
001F
001C
001D
0024
0019
0018
0014
0002
0014
0002
0014
0014
001D
001E
001F
0024
0014
0010
0002
0014
0002
0014
0014
0014
0012
001D
0018
0024
0014
001E
0014
0002
0014
0014
0002
0014
001D
001C
0023
0027
0014
001E
0014
0002
0014
0002
0002
0014
0022
001A
0016
0021
0025
0021
0014
0014
0002
0002
0002
0002
0018
0012
0010
0014
0014
001A
0002
0014
0002
0014
0014
0002
0027
0028
0016
0014
0014
0029
0002
0014
0014
0014
0014
0014
0026
002A
0023
0026
0013
002B
0014
0002
0014
0014
0014
0014
0019
002C
002D
0013
0014
002E
0014
0014
0014
0014
0014
0014
0026
002F
0030
0019
0014
0031
0002
0014
0002
0014
0014
0014
0440
00AD
07F6
0035
0014
0014
02B0
07AE
0039
04C3
00AC
003C
0444
00F8
0002
0014
003E
03F3
00FB
07F7
00B3
00B4
0044
0305
007E
0047
00B5
0056
0446
0447
00CA
02BF
004E
012D
015B
0014
02CE
0268
06BE
0193
00BD
010C
07F8
0059
0002
0014
03BD
011F
00C1
039F
00C3
02C3
0061
0062
00C4
0014
00C5
045E
0207
0208
02C5
0069
006A
0312
0002
006D
02E6
006F
0313
0071
019E
0073
0074
0314
0014
0014
01A0
02EB
020E
0079
007A
006D
01A3
0375
0014
0014
0103
07F9
01A6
03E1
0740
0162
07FA
01A8
0126
0051
0476
031B
0216
07FB
07FC
008C
012C
01AB
0036
0014
07FD
03CB
06A8
038F
031F
0047
0133
0096
0097
0014
012E
037B
0439
009B
0001
0002
0003
0004
0783
07FE
0007
02FB
07FF
000A
0284
02D6
000D
000E
000F
0010
001F
0015
0013
0014
0015
0014
0002
0002
0014
0014
0014
0016
001B
0012
0019
0014
001A
0002
0002
0014
0002
0002
0014
0022
001C
0016
001E
0026
0010
0002
0002
0014
0002
0014
0014
001B
001E
001F
0024
0021
0010
0002
0014
0002
0014
0014
0014
0015
001D
0018
0020
0014
0023
0014
0014
0014
0014
0002
0014
001D
0022
0018
0024
0014
0016
0014
0002
0014
0002
0002
0014
0022
001A
0010
0021
0014
0016
0014
0014
0014
0014
0002
0002
0018
0015
0010
0026
0014
00EB
0002
0014
0014
0014
0014
0002
0027
00EC
04E9
0014
0014
00EE
0014
0014
0014
0014
0014
0014
0027
01B6
04E9
0014
0014
0225
0014
0014
0014
0014
0014
0014
0027
01B6
0800
0014
0014
00EF
0014
0014
0014
0014
0014
0014
0026
0506
0030
0019
0014
002E
0014
0014
0014
0014
0014
0014
01B8
0033
01B9
0035
0036
0014
0786
03B5
04D0
041C
03B6
003C
01BD
0035
0002
0014
04AB
01BE
0801
01C0
018F
0043
0304
0045
0046
0047
0048
02A4
0306
01C3
00B9
0104
004E
0585
015B
0051
02CE
03BC
01C6
026A
0056
010C
0058
0059
005A
0014
0195
0388
005D
05EE
005F
0060
0119
0062
0063
0014
0064
0065
030F
076D
01CE
0059
006A
0114
006C
0014
006E
006F
0070
0071
02C7
0073
0295
0314
0050
0014
0802
02EB
020E
0079
0278
006D
01A3
0803
0014
0014
00D3
0770
058F
0356
00D5
04CA
03C6
0804
0014
0014
0088
031B
0805
031D
0032
0245
038D
0806
0014
0014
01AC
03CB
04E0
02F6
0093
0094
0133
0096
0097
0014
0134
0099
07C5
009B
0807
0002
03D0
0808
0809
0006
047C
013B
0009
032D
06AC
013E
080A
0793
080B
0019
00EA
0012
0014
0014
0225
0014
0002
0002
0014
0014
0014
0026
052D
0018
0027
0014
0031
0002
0014
0014
0014
0014
0002
001B
001B
001D
0024
0019
0023
0014
0002
0002
0002
0002
0014
0022
0020
0016
0020
0014
001B
0002
0014
0014
0014
0014
0014
001D
0022
0023
0024
0014
0015
0014
0002
0002
0014
0014
0014
0021
001C
0023
0019
0014
001E
0014
0002
0014
0014
0014
0014
0010
00EB
0016
0019
0025
0018
0014
0014
0002
0002
0002
0002
0018
0012
0018
0027
0014
001A
0014
0014
0002
0014
0014
0014
0027
0144
0016
0027
0014
0145
0002
0014
0014
0014
0014
0014
0026
002A
0012
0026
0013
00A7
0014
0002
0014
0014
0014
0002
0019
002C
0010
0013
0014
002E
0014
0014
0014
0014
0014
0002
0019
0335
0023
0014
0014
0031
0002
0014
0002
0014
0014
0002
0032
01F4
0441
028F
0014
0014
0037
0038
0337
0228
00F6
00AD
02A2
02DA
0097
0014
04C5
02BA
080C
014B
0795
0057
0044
04E4
007E
00FF
00F3
0049
0796
0534
0103
004D
0797
004F
0050
0014
0052
03DB
080D
0055
0455
0057
00BE
02E2
0204
0014
0152
005C
059E
02E3
004C
0084
0061
010C
00C4
0014
06C1
0111
080E
080F
0068
0069
006A
006B
00C4
006D
012B
0695
05A0
0697
0072
00B4
0074
0075
006C
0014
0076
0493
0078
0798
011F
007B
015F
0810
007E
0014
02B0
0080
03E0
079B
00B9
0084
00D6
071A
0087
0051
008F
0089
0811
079E
0151
008C
02B2
0203
0036
0014
008F
02CF
0812
03E7
0115
0047
02B3
008C
0014
0014
00DC
0755
0813
03E8
0689
0002
00E1
07A0
0416
021F
0007
0008
03EA
00A1
000B
0285
000D
000E
0141
0010
017D
0015
0014
0014
0015
0014
0014
0002
0014
0014
0014
00EB
02D8
0012
0019
0014
0143
0002
0002
0014
0014
0014
0002
001B
001D
001D
0021
0019
0010
0014
0002
0002
0002
0002
0014
001B
001E
0010
0020
0021
001B
0002
0014
0014
0014
0014
0014
001E
0022
0018
0020
0014
0023
0014
0002
0014
0014
0014
0014
0023
001C
0023
0019
0014
0016
0014
0002
0014
0014
0002
0014
0022
0020
0010
0026
0014
0012
0014
0014
0002
0014
0002
0002
0018
001E
0010
0026
0014
00EB
0014
0014
0014
0014
0014
0014
0013
0144
0023
0014
0014
0549
0014
0014
0014
0014
0014
0014
0026
002A
0023
0014
0014
00A7
0014
0002
0014
0014
0014
0002
0019
002C
0023
0014
0014
002E
0014
0014
0014
0014
0014
0002
0019
04A8
0023
0014
0014
002E
0014
0014
0014
0014
0014
0002
01B8
0033
01B9
0035
0014
0014
01CC
0511
04D0
04A9
00F6
02C3
03D9
0035
0097
0014
0814
0815
041F
06BA
0540
0043
01C1
0045
014C
00FF
00F3
07A3
0306
0423
0103
0104
004E
01FD
0050
0051
008C
0518
04B1
030A
0107
039D
0058
0059
005A
0014
005B
0519
005D
067C
010E
0060
030C
0096
0097
0014
015B
0816
0427
0472
01CE
0069
006A
0114
006C
0014
02CE
04F8
075A
03A6
019E
00B4
0119
011A
0050
0014
042E
051E
05D9
0817
01D2
015E
015F
007D
0014
0014
00D3
0431
01D5
0432
0083
0162
072A
0086
0014
0014
0522
0818
008A
0433
042B
008C
072C
008E
0014
0014
0134
0819
0168
07A7
0132
0094
072E
0096
0014
0014
024C
081A
081B
081C
0001
0002
0003
0004
0005
0006
0529
081D
0009
07AA
081E
000C
0597
05DF
032F
0026
01F1
0012
0013
0014
0031
0014
0002
0014
0014
0014
0014
0016
0017
0018
0027
0014
001A
0014
0002
0014
0002
0002
0014
001F
001C
0016
001E
0026
0023
0002
0002
0014
0002
0014
0014
0022
001A
001F
00EB
0014
0010
0002
0014
0002
0014
0014
0014
001D
001D
0023
0024
0014
0015
0014
0002
0002
0014
0002
0014
001D
001B
0018
0024
0014
0018
0014
0002
0014
0002
0014
0014
0023
001A
0016
0021
0025
0016
0014
0014
0002
0002
0002
0002
0018
0012
0018
0027
0014
001A
0002
0014
0002
0014
0014
0002
0027
01B5
00ED
0027
0014
0029
0002
0014
0014
0014
0014
0014
0026
0181
0012
0026
0013
0031
0014
0002
0014
0014
0014
0014
0026
0181
002D
0013
0014
002E
0014
0014
0014
0014
0014
0014
0019
002F
0030
0019
0014
0031
0002
0014
0002
0014
0014
0014
0440
01F4
04C1
0573
0036
0014
00F3
081F
07E9
0666
00AC
003C
0444
00F8
0002
0014
003E
0820
0040
07EA
00B3
0057
0044
0190
0046
0047
0048
0056
0446
0447
00CA
004D
07B2
004F
0063
0014
0107
0268
022F
028E
00BD
0057
00BE
02E2
0002
0014
026D
0537
059E
005E
00C3
02C3
0061
0062
0063
0014
0064
0821
02C4
07CA
0068
00C9
006A
006B
0002
006D
00CA
02E7
020B
02E8
020D
0073
0074
0075
015B
0014
0076
0077
02C9
0079
007A
007B
01A3
044A
007E
0014
02B0
0765
01A6
04C9
00D5
0084
0085
01A8
0087
0051
0088
0822
0738
0823
0032
0047
008D
0307
0036
0014
008F
0824
01AD
0825
00F3
00AD
0095
0060
0097
0014
0098
0826
009A
0827
04E8
0002
00E1
0004
0646
0828
0392
02FB
0419
000A
013D
0223
0394
02FD
0141
0010
001D
0012
0014
0014
0015
0014
0002
0002
0014
0014
0014
0016
001B
0012
0019
0014
001A
0002
0002
0014
0002
0002
0014
001B
001F
001D
001E
0026
0010
0014
0002
0014
0002
0002
0014
001B
001E
0023
0020
0014
0010
0002
0014
0002
0014
0014
0014
001E
001D
0023
0020
0014
0023
0014
0002
0014
0014
0002
0014
001D
001B
0023
0027
0014
0016
0014
0002
0014
0002
0002
0014
0022
0020
0010
0021
0014
0012
0014
0014
0014
0002
0002
0002
0018
001E
0010
0026
0014
00EB
0014
0014
0014
0014
0014
0002
0027
00EC
04E9
0014
0014
00EE
0014
0014
0014
0014
0014
0014
0026
0300
04E9
0014
0014
0225
0014
0014
0014
0014
0014
0014
0019
01B6
002D
0014
0014
00EF
0014
0014
0014
0014
0014
0014
0019
0259
0030
0019
0014
0031
0014
0014
0014
0014
0014
0014
0238
0033
01B9
0035
0014
0014
0186
019B
04D0
041C
003B
003C
0829
0035
0002
0014
02DE
0399
07BA
082A
03B8
00B4
0304
0045
0046
0047
0100
02A4
039B
082B
03AD
0104
004E
076C
0050
0014
00BA
040B
01C6
048A
02A4
010C
0058
0059
005A
0014
005B
0196
039E
05EE
00C3
02C3
0119
0062
0097
0014
0110
0111
082C
082D
01CE
0311
006A
0114
006C
0014
0238
04F8
01CF
03A6
019E
0073
0295
023B
0050
0014
01A0
031B
076E
04FA
01D2
007B
02CB
07BD
0014
0014
00D3
023F
082E
0521
0464
00AD
0319
07C1
0014
0014
0121
031B
082F
0830
0590
00AD
04FE
008E
0014
0014
01AC
0248
0831
0359
00D9
0094
0832
0096
0097
0014
0134
03AE
0594
0324
0001
0002
009D
029B
0005
0006
0469
013B
0009
0833
037E
013E
0648
0503
032F
0026
00EA
001A
0013
0014
002E
0014
0002
0014
0014
0014
0014
00EB
03D5
0018
0014
0014
002E
0002
0002
0014
0014
0014
0002
001F
001C
0010
0024
0019
0023
0002
0002
0002
0002
0014
0014
0022
00EB
001F
00EB
0021
001B
0002
0014
0014
0014
0014
0014
001D
0022
0012
0019
0014
001E
0014
0002
0002
0014
0014
0014
0023
001C
0018
0024
0014
0018
0014
0002
0014
0014
0014
0014
0023
001A
0016
0019
0025
0016
0014
0014
0002
0014
0002
0002
0018
0012
0018
0027
0014
001A
0002
0014
0002
0014
0014
0002
0014
0144
0016
0027
0014
0145
0002
0014
0014
0014
0014
0014
0026
0363
0012
0026
0013
0333
0014
0002
0014
0014
0014
0002
0019
0334
0010
0013
0014
002E
0014
0014
0014
0014
0014
0002
0026
00A5
0023
0014
0014
002E
0002
0014
0002
0014
0014
0002
01DD
01F4
0441
04C7
0036
0014
02B0
04C2
0598
06E3
01F8
02C3
03D9
02DA
0014
0014
04C5
003F
0574
0041
0042
0043
0044
0532
005A
00FF
00B5
0445
004A
004B
0103
004D
005A
004F
0063
0051
0107
00BB
0834
04A4
010B
0057
0194
02E2
0204
0014
00BF
005C
010D
02E3
00D9
0060
0061
010C
0063
0014
0374
0065
0066
0067
0068
0069
0209
006B
0204
006D
00CA
02E7
020B
02E8
0159
00CE
0074
0075
015B
0014
010B
0077
0078
0079
007A
0014
015F
0375
007E
0014
02B0
01D4
01A6
04C9
0083
0084
027C
0296
0087
0051
008F
0089
0835
0836
01B8
008C
0837
07C8
0036
0014
008F
0090
0838
0839
01E3
0047
083A
039D
0014
0014
00DC
0099
083B
083C
04E8
0002
00E1
0004
0416
0417
0007
0008
0419
000A
000B
0285
000D
000E
0141
0010
001D
0015
0014
0014
0015
0014
0002
0002
0014
0014
0014
0016
001D
0012
0019
0014
001A
0002
0002
0014
0002
0002
0002
001B
0016
001D
001E
0019
0010
0014
0002
0014
0002
0002
0014
001B
001E
0023
0020
0021
001B
0002
0014
0014
0014
0014
0014
001E
0022
0018
0020
0014
0023
0014
0002
0014
0014
0014
0014
001D
001C
0023
0019
0014
0016
0014
0002
0014
0014
0002
0014
0022
0020
0010
0026
0014
0012
0014
0014
0014
0014
0002
0002
0018
001E
0010
0026
0014
00EB
0014
0014
0014
0014
0014
0002
0027
00EC
04E9
0014
0014
0452
0014
0014
0014
0014
0014
0014
0026
01B6
04E9
0014
0014
0225
0014
0014
0014
0014
0014
0002
0019
01B6
0010
0014
0014
002E
0014
0014
0014
0014
0014
0002
0019
0301
0016
0019
0014
002E
0014
0014
0014
0014
0014
0002
01B8
0033
01B9
0035
0014
0014
01CC
0511
04D0
041C
0148
003C
003D
0035
0002
0014
041D
083D
0303
083E
0540
0043
01C1
0045
0046
00FF
02B0
083F
0306
05AA
0103
0104
004E
01FD
0050
0051
04F2
0518
01C6
030A
0107
039D
0058
0059
005A
0014
005B
0519
005D
067C
010E
0060
030C
0062
0097
0014
05AF
03DD
0352
0353
01CE
0311
006A
0114
006C
0014
02CE
04F8
075A
03A6
019E
0073
0295
03DF
0050
0014
065D
051E
07D8
04FA
01D2
006D
02CB
0317
0014
0014
00D3
0431
07D9
0432
0083
0365
03C6
04FD
0014
0014
0121
0840
031C
0841
01DD
00AD
0842
008E
0014
0014
0406
041E
0321
0843
0132
0094
0322
0096
0097
0014
012E
0844
0323
0845
0001
0002
009D
029B
0005
0006
0529
03D2
0009
0846
07E7
000C
0597
0360
032F
0026
00EA
0012
0013
0014
0031
0014
0002
0014
0014
0014
0014
0026
0847
0018
0014
0014
0031
0002
0002
0014
0014
0014
0014
001F
001C
0016
0024
0026
0023
0002
0002
0002
0002
0014
0014
0022
0020
001F
00EB
0014
0010
0002
0014
0002
0014
0014
0014
001D
001D
0023
0014
0014
001E
0014
0002
0002
0014
0002
0014
0026
0504
0018
0024
0014
0779
0014
0014
0014
0002
0014
0014
0023
001A
0016
0021
0025
0016
0014
0014
0002
0002
0002
0014
0018
0012
0018
0027
0014
001A
0002
0014
0002
0014
0014
0002
0027
0144
0016
0027
0014
0145
0002
0014
0014
0014
0014
0014
0026
0332
0015
0026
0013
00A7
0014
0002
0014
0014
0014
0014
0019
002C
002D
0013
0014
002E
0014
0014
0014
0014
0014
0014
0019
00A5
0030
0014
0014
0031
0002
0014
0002
0014
0014
0002
0364
01F4
0441
0573
0036
0014
02B0
052E
0337
0848
00AC
00AD
0849
059A
0014
0014
003E
03F3
059B
07EA
00B3
0057
0044
07C8
005A
0047
0048
0056
0446
0447
00CA
004D
005A
004F
0063
0014
0107
07B3
022F
028E
026B
0057
00BE
02E2
0014
0014
026D
0537
059E
005E
00C3
0084
06B1
00F2
0063
0014
0064
0065
059F
07CA
0068
0069
0209
006B
0002
006D
00CA
02E7
020B
02E8
0159
00CE
0074
0075
015B
0014
0076
0077
0078
0079
007A
007B
015F
0375
007E
0014
02B0
01D4
01A6
04C9
00D5
0084
027C
0296
0087
0051
008F
053A
084A
084B
01B8
008C
0636
0378
0036
0014
008F
084C
084D
084E
005F
0047
084F
00DB
0014
0014
0098
07B9
0850
0851
04E8
0002
021E
0004
034B
0417
0392
047D
0852
07AA
0853
0223
06FE
02FD
0794
0019
01F1
0012
0014
0014
00A6
0014
0002
0002
0014
0014
0014
0016
0017
0012
0019
0014
001A
0002
0002
0014
0002
0014
0014
001B
0022
001D
0024
0014
0010
0014
0002
0014
0002
0002
0014
001B
001E
0016
0020
0021
0010
0002
0014
0014
0014
0014
0014
0012
001D
0023
0024
0014
0012
0014
0002
0014
0014
0014
0014
0023
001B
0023
0027
0014
0016
0014
0002
0014
0014
0002
0014
0022
00EB
0016
0021
0025
0018
0014
0014
0014
0002
0002
0002
0018
001E
0010
0026
0014
00EB
0014
0014
0014
0014
0014
0014
0027
01B5
068B
0014
0014
0029
0002
0014
0014
0014
0014
0014
0026
0182
0023
0026
0013
0225
0014
0002
0014
0014
0014
0014
0019
0181
0010
0014
0014
00EF
0014
0014
0014
0014
0014
0014
0019
0259
0023
0019
0014
0031
0014
0014
0014
0014
0014
0014
0032
0184
0854
028F
0014
0014
0186
019B
0855
0856
003B
003C
058B
00F8
0002
0014
041D
0857
068E
0858
00B3
00B4
0859
0045
007E
0014
00F3
02A4
085A
085B
005B
0104
07B2
03F9
0050
0051
04F2
0712
085C
085D
0151
010C
0058
018A
0002
0014
005B
0196
085E
085F
01A0
02C3
03FD
0062
0097
0014
05AF
030E
082C
082D
0064
0311
006A
0114
006C
006D
012B
04F8
01CF
04F9
0860
0073
03C2
0296
0050
0014
0103
031B
051F
04FA
011F
007B
02CB
0861
0014
0014
03A8
0080
05F4
02CC
00D5
00AD
03C6
01A8
0126
0051
0121
0862
0129
0863
0440
00AD
0864
01AB
0014
0014
03A0
0499
0865
0866
0867
00AD
0868
0096
0097
0014
06D6
0869
086A
086B
0001
0002
0003
029B
035B
0006
0329
032A
0009
086C
037E
013E
000D
0503
000F
0010
017D
0015
0013
0014
001A
0014
0014
0002
0014
0014
0014
00EB
02D8
0018
0014
0014
002E
0002
0002
0014
0014
0002
0002
001F
001C
0016
001E
0019
0018
0002
0002
0002
0002
0014
0014
0022
001E
001F
0024
0014
001B
0002
0014
0002
0014
0014
0014
001D
0022
0018
0020
0014
0023
0014
0002
0002
0014
0002
0014
001D
001C
0015
0024
0014
0018
0014
0002
0014
0002
0014
0014
0016
001A
0010
0019
0014
0016
0014
0014
0002
0014
0002
0002
0018
0012
0018
0027
0014
001A
0002
0014
0002
0014
0014
0002
0014
0144
0012
0027
0014
01F3
0002
0014
0014
0014
0014
0014
0026
002A
0012
0013
0014
00A7
0014
0002
0014
0014
0014
0002
0019
002C
002D
0013
0014
002E
0014
0014
0014
0014
0014
0002
0026
00A5
0030
0014
0014
03D7
0002
0014
0002
0014
0014
0002
0183
0033
0034
0035
0036
0014
00F3
04C2
0039
003A
01F8
02C3
03D9
0035
0014
0014
003E
003F
059B
0041
00F9
0043
0044
07C8
0046
0047
0048
0049
004A
004B
004C
004D
004E
004F
0063
0014
0107
00BB
0054
00BC
0056
0057
0194
0059
005A
0014
00BF
005C
005D
005E
005F
0060
0061
0060
0063
0014
0064
0065
0066
0067
02E5
0069
0209
006B
0204
0014
006E
02E7
020B
0071
0159
00CE
0074
0075
015B
0014
010B
0077
0078
0079
007A
0014
015F
007D
007E
0014
007F
02B1
0081
0082
0083
0084
027C
0086
0087
0014
008F
0089
008A
008B
01B8
008C
086D
008E
0036
0014
008F
0090
0091
0092
0093
0094
086E
00DB
0014
0014
0098
0099
0281
00DF
0282
0002
0326
07A0
0416
021F
0007
0008
03EA
00A1
000B
0285
000D
000E
01B4
0010
0011
0015
0014
0014
0015
0014
0002
0002
0014
0014
0014
00EB
03D5
0012
0019
0014
0031
0002
0002
0014
0002
0014
0002
001B
001B
0023
0021
0019
0018
0014
0002
0002
0002
0002
0014
001B
001E
0010
0020
0021
001B
0002
0014
0014
0014
0014
0014
001D
0022
0018
0020
0014
0023
0014
0002
0014
0014
0014
0014
0023
001C
0012
0019
0014
0016
0014
0002
0014
0014
0002
0014
0022
0020
0016
0026
0025
0012
0014
0014
0002
0014
0002
0002
0018
001E
0010
0026
0014
00EB
0014
0014
0014
0014
0014
0014
0013
0144
0016
0014
0014
0549
0014
0014
0014
0014
0014
0014
0026
002A
0023
0014
0014
00A7
0014
0002
0014
0014
0014
0002
0019
002C
0023
0014
0014
002E
0014
0014
0014
0014
0014
0002
0019
04A8
0023
0019
0014
002E
0014
0014
0014
0014
0014
0002
0032
0033
01B9
0035
0014
0014
01CC
086F
0367
054A
0148
02C3
03D9
0035
0097
0014
0814
0870
041F
0871
00FD
0043
01C1
0045
014C
00FF
00F3
07A3
0306
0872
0103
0104
004E
01FD
0050
0051
008C
07A3
04B1
085D
0725
039D
0058
0059
005A
0014
005B
067B
005D
067C
010E
0060
030C
0062
0097
0014
0247
0816
0427
06F4
02C5
0069
006A
0114
006C
006D
02CE
042C
075A
0873
03C1
00B4
03C2
011A
0050
0014
042E
051E
0874
0875
0876
015E
0404
007D
0014
0014
00D3
0431
06FC
0432
0083
0162
0877
0086
0014
0014
0121
0878
008A
0433
042B
008C
0879
008E
0014
0014
0406
05A6
0168
07A7
0132
0094
0368
0096
0097
0014
012E
087A
081B
081C
0001
0002
0003
0004
0005
0006
0529
087B
0009
07AA
087C
000C
0597
05DF
032F
0026
002C
0012
0013
0014
0031
0014
0002
0002
0014
0014
0014
0016
001B
0018
0027
0014
001A
0014
0002
0014
0014
0002
0014
001F
001C
001D
001E
0026
0010
0002
0002
0014
0002
0014
0014
0022
001A
001F
00EB
0014
0010
0002
0014
0002
0014
0014
0014
0023
001D
0023
0024
0014
0015
0014
0002
0002
0014
0002
0014
001D
001B
0023
0024
0014
0018
0014
0002
0014
0002
0014
0014
0016
001A
0010
0021
0014
0016
0014
0014
0002
0002
0014
0002
0018
0012
0018
0027
0014
001A
0002
0014
0002
0014
0014
0002
0027
01B5
00EC
0027
0014
0029
0002
0014
0014
0014
0014
0014
0026
0181
0012
0026
0013
0031
0014
0014
0014
0014
0014
0014
0026
0453
002D
0013
0014
002E
0014
0014
0014
0014
0014
0014
0019
002F
0030
0014
0014
0031
0002
0014
0002
0014
0014
0014
07AD
01F4
04C1
0573
0036
0014
0146
087D
07E9
0666
00AC
003C
0444
00F8
0002
0014
003E
087E
0040
07EA
00B3
0057
0044
02BC
0046
0047
0048
0056
0446
0447
00CA
004D
07B2
004F
0063
0014
0107
087F
022F
028E
00BD
0057
00BE
02E2
0002
0014
00BF
0537
059E
005E
00C3
02C3
0061
00DB
0063
0014
0064
02AC
0155
00C7
02E5
00C9
006A
006B
0002
0014
00CA
02E7
020B
02E8
0072
0073
0074
0075
015B
0014
0076
0077
0078
0079
007A
007B
007C
044A
007E
0014
02B0
07F9
01A6
04C9
00D5
0084
0085
01A8
0087
0051
008F
0880
0738
05A1
0032
0047
008D
0307
0036
0014
008F
0881
01AD
0825
00F3
00AD
0095
00DB
0014
0014
0098
0882
009A
0827
02F9
0002
0003
0004
0172
0828
0392
02FB
02FC
000A
013D
0223
0394
02FD
0141
0010
001D
0015
0014
0014
001E
0014
0002
0002
0014
0014
0014
0016
001D
0012
0027
0014
001A
0014
0002
0014
0002
0002
0014
001B
0022
001D
001E
0026
0010
0014
0002
0014
0002
0002
0014
001D
001E
0023
0020
0021
001B
0002
0014
0002
0014
0014
0014
001E
001D
0018
0020
0014
0023
0014
0002
0014
0014
0002
0014
001D
0022
0023
0019
0014
0016
0014
0002
0014
0002
0002
0014
0022
0020
0010
0021
0014
0012
0014
0014
0014
0002
0002
0002
0018
001E
0010
0026
0014
00EB
0014
0014
0014
0014
0014
0002
0027
01B5
04E9
0014
0014
0029
0002
0014
0014
0014
0014
0014
0026
01B6
02FF
0025
0014
0225
0014
0014
0014
0014
0014
0014
0019
0300
002D
0014
0014
00EF
0014
0014
0014
0014
0014
0014
0019
04CF
0030
0019
0014
0031
0014
0014
0014
0014
0014
0014
01B8
0033
01B9
0035
0014
0014
0786
03B5
04D0
041C
003B
003C
01BD
0035
0002
0014
02DE
01BE
07BA
03B7
03B8
00B4
01C1
00FE
0046
0047
00F3
0883
0582
0884
03AD
0104
004E
03F9
0050
0051
02CE
0053
01C6
048A
02A4
010C
0058
0059
005A
0014
005B
0196
039E
058A
00C3
02C3
058B
0062
0097
0014
01CC
030E
0885
082D
0429
0311
006A
0114
006C
0014
0151
006F
01CF
0071
02AC
0073
0295
0314
0050
0014
0103
0315
076E
0316
011F
007B
02CB
07BD
0014
0014
0103
023F
082E
0521
00D5
00AD
03C6
0886
0126
0014
0121
0862
0887
031D
0590
00AD
0888
008E
0014
0014
0406
0889
088A
0169
00D9
0094
088B
0096
0097
0014
012E
088C
088D
0324
0730
0002
03D0
088E
037D
0006
0469
013B
0009
0571
037E
013E
0572
032E
032F
0026
00EA
0012
0013
0014
00A6
0014
0002
0002
0014
0014
0014
00EB
03D5
0018
0019
0014
002E
0002
0014
0014
0014
0014
0002
001F
001C
0010
0024
0019
0018
0002
0002
0002
0002
0014
0014
001B
00EB
001F
0024
0014
0010
0002
0014
0014
0014
0014
0014
001D
0022
0023
0019
0014
0012
0014
0002
0002
0014
0014
0014
0023
001C
0018
0024
0014
0018
0014
0002
0014
0014
0014
0014
0010
001A
0016
0019
0025
0016
0014
0014
0002
0014
0002
0002
0018
0012
0018
0027
0014
001A
0002
0014
0002
0014
0014
0014
0014
0144
0016
0027
0014
01F3
0002
0014
0014
0014
0014
0014
0026
0332
0012
0026
0013
0333
0014
0002
0014
0014
0014
0002
0019
0334
0010
0013
0014
002E
0014
0014
0014
0014
0014
0002
0026
088F
0023
0014
0014
002E
0002
0014
0002
0014
0014
0002
01DD
01F4
0441
04C7
0036
0014
0037
04C2
0337
0848
01F8
02C3
03D9
059A
0097
0014
00F9
01FB
0574
0041
0042
0043
0044
0045
014C
00FF
0048
0049
004A
004B
0103
004D
0063
004F
0063
0014
0052
0890
0834
04A4
010B
0057
0194
02E2
0204
0014
00BF
005C
010D
005E
00D9
0060
0061
0060
0063
0014
0064
0065
0066
0067
0068
0069
0209
006B
0204
006D
006E
0891
020B
0474
0159
00CE
0074
0075
015B
0014
010B
02C8
0078
011E
007A
0014
015F
0375
007E
0014
007F
01D4
01A6
079B
0083
0084
00D6
0296
0087
0051
008F
0089
0768
0836
006E
008C
0892
012D
0036
0014
008F
0090
0893
05A2
0132
0047
0894
039D
0014
0014
0098
0099
0895
083C
04E8
0002
00E1
0004
0416
0417
0007
047D
0720
000A
000B
0285
000D
000E
0141
0010
001D
0015
0014
0014
0015
0014
0002
0002
0014
0014
0014
0016
001D
0012
0019
0014
001A
0002
0002
0014
0002
0002
0014
001B
0022
001D
001E
0026
0023
0014
0002
0014
0002
0002
0014
001B
001E
0023
0020
0021
001B
0002
0014
0014
0014
0014
0014
001E
0022
0018
0020
0014
0023
0014
0002
0014
0014
0014
0014
0023
0022
0023
0019
0014
0016
0014
0002
0014
0014
0002
0014
0022
0020
0010
0026
0014
0012
0014
0014
0014
0014
0002
0002
0018
001E
0010
0026
0014
00EB
0014
0014
0014
0014
0014
0002
0027
00EC
04E9
0014
0014
00EE
0014
0014
0014
0014
0014
0014
0026
01B6
04E9
0014
0014
0225
0014
0014
0014
0014
0014
0002
0019
01B6
002D
0014
0014
002E
0014
0014
0014
0014
0014
0002
0019
02D9
0030
0019
0014
002E
0014
0014
0014
0014
0014
0002
01B8
0033
01B9
0035
0014
0014
01CC
0511
04D0
041C
0148
003C
003D
0035
0002
0014
041D
040A
0303
083E
0540
0043
01C1
0045
0046
0047
02B0
0049
0306
0896
0103
0104
004E
01FD
0050
0051
01C5
067A
01C6
030A
0107
010C
0058
0059
005A
0014
005B
0519
005D
067C
010E
0060
030C
0062
0097
0014
05AF
030E
0352
0428
01CE
0311
006A
0114
006C
0014
0490
04F8
0157
03A6
019E
0073
03C2
03DF
0050
0014
042E
051E
0897
04FA
01D2
006D
02CB
0317
0014
0014
00D3
0898
07D9
0432
0083
0365
03C6
04FD
0014
0014
0121
0899
031C
0841
01DD
00AD
0842
008E
0014
0014
0406
089A
0321
089B
0093
0094
0322
0096
0097
0014
012E
0844
0323
089C
0001
0002
009D
029B
0005
0006
0529
032A
0009
0846
07E7
000C
0597
0360
032F
0026
00EA
0012
0013
0014
0031
0014
0002
0014
0014
0014
0014
0026
0847
0018
0014
0014
0031
0002
0002
0014
0014
0014
0002
001F
001C
0016
0024
0019
0010
0002
0002
0002
0002
0014
0014
0022
001A
001F
00EB
0014
0010
0002
0014
0002
0014
0014
0014
001D
001D
0023
0014
0014
001E
0014
0002
0002
0014
0002
0014
001D
001C
0018
0024
0014
0018
0014
0002
0014
0002
0014
0014
0023
001A
0016
0021
0025
0016
0014
0014
0002
0002
0002
0002
0018
0012
0018
0027
0014
001A
0002
0014
0002
0014
0014
0002
0027
0144
0016
0027
0014
0145
0002
0014
0014
0014
0014
0014
0026
0332
0015
0026
0013
00A7
0014
0002
0014
0014
0014
0014
0019
002C
0010
0013
0014
002E
0014
0014
0014
0014
0014
0014
0019
00A5
0023
0014
0014
0031
0002
0014
0002
0014
0014
0002
0364
01F4
0441
0573
0036
0014
0146
052E
0337
0848
00AC
00AD
0849
059A
0014
0014
003E
03F3
059B
07EA
00B3
0057
0044
02BC
014C
00FF
0048
0056
0446
0447
00CA
004D
014C
004F
0063
0014
0107
07B3
022F
028E
026B
0057
00BE
02E2
0014
0014
00BF
0537
059E
005E
00C3
008C
0061
00F2
0063
0014
0064
0065
059F
00C7
0068
0069
0209
006B
0002
006D
006E
02E7
020B
02E8
0159
00CE
0074
0075
015B
0014
0076
0077
0078
0079
007A
007B
015F
0375
007E
0014
02B0
01D4
01A6
04C9
00D5
0084
027C
0296
0087
0051
008F
0645
0768
053C
01B8
008C
0636
012D
0036
0014
008F
084C
084D
089D
006E
0047
089E
00DB
0014
0014
0098
089F
08A0
08A1
